date,station_id,pm10,pm25,so2,co,o3,no2,ispu_max,critical_param,category,source_file,dq_flag,n_hours
2019-01-01,DKI1,29.0,,15.0,5.0,,13.0,29.0,PM10,BAIK,spku_2019.csv,,
2019-01-02,DKI1,24.0,,17.0,5.0,,6.0,24.0,PM10,BAIK,spku_2019.csv,,
2019-01-03,DKI1,16.0,,16.0,5.0,29.0,4.0,29.0,O3,BAIK,spku_2019.csv,,
2019-01-04,DKI1,38.0,,18.0,8.0,24.0,,38.0,PM10,BAIK,spku_2019.csv,,
2019-01-05,DKI1,37.0,,29.0,16.0,,16.0,37.0,PM10,BAIK,spku_2019.csv,,
2019-01-06,DKI1,66.0,,34.0,30.0,,27.0,66.0,PM10,SEDANG,spku_2019.csv,,
2019-01-07,DKI1,52.0,,47.0,14.0,,25.0,52.0,PM10,SEDANG,spku_2019.csv,,
2019-01-08,DKI1,36.0,,,25.0,89.0,,89.0,O3,SEDANG,spku_2019.csv,,
2019-01-09,DKI1,61.0,,15.0,28.0,198.0,8.0,198.0,O3,TIDAK SEHAT,spku_2019.csv,,
2019-01-10,DKI1,41.0,,13.0,26.0,128.0,8.0,128.0,O3,TIDAK SEHAT,spku_2019.csv,,
2019-01-11,DKI1,53.0,,12.0,26.0,62.0,,62.0,O3,SEDANG,spku_2019.csv,,
2019-01-12,DKI1,50.0,,11.0,24.0,66.0,,66.0,O3,SEDANG,spku_2019.csv,,
2019-01-13,DKI1,65.0,,11.0,28.0,77.0,,77.0,O3,SEDANG,spku_2019.csv,,
2019-01-14,DKI1,65.0,,12.0,32.0,99.0,9.0,99.0,O3,SEDANG,spku_2019.csv,,
2019-01-15,DKI1,65.0,,13.0,26.0,56.0,,65.0,PM10,SEDANG,spku_2019.csv,,
2019-01-16,DKI1,37.0,,16.0,19.0,28.0,,37.0,PM10,BAIK,spku_2019.csv,,
2019-01-17,DKI1,56.0,,22.0,23.0,101.0,,101.0,O3,TIDAK SEHAT,spku_2019.csv,,
2019-01-18,DKI1,27.0,,12.0,16.0,103.0,,103.0,O3,TIDAK SEHAT,spku_2019.csv,,
2019-01-19,DKI1,42.0,,13.0,27.0,127.0,,127.0,O3,TIDAK SEHAT,spku_2019.csv,,
2019-01-20,DKI1,74.0,,30.0,31.0,28.0,,74.0,PM10,SEDANG,spku_2019.csv,,
2019-01-21,DKI1,62.0,,15.0,22.0,47.0,5.0,62.0,PM10,SEDANG,spku_2019.csv,,
2019-01-22,DKI1,39.0,,15.0,23.0,46.0,,46.0,O3,BAIK,spku_2019.csv,,
2019-01-23,DKI1,59.0,,16.0,37.0,26.0,,59.0,PM10,SEDANG,spku_2019.csv,,
2019-01-24,DKI1,51.0,,17.0,20.0,35.0,,51.0,PM10,SEDANG,spku_2019.csv,,
2019-01-25,DKI1,29.0,,19.0,22.0,47.0,12.0,47.0,O3,BAIK,spku_2019.csv,,
2019-01-26,DKI1,63.0,,19.0,33.0,118.0,15.0,118.0,O3,TIDAK SEHAT,spku_2019.csv,,
2019-01-27,DKI1,24.0,,12.0,14.0,,10.0,24.0,PM10,BAIK,spku_2019.csv,,
2019-01-28,DKI1,52.0,,12.0,22.0,64.0,10.0,64.0,O3,SEDANG,spku_2019.csv,,
2019-01-29,DKI1,48.0,,11.0,19.0,80.0,11.0,80.0,O3,SEDANG,spku_2019.csv,,
2019-01-30,DKI1,24.0,,18.0,22.0,73.0,9.0,73.0,O3,SEDANG,spku_2019.csv,,
2019-01-31,DKI1,53.0,,23.0,22.0,33.0,11.0,53.0,PM10,SEDANG,spku_2019.csv,,
2019-02-01,DKI1,61.0,,20.0,47.0,93.0,9.0,93.0,O3,SEDANG,spku_2019.csv,,
2019-02-02,DKI1,61.0,,37.0,47.0,31.0,10.0,61.0,PM10,SEDANG,spku_2019.csv,,
2019-02-03,DKI1,51.0,,26.0,16.0,37.0,7.0,51.0,PM10,SEDANG,spku_2019.csv,,
2019-02-04,DKI1,54.0,,22.0,27.0,31.0,6.0,54.0,PM10,SEDANG,spku_2019.csv,,
2019-02-05,DKI1,45.0,,20.0,29.0,30.0,7.0,45.0,PM10,BAIK,spku_2019.csv,,
2019-02-06,DKI1,49.0,,26.0,20.0,24.0,11.0,49.0,PM10,BAIK,spku_2019.csv,,
2019-02-07,DKI1,59.0,,25.0,34.0,65.0,10.0,65.0,O3,SEDANG,spku_2019.csv,,
2019-02-08,DKI1,45.0,,17.0,23.0,132.0,13.0,132.0,O3,TIDAK SEHAT,spku_2019.csv,,
2019-02-09,DKI1,57.0,,18.0,20.0,144.0,9.0,144.0,O3,TIDAK SEHAT,spku_2019.csv,,
2019-02-10,DKI1,56.0,,21.0,22.0,64.0,11.0,64.0,O3,SEDANG,spku_2019.csv,,
2019-02-11,DKI1,30.0,,17.0,19.0,60.0,7.0,60.0,O3,SEDANG,spku_2019.csv,,
2019-02-12,DKI1,50.0,,20.0,36.0,,14.0,50.0,PM10,BAIK,spku_2019.csv,,
2019-02-13,DKI1,52.0,,14.0,33.0,17.0,18.0,52.0,PM10,SEDANG,spku_2019.csv,,
2019-02-14,DKI1,53.0,,14.0,35.0,28.0,15.0,53.0,PM10,SEDANG,spku_2019.csv,,
2019-02-15,DKI1,31.0,,13.0,19.0,22.0,9.0,31.0,PM10,BAIK,spku_2019.csv,,
2019-02-16,DKI1,18.0,,13.0,15.0,51.0,10.0,51.0,O3,SEDANG,spku_2019.csv,,
2019-02-17,DKI1,24.0,,17.0,13.0,46.0,10.0,46.0,O3,BAIK,spku_2019.csv,,
2019-02-18,DKI1,41.0,,21.0,25.0,41.0,18.0,41.0,PM10,BAIK,spku_2019.csv,,
2019-02-19,DKI1,64.0,,20.0,26.0,48.0,21.0,64.0,PM10,SEDANG,spku_2019.csv,,
2019-02-20,DKI1,56.0,,14.0,34.0,22.0,21.0,56.0,PM10,SEDANG,spku_2019.csv,,
2019-02-21,DKI1,37.0,,14.0,28.0,19.0,17.0,37.0,PM10,BAIK,spku_2019.csv,,
2019-02-22,DKI1,49.0,,14.0,32.0,16.0,19.0,49.0,PM10,BAIK,spku_2019.csv,,
2019-02-23,DKI1,32.0,,12.0,24.0,56.0,15.0,56.0,O3,SEDANG,spku_2019.csv,,
2019-02-24,DKI1,48.0,,12.0,29.0,46.0,14.0,48.0,PM10,BAIK,spku_2019.csv,,
2019-02-25,DKI1,36.0,,12.0,23.0,49.0,11.0,49.0,O3,BAIK,spku_2019.csv,,
2019-02-26,DKI1,48.0,,14.0,25.0,25.0,14.0,48.0,PM10,BAIK,spku_2019.csv,,
2019-02-27,DKI1,55.0,,14.0,24.0,22.0,17.0,55.0,PM10,SEDANG,spku_2019.csv,,
2019-02-28,DKI1,42.0,,13.0,22.0,28.0,13.0,42.0,PM10,BAIK,spku_2019.csv,,
2019-03-01,DKI1,50.0,,13.0,29.0,16.0,15.0,50.0,PM10,BAIK,spku_2019.csv,,
2019-03-02,DKI1,30.0,,19.0,24.0,21.0,12.0,30.0,PM10,BAIK,spku_2019.csv,,
2019-03-03,DKI1,38.0,,16.0,15.0,47.0,15.0,47.0,O3,BAIK,spku_2019.csv,,
2019-03-04,DKI1,52.0,,21.0,32.0,42.0,22.0,52.0,PM10,SEDANG,spku_2019.csv,,
2019-03-05,DKI1,40.0,,15.0,28.0,29.0,21.0,40.0,PM10,BAIK,spku_2019.csv,,
2019-03-06,DKI1,46.0,,15.0,25.0,29.0,17.0,46.0,PM10,BAIK,spku_2019.csv,,
2019-03-07,DKI1,45.0,,17.0,39.0,66.0,16.0,66.0,O3,SEDANG,spku_2019.csv,,
2019-03-08,DKI1,56.0,,18.0,41.0,33.0,27.0,56.0,PM10,SEDANG,spku_2019.csv,,
2019-03-09,DKI1,48.0,,14.0,29.0,109.0,21.0,109.0,O3,TIDAK SEHAT,spku_2019.csv,,
2019-03-10,DKI1,48.0,,17.0,22.0,52.0,11.0,52.0,O3,SEDANG,spku_2019.csv,,
2019-03-11,DKI1,28.0,,15.0,20.0,25.0,10.0,28.0,PM10,BAIK,spku_2019.csv,,
2019-03-12,DKI1,41.0,,15.0,20.0,17.0,12.0,41.0,PM10,BAIK,spku_2019.csv,,
2019-03-13,DKI1,43.0,,14.0,28.0,50.0,16.0,50.0,O3,BAIK,spku_2019.csv,,
2019-03-14,DKI1,47.0,,16.0,30.0,99.0,18.0,99.0,O3,SEDANG,spku_2019.csv,,
2019-03-15,DKI1,57.0,,29.0,28.0,60.0,16.0,60.0,O3,SEDANG,spku_2019.csv,,
2019-03-16,DKI1,47.0,,15.0,42.0,28.0,12.0,47.0,PM10,BAIK,spku_2019.csv,,
2019-03-17,DKI1,30.0,,19.0,18.0,33.0,9.0,33.0,O3,BAIK,spku_2019.csv,,
2019-03-18,DKI1,31.0,,19.0,18.0,21.0,8.0,31.0,PM10,BAIK,spku_2019.csv,,
2019-03-19,DKI1,25.0,,16.0,18.0,12.0,6.0,25.0,PM10,BAIK,spku_2019.csv,,
2019-03-20,DKI1,21.0,,15.0,16.0,25.0,8.0,25.0,O3,BAIK,spku_2019.csv,,
2019-03-21,DKI1,23.0,,3.0,16.0,24.0,10.0,24.0,O3,BAIK,spku_2019.csv,,
2019-03-22,DKI1,30.0,,7.0,20.0,28.0,9.0,30.0,PM10,BAIK,spku_2019.csv,,
2019-03-23,DKI1,25.0,,6.0,15.0,19.0,8.0,25.0,PM10,BAIK,spku_2019.csv,,
2019-03-24,DKI1,16.0,,5.0,9.0,28.0,4.0,28.0,O3,BAIK,spku_2019.csv,,
2019-03-25,DKI1,18.0,,5.0,14.0,19.0,7.0,19.0,O3,BAIK,spku_2019.csv,,
2019-03-26,DKI1,44.0,,8.0,29.0,32.0,12.0,44.0,PM10,BAIK,spku_2019.csv,,
2019-03-27,DKI1,29.0,,6.0,25.0,53.0,15.0,53.0,O3,SEDANG,spku_2019.csv,,
2019-03-28,DKI1,44.0,,5.0,36.0,47.0,18.0,47.0,O3,BAIK,spku_2019.csv,,
2019-03-29,DKI1,53.0,,6.0,34.0,54.0,20.0,54.0,O3,SEDANG,spku_2019.csv,,
2019-03-30,DKI1,40.0,,6.0,25.0,79.0,16.0,79.0,O3,SEDANG,spku_2019.csv,,
2019-03-31,DKI1,51.0,,8.0,35.0,94.0,18.0,94.0,O3,SEDANG,spku_2019.csv,,
2019-04-01,DKI1,51.0,,9.0,31.0,76.0,20.0,76.0,O3,SEDANG,spku_2019.csv,,
2019-04-02,DKI1,49.0,,6.0,49.0,54.0,15.0,54.0,O3,SEDANG,spku_2019.csv,,
2019-04-03,DKI1,51.0,,7.0,44.0,46.0,18.0,51.0,PM10,SEDANG,spku_2019.csv,,
2019-04-04,DKI1,50.0,,5.0,30.0,43.0,17.0,50.0,PM10,BAIK,spku_2019.csv,,
2019-04-05,DKI1,45.0,,8.0,25.0,24.0,18.0,45.0,PM10,BAIK,spku_2019.csv,,
2019-04-06,DKI1,45.0,,7.0,27.0,72.0,14.0,72.0,O3,SEDANG,spku_2019.csv,,
2019-04-07,DKI1,61.0,,10.0,41.0,87.0,13.0,87.0,O3,SEDANG,spku_2019.csv,,
2019-04-08,DKI1,47.0,,7.0,24.0,84.0,17.0,84.0,O3,SEDANG,spku_2019.csv,,
2019-04-09,DKI1,46.0,,14.0,27.0,70.0,18.0,70.0,O3,SEDANG,spku_2019.csv,,
2019-04-10,DKI1,57.0,,16.0,32.0,81.0,27.0,81.0,O3,SEDANG,spku_2019.csv,,
2019-04-11,DKI1,52.0,,11.0,23.0,52.0,17.0,52.0,PM10,SEDANG,spku_2019.csv,,
2019-04-12,DKI1,31.0,,7.0,19.0,44.0,9.0,44.0,O3,BAIK,spku_2019.csv,,
2019-04-13,DKI1,32.0,,5.0,24.0,37.0,10.0,37.0,O3,BAIK,spku_2019.csv,,
2019-04-14,DKI1,35.0,,7.0,17.0,70.0,14.0,70.0,O3,SEDANG,spku_2019.csv,,
2019-04-15,DKI1,42.0,,6.0,25.0,44.0,23.0,44.0,O3,BAIK,spku_2019.csv,,
2019-04-16,DKI1,45.0,,6.0,29.0,94.0,16.0,94.0,O3,SEDANG,spku_2019.csv,,
2019-04-17,DKI1,50.0,,7.0,37.0,49.0,16.0,50.0,PM10,BAIK,spku_2019.csv,,
2019-04-18,DKI1,51.0,,5.0,19.0,60.0,16.0,60.0,O3,SEDANG,spku_2019.csv,,
2019-04-19,DKI1,37.0,,4.0,21.0,20.0,9.0,37.0,PM10,BAIK,spku_2019.csv,,
2019-04-20,DKI1,21.0,,6.0,16.0,47.0,20.0,47.0,O3,BAIK,spku_2019.csv,,
2019-04-21,DKI1,43.0,,9.0,16.0,31.0,16.0,43.0,PM10,BAIK,spku_2019.csv,,
2019-04-22,DKI1,40.0,,9.0,17.0,28.0,9.0,40.0,PM10,BAIK,spku_2019.csv,,
2019-04-23,DKI1,50.0,,16.0,18.0,27.0,10.0,50.0,PM10,BAIK,spku_2019.csv,,
2019-04-24,DKI1,42.0,,10.0,20.0,16.0,15.0,42.0,PM10,BAIK,spku_2019.csv,,
2019-04-25,DKI1,65.0,,13.0,36.0,60.0,12.0,65.0,PM10,SEDANG,spku_2019.csv,,
2019-04-26,DKI1,33.0,,7.0,22.0,67.0,22.0,67.0,O3,SEDANG,spku_2019.csv,,
2019-04-27,DKI1,44.0,,8.0,31.0,32.0,11.0,44.0,PM10,BAIK,spku_2019.csv,,
2019-04-28,DKI1,49.0,,6.0,42.0,38.0,11.0,49.0,PM10,BAIK,spku_2019.csv,,
2019-04-29,DKI1,53.0,,8.0,35.0,48.0,19.0,53.0,PM10,SEDANG,spku_2019.csv,,
2019-04-30,DKI1,42.0,,4.0,29.0,48.0,21.0,48.0,O3,BAIK,spku_2019.csv,,
2019-05-01,DKI1,49.0,,3.0,24.0,54.0,11.0,54.0,O3,SEDANG,spku_2019.csv,,
2019-05-02,DKI1,27.0,,5.0,14.0,19.0,5.0,27.0,PM10,BAIK,spku_2019.csv,,
2019-05-03,DKI1,41.0,,15.0,24.0,42.0,16.0,42.0,O3,BAIK,spku_2019.csv,,
2019-05-04,DKI1,51.0,,12.0,32.0,29.0,14.0,51.0,PM10,SEDANG,spku_2019.csv,,
2019-05-05,DKI1,38.0,,7.0,34.0,82.0,15.0,82.0,O3,SEDANG,spku_2019.csv,,
2019-05-06,DKI1,35.0,,7.0,22.0,70.0,13.0,70.0,O3,SEDANG,spku_2019.csv,,
2019-05-07,DKI1,49.0,,9.0,31.0,44.0,16.0,49.0,PM10,BAIK,spku_2019.csv,,
2019-05-08,DKI1,55.0,,4.0,30.0,61.0,21.0,61.0,O3,SEDANG,spku_2019.csv,,
2019-05-09,DKI1,52.0,,6.0,26.0,57.0,19.0,57.0,O3,SEDANG,spku_2019.csv,,
2019-05-10,DKI1,35.0,,3.0,24.0,42.0,16.0,42.0,O3,BAIK,spku_2019.csv,,
2019-05-11,DKI1,47.0,,3.0,21.0,40.0,13.0,47.0,PM10,BAIK,spku_2019.csv,,
2019-05-12,DKI1,57.0,,2.0,19.0,46.0,12.0,57.0,PM10,SEDANG,spku_2019.csv,,
2019-05-13,DKI1,51.0,,3.0,28.0,41.0,15.0,51.0,PM10,SEDANG,spku_2019.csv,,
2019-05-14,DKI1,53.0,,6.0,23.0,31.0,13.0,53.0,PM10,SEDANG,spku_2019.csv,,
2019-05-15,DKI1,56.0,,11.0,19.0,38.0,12.0,56.0,PM10,SEDANG,spku_2019.csv,,
2019-05-16,DKI1,48.0,,7.0,23.0,78.0,18.0,78.0,O3,SEDANG,spku_2019.csv,,
2019-05-17,DKI1,53.0,,7.0,24.0,47.0,18.0,53.0,PM10,SEDANG,spku_2019.csv,,
2019-05-18,DKI1,47.0,,10.0,21.0,59.0,15.0,59.0,O3,SEDANG,spku_2019.csv,,
2019-05-19,DKI1,72.0,,12.0,18.0,80.0,16.0,80.0,O3,SEDANG,spku_2019.csv,,
2019-05-20,DKI1,54.0,,8.0,22.0,47.0,15.0,54.0,PM10,SEDANG,spku_2019.csv,,
2019-05-21,DKI1,55.0,,7.0,21.0,66.0,16.0,66.0,O3,SEDANG,spku_2019.csv,,
2019-05-22,DKI1,52.0,,10.0,16.0,44.0,10.0,52.0,PM10,SEDANG,spku_2019.csv,,
2019-05-23,DKI1,47.0,,7.0,20.0,59.0,16.0,59.0,O3,SEDANG,spku_2019.csv,,
2019-05-24,DKI1,55.0,,11.0,22.0,38.0,13.0,55.0,PM10,SEDANG,spku_2019.csv,,
2019-05-25,DKI1,51.0,,9.0,15.0,49.0,19.0,51.0,PM10,SEDANG,spku_2019.csv,,
2019-05-26,DKI1,49.0,,8.0,14.0,75.0,15.0,75.0,O3,SEDANG,spku_2019.csv,,
2019-05-27,DKI1,58.0,,13.0,32.0,60.0,14.0,60.0,O3,SEDANG,spku_2019.csv,,
2019-05-28,DKI1,52.0,,10.0,26.0,39.0,10.0,52.0,PM10,SEDANG,spku_2019.csv,,
2019-05-29,DKI1,51.0,,10.0,19.0,40.0,11.0,51.0,PM10,SEDANG,spku_2019.csv,,
2019-05-30,DKI1,53.0,,6.0,19.0,54.0,10.0,54.0,O3,SEDANG,spku_2019.csv,,
2019-05-31,DKI1,48.0,,6.0,16.0,42.0,16.0,48.0,PM10,BAIK,spku_2019.csv,,
2019-06-01,DKI1,50.0,,6.0,18.0,69.0,15.0,69.0,O3,SEDANG,spku_2019.csv,,
2019-06-02,DKI1,53.0,,5.0,22.0,72.0,14.0,72.0,O3,SEDANG,spku_2019.csv,,
2019-06-03,DKI1,40.0,,4.0,13.0,62.0,10.0,62.0,O3,SEDANG,spku_2019.csv,,
2019-06-04,DKI1,55.0,,4.0,18.0,48.0,11.0,55.0,PM10,SEDANG,spku_2019.csv,,
2019-06-05,DKI1,53.0,,9.0,20.0,35.0,13.0,53.0,PM10,SEDANG,spku_2019.csv,,
2019-06-06,DKI1,33.0,,6.0,11.0,39.0,9.0,39.0,O3,BAIK,spku_2019.csv,,
2019-06-07,DKI1,43.0,,5.0,9.0,34.0,8.0,43.0,PM10,BAIK,spku_2019.csv,,
2019-06-08,DKI1,29.0,,4.0,13.0,71.0,8.0,71.0,O3,SEDANG,spku_2019.csv,,
2019-06-09,DKI1,37.0,,5.0,17.0,76.0,15.0,76.0,O3,SEDANG,spku_2019.csv,,
2019-06-10,DKI1,45.0,,8.0,20.0,56.0,16.0,56.0,O3,SEDANG,spku_2019.csv,,
2019-06-11,DKI1,48.0,,8.0,22.0,64.0,22.0,64.0,O3,SEDANG,spku_2019.csv,,
2019-06-12,DKI1,67.0,,8.0,22.0,72.0,18.0,72.0,O3,SEDANG,spku_2019.csv,,
2019-06-13,DKI1,55.0,,9.0,25.0,68.0,21.0,68.0,O3,SEDANG,spku_2019.csv,,
2019-06-14,DKI1,52.0,,7.0,21.0,59.0,16.0,59.0,O3,SEDANG,spku_2019.csv,,
2019-06-15,DKI1,46.0,,7.0,27.0,56.0,24.0,56.0,O3,SEDANG,spku_2019.csv,,
2019-06-16,DKI1,50.0,,9.0,16.0,70.0,17.0,70.0,O3,SEDANG,spku_2019.csv,,
2019-06-17,DKI1,52.0,,9.0,23.0,42.0,14.0,52.0,PM10,SEDANG,spku_2019.csv,,
2019-06-18,DKI1,52.0,,10.0,20.0,44.0,12.0,52.0,PM10,SEDANG,spku_2019.csv,,
2019-06-19,DKI1,52.0,,11.0,16.0,68.0,16.0,68.0,O3,SEDANG,spku_2019.csv,,
2019-06-20,DKI1,62.0,,12.0,25.0,79.0,17.0,79.0,O3,SEDANG,spku_2019.csv,,
2019-06-21,DKI1,62.0,,13.0,23.0,66.0,13.0,66.0,O3,SEDANG,spku_2019.csv,,
2019-06-22,DKI1,61.0,,14.0,17.0,91.0,15.0,91.0,O3,SEDANG,spku_2019.csv,,
2019-06-23,DKI1,65.0,,9.0,20.0,76.0,17.0,76.0,O3,SEDANG,spku_2019.csv,,
2019-06-24,DKI1,63.0,,10.0,20.0,75.0,13.0,75.0,O3,SEDANG,spku_2019.csv,,
2019-06-25,DKI1,,,13.0,23.0,78.0,14.0,78.0,O3,SEDANG,spku_2019.csv,,
2019-06-26,DKI1,63.0,,14.0,20.0,62.0,15.0,63.0,PM10,SEDANG,spku_2019.csv,,
2019-06-27,DKI1,71.0,,10.0,22.0,113.0,16.0,113.0,O3,TIDAK SEHAT,spku_2019.csv,,
2019-06-28,DKI1,62.0,,8.0,28.0,69.0,21.0,69.0,O3,SEDANG,spku_2019.csv,,
2019-06-29,DKI1,59.0,,14.0,26.0,51.0,14.0,59.0,PM10,SEDANG,spku_2019.csv,,
2019-06-30,DKI1,57.0,,13.0,16.0,58.0,12.0,58.0,O3,SEDANG,spku_2019.csv,,
2019-07-01,DKI1,59.0,,10.0,23.0,51.0,15.0,59.0,PM10,SEDANG,spku_2019.csv,,
2019-07-02,DKI1,61.0,,11.0,24.0,73.0,15.0,73.0,O3,SEDANG,spku_2019.csv,,
2019-07-03,DKI1,60.0,,26.0,21.0,45.0,16.0,60.0,PM10,SEDANG,spku_2019.csv,,
2019-07-04,DKI1,58.0,,25.0,20.0,29.0,16.0,58.0,PM10,SEDANG,spku_2019.csv,,
2019-07-05,DKI1,58.0,,22.0,23.0,43.0,13.0,58.0,PM10,SEDANG,spku_2019.csv,,
2019-07-06,DKI1,57.0,,27.0,22.0,42.0,13.0,57.0,PM10,SEDANG,spku_2019.csv,,
2019-07-07,DKI1,63.0,,23.0,12.0,41.0,7.0,63.0,PM10,SEDANG,spku_2019.csv,,
2019-07-08,DKI1,60.0,,23.0,17.0,36.0,10.0,60.0,PM10,SEDANG,spku_2019.csv,,
2019-07-09,DKI1,60.0,,21.0,22.0,72.0,15.0,72.0,O3,SEDANG,spku_2019.csv,,
2019-07-10,DKI1,,,,,,,0.0, ,TIDAK ADA DATA,spku_2019.csv,,
2019-07-11,DKI1,62.0,,26.0,20.0,32.0,14.0,62.0,PM10,SEDANG,spku_2019.csv,,
2019-07-12,DKI1,,,,,,,0.0, ,TIDAK ADA DATA,spku_2019.csv,,
2019-07-13,DKI1,59.0,,20.0,18.0,105.0,14.0,105.0,O3,TIDAK SEHAT,spku_2019.csv,,
2019-07-14,DKI1,72.0,,20.0,18.0,105.0,17.0,105.0,O3,TIDAK SEHAT,spku_2019.csv,,
2019-07-15,DKI1,58.0,,23.0,23.0,39.0,13.0,58.0,PM10,SEDANG,spku_2019.csv,,
2019-07-16,DKI1,62.0,,23.0,24.0,51.0,19.0,62.0,PM10,SEDANG,spku_2019.csv,,
2019-07-17,DKI1,64.0,,23.0,27.0,65.0,19.0,65.0,O3,SEDANG,spku_2019.csv,,
2019-07-18,DKI1,66.0,,22.0,23.0,49.0,16.0,66.0,PM10,SEDANG,spku_2019.csv,,
2019-07-19,DKI1,55.0,,22.0,26.0,34.0,18.0,55.0,PM10,SEDANG,spku_2019.csv,,
2019-07-20,DKI1,62.0,,22.0,22.0,64.0,22.0,64.0,O3,SEDANG,spku_2019.csv,,
2019-07-21,DKI1,57.0,,19.0,18.0,69.0,12.0,69.0,O3,SEDANG,spku_2019.csv,,
2019-07-22,DKI1,59.0,,20.0,24.0,79.0,21.0,79.0,O3,SEDANG,spku_2019.csv,,
2019-07-23,DKI1,64.0,,25.0,23.0,42.0,15.0,64.0,PM10,SEDANG,spku_2019.csv,,
2019-07-24,DKI1,62.0,,22.0,20.0,52.0,19.0,62.0,PM10,SEDANG,spku_2019.csv,,
2019-07-25,DKI1,66.0,,23.0,25.0,75.0,25.0,75.0,O3,SEDANG,spku_2019.csv,,
2019-07-26,DKI1,65.0,,22.0,21.0,38.0,21.0,65.0,PM10,SEDANG,spku_2019.csv,,
2019-07-27,DKI1,59.0,,15.0,17.0,47.0,13.0,59.0,PM10,SEDANG,spku_2019.csv,,
2019-07-28,DKI1,66.0,,14.0,15.0,73.0,13.0,73.0,O3,SEDANG,spku_2019.csv,,
2019-07-29,DKI1,65.0,,14.0,27.0,53.0,17.0,65.0,PM10,SEDANG,spku_2019.csv,,
2019-07-30,DKI1,64.0,,20.0,26.0,63.0,15.0,64.0,PM10,SEDANG,spku_2019.csv,,
2019-07-31,DKI1,63.0,,21.0,22.0,64.0,13.0,64.0,O3,SEDANG,spku_2019.csv,,
2019-08-01,DKI1,64.0,,20.0,22.0,62.0,18.0,64.0,PM10,SEDANG,spku_2019.csv,,
2019-08-02,DKI1,61.0,,20.0,22.0,63.0,20.0,63.0,O3,SEDANG,spku_2019.csv,,
2019-08-03,DKI1,62.0,,20.0,20.0,63.0,19.0,63.0,O3,SEDANG,spku_2019.csv,,
2019-08-04,DKI1,57.0,,19.0,16.0,65.0,17.0,65.0,O3,SEDANG,spku_2019.csv,,
2019-08-05,DKI1,57.0,,20.0,,55.0,22.0,57.0,PM10,SEDANG,spku_2019.csv,,
2019-08-06,DKI1,54.0,,21.0,20.0,90.0,18.0,90.0,O3,SEDANG,spku_2019.csv,,
2019-08-07,DKI1,55.0,,20.0,22.0,51.0,13.0,55.0,PM10,SEDANG,spku_2019.csv,,
2019-08-08,DKI1,63.0,,22.0,24.0,73.0,21.0,73.0,O3,SEDANG,spku_2019.csv,,
2019-08-09,DKI1,66.0,,20.0,21.0,66.0,14.0,66.0,PM10,SEDANG,spku_2019.csv,,
2019-08-10,DKI1,73.0,,21.0,24.0,43.0,14.0,73.0,PM10,SEDANG,spku_2019.csv,,
2019-08-11,DKI1,57.0,,19.0,13.0,40.0,9.0,57.0,PM10,SEDANG,spku_2019.csv,,
2019-08-12,DKI1,55.0,,19.0,17.0,37.0,10.0,55.0,PM10,SEDANG,spku_2019.csv,,
2019-08-13,DKI1,57.0,,19.0,17.0,32.0,10.0,57.0,PM10,SEDANG,spku_2019.csv,,
2019-08-14,DKI1,52.0,,18.0,19.0,45.0,18.0,52.0,PM10,SEDANG,spku_2019.csv,,
2019-08-15,DKI1,59.0,,18.0,21.0,52.0,17.0,59.0,PM10,SEDANG,spku_2019.csv,,
2019-08-16,DKI1,66.0,,17.0,26.0,81.0,19.0,81.0,O3,SEDANG,spku_2019.csv,,
2019-08-17,DKI1,62.0,,16.0,22.0,76.0,14.0,76.0,O3,SEDANG,spku_2019.csv,,
2019-08-18,DKI1,,,18.0,13.0,48.0,10.0,48.0,O3,BAIK,spku_2019.csv,,
2019-08-19,DKI1,69.0,,18.0,24.0,115.0,19.0,115.0,O3,TIDAK SEHAT,spku_2019.csv,,
2019-08-20,DKI1,62.0,,20.0,23.0,74.0,18.0,74.0,O3,SEDANG,spku_2019.csv,,
2019-08-21,DKI1,56.0,,23.0,19.0,36.0,10.0,56.0,PM10,SEDANG,spku_2019.csv,,
2019-08-22,DKI1,52.0,,20.0,18.0,30.0,14.0,52.0,PM10,SEDANG,spku_2019.csv,,
2019-08-23,DKI1,61.0,,17.0,29.0,53.0,18.0,61.0,PM10,SEDANG,spku_2019.csv,,
2019-08-24,DKI1,55.0,,19.0,22.0,65.0,19.0,65.0,O3,SEDANG,spku_2019.csv,,
2019-08-25,DKI1,52.0,,17.0,14.0,73.0,12.0,73.0,O3,SEDANG,spku_2019.csv,,
2019-08-26,DKI1,57.0,,18.0,22.0,89.0,16.0,89.0,O3,SEDANG,spku_2019.csv,,
2019-08-27,DKI1,56.0,,17.0,24.0,51.0,22.0,56.0,PM10,SEDANG,spku_2019.csv,,
2019-08-28,DKI1,58.0,,15.0,24.0,53.0,17.0,58.0,PM10,SEDANG,spku_2019.csv,,
2019-08-29,DKI1,61.0,,16.0,26.0,53.0,14.0,61.0,PM10,SEDANG,spku_2019.csv,,
2019-08-30,DKI1,56.0,,19.0,20.0,58.0,12.0,58.0,O3,SEDANG,spku_2019.csv,,
2019-08-31,DKI1,68.0,,19.0,16.0,50.0,10.0,68.0,PM10,SEDANG,spku_2019.csv,,
2019-09-01,DKI1,54.0,,19.0,13.0,50.0,10.0,54.0,PM10,SEDANG,spku_2019.csv,,
2019-09-02,DKI1,58.0,,18.0,24.0,67.0,16.0,67.0,O3,SEDANG,spku_2019.csv,,
2019-09-03,DKI1,57.0,,18.0,20.0,61.0,20.0,61.0,O3,SEDANG,spku_2019.csv,,
2019-09-04,DKI1,57.0,,18.0,20.0,46.0,12.0,57.0,PM10,SEDANG,spku_2019.csv,,
2019-09-05,DKI1,60.0,,20.0,22.0,52.0,,60.0,PM10,SEDANG,spku_2019.csv,,
2019-09-06,DKI1,56.0,,20.0,23.0,43.0,15.0,56.0,PM10,SEDANG,spku_2019.csv,,
2019-09-07,DKI1,57.0,,21.0,20.0,49.0,13.0,57.0,PM10,SEDANG,spku_2019.csv,,
2019-09-08,DKI1,52.0,,21.0,14.0,59.0,10.0,59.0,O3,SEDANG,spku_2019.csv,,
2019-09-09,DKI1,53.0,,20.0,18.0,47.0,14.0,53.0,PM10,SEDANG,spku_2019.csv,,
2019-09-10,DKI1,50.0,,26.0,15.0,45.0,13.0,50.0,PM10,BAIK,spku_2019.csv,,
2019-09-11,DKI1,54.0,,24.0,20.0,69.0,16.0,69.0,O3,SEDANG,spku_2019.csv,,
2019-09-12,DKI1,57.0,,22.0,21.0,90.0,18.0,90.0,O3,SEDANG,spku_2019.csv,,
2019-09-13,DKI1,57.0,,21.0,22.0,90.0,18.0,90.0,O3,SEDANG,spku_2019.csv,,
2019-09-14,DKI1,63.0,,21.0,20.0,89.0,14.0,89.0,O3,SEDANG,spku_2019.csv,,
2019-09-15,DKI1,55.0,,21.0,16.0,50.0,14.0,55.0,PM10,SEDANG,spku_2019.csv,,
2019-09-16,DKI1,51.0,,21.0,15.0,35.0,10.0,51.0,PM10,SEDANG,spku_2019.csv,,
2019-09-17,DKI1,51.0,,22.0,17.0,35.0,14.0,51.0,PM10,SEDANG,spku_2019.csv,,
2019-09-18,DKI1,52.0,,20.0,20.0,47.0,16.0,52.0,PM10,SEDANG,spku_2019.csv,,
2019-09-19,DKI1,,,19.0,,,,19.0,SO2,BAIK,spku_2019.csv,,
2019-09-20,DKI1,55.0,,20.0,19.0,41.0,13.0,55.0,PM10,SEDANG,spku_2019.csv,,
2019-09-21,DKI1,51.0,,22.0,16.0,95.0,14.0,95.0,O3,SEDANG,spku_2019.csv,,
2019-09-22,DKI1,58.0,,22.0,16.0,75.0,12.0,75.0,O3,SEDANG,spku_2019.csv,,
2019-09-23,DKI1,56.0,,23.0,18.0,45.0,12.0,56.0,PM10,SEDANG,spku_2019.csv,,
2019-09-24,DKI1,54.0,,22.0,18.0,48.0,12.0,54.0,PM10,SEDANG,spku_2019.csv,,
2019-09-25,DKI1,67.0,,25.0,24.0,71.0,17.0,71.0,O3,SEDANG,spku_2019.csv,,
2019-09-26,DKI1,59.0,,20.0,21.0,64.0,14.0,64.0,O3,SEDANG,spku_2019.csv,,
2019-09-27,DKI1,58.0,,23.0,23.0,46.0,16.0,58.0,PM10,SEDANG,spku_2019.csv,,
2019-09-28,DKI1,61.0,,19.0,18.0,49.0,10.0,61.0,PM10,SEDANG,spku_2019.csv,,
2019-09-29,DKI1,73.0,,18.0,16.0,58.0,14.0,73.0,PM10,SEDANG,spku_2019.csv,,
2019-09-30,DKI1,62.0,,18.0,17.0,65.0,14.0,65.0,O3,SEDANG,spku_2019.csv,,
2019-10-01,DKI1,62.0,,24.0,18.0,75.0,16.0,75.0,O3,SEDANG,spku_2019.csv,,
2019-10-02,DKI1,62.0,,20.0,15.0,56.0,16.0,62.0,PM10,SEDANG,spku_2019.csv,,
2019-10-03,DKI1,59.0,,19.0,16.0,65.0,21.0,65.0,O3,SEDANG,spku_2019.csv,,
2019-10-04,DKI1,56.0,,19.0,17.0,74.0,23.0,74.0,O3,SEDANG,spku_2019.csv,,
2019-10-05,DKI1,40.0,,51.0,14.0,49.0,38.0,51.0,SO2,SEDANG,spku_2019.csv,,
2019-10-06,DKI1,,,,,,,0.0, ,TIDAK ADA DATA,spku_2019.csv,,
2019-10-07,DKI1,,,,,,,0.0, ,TIDAK ADA DATA,spku_2019.csv,,
2019-10-08,DKI1,,,25.0,19.0,52.0,13.0,52.0,O3,SEDANG,spku_2019.csv,,
2019-10-09,DKI1,,,19.0,19.0,47.0,16.0,47.0,O3,BAIK,spku_2019.csv,,
2019-10-10,DKI1,69.0,,18.0,19.0,73.0,16.0,73.0,O3,SEDANG,spku_2019.csv,,
2019-10-11,DKI1,65.0,,18.0,21.0,92.0,24.0,92.0,O3,SEDANG,spku_2019.csv,,
2019-10-12,DKI1,66.0,,19.0,16.0,72.0,14.0,72.0,O3,SEDANG,spku_2019.csv,,
2019-10-13,DKI1,63.0,,19.0,17.0,84.0,13.0,84.0,O3,SEDANG,spku_2019.csv,,
2019-10-14,DKI1,62.0,,19.0,18.0,79.0,13.0,79.0,O3,SEDANG,spku_2019.csv,,
2019-10-15,DKI1,59.0,,18.0,18.0,91.0,14.0,91.0,O3,SEDANG,spku_2019.csv,,
2019-10-16,DKI1,66.0,,19.0,22.0,78.0,17.0,78.0,O3,SEDANG,spku_2019.csv,,
2019-10-17,DKI1,58.0,,18.0,20.0,70.0,12.0,70.0,O3,SEDANG,spku_2019.csv,,
2019-10-18,DKI1,57.0,,18.0,17.0,41.0,13.0,57.0,PM10,SEDANG,spku_2019.csv,,
2019-10-19,DKI1,57.0,,19.0,17.0,30.0,11.0,57.0,PM10,SEDANG,spku_2019.csv,,
2019-10-20,DKI1,62.0,,20.0,22.0,76.0,12.0,76.0,O3,SEDANG,spku_2019.csv,,
2019-10-21,DKI1,58.0,,22.0,40.0,53.0,11.0,58.0,PM10,SEDANG,spku_2019.csv,,
2019-10-22,DKI1,55.0,,23.0,16.0,66.0,16.0,66.0,O3,SEDANG,spku_2019.csv,,
2019-10-23,DKI1,52.0,,22.0,15.0,73.0,17.0,73.0,O3,SEDANG,spku_2019.csv,,
2019-10-24,DKI1,63.0,,25.0,14.0,61.0,18.0,63.0,PM10,SEDANG,spku_2019.csv,,
2019-10-25,DKI1,61.0,,21.0,13.0,56.0,12.0,61.0,PM10,SEDANG,spku_2019.csv,,
2019-10-26,DKI1,63.0,,23.0,13.0,93.0,15.0,93.0,O3,SEDANG,spku_2019.csv,,
2019-10-27,DKI1,68.0,,22.0,28.0,72.0,12.0,72.0,O3,SEDANG,spku_2019.csv,,
2019-10-28,DKI1,59.0,,19.0,16.0,45.0,15.0,59.0,PM10,SEDANG,spku_2019.csv,,
2019-10-29,DKI1,62.0,,21.0,21.0,43.0,14.0,62.0,PM10,SEDANG,spku_2019.csv,,
2019-10-30,DKI1,56.0,,23.0,19.0,89.0,16.0,89.0,O3,SEDANG,spku_2019.csv,,
2019-10-31,DKI1,59.0,,28.0,18.0,58.0,14.0,59.0,PM10,SEDANG,spku_2019.csv,,
2019-11-01,DKI1,49.0,,22.0,13.0,86.0,14.0,86.0,O3,SEDANG,spku_2019.csv,,
2019-11-02,DKI1,47.0,,19.0,15.0,58.0,13.0,58.0,O3,SEDANG,spku_2019.csv,,
2019-11-03,DKI1,43.0,,20.0,13.0,62.0,12.0,62.0,O3,SEDANG,spku_2019.csv,,
2019-11-04,DKI1,41.0,,22.0,14.0,70.0,12.0,70.0,O3,SEDANG,spku_2019.csv,,
2019-11-05,DKI1,59.0,,21.0,15.0,92.0,17.0,92.0,O3,SEDANG,spku_2019.csv,,
2019-11-06,DKI1,56.0,,20.0,21.0,86.0,17.0,86.0,O3,SEDANG,spku_2019.csv,,
2019-11-07,DKI1,55.0,,22.0,22.0,85.0,21.0,85.0,O3,SEDANG,spku_2019.csv,,
2019-11-08,DKI1,72.0,,24.0,20.0,86.0,19.0,86.0,O3,SEDANG,spku_2019.csv,,
2019-11-09,DKI1,59.0,,27.0,17.0,129.0,16.0,129.0,O3,TIDAK SEHAT,spku_2019.csv,,
2019-11-10,DKI1,63.0,,27.0,16.0,79.0,20.0,79.0,O3,SEDANG,spku_2019.csv,,
2019-11-11,DKI1,59.0,,24.0,13.0,78.0,18.0,78.0,O3,SEDANG,spku_2019.csv,,
2019-11-12,DKI1,62.0,,22.0,17.0,78.0,15.0,78.0,O3,SEDANG,spku_2019.csv,,
2019-11-13,DKI1,73.0,,24.0,20.0,63.0,20.0,73.0,PM10,SEDANG,spku_2019.csv,,
2019-11-14,DKI1,67.0,,22.0,29.0,28.0,15.0,67.0,PM10,SEDANG,spku_2019.csv,,
2019-11-15,DKI1,55.0,,29.0,15.0,36.0,10.0,55.0,PM10,SEDANG,spku_2019.csv,,
2019-11-16,DKI1,57.0,,24.0,16.0,66.0,12.0,66.0,O3,SEDANG,spku_2019.csv,,
2019-11-17,DKI1,55.0,,23.0,12.0,80.0,14.0,80.0,O3,SEDANG,spku_2019.csv,,
2019-11-18,DKI1,57.0,,24.0,13.0,80.0,22.0,80.0,O3,SEDANG,spku_2019.csv,,
2019-11-19,DKI1,56.0,,23.0,12.0,45.0,17.0,56.0,PM10,SEDANG,spku_2019.csv,,
2019-11-20,DKI1,48.0,,21.0,15.0,63.0,15.0,63.0,O3,SEDANG,spku_2019.csv,,
2019-11-21,DKI1,52.0,,25.0,14.0,66.0,13.0,66.0,O3,SEDANG,spku_2019.csv,,
2019-11-22,DKI1,53.0,,20.0,19.0,57.0,17.0,57.0,O3,SEDANG,spku_2019.csv,,
2019-11-23,DKI1,67.0,,21.0,21.0,72.0,19.0,72.0,O3,SEDANG,spku_2019.csv,,
2019-11-24,DKI1,64.0,,22.0,21.0,69.0,13.0,69.0,O3,SEDANG,spku_2019.csv,,
2019-11-25,DKI1,63.0,,21.0,18.0,82.0,18.0,82.0,O3,SEDANG,spku_2019.csv,,
2019-11-26,DKI1,64.0,,22.0,20.0,66.0,15.0,66.0,O3,SEDANG,spku_2019.csv,,
2019-11-27,DKI1,,,,,,,0.0, ,TIDAK ADA DATA,spku_2019.csv,,
2019-11-28,DKI1,67.0,,23.0,22.0,48.0,14.0,67.0,PM10,SEDANG,spku_2019.csv,,
2019-11-29,DKI1,58.0,,21.0,16.0,53.0,11.0,58.0,PM10,SEDANG,spku_2019.csv,,
2019-11-30,DKI1,56.0,,19.0,15.0,40.0,9.0,56.0,PM10,SEDANG,spku_2019.csv,,
2019-12-01,DKI1,,,,,,,0.0, ,TIDAK ADA DATA,spku_2019.csv,,
2019-12-02,DKI1,53.0,,20.0,17.0,81.0,14.0,81.0,O3,SEDANG,spku_2019.csv,,
2019-12-03,DKI1,62.0,,23.0,20.0,64.0,14.0,64.0,O3,SEDANG,spku_2019.csv,,
2019-12-04,DKI1,57.0,,26.0,17.0,45.0,9.0,57.0,PM10,SEDANG,spku_2019.csv,,
2019-12-05,DKI1,56.0,,23.0,15.0,41.0,13.0,56.0,PM10,SEDANG,spku_2019.csv,,
2019-12-06,DKI1,54.0,,19.0,19.0,40.0,11.0,54.0,PM10,SEDANG,spku_2019.csv,,
2019-12-07,DKI1,42.0,,23.0,14.0,31.0,10.0,42.0,PM10,BAIK,spku_2019.csv,,
2019-12-08,DKI1,51.0,,21.0,22.0,57.0,10.0,57.0,O3,SEDANG,spku_2019.csv,,
2019-12-09,DKI1,53.0,,22.0,18.0,69.0,19.0,69.0,O3,SEDANG,spku_2019.csv,,
2019-12-10,DKI1,55.0,,21.0,18.0,52.0,12.0,55.0,PM10,SEDANG,spku_2019.csv,,
2019-12-11,DKI1,,,,,,,0.0, ,TIDAK ADA DATA,spku_2019.csv,,
2019-12-12,DKI1,,,22.0,,46.0,14.0,46.0,O3,BAIK,spku_2019.csv,,
2019-12-13,DKI1,63.0,,32.0,22.0,59.0,13.0,63.0,PM10,SEDANG,spku_2019.csv,,
2019-12-14,DKI1,53.0,,23.0,15.0,48.0,13.0,53.0,PM10,SEDANG,spku_2019.csv,,
2019-12-15,DKI1,41.0,,23.0,9.0,69.0,11.0,69.0,O3,SEDANG,spku_2019.csv,,
2019-12-16,DKI1,61.0,,26.0,20.0,56.0,18.0,61.0,PM10,SEDANG,spku_2019.csv,,
2019-12-17,DKI1,56.0,,25.0,16.0,38.0,12.0,56.0,PM10,SEDANG,spku_2019.csv,,
2019-12-18,DKI1,54.0,,22.0,22.0,54.0,17.0,54.0,PM10,SEDANG,spku_2019.csv,,
2019-12-19,DKI1,54.0,,24.0,17.0,46.0,13.0,54.0,PM10,SEDANG,spku_2019.csv,,
2019-12-20,DKI1,59.0,,24.0,19.0,46.0,16.0,59.0,PM10,SEDANG,spku_2019.csv,,
2019-12-21,DKI1,57.0,,22.0,28.0,49.0,14.0,57.0,PM10,SEDANG,spku_2019.csv,,
2019-12-22,DKI1,,,,,,,0.0, ,TIDAK ADA DATA,spku_2019.csv,,
2019-12-23,DKI1,54.0,,23.0,20.0,73.0,14.0,73.0,O3,SEDANG,spku_2019.csv,,
2019-12-24,DKI1,55.0,,23.0,23.0,64.0,11.0,64.0,O3,SEDANG,spku_2019.csv,,
2019-12-25,DKI1,51.0,,20.0,11.0,43.0,9.0,51.0,PM10,SEDANG,spku_2019.csv,,
2019-12-26,DKI1,54.0,,23.0,19.0,52.0,9.0,54.0,PM10,SEDANG,spku_2019.csv,,
2019-12-27,DKI1,52.0,,28.0,21.0,41.0,11.0,52.0,PM10,SEDANG,spku_2019.csv,,
2019-12-28,DKI1,,,,,,,0.0, ,TIDAK ADA DATA,spku_2019.csv,,
2019-12-29,DKI1,,,,,,,0.0, ,TIDAK ADA DATA,spku_2019.csv,,
2019-12-30,DKI1,52.0,,22.0,28.0,47.0,9.0,52.0,PM10,SEDANG,spku_2019.csv,,
2019-12-31,DKI1,41.0,,22.0,14.0,29.0,9.0,41.0,PM10,BAIK,spku_2019.csv,,
2020-01-01,DKI1,30.0,,20.0,10.0,32.0,9.0,32.0,O3,BAIK,ispu_2020.xls,,
2020-01-02,DKI1,27.0,,22.0,12.0,29.0,8.0,29.0,O3,BAIK,ispu_2020.xls,,
2020-01-03,DKI1,39.0,,22.0,14.0,32.0,10.0,39.0,PM10,BAIK,ispu_2020.xls,,
2020-01-04,DKI1,34.0,,22.0,14.0,38.0,10.0,38.0,O3,BAIK,ispu_2020.xls,,
2020-01-05,DKI1,35.0,,22.0,12.0,31.0,9.0,35.0,PM10,BAIK,ispu_2020.xls,,
2020-01-06,DKI1,46.0,,23.0,16.0,32.0,9.0,46.0,PM10,BAIK,ispu_2020.xls,,
2020-01-07,DKI1,37.0,,23.0,26.0,33.0,11.0,37.0,PM10,BAIK,ispu_2020.xls,,
2020-01-08,DKI1,41.0,,26.0,20.0,30.0,11.0,41.0,PM10,BAIK,ispu_2020.xls,,
2020-01-09,DKI1,52.0,,23.0,29.0,24.0,12.0,52.0,PM10,SEDANG,ispu_2020.xls,,
2020-01-10,DKI1,24.0,,24.0,18.0,25.0,8.0,25.0,O3,BAIK,ispu_2020.xls,,
2020-01-11,DKI1,34.0,,31.0,25.0,23.0,8.0,34.0,PM10,BAIK,ispu_2020.xls,,
2020-01-12,DKI1,27.0,,23.0,9.0,33.0,4.0,33.0,O3,BAIK,ispu_2020.xls,,
2020-01-13,DKI1,33.0,,26.0,12.0,36.0,8.0,36.0,O3,BAIK,ispu_2020.xls,,
2020-01-14,DKI1,34.0,,28.0,13.0,27.0,7.0,34.0,PM10,BAIK,ispu_2020.xls,,
2020-01-15,DKI1,29.0,,22.0,13.0,36.0,8.0,36.0,O3,BAIK,ispu_2020.xls,,
2020-01-16,DKI1,52.0,,60.0,19.0,30.0,8.0,60.0,SO2,SEDANG,ispu_2020.xls,,
2020-01-17,DKI1,51.0,,34.0,21.0,74.0,20.0,74.0,O3,SEDANG,ispu_2020.xls,,
2020-01-18,DKI1,37.0,,29.0,14.0,31.0,6.0,37.0,PM10,BAIK,ispu_2020.xls,,
2020-01-19,DKI1,61.0,,34.0,36.0,58.0,15.0,61.0,PM10,SEDANG,ispu_2020.xls,,
2020-01-20,DKI1,47.0,,30.0,15.0,33.0,9.0,47.0,PM10,BAIK,ispu_2020.xls,,
2020-01-21,DKI1,30.0,,36.0,14.0,26.0,9.0,36.0,SO2,BAIK,ispu_2020.xls,,
2020-01-22,DKI1,40.0,,36.0,18.0,28.0,15.0,40.0,PM10,BAIK,ispu_2020.xls,,
2020-01-23,DKI1,41.0,,,27.0,19.0,18.0,41.0,PM10,BAIK,ispu_2020.xls,,
2020-01-24,DKI1,44.0,,,24.0,16.0,13.0,44.0,PM10,BAIK,ispu_2020.xls,,
2020-01-25,DKI1,27.0,,,31.0,27.0,12.0,31.0,CO,BAIK,ispu_2020.xls,,
2020-01-26,DKI1,44.0,,,51.0,49.0,11.0,51.0,CO,SEDANG,ispu_2020.xls,,
2020-01-27,DKI1,25.0,,,21.0,39.0,13.0,39.0,O3,BAIK,ispu_2020.xls,,
2020-01-28,DKI1,63.0,,,27.0,40.0,17.0,63.0,PM10,SEDANG,ispu_2020.xls,,
2020-01-29,DKI1,49.0,,11.0,23.0,38.0,19.0,49.0,PM10,BAIK,ispu_2020.xls,,
2020-01-30,DKI1,38.0,,12.0,21.0,35.0,20.0,38.0,PM10,BAIK,ispu_2020.xls,,
2020-01-31,DKI1,44.0,,10.0,22.0,25.0,16.0,44.0,PM10,BAIK,ispu_2020.xls,,
2020-02-01,DKI1,29.0,,8.0,19.0,27.0,14.0,29.0,PM10,BAIK,ispu_2020.xls,,
2020-02-02,DKI1,37.0,,10.0,24.0,28.0,12.0,37.0,PM10,BAIK,ispu_2020.xls,,
2020-02-03,DKI1,39.0,,8.0,37.0,19.0,15.0,39.0,PM10,BAIK,ispu_2020.xls,,
2020-02-04,DKI1,24.0,,8.0,29.0,21.0,14.0,29.0,CO,BAIK,ispu_2020.xls,,
2020-02-05,DKI1,43.0,,8.0,30.0,29.0,12.0,43.0,PM10,BAIK,ispu_2020.xls,,
2020-02-06,DKI1,50.0,,9.0,26.0,32.0,18.0,50.0,PM10,BAIK,ispu_2020.xls,,
2020-02-07,DKI1,51.0,,19.0,28.0,25.0,16.0,51.0,PM10,SEDANG,ispu_2020.xls,,
2020-02-08,DKI1,29.0,,8.0,24.0,26.0,12.0,29.0,PM10,BAIK,ispu_2020.xls,,
2020-02-09,DKI1,35.0,,7.0,18.0,33.0,12.0,35.0,PM10,BAIK,ispu_2020.xls,,
2020-02-10,DKI1,38.0,,8.0,25.0,51.0,15.0,51.0,O3,SEDANG,ispu_2020.xls,,
2020-02-11,DKI1,53.0,,9.0,24.0,31.0,16.0,53.0,PM10,SEDANG,ispu_2020.xls,,
2020-02-12,DKI1,47.0,,10.0,18.0,68.0,19.0,68.0,O3,SEDANG,ispu_2020.xls,,
2020-02-13,DKI1,43.0,,7.0,16.0,39.0,20.0,43.0,PM10,BAIK,ispu_2020.xls,,
2020-02-14,DKI1,51.0,,6.0,25.0,21.0,18.0,51.0,PM10,SEDANG,ispu_2020.xls,,
2020-02-15,DKI1,60.0,,7.0,51.0,53.0,17.0,60.0,PM10,SEDANG,ispu_2020.xls,,
2020-02-16,DKI1,52.0,,7.0,24.0,41.0,16.0,52.0,PM10,SEDANG,ispu_2020.xls,,
2020-02-17,DKI1,24.0,,5.0,18.0,28.0,12.0,28.0,O3,BAIK,ispu_2020.xls,,
2020-02-18,DKI1,45.0,,16.0,48.0,23.0,15.0,48.0,CO,BAIK,ispu_2020.xls,,
2020-02-19,DKI1,38.0,,8.0,27.0,17.0,11.0,38.0,PM10,BAIK,ispu_2020.xls,,
2020-02-20,DKI1,30.0,,5.0,16.0,20.0,13.0,30.0,PM10,BAIK,ispu_2020.xls,,
2020-02-21,DKI1,35.0,,11.0,15.0,22.0,14.0,35.0,PM10,BAIK,ispu_2020.xls,,
2020-02-22,DKI1,31.0,,8.0,16.0,30.0,13.0,31.0,PM10,BAIK,ispu_2020.xls,,
2020-02-23,DKI1,28.0,,5.0,5.0,29.0,9.0,29.0,O3,BAIK,ispu_2020.xls,,
2020-02-24,DKI1,20.0,,4.0,10.0,27.0,9.0,27.0,O3,BAIK,ispu_2020.xls,,
2020-02-25,DKI1,19.0,,5.0,14.0,25.0,13.0,25.0,O3,BAIK,ispu_2020.xls,,
2020-02-26,DKI1,42.0,,5.0,15.0,27.0,13.0,42.0,PM10,BAIK,ispu_2020.xls,,
2020-02-27,DKI1,33.0,,5.0,16.0,22.0,13.0,33.0,PM10,BAIK,ispu_2020.xls,,
2020-02-28,DKI1,,,6.0,17.0,25.0,16.0,25.0,O3,BAIK,ispu_2020.xls,,
2020-02-29,DKI1,59.0,,7.0,40.0,18.0,13.0,59.0,PM10,SEDANG,ispu_2020.xls,,
2020-04-01,DKI1,38.0,,6.0,12.0,67.0,10.0,67.0,O3,SEDANG,ispu_2020.xls,,
2020-04-02,DKI1,32.0,,4.0,6.0,33.0,7.0,33.0,O3,BAIK,ispu_2020.xls,,
2020-04-03,DKI1,30.0,,5.0,4.0,33.0,5.0,33.0,O3,BAIK,ispu_2020.xls,,
2020-04-04,DKI1,42.0,,6.0,8.0,47.0,7.0,47.0,O3,BAIK,ispu_2020.xls,,
2020-04-05,DKI1,50.0,,4.0,6.0,63.0,8.0,63.0,O3,SEDANG,ispu_2020.xls,,
2020-04-06,DKI1,45.0,,4.0,8.0,37.0,9.0,45.0,PM10,BAIK,ispu_2020.xls,,
2020-04-07,DKI1,26.0,,3.0,11.0,35.0,9.0,35.0,O3,BAIK,ispu_2020.xls,,
2020-04-08,DKI1,26.0,,5.0,5.0,31.0,7.0,31.0,O3,BAIK,ispu_2020.xls,,
2020-04-09,DKI1,36.0,,3.0,5.0,27.0,10.0,36.0,PM10,BAIK,ispu_2020.xls,,
2020-04-10,DKI1,50.0,,2.0,7.0,71.0,10.0,71.0,O3,SEDANG,ispu_2020.xls,,
2020-04-11,DKI1,48.0,,2.0,6.0,88.0,6.0,88.0,O3,SEDANG,ispu_2020.xls,,
2020-04-12,DKI1,65.0,,3.0,14.0,86.0,13.0,86.0,O3,SEDANG,ispu_2020.xls,,
2020-04-13,DKI1,40.0,,2.0,8.0,46.0,9.0,46.0,O3,BAIK,ispu_2020.xls,,
2020-04-14,DKI1,48.0,,4.0,8.0,51.0,10.0,51.0,O3,SEDANG,ispu_2020.xls,,
2020-04-15,DKI1,40.0,,2.0,8.0,46.0,11.0,46.0,O3,BAIK,ispu_2020.xls,,
2020-04-16,DKI1,34.0,,3.0,7.0,41.0,9.0,41.0,O3,BAIK,ispu_2020.xls,,
2020-04-17,DKI1,43.0,,2.0,8.0,54.0,9.0,54.0,O3,SEDANG,ispu_2020.xls,,
2020-04-18,DKI1,43.0,,4.0,5.0,72.0,7.0,72.0,O3,SEDANG,ispu_2020.xls,,
2020-04-19,DKI1,59.0,,5.0,7.0,87.0,9.0,87.0,O3,SEDANG,ispu_2020.xls,,
2020-04-20,DKI1,60.0,,3.0,,73.0,7.0,73.0,O3,SEDANG,ispu_2020.xls,,
2020-04-21,DKI1,46.0,,4.0,,35.0,10.0,46.0,PM10,BAIK,ispu_2020.xls,,
2020-04-22,DKI1,74.0,,14.0,6.0,47.0,11.0,74.0,PM10,SEDANG,ispu_2020.xls,,
2020-04-23,DKI1,45.0,,5.0,5.0,43.0,7.0,45.0,PM10,BAIK,ispu_2020.xls,,
2020-04-24,DKI1,43.0,,4.0,3.0,27.0,8.0,43.0,PM10,BAIK,ispu_2020.xls,,
2020-04-25,DKI1,46.0,,3.0,7.0,45.0,8.0,46.0,PM10,BAIK,ispu_2020.xls,,
2020-04-26,DKI1,57.0,,3.0,5.0,45.0,8.0,57.0,PM10,SEDANG,ispu_2020.xls,,
2020-04-27,DKI1,36.0,,1.0,4.0,71.0,8.0,71.0,O3,SEDANG,ispu_2020.xls,,
2020-04-28,DKI1,49.0,,2.0,7.0,45.0,13.0,49.0,PM10,BAIK,ispu_2020.xls,,
2020-04-29,DKI1,53.0,,4.0,6.0,52.0,11.0,53.0,PM10,SEDANG,ispu_2020.xls,,
2020-04-30,DKI1,61.0,,5.0,6.0,33.0,14.0,61.0,PM10,SEDANG,ispu_2020.xls,,
2020-05-01,DKI1,47.0,,2.0,,38.0,10.0,47.0,PM10,BAIK,ispu_2020.xls,,
2020-05-02,DKI1,32.0,,2.0,12.0,29.0,9.0,32.0,PM10,BAIK,ispu_2020.xls,,
2020-05-03,DKI1,52.0,,5.0,11.0,35.0,9.0,52.0,PM10,SEDANG,ispu_2020.xls,,
2020-05-04,DKI1,50.0,,4.0,4.0,30.0,8.0,50.0,PM10,BAIK,ispu_2020.xls,,
2020-05-05,DKI1,51.0,,7.0,7.0,34.0,9.0,51.0,PM10,SEDANG,ispu_2020.xls,,
2020-05-06,DKI1,44.0,,4.0,4.0,29.0,7.0,44.0,PM10,BAIK,ispu_2020.xls,,
2020-05-07,DKI1,50.0,,4.0,3.0,48.0,9.0,50.0,PM10,BAIK,ispu_2020.xls,,
2020-05-08,DKI1,60.0,,4.0,4.0,60.0,10.0,60.0,PM10,SEDANG,ispu_2020.xls,,
2020-05-09,DKI1,56.0,,4.0,3.0,34.0,12.0,56.0,PM10,SEDANG,ispu_2020.xls,,
2020-05-10,DKI1,64.0,,5.0,3.0,44.0,12.0,64.0,PM10,SEDANG,ispu_2020.xls,,
2020-05-11,DKI1,44.0,,2.0,4.0,47.0,8.0,47.0,O3,BAIK,ispu_2020.xls,,
2020-05-12,DKI1,47.0,,3.0,4.0,62.0,10.0,62.0,O3,SEDANG,ispu_2020.xls,,
2020-05-13,DKI1,54.0,,2.0,3.0,38.0,8.0,54.0,PM10,SEDANG,ispu_2020.xls,,
2020-05-14,DKI1,56.0,,7.0,9.0,42.0,9.0,56.0,PM10,SEDANG,ispu_2020.xls,,
2020-05-15,DKI1,60.0,,7.0,7.0,40.0,9.0,60.0,PM10,SEDANG,ispu_2020.xls,,
2020-05-16,DKI1,58.0,,6.0,8.0,57.0,8.0,58.0,PM10,SEDANG,ispu_2020.xls,,
2020-05-17,DKI1,60.0,,6.0,8.0,83.0,7.0,83.0,O3,SEDANG,ispu_2020.xls,,
2020-05-18,DKI1,54.0,,4.0,6.0,43.0,10.0,54.0,PM10,SEDANG,ispu_2020.xls,,
2020-05-19,DKI1,30.0,,8.0,8.0,59.0,13.0,59.0,O3,SEDANG,ispu_2020.xls,,
2020-05-20,DKI1,50.0,,12.0,10.0,34.0,8.0,50.0,PM10,BAIK,ispu_2020.xls,,
2020-05-21,DKI1,27.0,,7.0,7.0,49.0,9.0,49.0,O3,BAIK,ispu_2020.xls,,
2020-05-22,DKI1,58.0,,8.0,7.0,42.0,8.0,58.0,PM10,SEDANG,ispu_2020.xls,,
2020-05-23,DKI1,42.0,,3.0,10.0,52.0,8.0,52.0,O3,SEDANG,ispu_2020.xls,,
2020-05-24,DKI1,41.0,,3.0,8.0,43.0,5.0,43.0,O3,BAIK,ispu_2020.xls,,
2020-05-25,DKI1,26.0,,2.0,4.0,27.0,5.0,27.0,O3,BAIK,ispu_2020.xls,,
2020-05-26,DKI1,32.0,,4.0,5.0,29.0,8.0,32.0,PM10,BAIK,ispu_2020.xls,,
2020-05-27,DKI1,22.0,,4.0,4.0,65.0,8.0,65.0,O3,SEDANG,ispu_2020.xls,,
2020-05-28,DKI1,44.0,,5.0,6.0,90.0,16.0,90.0,O3,SEDANG,ispu_2020.xls,,
2020-05-29,DKI1,58.0,,8.0,6.0,74.0,12.0,74.0,O3,SEDANG,ispu_2020.xls,,
2020-05-30,DKI1,52.0,,16.0,7.0,41.0,10.0,52.0,PM10,SEDANG,ispu_2020.xls,,
2020-05-31,DKI1,48.0,,14.0,7.0,46.0,9.0,48.0,PM10,BAIK,ispu_2020.xls,,
2020-06-01,DKI1,50.0,,14.0,10.0,45.0,9.0,50.0,PM10,BAIK,ispu_2020.xls,,
2020-06-02,DKI1,44.0,,14.0,7.0,37.0,8.0,44.0,PM10,BAIK,ispu_2020.xls,,
2020-06-03,DKI1,41.0,,14.0,4.0,31.0,8.0,41.0,PM10,BAIK,ispu_2020.xls,,
2020-06-04,DKI1,45.0,,18.0,4.0,28.0,8.0,45.0,PM10,BAIK,ispu_2020.xls,,
2020-06-05,DKI1,56.0,,18.0,6.0,60.0,12.0,60.0,O3,SEDANG,ispu_2020.xls,,
2020-06-06,DKI1,69.0,,18.0,7.0,74.0,13.0,74.0,O3,SEDANG,ispu_2020.xls,duplicate_station_date_source,
2020-07-01,DKI1,69.0,,18.0,6.0,65.0,11.0,69.0,PM10,SEDANG,ispu_2020.xls,,
2020-07-02,DKI1,68.0,,17.0,7.0,47.0,11.0,68.0,PM10,SEDANG,ispu_2020.xls,,
2020-07-03,DKI1,54.0,,18.0,7.0,32.0,9.0,54.0,PM10,SEDANG,ispu_2020.xls,,
2020-07-04,DKI1,70.0,,18.0,8.0,43.0,12.0,70.0,PM10,SEDANG,ispu_2020.xls,,
2020-07-05,DKI1,63.0,,20.0,5.0,40.0,9.0,63.0,PM10,SEDANG,ispu_2020.xls,,
2020-07-06,DKI1,58.0,,21.0,7.0,39.0,12.0,58.0,PM10,SEDANG,ispu_2020.xls,,
2020-07-07,DKI1,53.0,,22.0,6.0,33.0,12.0,53.0,PM10,SEDANG,ispu_2020.xls,,
2020-07-08,DKI1,60.0,,20.0,6.0,59.0,15.0,60.0,PM10,SEDANG,ispu_2020.xls,,
2020-07-09,DKI1,54.0,,16.0,8.0,67.0,12.0,67.0,O3,SEDANG,ispu_2020.xls,,
2020-07-10,DKI1,62.0,,19.0,8.0,80.0,17.0,80.0,O3,SEDANG,ispu_2020.xls,,
2020-07-11,DKI1,73.0,,17.0,9.0,47.0,16.0,73.0,PM10,SEDANG,ispu_2020.xls,,
2020-07-12,DKI1,62.0,,17.0,6.0,60.0,9.0,62.0,PM10,SEDANG,ispu_2020.xls,,
2020-07-13,DKI1,61.0,,19.0,5.0,44.0,10.0,61.0,PM10,SEDANG,ispu_2020.xls,,
2020-07-14,DKI1,64.0,,21.0,6.0,55.0,16.0,64.0,PM10,SEDANG,ispu_2020.xls,,
2020-07-15,DKI1,57.0,,16.0,6.0,31.0,12.0,57.0,PM10,SEDANG,ispu_2020.xls,,
2020-07-16,DKI1,48.0,,19.0,5.0,24.0,11.0,48.0,PM10,BAIK,ispu_2020.xls,,
2020-07-17,DKI1,56.0,,24.0,7.0,39.0,10.0,56.0,PM10,SEDANG,ispu_2020.xls,,
2020-07-18,DKI1,55.0,,21.0,7.0,54.0,15.0,55.0,PM10,SEDANG,ispu_2020.xls,,
2020-07-19,DKI1,68.0,,17.0,6.0,66.0,10.0,68.0,PM10,SEDANG,ispu_2020.xls,,
2020-07-20,DKI1,66.0,,16.0,8.0,77.0,12.0,77.0,O3,SEDANG,ispu_2020.xls,,
2020-07-21,DKI1,59.0,,19.0,8.0,58.0,12.0,59.0,PM10,SEDANG,ispu_2020.xls,,
2020-07-22,DKI1,56.0,,16.0,6.0,49.0,15.0,56.0,PM10,SEDANG,ispu_2020.xls,,
2020-07-23,DKI1,62.0,,16.0,7.0,85.0,11.0,85.0,O3,SEDANG,ispu_2020.xls,,
2020-07-24,DKI1,60.0,,18.0,7.0,56.0,13.0,60.0,PM10,SEDANG,ispu_2020.xls,,
2020-07-25,DKI1,64.0,,18.0,7.0,60.0,11.0,64.0,PM10,SEDANG,ispu_2020.xls,,
2020-07-26,DKI1,59.0,,19.0,5.0,45.0,10.0,59.0,PM10,SEDANG,ispu_2020.xls,,
2020-07-27,DKI1,58.0,,21.0,6.0,56.0,11.0,58.0,PM10,SEDANG,ispu_2020.xls,,
2020-07-28,DKI1,68.0,,20.0,7.0,89.0,14.0,89.0,O3,SEDANG,ispu_2020.xls,,
2020-07-29,DKI1,66.0,,19.0,7.0,107.0,14.0,107.0,O3,TIDAK SEHAT,ispu_2020.xls,,
2020-07-30,DKI1,68.0,,17.0,7.0,104.0,12.0,104.0,O3,TIDAK SEHAT,ispu_2020.xls,,
2020-07-31,DKI1,56.0,,19.0,7.0,62.0,14.0,62.0,O3,SEDANG,ispu_2020.xls,,
2020-08-01,DKI1,65.0,,18.0,7.0,84.0,13.0,84.0,O3,SEDANG,ispu_2020.xls,,
2020-08-02,DKI1,75.0,,17.0,11.0,77.0,15.0,77.0,O3,SEDANG,ispu_2020.xls,,
2020-08-03,DKI1,71.0,,18.0,9.0,65.0,11.0,71.0,PM10,SEDANG,ispu_2020.xls,,
2020-08-04,DKI1,61.0,,19.0,5.0,61.0,11.0,61.0,PM10,SEDANG,ispu_2020.xls,,
2020-08-05,DKI1,67.0,,20.0,7.0,70.0,12.0,70.0,O3,SEDANG,ispu_2020.xls,,
2020-08-06,DKI1,70.0,,23.0,6.0,55.0,16.0,70.0,PM10,SEDANG,ispu_2020.xls,,
2020-08-07,DKI1,65.0,,19.0,6.0,72.0,12.0,72.0,O3,SEDANG,ispu_2020.xls,,
2020-08-08,DKI1,64.0,,18.0,6.0,58.0,14.0,64.0,PM10,SEDANG,ispu_2020.xls,,
2020-08-09,DKI1,54.0,,15.0,6.0,65.0,12.0,65.0,O3,SEDANG,ispu_2020.xls,,
2020-08-10,DKI1,58.0,,18.0,5.0,47.0,11.0,58.0,PM10,SEDANG,ispu_2020.xls,,
2020-08-11,DKI1,60.0,,20.0,5.0,34.0,10.0,60.0,PM10,SEDANG,ispu_2020.xls,,
2020-08-12,DKI1,68.0,,19.0,14.0,49.0,17.0,68.0,PM10,SEDANG,ispu_2020.xls,,
2020-08-13,DKI1,53.0,,16.0,7.0,41.0,12.0,53.0,PM10,SEDANG,ispu_2020.xls,,
2020-08-14,DKI1,40.0,,16.0,8.0,43.0,16.0,43.0,O3,BAIK,ispu_2020.xls,,
2020-08-15,DKI1,58.0,,18.0,10.0,29.0,12.0,58.0,PM10,SEDANG,ispu_2020.xls,,
2020-08-16,DKI1,50.0,,19.0,4.0,44.0,10.0,50.0,PM10,BAIK,ispu_2020.xls,,
2020-08-17,DKI1,52.0,,16.0,7.0,52.0,10.0,52.0,PM10,SEDANG,ispu_2020.xls,,
2020-08-18,DKI1,52.0,,17.0,10.0,66.0,13.0,66.0,O3,SEDANG,ispu_2020.xls,,
2020-08-19,DKI1,65.0,,18.0,15.0,39.0,18.0,65.0,PM10,SEDANG,ispu_2020.xls,,
2020-08-20,DKI1,54.0,,17.0,6.0,40.0,13.0,54.0,PM10,SEDANG,ispu_2020.xls,,
2020-08-21,DKI1,46.0,,18.0,3.0,41.0,9.0,46.0,PM10,BAIK,ispu_2020.xls,,
2020-08-22,DKI1,58.0,,21.0,5.0,42.0,11.0,58.0,PM10,SEDANG,ispu_2020.xls,,
2020-08-23,DKI1,63.0,,22.0,7.0,53.0,13.0,63.0,PM10,SEDANG,ispu_2020.xls,,
2020-08-24,DKI1,55.0,,18.0,5.0,44.0,11.0,55.0,PM10,SEDANG,ispu_2020.xls,,
2020-08-25,DKI1,57.0,,20.0,7.0,53.0,14.0,57.0,PM10,SEDANG,ispu_2020.xls,,
2020-08-26,DKI1,52.0,,20.0,5.0,66.0,11.0,66.0,O3,SEDANG,ispu_2020.xls,,
2020-08-27,DKI1,55.0,,18.0,5.0,52.0,11.0,55.0,PM10,SEDANG,ispu_2020.xls,,
2020-08-28,DKI1,57.0,,19.0,5.0,48.0,16.0,57.0,PM10,SEDANG,ispu_2020.xls,,
2020-08-29,DKI1,59.0,,20.0,4.0,54.0,8.0,59.0,PM10,SEDANG,ispu_2020.xls,,
2020-08-30,DKI1,56.0,,19.0,4.0,58.0,6.0,58.0,O3,SEDANG,ispu_2020.xls,,
2020-08-31,DKI1,57.0,,20.0,6.0,68.0,14.0,68.0,O3,SEDANG,ispu_2020.xls,,
2020-09-01,DKI1,63.0,,20.0,6.0,60.0,11.0,84.0,PM25,SEDANG,ispu_2020.xls,,
2020-09-02,DKI1,57.0,,18.0,6.0,81.0,13.0,85.0,PM25,SEDANG,ispu_2020.xls,,
2020-09-03,DKI1,58.0,,18.0,8.0,65.0,13.0,85.0,PM25,SEDANG,ispu_2020.xls,,
2020-09-04,DKI1,48.0,,19.0,5.0,44.0,9.0,64.0,PM25,SEDANG,ispu_2020.xls,,
2020-09-05,DKI1,50.0,,17.0,5.0,88.0,12.0,88.0,O3,SEDANG,ispu_2020.xls,,
2020-09-06,DKI1,59.0,,17.0,7.0,84.0,12.0,92.0,PM25,SEDANG,ispu_2020.xls,,
2020-09-07,DKI1,,,23.0,6.0,64.0,12.0,89.0,PM25,SEDANG,ispu_2020.xls,,
2020-09-08,DKI1,58.0,,22.0,5.0,47.0,12.0,81.0,PM25,SEDANG,ispu_2020.xls,,
2020-09-09,DKI1,56.0,,22.0,4.0,39.0,9.0,80.0,PM25,SEDANG,ispu_2020.xls,,
2020-09-10,DKI1,56.0,,18.0,6.0,78.0,13.0,80.0,PM25,SEDANG,ispu_2020.xls,,
2020-09-11,DKI1,68.0,,18.0,7.0,70.0,22.0,97.0,PM25,SEDANG,ispu_2020.xls,,
2020-09-12,DKI1,59.0,,18.0,7.0,99.0,18.0,99.0,O3,SEDANG,ispu_2020.xls,,
2020-09-13,DKI1,60.0,,18.0,7.0,86.0,11.0,86.0,O3,SEDANG,ispu_2020.xls,,
2020-09-14,DKI1,57.0,,18.0,6.0,58.0,11.0,86.0,PM25,SEDANG,ispu_2020.xls,,
2020-09-15,DKI1,55.0,,16.0,6.0,69.0,12.0,76.0,PM25,SEDANG,ispu_2020.xls,,
2020-09-16,DKI1,57.0,,16.0,7.0,59.0,14.0,77.0,PM25,SEDANG,ispu_2020.xls,,
2020-09-17,DKI1,45.0,,18.0,4.0,49.0,10.0,68.0,PM25,SEDANG,ispu_2020.xls,,
2020-09-18,DKI1,52.0,,19.0,4.0,42.0,10.0,71.0,PM25,SEDANG,ispu_2020.xls,,
2020-09-19,DKI1,60.0,,22.0,5.0,68.0,11.0,86.0,PM25,SEDANG,ispu_2020.xls,,
2020-09-20,DKI1,44.0,,19.0,3.0,35.0,6.0,56.0,PM25,SEDANG,ispu_2020.xls,,
2020-09-21,DKI1,46.0,,18.0,8.0,64.0,9.0,64.0,O3,SEDANG,ispu_2020.xls,,
2020-09-22,DKI1,37.0,,15.0,6.0,82.0,11.0,82.0,O3,SEDANG,ispu_2020.xls,,
2020-09-23,DKI1,54.0,,20.0,7.0,78.0,12.0,78.0,O3,SEDANG,ispu_2020.xls,,
2020-09-24,DKI1,57.0,,17.0,6.0,82.0,14.0,82.0,O3,SEDANG,ispu_2020.xls,,
2020-09-25,DKI1,62.0,,19.0,6.0,65.0,11.0,91.0,PM25,SEDANG,ispu_2020.xls,,
2020-09-26,DKI1,69.0,,19.0,10.0,91.0,14.0,103.0,PM25,TIDAK SEHAT,ispu_2020.xls,,
2020-09-27,DKI1,61.0,,17.0,11.0,77.0,13.0,87.0,PM25,SEDANG,ispu_2020.xls,,
2020-09-28,DKI1,42.0,,16.0,5.0,70.0,10.0,70.0,O3,SEDANG,ispu_2020.xls,,
2020-09-29,DKI1,52.0,,19.0,6.0,66.0,11.0,72.0,PM25,SEDANG,ispu_2020.xls,,
2020-09-30,DKI1,55.0,,19.0,6.0,47.0,11.0,76.0,PM25,SEDANG,ispu_2020.xls,,
2020-10-01,DKI1,50.0,,19.0,4.0,50.0,10.0,72.0,PM25,SEDANG,ispu_2020.xls,anomaly_ispu_transition_2020,
2020-10-02,DKI1,53.0,,22.0,6.0,69.0,12.0,69.0,O3,SEDANG,ispu_2020.xls,anomaly_ispu_transition_2020,
2020-10-03,DKI1,50.0,,17.0,9.0,71.0,14.0,71.0,O3,SEDANG,ispu_2020.xls,anomaly_ispu_transition_2020,
2020-10-04,DKI1,53.0,,18.0,8.0,75.0,16.0,75.0,PM25,SEDANG,ispu_2020.xls,anomaly_ispu_transition_2020,
2020-10-05,DKI1,40.0,,16.0,5.0,95.0,10.0,95.0,O3,SEDANG,ispu_2020.xls,anomaly_ispu_transition_2020,
2020-10-06,DKI1,42.0,,17.0,5.0,70.0,11.0,70.0,O3,SEDANG,ispu_2020.xls,anomaly_ispu_transition_2020,
2020-10-07,DKI1,52.0,,20.0,5.0,68.0,13.0,68.0,O3,SEDANG,ispu_2020.xls,anomaly_ispu_transition_2020,
2020-10-08,DKI1,46.0,,20.0,5.0,83.0,11.0,83.0,O3,SEDANG,ispu_2020.xls,anomaly_ispu_transition_2020,
2020-10-09,DKI1,60.0,,18.0,7.0,87.0,14.0,99.0,PM25,SEDANG,ispu_2020.xls,anomaly_ispu_transition_2020,
2020-10-10,DKI1,53.0,,17.0,7.0,60.0,11.0,74.0,PM25,SEDANG,ispu_2020.xls,anomaly_ispu_transition_2020,
2020-10-11,DKI1,44.0,,18.0,6.0,74.0,11.0,74.0,O3,SEDANG,ispu_2020.xls,anomaly_ispu_transition_2020,
2020-10-12,DKI1,57.0,,19.0,7.0,86.0,16.0,86.0,O3,SEDANG,ispu_2020.xls,anomaly_ispu_transition_2020,
2020-10-13,DKI1,61.0,,21.0,9.0,75.0,11.0,91.0,PM25,SEDANG,ispu_2020.xls,anomaly_ispu_transition_2020,
2020-10-14,DKI1,63.0,,18.0,8.0,63.0,20.0,93.0,PM25,SEDANG,ispu_2020.xls,anomaly_ispu_transition_2020,
2020-10-15,DKI1,60.0,,20.0,7.0,70.0,17.0,91.0,PM25,SEDANG,ispu_2020.xls,anomaly_ispu_transition_2020,
2020-10-16,DKI1,56.0,,19.0,7.0,76.0,20.0,80.0,PM25,SEDANG,ispu_2020.xls,anomaly_ispu_transition_2020,
2020-10-17,DKI1,51.0,,17.0,9.0,61.0,22.0,70.0,PM25,SEDANG,ispu_2020.xls,anomaly_ispu_transition_2020,
2020-10-18,DKI1,50.0,,16.0,7.0,51.0,14.0,72.0,PM25,SEDANG,ispu_2020.xls,anomaly_ispu_transition_2020,
2020-10-19,DKI1,54.0,,16.0,7.0,60.0,11.0,76.0,PM25,SEDANG,ispu_2020.xls,anomaly_ispu_transition_2020,
2020-10-20,DKI1,54.0,,18.0,11.0,43.0,15.0,83.0,PM25,SEDANG,ispu_2020.xls,anomaly_ispu_transition_2020,
2020-10-21,DKI1,57.0,,18.0,11.0,71.0,15.0,78.0,PM25,SEDANG,ispu_2020.xls,anomaly_ispu_transition_2020,
2020-10-22,DKI1,48.0,,17.0,10.0,44.0,13.0,61.0,PM25,SEDANG,ispu_2020.xls,anomaly_ispu_transition_2020,
2020-10-23,DKI1,26.0,,15.0,3.0,23.0,7.0,36.0,PM25,BAIK,ispu_2020.xls,anomaly_ispu_transition_2020,
2020-10-24,DKI1,47.0,,23.0,6.0,61.0,11.0,69.0,PM25,SEDANG,ispu_2020.xls,anomaly_ispu_transition_2020,
2020-10-25,DKI1,39.0,,17.0,7.0,48.0,11.0,61.0,PM25,SEDANG,ispu_2020.xls,anomaly_ispu_transition_2020,
2020-10-26,DKI1,41.0,,18.0,8.0,77.0,20.0,77.0,O3,SEDANG,ispu_2020.xls,anomaly_ispu_transition_2020,
2020-10-27,DKI1,40.0,,16.0,9.0,77.0,15.0,77.0,O3,SEDANG,ispu_2020.xls,anomaly_ispu_transition_2020,
2020-10-28,DKI1,55.0,,18.0,18.0,60.0,16.0,75.0,PM25,SEDANG,ispu_2020.xls,anomaly_ispu_transition_2020,
2020-10-29,DKI1,51.0,,17.0,7.0,40.0,14.0,70.0,PM25,SEDANG,ispu_2020.xls,anomaly_ispu_transition_2020,
2020-10-30,DKI1,52.0,,18.0,5.0,35.0,9.0,73.0,PM25,SEDANG,ispu_2020.xls,anomaly_ispu_transition_2020,
2020-10-31,DKI1,35.0,,20.0,3.0,48.0,8.0,54.0,PM25,SEDANG,ispu_2020.xls,anomaly_ispu_transition_2020,
2020-11-11,DKI1,49.0,,67.0,18.0,10.0,40.0,11.0,PM25,SEDANG,ispu_2020.xls,duplicate_station_date_source|anomaly_ispu_transition_2020,
2020-11-13,DKI1,53.0,,68.0,20.0,5.0,34.0,14.0,PM25,SEDANG,ispu_2020.xls,anomaly_ispu_transition_2020,
2020-11-14,DKI1,54.0,,78.0,20.0,7.0,79.0,12.0,O3,SEDANG,ispu_2020.xls,anomaly_ispu_transition_2020,
2020-11-15,DKI1,52.0,,73.0,21.0,6.0,41.0,12.0,PM25,SEDANG,ispu_2020.xls,anomaly_ispu_transition_2020,
2020-11-16,DKI1,51.0,,70.0,20.0,5.0,42.0,11.0,PM25,SEDANG,ispu_2020.xls,anomaly_ispu_transition_2020,
2020-11-17,DKI1,57.0,,84.0,18.0,7.0,60.0,13.0,PM25,SEDANG,ispu_2020.xls,anomaly_ispu_transition_2020,
2020-11-18,DKI1,57.0,,79.0,18.0,9.0,71.0,20.0,PM25,SEDANG,ispu_2020.xls,anomaly_ispu_transition_2020,
2020-11-19,DKI1,58.0,,84.0,18.0,13.0,64.0,20.0,PM25,SEDANG,ispu_2020.xls,anomaly_ispu_transition_2020,
2020-11-20,DKI1,53.0,,68.0,20.0,5.0,34.0,10.0,PM25,SEDANG,ispu_2020.xls,anomaly_ispu_transition_2020,
2020-11-21,DKI1,54.0,,82.0,18.0,15.0,48.0,13.0,PM25,SEDANG,ispu_2020.xls,anomaly_ispu_transition_2020,
2020-11-22,DKI1,51.0,,69.0,18.0,15.0,45.0,14.0,PM25,SEDANG,ispu_2020.xls,anomaly_ispu_transition_2020,
2020-11-23,DKI1,62.0,,93.0,20.0,11.0,51.0,17.0,PM25,SEDANG,ispu_2020.xls,anomaly_ispu_transition_2020,
2020-11-24,DKI1,44.0,,56.0,19.0,8.0,53.0,13.0,PM25,SEDANG,ispu_2020.xls,anomaly_ispu_transition_2020,
2020-11-25,DKI1,39.0,,63.0,19.0,8.0,48.0,14.0,PM25,SEDANG,ispu_2020.xls,anomaly_ispu_transition_2020,
2020-11-26,DKI1,47.0,,69.0,21.0,9.0,55.0,14.0,PM25,SEDANG,ispu_2020.xls,anomaly_ispu_transition_2020,
2020-11-27,DKI1,44.0,,59.0,20.0,8.0,41.0,17.0,PM25,SEDANG,ispu_2020.xls,anomaly_ispu_transition_2020,
2020-11-28,DKI1,46.0,,66.0,18.0,7.0,65.0,14.0,PM25,SEDANG,ispu_2020.xls,anomaly_ispu_transition_2020,
2020-11-29,DKI1,37.0,,56.0,17.0,7.0,24.0,9.0,PM25,SEDANG,ispu_2020.xls,anomaly_ispu_transition_2020,
2020-11-30,DKI1,18.0,,21.0,16.0,4.0,27.0,5.0,O3,BAIK,ispu_2020.xls,anomaly_ispu_transition_2020,
2020-12-01,DKI1,22.0,,17.0,4.0,19.0,8.0,26.0,PM25,BAIK,ispu_2020.xls,anomaly_ispu_transition_2020,
2020-12-02,DKI1,25.0,,18.0,4.0,28.0,7.0,48.0,PM25,BAIK,ispu_2020.xls,anomaly_ispu_transition_2020,
2020-12-03,DKI1,29.0,,19.0,8.0,48.0,14.0,48.0,O3,BAIK,ispu_2020.xls,anomaly_ispu_transition_2020,
2020-12-04,DKI1,39.0,,29.0,8.0,52.0,17.0,58.0,PM25,SEDANG,ispu_2020.xls,anomaly_ispu_transition_2020,
2020-12-05,DKI1,28.0,,22.0,7.0,34.0,11.0,34.0,O3,BAIK,ispu_2020.xls,anomaly_ispu_transition_2020,
2020-12-06,DKI1,31.0,,22.0,7.0,30.0,9.0,50.0,PM25,BAIK,ispu_2020.xls,anomaly_ispu_transition_2020,
2020-12-07,DKI1,25.0,,22.0,6.0,18.0,9.0,31.0,PM25,BAIK,ispu_2020.xls,anomaly_ispu_transition_2020,
2020-12-08,DKI1,36.0,,31.0,8.0,23.0,8.0,52.0,PM25,SEDANG,ispu_2020.xls,anomaly_ispu_transition_2020,
2020-12-09,DKI1,32.0,,22.0,5.0,25.0,8.0,46.0,PM25,BAIK,ispu_2020.xls,anomaly_ispu_transition_2020,
2020-12-10,DKI1,32.0,,30.0,4.0,25.0,7.0,48.0,PM25,BAIK,ispu_2020.xls,anomaly_ispu_transition_2020,
2020-12-11,DKI1,32.0,,24.0,9.0,21.0,12.0,49.0,PM25,BAIK,ispu_2020.xls,anomaly_ispu_transition_2020,
2020-12-12,DKI1,23.0,,19.0,6.0,29.0,10.0,33.0,PM25,BAIK,ispu_2020.xls,anomaly_ispu_transition_2020,
2020-12-13,DKI1,29.0,,20.0,5.0,29.0,6.0,41.0,PM25,BAIK,ispu_2020.xls,anomaly_ispu_transition_2020,
2020-12-14,DKI1,25.0,,18.0,4.0,29.0,9.0,32.0,PM25,BAIK,ispu_2020.xls,anomaly_ispu_transition_2020,
2020-12-15,DKI1,26.0,,18.0,6.0,24.0,8.0,34.0,PM25,BAIK,ispu_2020.xls,anomaly_ispu_transition_2020,
2020-12-16,DKI1,21.0,,17.0,5.0,19.0,7.0,35.0,PM25,BAIK,ispu_2020.xls,,
2020-12-17,DKI1,24.0,,21.0,5.0,30.0,7.0,37.0,PM25,BAIK,ispu_2020.xls,,
2020-12-18,DKI1,25.0,,19.0,5.0,25.0,8.0,34.0,PM25,BAIK,ispu_2020.xls,,
2020-12-19,DKI1,27.0,,19.0,6.0,24.0,9.0,49.0,PM25,BAIK,ispu_2020.xls,,
2020-12-20,DKI1,37.0,,20.0,9.0,19.0,8.0,49.0,PM25,BAIK,ispu_2020.xls,,
2020-12-21,DKI1,17.0,,17.0,4.0,14.0,5.0,20.0,PM25,BAIK,ispu_2020.xls,,
2020-12-22,DKI1,23.0,,19.0,6.0,16.0,10.0,39.0,PM25,BAIK,ispu_2020.xls,,
2020-12-23,DKI1,43.0,,26.0,,26.0,13.0,62.0,PM25,SEDANG,ispu_2020.xls,,
2020-12-24,DKI1,40.0,,26.0,8.0,31.0,8.0,62.0,PM25,SEDANG,ispu_2020.xls,,
2020-12-25,DKI1,23.0,,23.0,4.0,25.0,5.0,38.0,PM25,BAIK,ispu_2020.xls,,
2020-12-26,DKI1,23.0,,26.0,3.0,30.0,6.0,35.0,PM25,BAIK,ispu_2020.xls,,
2020-12-27,DKI1,24.0,,26.0,5.0,35.0,5.0,44.0,PM25,BAIK,ispu_2020.xls,,
2020-12-28,DKI1,26.0,,27.0,4.0,33.0,8.0,44.0,PM25,BAIK,ispu_2020.xls,,
2020-12-29,DKI1,21.0,,23.0,5.0,28.0,6.0,28.0,O3,BAIK,ispu_2020.xls,,
2020-12-30,DKI1,19.0,,22.0,4.0,25.0,7.0,30.0,PM25,BAIK,ispu_2020.xls,,
2020-12-31,DKI1,26.0,,25.0,8.0,29.0,10.0,39.0,PM25,BAIK,ispu_2020.xls,,
2021-01-01,DKI1,38.0,53.0,29.0,6.0,31.0,13.0,53.0,PM25,SEDANG,ispu_2021.csv,,
2021-01-02,DKI1,27.0,46.0,27.0,7.0,47.0,7.0,47.0,O3,BAIK,ispu_2021.csv,,
2021-01-03,DKI1,44.0,58.0,25.0,7.0,40.0,13.0,58.0,PM25,SEDANG,ispu_2021.csv,,
2021-01-04,DKI1,30.0,48.0,24.0,4.0,32.0,7.0,48.0,PM25,BAIK,ispu_2021.csv,,
2021-01-05,DKI1,38.0,53.0,24.0,6.0,31.0,9.0,53.0,PM25,SEDANG,ispu_2021.csv,,
2021-01-06,DKI1,41.0,58.0,23.0,13.0,46.0,13.0,58.0,PM25,SEDANG,ispu_2021.csv,,
2021-01-07,DKI1,35.0,47.0,22.0,6.0,39.0,10.0,47.0,PM25,BAIK,ispu_2021.csv,,
2021-01-08,DKI1,37.0,54.0,26.0,16.0,17.0,10.0,54.0,PM25,SEDANG,ispu_2021.csv,,
2021-01-09,DKI1,47.0,61.0,16.0,27.0,22.0,12.0,61.0,PM25,SEDANG,ispu_2021.csv,,
2021-01-10,DKI1,23.0,25.0,16.0,11.0,33.0,8.0,33.0,O3,BAIK,ispu_2021.csv,,
2021-01-11,DKI1,38.0,54.0,17.0,14.0,27.0,10.0,54.0,PM25,SEDANG,ispu_2021.csv,,
2021-01-12,DKI1,29.0,50.0,20.0,12.0,26.0,15.0,50.0,PM25,BAIK,ispu_2021.csv,,
2021-01-13,DKI1,34.0,44.0,17.0,13.0,20.0,9.0,44.0,PM25,BAIK,ispu_2021.csv,,
2021-01-14,DKI1,36.0,57.0,15.0,15.0,26.0,13.0,57.0,PM25,SEDANG,ispu_2021.csv,,
2021-01-15,DKI1,42.0,62.0,14.0,15.0,32.0,12.0,62.0,PM25,SEDANG,ispu_2021.csv,,
2021-01-16,DKI1,52.0,73.0,15.0,17.0,25.0,14.0,73.0,PM25,SEDANG,ispu_2021.csv,,
2021-01-17,DKI1,52.0,71.0,17.0,15.0,26.0,14.0,71.0,PM25,SEDANG,ispu_2021.csv,,
2021-01-18,DKI1,40.0,52.0,16.0,11.0,26.0,12.0,52.0,PM25,SEDANG,ispu_2021.csv,,
2021-01-19,DKI1,31.0,41.0,13.0,12.0,25.0,12.0,41.0,PM25,BAIK,ispu_2021.csv,,
2021-01-20,DKI1,35.0,34.0,12.0,12.0,22.0,13.0,35.0,PM10,BAIK,ispu_2021.csv,,
2021-01-21,DKI1,43.0,51.0,13.0,14.0,28.0,15.0,51.0,PM25,SEDANG,ispu_2021.csv,,
2021-01-22,DKI1,49.0,63.0,14.0,14.0,28.0,15.0,63.0,PM25,SEDANG,ispu_2021.csv,,
2021-01-23,DKI1,72.0,108.0,14.0,43.0,44.0,20.0,108.0,PM25,TIDAK SEHAT,ispu_2021.csv,,
2021-01-24,DKI1,33.0,48.0,12.0,14.0,23.0,10.0,48.0,PM25,BAIK,ispu_2021.csv,,
2021-01-25,DKI1,56.0,82.0,13.0,29.0,62.0,15.0,82.0,PM25,SEDANG,ispu_2021.csv,,
2021-01-26,DKI1,52.0,70.0,14.0,19.0,28.0,13.0,70.0,PM25,SEDANG,ispu_2021.csv,,
2021-01-27,DKI1,20.0,20.0,13.0,10.0,19.0,8.0,20.0,PM10,BAIK,ispu_2021.csv,,
2021-01-28,DKI1,27.0,41.0,14.0,18.0,17.0,11.0,41.0,PM25,BAIK,ispu_2021.csv,,
2021-01-29,DKI1,30.0,53.0,16.0,17.0,24.0,11.0,53.0,PM25,SEDANG,ispu_2021.csv,,
2021-01-30,DKI1,27.0,37.0,13.0,16.0,24.0,12.0,37.0,PM25,BAIK,ispu_2021.csv,,
2021-01-31,DKI1,36.0,51.0,13.0,16.0,26.0,10.0,51.0,PM25,SEDANG,ispu_2021.csv,,
2021-02-01,DKI1,59.0,79.0,21.0,26.0,15.0,31.0,79.0,PM25,SEDANG,ispu_2021.csv,,
2021-02-02,DKI1,30.0,46.0,21.0,14.0,16.0,24.0,46.0,PM25,BAIK,ispu_2021.csv,,
2021-02-03,DKI1,23.0,33.0,19.0,11.0,14.0,19.0,33.0,PM25,BAIK,ispu_2021.csv,,
2021-02-04,DKI1,36.0,53.0,23.0,14.0,12.0,24.0,53.0,PM25,SEDANG,ispu_2021.csv,,
2021-02-05,DKI1,29.0,36.0,20.0,14.0,12.0,21.0,36.0,PM25,BAIK,ispu_2021.csv,,
2021-02-06,DKI1,27.0,34.0,21.0,8.0,21.0,15.0,34.0,PM25,BAIK,ispu_2021.csv,,
2021-02-07,DKI1,25.0,23.0,19.0,7.0,19.0,12.0,25.0,PM10,BAIK,ispu_2021.csv,,
2021-02-08,DKI1,24.0,26.0,19.0,10.0,18.0,17.0,26.0,PM25,BAIK,ispu_2021.csv,,
2021-02-09,DKI1,33.0,40.0,22.0,12.0,14.0,22.0,40.0,PM25,BAIK,ispu_2021.csv,,
2021-02-10,DKI1,32.0,38.0,21.0,10.0,12.0,16.0,38.0,PM25,BAIK,ispu_2021.csv,,
2021-02-11,DKI1,26.0,37.0,23.0,13.0,9.0,17.0,37.0,PM25,BAIK,ispu_2021.csv,,
2021-02-12,DKI1,41.0,52.0,26.0,16.0,10.0,16.0,52.0,PM25,SEDANG,ispu_2021.csv,,
2021-02-13,DKI1,25.0,37.0,20.0,9.0,19.0,16.0,37.0,PM25,BAIK,ispu_2021.csv,,
2021-02-14,DKI1,33.0,47.0,18.0,11.0,19.0,19.0,47.0,PM25,BAIK,ispu_2021.csv,,
2021-02-15,DKI1,34.0,47.0,20.0,13.0,17.0,25.0,47.0,PM25,BAIK,ispu_2021.csv,,
2021-02-16,DKI1,26.0,28.0,18.0,11.0,18.0,26.0,28.0,PM25,BAIK,ispu_2021.csv,,
2021-02-17,DKI1,39.0,57.0,23.0,23.0,12.0,33.0,57.0,PM25,SEDANG,ispu_2021.csv,,
2021-02-18,DKI1,43.0,59.0,29.0,13.0,12.0,29.0,59.0,PM25,SEDANG,ispu_2021.csv,,
2021-02-19,DKI1,29.0,41.0,19.0,20.0,12.0,23.0,41.0,PM25,BAIK,ispu_2021.csv,,
2021-02-20,DKI1,30.0,38.0,18.0,11.0,18.0,20.0,38.0,PM25,BAIK,ispu_2021.csv,,
2021-02-21,DKI1,31.0,45.0,18.0,10.0,16.0,17.0,45.0,PM25,BAIK,ispu_2021.csv,,
2021-02-22,DKI1,51.0,67.0,20.0,18.0,11.0,23.0,67.0,PM25,SEDANG,ispu_2021.csv,,
2021-02-23,DKI1,50.0,64.0,22.0,11.0,20.0,23.0,64.0,PM25,SEDANG,ispu_2021.csv,,
2021-02-24,DKI1,30.0,42.0,22.0,10.0,9.0,16.0,42.0,PM25,BAIK,ispu_2021.csv,,
2021-02-25,DKI1,31.0,48.0,26.0,12.0,14.0,17.0,48.0,PM25,BAIK,ispu_2021.csv,,
2021-02-26,DKI1,29.0,38.0,18.0,13.0,18.0,20.0,38.0,PM25,BAIK,ispu_2021.csv,,
2021-02-27,DKI1,49.0,67.0,23.0,15.0,17.0,31.0,67.0,PM25,SEDANG,ispu_2021.csv,,
2021-02-28,DKI1,43.0,60.0,19.0,12.0,19.0,18.0,60.0,PM25,SEDANG,ispu_2021.csv,,
2021-03-01,DKI1,37.0,60.0,20.0,12.0,12.0,17.0,60.0,PM25,SEDANG,ispu_2021.csv,,
2021-03-02,DKI1,38.0,55.0,20.0,15.0,14.0,28.0,55.0,PM25,SEDANG,ispu_2021.csv,,
2021-03-03,DKI1,49.0,67.0,19.0,21.0,17.0,35.0,67.0,PM25,SEDANG,ispu_2021.csv,,
2021-03-04,DKI1,51.0,75.0,22.0,18.0,19.0,31.0,75.0,PM25,SEDANG,ispu_2021.csv,,
2021-03-05,DKI1,52.0,69.0,20.0,16.0,16.0,30.0,69.0,PM25,SEDANG,ispu_2021.csv,,
2021-03-06,DKI1,51.0,73.0,20.0,22.0,15.0,37.0,73.0,PM25,SEDANG,ispu_2021.csv,,
2021-03-07,DKI1,57.0,88.0,23.0,23.0,19.0,31.0,88.0,PM25,SEDANG,ispu_2021.csv,,
2021-03-08,DKI1,47.0,63.0,21.0,16.0,11.0,19.0,63.0,PM25,SEDANG,ispu_2021.csv,,
2021-03-09,DKI1,36.0,50.0,23.0,15.0,10.0,22.0,50.0,PM25,BAIK,ispu_2021.csv,,
2021-03-10,DKI1,45.0,65.0,20.0,20.0,14.0,27.0,65.0,PM25,SEDANG,ispu_2021.csv,,
2021-03-11,DKI1,27.0,35.0,19.0,9.0,15.0,21.0,35.0,PM25,BAIK,ispu_2021.csv,,
2021-03-12,DKI1,44.0,58.0,24.0,12.0,13.0,25.0,58.0,PM25,SEDANG,ispu_2021.csv,,
2021-03-13,DKI1,37.0,62.0,27.0,13.0,13.0,25.0,62.0,PM25,SEDANG,ispu_2021.csv,,
2021-03-14,DKI1,39.0,60.0,23.0,14.0,10.0,19.0,60.0,PM25,SEDANG,ispu_2021.csv,,
2021-03-15,DKI1,45.0,70.0,29.0,18.0,13.0,34.0,70.0,PM25,SEDANG,ispu_2021.csv,,
2021-03-16,DKI1,55.0,80.0,32.0,13.0,21.0,36.0,80.0,PM25,SEDANG,ispu_2021.csv,,
2021-03-17,DKI1,59.0,93.0,25.0,19.0,20.0,45.0,93.0,PM25,SEDANG,ispu_2021.csv,,
2021-03-18,DKI1,64.0,102.0,30.0,15.0,25.0,40.0,102.0,PM25,TIDAK SEHAT,ispu_2021.csv,,
2021-03-19,DKI1,60.0,88.0,29.0,14.0,24.0,35.0,88.0,PM25,SEDANG,ispu_2021.csv,,
2021-03-20,DKI1,55.0,80.0,28.0,16.0,19.0,31.0,80.0,PM25,SEDANG,ispu_2021.csv,,
2021-03-21,DKI1,43.0,55.0,21.0,11.0,18.0,17.0,55.0,PM25,SEDANG,ispu_2021.csv,,
2021-03-22,DKI1,38.0,61.0,21.0,13.0,14.0,18.0,61.0,PM25,SEDANG,ispu_2021.csv,,
2021-03-23,DKI1,37.0,54.0,23.0,11.0,12.0,16.0,54.0,PM25,SEDANG,ispu_2021.csv,,
2021-03-24,DKI1,32.0,53.0,21.0,10.0,9.0,15.0,53.0,PM25,SEDANG,ispu_2021.csv,,
2021-03-25,DKI1,25.0,47.0,22.0,9.0,14.0,17.0,47.0,PM25,BAIK,ispu_2021.csv,,
2021-03-26,DKI1,50.0,69.0,23.0,19.0,19.0,28.0,69.0,PM25,SEDANG,ispu_2021.csv,,
2021-03-27,DKI1,53.0,71.0,29.0,13.0,18.0,33.0,71.0,PM25,SEDANG,ispu_2021.csv,,
2021-03-28,DKI1,54.0,75.0,20.0,15.0,31.0,31.0,75.0,PM25,SEDANG,ispu_2021.csv,,
2021-03-29,DKI1,55.0,77.0,19.0,19.0,21.0,37.0,77.0,PM25,SEDANG,ispu_2021.csv,,
2021-03-30,DKI1,53.0,69.0,24.0,15.0,14.0,30.0,69.0,PM25,SEDANG,ispu_2021.csv,,
2021-03-31,DKI1,43.0,57.0,22.0,13.0,15.0,23.0,57.0,PM25,SEDANG,ispu_2021.csv,,
2021-04-01,DKI1,26.0,42.0,22.0,11.0,13.0,19.0,42.0,PM25,BAIK,ispu_2021.csv,,
2021-04-02,DKI1,41.0,54.0,27.0,11.0,17.0,19.0,54.0,PM25,SEDANG,ispu_2021.csv,,
2021-04-03,DKI1,25.0,42.0,20.0,8.0,18.0,22.0,42.0,PM25,BAIK,ispu_2021.csv,,
2021-04-04,DKI1,57.0,78.0,21.0,23.0,14.0,33.0,78.0,PM25,SEDANG,ispu_2021.csv,,
2021-04-05,DKI1,52.0,69.0,22.0,15.0,18.0,27.0,69.0,PM25,SEDANG,ispu_2021.csv,,
2021-04-06,DKI1,33.0,55.0,27.0,10.0,14.0,18.0,55.0,PM25,SEDANG,ispu_2021.csv,,
2021-04-07,DKI1,30.0,47.0,25.0,11.0,13.0,19.0,47.0,PM25,BAIK,ispu_2021.csv,,
2021-04-08,DKI1,38.0,55.0,33.0,12.0,13.0,22.0,55.0,PM25,SEDANG,ispu_2021.csv,,
2021-04-09,DKI1,54.0,69.0,26.0,14.0,15.0,28.0,69.0,PM25,SEDANG,ispu_2021.csv,,
2021-04-10,DKI1,48.0,66.0,23.0,13.0,17.0,29.0,66.0,PM25,SEDANG,ispu_2021.csv,,
2021-04-11,DKI1,45.0,68.0,31.0,12.0,25.0,31.0,68.0,PM25,SEDANG,ispu_2021.csv,,
2021-04-12,DKI1,55.0,69.0,26.0,20.0,15.0,31.0,69.0,PM25,SEDANG,ispu_2021.csv,,
2021-04-13,DKI1,55.0,68.0,23.0,18.0,21.0,40.0,68.0,PM25,SEDANG,ispu_2021.csv,,
2021-04-14,DKI1,51.0,71.0,27.0,15.0,25.0,32.0,71.0,PM25,SEDANG,ispu_2021.csv,,
2021-04-15,DKI1,56.0,74.0,24.0,24.0,21.0,40.0,74.0,PM25,SEDANG,ispu_2021.csv,,
2021-04-16,DKI1,55.0,76.0,24.0,20.0,16.0,42.0,76.0,PM25,SEDANG,ispu_2021.csv,,
2021-04-17,DKI1,65.0,101.0,24.0,19.0,19.0,41.0,101.0,PM25,TIDAK SEHAT,ispu_2021.csv,,
2021-04-18,DKI1,57.0,79.0,24.0,11.0,25.0,26.0,79.0,PM25,SEDANG,ispu_2021.csv,,
2021-04-19,DKI1,63.0,92.0,25.0,14.0,26.0,30.0,92.0,PM25,SEDANG,ispu_2021.csv,,
2021-04-20,DKI1,56.0,83.0,25.0,12.0,21.0,30.0,83.0,PM25,SEDANG,ispu_2021.csv,,
2021-04-21,DKI1,63.0,87.0,24.0,19.0,14.0,37.0,87.0,PM25,SEDANG,ispu_2021.csv,,
2021-04-22,DKI1,54.0,81.0,25.0,14.0,23.0,40.0,81.0,PM25,SEDANG,ispu_2021.csv,,
2021-04-23,DKI1,66.0,99.0,25.0,16.0,21.0,42.0,99.0,PM25,SEDANG,ispu_2021.csv,,
2021-04-24,DKI1,66.0,99.0,23.0,18.0,30.0,40.0,99.0,PM25,SEDANG,ispu_2021.csv,,
2021-04-25,DKI1,63.0,86.0,24.0,15.0,17.0,36.0,86.0,PM25,SEDANG,ispu_2021.csv,,
2021-04-26,DKI1,56.0,79.0,26.0,10.0,22.0,24.0,79.0,PM25,SEDANG,ispu_2021.csv,,
2021-04-27,DKI1,62.0,94.0,26.0,12.0,23.0,28.0,94.0,PM25,SEDANG,ispu_2021.csv,,
2021-04-28,DKI1,54.0,77.0,21.0,15.0,21.0,34.0,77.0,PM25,SEDANG,ispu_2021.csv,,
2021-04-29,DKI1,57.0,71.0,23.0,17.0,18.0,38.0,71.0,PM25,SEDANG,ispu_2021.csv,,
2021-04-30,DKI1,61.0,84.0,23.0,18.0,20.0,42.0,84.0,PM25,SEDANG,ispu_2021.csv,,
2021-05-01,DKI1,52.0,71.0,23.0,10.0,20.0,33.0,71.0,PM25,SEDANG,ispu_2021.csv,,
2021-05-02,DKI1,50.0,67.0,22.0,9.0,18.0,17.0,67.0,PM25,SEDANG,ispu_2021.csv,,
2021-05-03,DKI1,53.0,70.0,26.0,10.0,20.0,20.0,70.0,PM25,SEDANG,ispu_2021.csv,,
2021-05-04,DKI1,59.0,77.0,31.0,14.0,14.0,26.0,77.0,PM25,SEDANG,ispu_2021.csv,,
2021-05-05,DKI1,58.0,82.0,22.0,18.0,14.0,38.0,82.0,PM25,SEDANG,ispu_2021.csv,,
2021-05-06,DKI1,49.0,65.0,19.0,16.0,18.0,38.0,65.0,PM25,SEDANG,ispu_2021.csv,,
2021-05-07,DKI1,54.0,70.0,20.0,26.0,19.0,45.0,70.0,PM25,SEDANG,ispu_2021.csv,,
2021-05-08,DKI1,52.0,69.0,20.0,12.0,19.0,28.0,69.0,PM25,SEDANG,ispu_2021.csv,,
2021-05-09,DKI1,41.0,57.0,18.0,9.0,26.0,21.0,57.0,PM25,SEDANG,ispu_2021.csv,,
2021-05-10,DKI1,47.0,69.0,19.0,10.0,25.0,21.0,69.0,PM25,SEDANG,ispu_2021.csv,,
2021-05-11,DKI1,60.0,88.0,24.0,12.0,25.0,24.0,88.0,PM25,SEDANG,ispu_2021.csv,,
2021-05-12,DKI1,59.0,79.0,21.0,10.0,25.0,21.0,79.0,PM25,SEDANG,ispu_2021.csv,,
2021-05-13,DKI1,70.0,110.0,24.0,14.0,24.0,20.0,110.0,PM25,TIDAK SEHAT,ispu_2021.csv,,
2021-05-14,DKI1,52.0,72.0,24.0,8.0,25.0,14.0,72.0,PM25,SEDANG,ispu_2021.csv,,
2021-05-15,DKI1,51.0,67.0,26.0,11.0,20.0,19.0,67.0,PM25,SEDANG,ispu_2021.csv,,
2021-05-16,DKI1,51.0,65.0,23.0,8.0,20.0,16.0,65.0,PM25,SEDANG,ispu_2021.csv,,
2021-05-17,DKI1,47.0,65.0,22.0,11.0,24.0,24.0,65.0,PM25,SEDANG,ispu_2021.csv,,
2021-05-18,DKI1,40.0,54.0,24.0,10.0,23.0,26.0,54.0,PM25,SEDANG,ispu_2021.csv,,
2021-05-19,DKI1,52.0,69.0,23.0,17.0,19.0,36.0,69.0,PM25,SEDANG,ispu_2021.csv,,
2021-05-20,DKI1,57.0,79.0,24.0,12.0,23.0,27.0,79.0,PM25,SEDANG,ispu_2021.csv,,
2021-05-21,DKI1,52.0,76.0,24.0,15.0,22.0,34.0,76.0,PM25,SEDANG,ispu_2021.csv,,
2021-05-22,DKI1,56.0,79.0,22.0,16.0,28.0,36.0,79.0,PM25,SEDANG,ispu_2021.csv,,
2021-05-23,DKI1,60.0,91.0,24.0,21.0,27.0,37.0,91.0,PM25,SEDANG,ispu_2021.csv,,
2021-05-24,DKI1,74.0,108.0,22.0,20.0,23.0,38.0,108.0,PM25,TIDAK SEHAT,ispu_2021.csv,,
2021-05-25,DKI1,44.0,60.0,23.0,15.0,23.0,35.0,60.0,PM25,SEDANG,ispu_2021.csv,,
2021-05-26,DKI1,56.0,77.0,27.0,11.0,21.0,24.0,77.0,PM25,SEDANG,ispu_2021.csv,,
2021-05-27,DKI1,51.0,64.0,27.0,8.0,16.0,20.0,64.0,PM25,SEDANG,ispu_2021.csv,,
2021-05-28,DKI1,54.0,70.0,29.0,12.0,16.0,24.0,70.0,PM25,SEDANG,ispu_2021.csv,,
2021-05-29,DKI1,56.0,76.0,23.0,14.0,17.0,32.0,76.0,PM25,SEDANG,ispu_2021.csv,,
2021-05-30,DKI1,47.0,61.0,24.0,16.0,18.0,29.0,61.0,PM25,SEDANG,ispu_2021.csv,,
2021-05-31,DKI1,55.0,73.0,21.0,15.0,19.0,33.0,73.0,PM25,SEDANG,ispu_2021.csv,,
2021-06-01,DKI1,59.0,83.0,22.0,18.0,19.0,35.0,83.0,PM25,SEDANG,ispu_2021.csv,,
2021-06-02,DKI1,59.0,84.0,21.0,20.0,24.0,38.0,84.0,PM25,SEDANG,ispu_2021.csv,,
2021-06-03,DKI1,54.0,76.0,22.0,20.0,17.0,41.0,76.0,PM25,SEDANG,ispu_2021.csv,,
2021-06-04,DKI1,63.0,87.0,20.0,13.0,14.0,30.0,87.0,PM25,SEDANG,ispu_2021.csv,,
2021-06-05,DKI1,59.0,79.0,23.0,20.0,19.0,38.0,79.0,PM25,SEDANG,ispu_2021.csv,,
2021-06-06,DKI1,59.0,83.0,22.0,15.0,19.0,32.0,83.0,PM25,SEDANG,ispu_2021.csv,,
2021-06-07,DKI1,52.0,72.0,24.0,13.0,28.0,31.0,72.0,PM25,SEDANG,ispu_2021.csv,,
2021-06-08,DKI1,58.0,80.0,26.0,16.0,24.0,38.0,80.0,PM25,SEDANG,ispu_2021.csv,,
2021-06-09,DKI1,58.0,77.0,24.0,14.0,23.0,34.0,77.0,PM25,SEDANG,ispu_2021.csv,,
2021-06-10,DKI1,66.0,89.0,23.0,23.0,18.0,47.0,89.0,PM25,SEDANG,ispu_2021.csv,,
2021-06-11,DKI1,59.0,77.0,22.0,15.0,23.0,40.0,77.0,PM25,SEDANG,ispu_2021.csv,,
2021-06-12,DKI1,57.0,77.0,24.0,17.0,27.0,35.0,77.0,PM25,SEDANG,ispu_2021.csv,,
2021-06-13,DKI1,51.0,70.0,23.0,14.0,25.0,25.0,70.0,PM25,SEDANG,ispu_2021.csv,,
2021-06-14,DKI1,58.0,82.0,25.0,13.0,22.0,26.0,82.0,PM25,SEDANG,ispu_2021.csv,,
2021-06-15,DKI1,62.0,86.0,31.0,13.0,17.0,29.0,86.0,PM25,SEDANG,ispu_2021.csv,,
2021-06-16,DKI1,56.0,74.0,39.0,18.0,13.0,35.0,74.0,PM25,SEDANG,ispu_2021.csv,,
2021-06-17,DKI1,56.0,80.0,28.0,25.0,17.0,39.0,80.0,PM25,SEDANG,ispu_2021.csv,,
2021-06-18,DKI1,64.0,84.0,29.0,17.0,16.0,34.0,84.0,PM25,SEDANG,ispu_2021.csv,,
2021-06-19,DKI1,54.0,68.0,26.0,21.0,13.0,45.0,68.0,PM25,SEDANG,ispu_2021.csv,,
2021-06-20,DKI1,75.0,109.0,33.0,25.0,21.0,44.0,109.0,PM25,TIDAK SEHAT,ispu_2021.csv,,
2021-06-21,DKI1,52.0,64.0,24.0,16.0,18.0,31.0,64.0,PM25,SEDANG,ispu_2021.csv,,
2021-06-22,DKI1,44.0,58.0,27.0,15.0,16.0,32.0,58.0,PM25,SEDANG,ispu_2021.csv,,
2021-06-23,DKI1,54.0,79.0,26.0,17.0,24.0,43.0,79.0,PM25,SEDANG,ispu_2021.csv,,
2021-06-24,DKI1,65.0,90.0,31.0,17.0,17.0,39.0,90.0,PM25,SEDANG,ispu_2021.csv,,
2021-06-25,DKI1,59.0,82.0,36.0,14.0,17.0,32.0,82.0,PM25,SEDANG,ispu_2021.csv,,
2021-06-26,DKI1,54.0,66.0,31.0,10.0,21.0,23.0,66.0,PM25,SEDANG,ispu_2021.csv,,
2021-06-27,DKI1,65.0,94.0,27.0,18.0,22.0,32.0,94.0,PM25,SEDANG,ispu_2021.csv,,
2021-06-28,DKI1,55.0,79.0,24.0,18.0,26.0,38.0,79.0,PM25,SEDANG,ispu_2021.csv,,
2021-06-29,DKI1,66.0,94.0,30.0,15.0,20.0,28.0,94.0,PM25,SEDANG,ispu_2021.csv,,
2021-06-30,DKI1,65.0,94.0,26.0,19.0,19.0,38.0,94.0,PM25,SEDANG,ispu_2021.csv,,
2021-07-01,DKI1,55.0,76.0,27.0,14.0,20.0,31.0,76.0,PM25,SEDANG,ispu_2021.csv,,
2021-07-02,DKI1,55.0,70.0,33.0,16.0,14.0,30.0,70.0,PM25,SEDANG,ispu_2021.csv,,
2021-07-03,DKI1,58.0,81.0,33.0,12.0,19.0,25.0,81.0,PM25,SEDANG,ispu_2021.csv,,
2021-07-04,DKI1,68.0,102.0,27.0,11.0,27.0,22.0,102.0,PM25,TIDAK SEHAT,ispu_2021.csv,,
2021-07-05,DKI1,71.0,106.0,28.0,12.0,34.0,25.0,106.0,PM25,TIDAK SEHAT,ispu_2021.csv,,
2021-07-06,DKI1,56.0,74.0,26.0,9.0,29.0,29.0,74.0,PM25,SEDANG,ispu_2021.csv,,
2021-07-07,DKI1,64.0,86.0,34.0,10.0,22.0,27.0,86.0,PM25,SEDANG,ispu_2021.csv,,
2021-07-08,DKI1,68.0,94.0,32.0,10.0,26.0,26.0,94.0,PM25,SEDANG,ispu_2021.csv,,
2021-07-09,DKI1,70.0,101.0,33.0,9.0,28.0,25.0,101.0,PM25,TIDAK SEHAT,ispu_2021.csv,,
2021-07-10,DKI1,64.0,83.0,35.0,7.0,24.0,23.0,83.0,PM25,SEDANG,ispu_2021.csv,,
2021-07-11,DKI1,54.0,71.0,32.0,6.0,21.0,15.0,71.0,PM25,SEDANG,ispu_2021.csv,,
2021-07-12,DKI1,46.0,59.0,29.0,5.0,18.0,13.0,59.0,PM25,SEDANG,ispu_2021.csv,,
2021-07-13,DKI1,63.0,89.0,33.0,10.0,18.0,24.0,89.0,PM25,SEDANG,ispu_2021.csv,,
2021-07-14,DKI1,53.0,69.0,28.0,10.0,17.0,23.0,69.0,PM25,SEDANG,ispu_2021.csv,,
2021-07-15,DKI1,66.0,95.0,31.0,12.0,24.0,30.0,95.0,PM25,SEDANG,ispu_2021.csv,,
2021-07-16,DKI1,71.0,97.0,30.0,11.0,24.0,29.0,97.0,PM25,SEDANG,ispu_2021.csv,,
2021-07-17,DKI1,63.0,80.0,29.0,8.0,28.0,20.0,80.0,PM25,SEDANG,ispu_2021.csv,,
2021-07-18,DKI1,63.0,89.0,31.0,8.0,32.0,19.0,89.0,PM25,SEDANG,ispu_2021.csv,,
2021-07-19,DKI1,66.0,95.0,26.0,10.0,32.0,28.0,95.0,PM25,SEDANG,ispu_2021.csv,,
2021-07-20,DKI1,74.0,100.0,27.0,15.0,24.0,24.0,100.0,PM25,SEDANG,ispu_2021.csv,,
2021-07-21,DKI1,48.0,66.0,27.0,7.0,26.0,17.0,66.0,PM25,SEDANG,ispu_2021.csv,,
2021-07-22,DKI1,53.0,76.0,31.0,9.0,24.0,26.0,76.0,PM25,SEDANG,ispu_2021.csv,,
2021-07-23,DKI1,58.0,80.0,26.0,9.0,27.0,28.0,80.0,PM25,SEDANG,ispu_2021.csv,,
2021-07-24,DKI1,53.0,79.0,26.0,13.0,21.0,34.0,79.0,PM25,SEDANG,ispu_2021.csv,,
2021-07-25,DKI1,70.0,108.0,25.0,23.0,28.0,38.0,108.0,PM25,TIDAK SEHAT,ispu_2021.csv,,
2021-07-26,DKI1,65.0,95.0,27.0,14.0,17.0,32.0,95.0,PM25,SEDANG,ispu_2021.csv,,
2021-07-27,DKI1,61.0,91.0,29.0,10.0,23.0,28.0,91.0,PM25,SEDANG,ispu_2021.csv,,
2021-07-28,DKI1,68.0,102.0,31.0,13.0,20.0,30.0,102.0,PM25,TIDAK SEHAT,ispu_2021.csv,,
2021-07-29,DKI1,59.0,85.0,28.0,13.0,24.0,32.0,85.0,PM25,SEDANG,ispu_2021.csv,,
2021-07-30,DKI1,73.0,105.0,29.0,12.0,39.0,35.0,105.0,PM25,TIDAK SEHAT,ispu_2021.csv,,
2021-07-31,DKI1,54.0,72.0,26.0,7.0,27.0,24.0,72.0,PM25,SEDANG,ispu_2021.csv,,
2021-08-01,DKI1,51.0,68.0,25.0,8.0,29.0,22.0,68.0,PM25,SEDANG,ispu_2021.csv,,
2021-08-02,DKI1,47.0,63.0,24.0,10.0,25.0,28.0,63.0,PM25,SEDANG,ispu_2021.csv,,
2021-08-03,DKI1,50.0,68.0,26.0,11.0,19.0,35.0,68.0,PM25,SEDANG,ispu_2021.csv,,
2021-08-04,DKI1,52.0,70.0,29.0,8.0,24.0,26.0,70.0,PM25,SEDANG,ispu_2021.csv,,
2021-08-05,DKI1,52.0,66.0,29.0,9.0,21.0,27.0,66.0,PM25,SEDANG,ispu_2021.csv,,
2021-08-06,DKI1,56.0,73.0,28.0,15.0,11.0,28.0,73.0,PM25,SEDANG,ispu_2021.csv,,
2021-08-07,DKI1,55.0,71.0,31.0,7.0,18.0,18.0,71.0,PM25,SEDANG,ispu_2021.csv,,
2021-08-08,DKI1,53.0,69.0,33.0,6.0,23.0,16.0,69.0,PM25,SEDANG,ispu_2021.csv,,
2021-08-09,DKI1,52.0,60.0,30.0,6.0,25.0,15.0,60.0,PM25,SEDANG,ispu_2021.csv,,
2021-08-10,DKI1,32.0,50.0,25.0,7.0,29.0,16.0,50.0,PM25,BAIK,ispu_2021.csv,,
2021-08-11,DKI1,55.0,73.0,25.0,10.0,24.0,25.0,73.0,PM25,SEDANG,ispu_2021.csv,,
2021-08-12,DKI1,55.0,70.0,28.0,8.0,20.0,19.0,70.0,PM25,SEDANG,ispu_2021.csv,,
2021-08-13,DKI1,56.0,75.0,28.0,10.0,17.0,28.0,75.0,PM25,SEDANG,ispu_2021.csv,,
2021-08-14,DKI1,65.0,92.0,30.0,15.0,24.0,36.0,92.0,PM25,SEDANG,ispu_2021.csv,,
2021-08-15,DKI1,56.0,72.0,31.0,8.0,17.0,20.0,72.0,PM25,SEDANG,ispu_2021.csv,,
2021-08-16,DKI1,53.0,70.0,30.0,8.0,17.0,19.0,70.0,PM25,SEDANG,ispu_2021.csv,,
2021-08-17,DKI1,56.0,77.0,28.0,13.0,26.0,22.0,77.0,PM25,SEDANG,ispu_2021.csv,,
2021-08-18,DKI1,59.0,78.0,25.0,11.0,27.0,26.0,78.0,PM25,SEDANG,ispu_2021.csv,,
2021-08-19,DKI1,60.0,89.0,31.0,15.0,24.0,35.0,89.0,PM25,SEDANG,ispu_2021.csv,,
2021-08-20,DKI1,58.0,84.0,29.0,11.0,32.0,34.0,84.0,PM25,SEDANG,ispu_2021.csv,,
2021-08-21,DKI1,59.0,80.0,25.0,13.0,26.0,35.0,80.0,PM25,SEDANG,ispu_2021.csv,,
2021-08-22,DKI1,59.0,81.0,28.0,14.0,25.0,28.0,81.0,PM25,SEDANG,ispu_2021.csv,,
2021-08-23,DKI1,56.0,77.0,28.0,10.0,25.0,27.0,77.0,PM25,SEDANG,ispu_2021.csv,,
2021-08-24,DKI1,59.0,87.0,27.0,12.0,32.0,30.0,87.0,PM25,SEDANG,ispu_2021.csv,,
2021-08-25,DKI1,62.0,89.0,26.0,12.0,34.0,34.0,89.0,PM25,SEDANG,ispu_2021.csv,,
2021-08-26,DKI1,56.0,77.0,27.0,10.0,22.0,33.0,77.0,PM25,SEDANG,ispu_2021.csv,,
2021-08-27,DKI1,62.0,89.0,30.0,11.0,25.0,31.0,89.0,PM25,SEDANG,ispu_2021.csv,,
2021-08-28,DKI1,65.0,93.0,26.0,11.0,40.0,27.0,93.0,PM25,SEDANG,ispu_2021.csv,,
2021-08-29,DKI1,65.0,96.0,28.0,12.0,30.0,29.0,96.0,PM25,SEDANG,ispu_2021.csv,,
2021-08-30,DKI1,79.0,112.0,27.0,17.0,39.0,41.0,112.0,PM25,TIDAK SEHAT,ispu_2021.csv,,
2021-08-31,DKI1,64.0,86.0,27.0,12.0,35.0,33.0,86.0,PM25,SEDANG,ispu_2021.csv,,
2021-09-01,DKI1,63.0,88.0,29.0,15.0,24.0,38.0,88.0,PM25,SEDANG,ispu_2021.csv,,
2021-09-02,DKI1,60.0,83.0,29.0,11.0,30.0,28.0,83.0,PM25,SEDANG,ispu_2021.csv,,
2021-09-03,DKI1,60.0,82.0,27.0,11.0,37.0,30.0,82.0,PM25,SEDANG,ispu_2021.csv,,
2021-09-04,DKI1,58.0,77.0,26.0,10.0,31.0,28.0,77.0,PM25,SEDANG,ispu_2021.csv,,
2021-09-05,DKI1,63.0,85.0,27.0,11.0,28.0,28.0,85.0,PM25,SEDANG,ispu_2021.csv,,
2021-09-06,DKI1,68.0,92.0,31.0,11.0,26.0,24.0,92.0,PM25,SEDANG,ispu_2021.csv,,
2021-09-07,DKI1,52.0,65.0,28.0,9.0,19.0,24.0,65.0,PM25,SEDANG,ispu_2021.csv,,
2021-09-08,DKI1,53.0,76.0,25.0,16.0,23.0,34.0,76.0,PM25,SEDANG,ispu_2021.csv,,
2021-09-09,DKI1,45.0,62.0,25.0,12.0,27.0,31.0,62.0,PM25,SEDANG,ispu_2021.csv,,
2021-09-10,DKI1,51.0,66.0,27.0,10.0,25.0,32.0,66.0,PM25,SEDANG,ispu_2021.csv,,
2021-09-11,DKI1,66.0,93.0,32.0,12.0,34.0,41.0,93.0,PM25,SEDANG,ispu_2021.csv,,
2021-09-12,DKI1,61.0,80.0,26.0,10.0,28.0,27.0,80.0,PM25,SEDANG,ispu_2021.csv,,
2021-09-13,DKI1,51.0,64.0,29.0,8.0,23.0,21.0,64.0,PM25,SEDANG,ispu_2021.csv,,
2021-09-14,DKI1,31.0,42.0,24.0,8.0,20.0,19.0,42.0,PM25,BAIK,ispu_2021.csv,,
2021-09-15,DKI1,54.0,81.0,29.0,20.0,20.0,45.0,81.0,PM25,SEDANG,ispu_2021.csv,,
2021-09-16,DKI1,48.0,65.0,29.0,9.0,23.0,24.0,65.0,PM25,SEDANG,ispu_2021.csv,,
2021-09-17,DKI1,42.0,66.0,29.0,7.0,26.0,20.0,66.0,PM25,SEDANG,ispu_2021.csv,,
2021-09-18,DKI1,50.0,73.0,29.0,8.0,23.0,22.0,73.0,PM25,SEDANG,ispu_2021.csv,,
2021-09-19,DKI1,53.0,78.0,26.0,8.0,33.0,19.0,78.0,PM25,SEDANG,ispu_2021.csv,,
2021-09-20,DKI1,51.0,69.0,27.0,10.0,25.0,34.0,69.0,PM25,SEDANG,ispu_2021.csv,,
2021-09-21,DKI1,55.0,81.0,28.0,11.0,29.0,36.0,81.0,PM25,SEDANG,ispu_2021.csv,,
2021-09-22,DKI1,57.0,80.0,29.0,11.0,24.0,32.0,80.0,PM25,SEDANG,ispu_2021.csv,,
2021-09-23,DKI1,54.0,80.0,29.0,8.0,27.0,22.0,80.0,PM25,SEDANG,ispu_2021.csv,,
2021-09-24,DKI1,57.0,74.0,34.0,8.0,20.0,26.0,74.0,PM25,SEDANG,ispu_2021.csv,,
2021-09-25,DKI1,49.0,67.0,31.0,7.0,24.0,20.0,67.0,PM25,SEDANG,ispu_2021.csv,,
2021-09-26,DKI1,52.0,72.0,28.0,6.0,28.0,19.0,72.0,PM25,SEDANG,ispu_2021.csv,,
2021-09-27,DKI1,51.0,72.0,27.0,12.0,22.0,33.0,72.0,PM25,SEDANG,ispu_2021.csv,,
2021-09-28,DKI1,45.0,63.0,25.0,9.0,24.0,28.0,63.0,PM25,SEDANG,ispu_2021.csv,,
2021-09-29,DKI1,54.0,76.0,26.0,12.0,29.0,38.0,76.0,PM25,SEDANG,ispu_2021.csv,,
2021-09-30,DKI1,63.0,94.0,27.0,13.0,38.0,37.0,94.0,PM25,SEDANG,ispu_2021.csv,,
2021-10-01,DKI1,57.0,81.0,30.0,11.0,32.0,38.0,81.0,PM25,SEDANG,ispu_2021.csv,,
2021-10-02,DKI1,67.0,99.0,32.0,11.0,30.0,35.0,99.0,PM25,SEDANG,ispu_2021.csv,,
2021-10-03,DKI1,70.0,85.0,29.0,10.0,28.0,28.0,85.0,PM25,SEDANG,ispu_2021.csv,,
2021-10-04,DKI1,58.0,82.0,30.0,11.0,34.0,29.0,82.0,PM25,SEDANG,ispu_2021.csv,,
2021-10-05,DKI1,55.0,76.0,29.0,11.0,30.0,33.0,76.0,PM25,SEDANG,ispu_2021.csv,,
2021-10-06,DKI1,60.0,83.0,38.0,10.0,26.0,35.0,83.0,PM25,SEDANG,ispu_2021.csv,,
2021-10-07,DKI1,45.0,62.0,29.0,9.0,21.0,28.0,62.0,PM25,SEDANG,ispu_2021.csv,,
2021-10-08,DKI1,54.0,77.0,33.0,11.0,24.0,35.0,77.0,PM25,SEDANG,ispu_2021.csv,,
2021-10-09,DKI1,52.0,69.0,27.0,9.0,32.0,29.0,69.0,PM25,SEDANG,ispu_2021.csv,,
2021-10-10,DKI1,58.0,83.0,26.0,9.0,38.0,26.0,83.0,PM25,SEDANG,ispu_2021.csv,,
2021-10-11,DKI1,59.0,80.0,29.0,10.0,35.0,30.0,80.0,PM25,SEDANG,ispu_2021.csv,,
2021-10-12,DKI1,56.0,76.0,37.0,9.0,23.0,35.0,76.0,PM25,SEDANG,ispu_2021.csv,,
2021-10-13,DKI1,52.0,67.0,28.0,8.0,25.0,31.0,67.0,PM25,SEDANG,ispu_2021.csv,,
2021-10-14,DKI1,64.0,90.0,33.0,11.0,35.0,35.0,90.0,PM25,SEDANG,ispu_2021.csv,,
2021-10-15,DKI1,75.0,106.0,29.0,12.0,34.0,37.0,106.0,PM25,TIDAK SEHAT,ispu_2021.csv,,
2021-10-16,DKI1,66.0,95.0,28.0,15.0,32.0,44.0,95.0,PM25,SEDANG,ispu_2021.csv,,
2021-10-17,DKI1,65.0,93.0,34.0,11.0,36.0,30.0,93.0,PM25,SEDANG,ispu_2021.csv,,
2021-10-18,DKI1,44.0,55.0,25.0,9.0,19.0,26.0,55.0,PM25,SEDANG,ispu_2021.csv,,
2021-10-19,DKI1,41.0,58.0,29.0,14.0,15.0,30.0,58.0,PM25,SEDANG,ispu_2021.csv,,
2021-10-20,DKI1,33.0,53.0,29.0,10.0,21.0,27.0,53.0,PM25,SEDANG,ispu_2021.csv,,
2021-10-21,DKI1,45.0,65.0,25.0,9.0,28.0,32.0,65.0,PM25,SEDANG,ispu_2021.csv,,
2021-10-22,DKI1,64.0,95.0,31.0,18.0,19.0,48.0,95.0,PM25,SEDANG,ispu_2021.csv,,
2021-10-23,DKI1,57.0,83.0,29.0,10.0,20.0,36.0,83.0,PM25,SEDANG,ispu_2021.csv,,
2021-10-24,DKI1,58.0,85.0,27.0,11.0,28.0,36.0,85.0,PM25,SEDANG,ispu_2021.csv,,
2021-10-25,DKI1,62.0,95.0,27.0,14.0,33.0,37.0,95.0,PM25,SEDANG,ispu_2021.csv,,
2021-10-26,DKI1,55.0,78.0,29.0,14.0,23.0,43.0,78.0,PM25,SEDANG,ispu_2021.csv,,
2021-10-27,DKI1,55.0,76.0,29.0,15.0,22.0,39.0,76.0,PM25,SEDANG,ispu_2021.csv,,
2021-10-28,DKI1,51.0,69.0,28.0,16.0,22.0,39.0,69.0,PM25,SEDANG,ispu_2021.csv,,
2021-10-29,DKI1,50.0,64.0,31.0,19.0,18.0,35.0,64.0,PM25,SEDANG,ispu_2021.csv,,
2021-10-30,DKI1,48.0,68.0,31.0,12.0,25.0,40.0,68.0,PM25,SEDANG,ispu_2021.csv,,
2021-10-31,DKI1,53.0,70.0,27.0,11.0,32.0,32.0,70.0,PM25,SEDANG,ispu_2021.csv,,
2021-11-01,DKI1,58.0,85.0,32.0,16.0,22.0,41.0,85.0,PM25,SEDANG,ispu_2021.csv,,
2021-11-02,DKI1,50.0,63.0,29.0,14.0,22.0,35.0,63.0,PM25,SEDANG,ispu_2021.csv,,
2021-11-03,DKI1,49.0,63.0,33.0,13.0,21.0,38.0,63.0,PM25,SEDANG,ispu_2021.csv,,
2021-11-04,DKI1,57.0,83.0,30.0,17.0,34.0,47.0,83.0,PM25,SEDANG,ispu_2021.csv,,
2021-11-05,DKI1,56.0,75.0,31.0,19.0,18.0,46.0,75.0,PM25,SEDANG,ispu_2021.csv,,
2021-11-06,DKI1,55.0,72.0,30.0,13.0,22.0,40.0,72.0,PM25,SEDANG,ispu_2021.csv,,
2021-11-07,DKI1,38.0,56.0,27.0,8.0,23.0,25.0,56.0,PM25,SEDANG,ispu_2021.csv,,
2021-11-08,DKI1,38.0,55.0,29.0,18.0,15.0,32.0,55.0,PM25,SEDANG,ispu_2021.csv,,
2021-11-09,DKI1,55.0,73.0,32.0,14.0,17.0,38.0,73.0,PM25,SEDANG,ispu_2021.csv,,
2021-11-10,DKI1,38.0,55.0,28.0,10.0,16.0,25.0,55.0,PM25,SEDANG,ispu_2021.csv,,
2021-11-11,DKI1,41.0,55.0,48.0,12.0,13.0,15.0,55.0,PM25,SEDANG,ispu_2021.csv,,
2021-11-12,DKI1,32.0,49.0,31.0,10.0,16.0,9.0,49.0,PM25,BAIK,ispu_2021.csv,,
2021-11-13,DKI1,51.0,70.0,36.0,16.0,27.0,12.0,70.0,PM25,SEDANG,ispu_2021.csv,,
2021-11-14,DKI1,42.0,53.0,29.0,11.0,18.0,7.0,53.0,PM25,SEDANG,ispu_2021.csv,,
2021-11-15,DKI1,27.0,39.0,30.0,8.0,16.0,7.0,39.0,PM25,BAIK,ispu_2021.csv,,
2021-11-16,DKI1,31.0,47.0,31.0,8.0,11.0,6.0,47.0,PM25,BAIK,ispu_2021.csv,,
2021-11-17,DKI1,55.0,71.0,50.0,13.0,15.0,9.0,71.0,PM25,SEDANG,ispu_2021.csv,,
2021-11-18,DKI1,55.0,75.0,43.0,18.0,19.0,13.0,75.0,PM25,SEDANG,ispu_2021.csv,,
2021-11-19,DKI1,28.0,40.0,31.0,7.0,16.0,5.0,40.0,PM25,BAIK,ispu_2021.csv,,
2021-11-20,DKI1,28.0,44.0,33.0,7.0,13.0,6.0,44.0,PM25,BAIK,ispu_2021.csv,,
2021-11-21,DKI1,41.0,54.0,33.0,15.0,16.0,6.0,54.0,PM25,SEDANG,ispu_2021.csv,,
2021-11-22,DKI1,27.0,33.0,32.0,7.0,14.0,5.0,33.0,PM25,BAIK,ispu_2021.csv,,
2021-11-23,DKI1,20.0,30.0,32.0,7.0,13.0,5.0,32.0,SO2,BAIK,ispu_2021.csv,,
2021-11-24,DKI1,23.0,35.0,30.0,8.0,12.0,6.0,35.0,PM25,BAIK,ispu_2021.csv,,
2021-11-25,DKI1,39.0,57.0,34.0,10.0,11.0,7.0,57.0,PM25,SEDANG,ispu_2021.csv,,
2021-11-26,DKI1,34.0,56.0,32.0,12.0,9.0,7.0,56.0,PM25,SEDANG,ispu_2021.csv,,
2021-11-27,DKI1,30.0,37.0,30.0,10.0,8.0,5.0,37.0,PM25,BAIK,ispu_2021.csv,,
2021-11-28,DKI1,19.0,20.0,29.0,5.0,14.0,4.0,29.0,SO2,BAIK,ispu_2021.csv,,
2021-11-29,DKI1,23.0,28.0,30.0,7.0,12.0,5.0,30.0,SO2,BAIK,ispu_2021.csv,,
2021-11-30,DKI1,29.0,50.0,31.0,9.0,18.0,7.0,50.0,PM25,BAIK,ispu_2021.csv,,
2021-12-01,DKI1,49.0,65.0,33.0,13.0,15.0,12.0,65.0,PM25,SEDANG,ispu_2021.csv,,
2021-12-02,DKI1,28.0,34.0,31.0,7.0,15.0,5.0,34.0,PM25,BAIK,ispu_2021.csv,,
2021-12-03,DKI1,49.0,31.0,9.0,19.0,7.0,49.0,,BAIK,,ispu_2021.csv,,
2021-12-04,DKI1,39.0,52.0,35.0,13.0,15.0,9.0,52.0,PM25,SEDANG,ispu_2021.csv,,
2021-12-05,DKI1,41.0,57.0,39.0,15.0,15.0,9.0,57.0,PM25,SEDANG,ispu_2021.csv,,
2021-12-06,DKI1,60.0,81.0,55.0,23.0,18.0,11.0,81.0,PM25,SEDANG,ispu_2021.csv,,
2021-12-07,DKI1,30.0,31.0,34.0,12.0,16.0,9.0,34.0,SO2,BAIK,ispu_2021.csv,,
2021-12-08,DKI1,45.0,60.0,33.0,17.0,18.0,10.0,60.0,PM25,SEDANG,ispu_2021.csv,,
2021-12-09,DKI1,33.0,50.0,36.0,10.0,21.0,11.0,50.0,PM25,BAIK,ispu_2021.csv,,
2021-12-10,DKI1,46.0,59.0,43.0,14.0,19.0,12.0,59.0,PM25,SEDANG,ispu_2021.csv,,
2021-12-11,DKI1,28.0,43.0,33.0,8.0,24.0,9.0,43.0,PM25,BAIK,ispu_2021.csv,,
2021-12-12,DKI1,44.0,57.0,32.0,17.0,15.0,7.0,57.0,PM25,SEDANG,ispu_2021.csv,,
2021-12-13,DKI1,31.0,46.0,34.0,10.0,13.0,6.0,46.0,PM25,BAIK,ispu_2021.csv,,
2021-12-14,DKI1,46.0,61.0,46.0,15.0,16.0,10.0,61.0,PM25,SEDANG,ispu_2021.csv,,
2021-12-15,DKI1,58.0,75.0,43.0,19.0,20.0,14.0,75.0,PM25,SEDANG,ispu_2021.csv,,
2021-12-16,DKI1,56.0,74.0,39.0,20.0,24.0,16.0,74.0,PM25,SEDANG,ispu_2021.csv,,
2021-12-17,DKI1,53.0,71.0,42.0,18.0,24.0,15.0,71.0,PM25,SEDANG,ispu_2021.csv,,
2021-12-18,DKI1,51.0,63.0,39.0,18.0,22.0,10.0,63.0,PM25,SEDANG,ispu_2021.csv,,
2021-12-19,DKI1,58.0,81.0,38.0,24.0,33.0,15.0,81.0,PM25,SEDANG,ispu_2021.csv,,
2021-12-20,DKI1,52.0,63.0,39.0,13.0,23.0,11.0,63.0,PM25,SEDANG,ispu_2021.csv,,
2021-12-21,DKI1,52.0,74.0,41.0,19.0,22.0,17.0,74.0,PM25,SEDANG,ispu_2021.csv,,
2021-12-22,DKI1,63.0,85.0,56.0,28.0,25.0,19.0,85.0,PM25,SEDANG,ispu_2021.csv,,
2021-12-23,DKI1,56.0,77.0,57.0,18.0,20.0,18.0,77.0,PM25,SEDANG,ispu_2021.csv,,
2021-12-24,DKI1,34.0,52.0,53.0,15.0,17.0,11.0,53.0,SO2,SEDANG,ispu_2021.csv,,
2021-12-25,DKI1,53.0,68.0,56.0,17.0,17.0,9.0,68.0,PM25,SEDANG,ispu_2021.csv,,
2021-12-26,DKI1,35.0,53.0,51.0,11.0,22.0,10.0,53.0,PM25,SEDANG,ispu_2021.csv,,
2021-12-27,DKI1,52.0,71.0,61.0,15.0,20.0,15.0,71.0,PM25,SEDANG,ispu_2021.csv,,
2021-12-28,DKI1,51.0,65.0,53.0,15.0,18.0,13.0,65.0,PM25,SEDANG,ispu_2021.csv,,
2021-12-29,DKI1,31.0,49.0,54.0,10.0,24.0,11.0,54.0,SO2,SEDANG,ispu_2021.csv,,
2021-12-30,DKI1,55.0,71.0,53.0,16.0,23.0,14.0,71.0,PM25,SEDANG,ispu_2021.csv,,
2021-12-31,DKI1,62.0,85.0,52.0,23.0,20.0,14.0,85.0,PM25,SEDANG,ispu_2021.csv,,
2022-01-13,DKI1,33.8,49.9,52.2,12.1,18.4,11.2,52.2,,,rendahemisi_2022.csv,from_hourly_scrape,12.0
2022-01-14,DKI1,34.5,46.9,49.2,10.8,18.7,9.9,49.2,,,rendahemisi_2022.csv,from_hourly_scrape,12.0
2022-01-15,DKI1,42.8,52.8,50.2,12.1,20.2,10.8,52.8,,,rendahemisi_2022.csv,from_hourly_scrape,12.0
2022-01-17,DKI1,43.0,51.5,44.2,13.9,22.6,9.0,51.5,,,rendahemisi_2022.csv,from_hourly_scrape,10.0
2022-01-18,DKI1,41.4,54.7,47.2,12.2,20.3,9.8,54.7,,,rendahemisi_2022.csv,from_hourly_scrape,13.0
2022-01-19,DKI1,31.8,42.3,45.9,12.6,19.3,11.1,45.9,,,rendahemisi_2022.csv,from_hourly_scrape,15.0
2022-01-20,DKI1,36.2,48.6,54.2,13.6,17.2,11.9,54.2,,,rendahemisi_2022.csv,from_hourly_scrape,19.0
2022-01-21,DKI1,31.5,42.4,51.6,12.8,11.9,9.8,51.6,,,rendahemisi_2022.csv,from_hourly_scrape,13.0
2022-01-22,DKI1,31.3,48.8,49.7,11.3,17.9,10.2,49.7,,,rendahemisi_2022.csv,from_hourly_scrape,13.0
2022-01-23,DKI1,32.6,51.2,50.3,11.6,19.7,8.6,51.2,,,rendahemisi_2022.csv,from_hourly_scrape,16.0
2022-01-24,DKI1,33.8,51.2,48.7,9.7,15.2,6.7,51.2,,,rendahemisi_2022.csv,from_hourly_scrape,9.0
2022-01-25,DKI1,27.0,44.0,46.1,10.7,18.3,7.7,46.1,,,rendahemisi_2022.csv,from_hourly_scrape,7.0
2022-01-26,DKI1,32.8,48.4,46.2,12.8,18.6,9.6,48.4,,,rendahemisi_2022.csv,from_hourly_scrape,12.0
2022-01-27,DKI1,31.4,53.4,47.0,11.8,18.2,8.0,53.4,,,rendahemisi_2022.csv,from_hourly_scrape,12.0
2022-01-28,DKI1,41.1,57.9,51.0,12.6,18.2,8.5,57.9,,,rendahemisi_2022.csv,from_hourly_scrape,17.0
2022-01-29,DKI1,56.9,81.1,52.3,24.2,17.7,7.8,81.1,,,rendahemisi_2022.csv,from_hourly_scrape,19.0
2022-01-30,DKI1,62.4,91.0,52.3,19.0,22.5,13.7,91.0,,,rendahemisi_2022.csv,from_hourly_scrape,19.0
2022-01-31,DKI1,66.6,91.8,56.9,19.2,17.6,13.2,91.8,,,rendahemisi_2022.csv,from_hourly_scrape,14.0
2022-02-01,DKI1,38.3,54.8,53.0,9.2,22.3,9.3,54.8,,,rendahemisi_2022.csv,from_hourly_scrape,12.0
2022-02-02,DKI1,42.7,60.4,48.4,10.2,20.6,9.4,60.4,,,rendahemisi_2022.csv,from_hourly_scrape,9.0
2022-02-03,DKI1,34.4,53.6,47.8,11.2,20.6,10.0,53.6,,,rendahemisi_2022.csv,from_hourly_scrape,20.0
2022-02-04,DKI1,29.7,46.4,46.0,9.5,24.8,9.2,46.4,,,rendahemisi_2022.csv,from_hourly_scrape,20.0
2022-02-05,DKI1,36.1,57.6,52.3,11.4,20.0,9.4,57.6,,,rendahemisi_2022.csv,from_hourly_scrape,21.0
2022-02-06,DKI1,34.1,50.3,55.5,10.0,17.4,7.9,55.5,,,rendahemisi_2022.csv,from_hourly_scrape,8.0
2022-02-07,DKI1,26.3,35.5,50.2,8.5,17.6,5.9,50.2,,,rendahemisi_2022.csv,from_hourly_scrape,19.0
2022-02-08,DKI1,37.2,53.9,56.0,13.2,15.4,10.4,56.0,,,rendahemisi_2022.csv,from_hourly_scrape,20.0
2022-02-09,DKI1,50.6,67.1,39.1,22.6,17.8,12.4,67.1,,,rendahemisi_2022.csv,from_hourly_scrape,21.0
2022-02-10,DKI1,27.2,36.5,39.6,7.3,16.6,5.4,39.6,,,rendahemisi_2022.csv,from_hourly_scrape,17.0
2022-02-11,DKI1,44.6,63.9,47.9,15.0,12.6,9.4,63.9,,,rendahemisi_2022.csv,from_hourly_scrape,16.0
2022-02-12,DKI1,50.6,61.7,42.7,10.6,20.6,8.4,61.7,,,rendahemisi_2022.csv,from_hourly_scrape,19.0
2022-02-13,DKI1,51.9,66.6,41.6,14.3,21.7,9.1,66.6,,,rendahemisi_2022.csv,from_hourly_scrape,21.0
2022-02-14,DKI1,53.3,78.2,39.2,20.0,18.6,10.0,78.2,,,rendahemisi_2022.csv,from_hourly_scrape,14.0
2022-02-15,DKI1,61.1,87.0,40.8,25.5,20.3,12.7,87.0,,,rendahemisi_2022.csv,from_hourly_scrape,13.0
2022-02-16,DKI1,57.2,73.1,40.1,17.0,25.1,15.6,73.1,,,rendahemisi_2022.csv,from_hourly_scrape,20.0
2022-02-17,DKI1,50.9,68.0,41.4,13.3,31.1,16.1,68.0,,,rendahemisi_2022.csv,from_hourly_scrape,14.0
2022-02-23,DKI1,52.0,67.2,46.1,11.7,22.6,12.6,67.2,,,rendahemisi_2022.csv,from_hourly_scrape,10.0
2022-02-24,DKI1,36.0,51.2,41.4,9.6,16.3,8.0,51.2,,,rendahemisi_2022.csv,from_hourly_scrape,16.0
2022-02-25,DKI1,28.7,41.5,40.0,9.3,10.4,6.5,41.5,,,rendahemisi_2022.csv,from_hourly_scrape,22.0
2022-02-26,DKI1,26.6,34.0,39.0,10.0,10.0,6.1,39.0,,,rendahemisi_2022.csv,from_hourly_scrape,20.0
2022-02-27,DKI1,28.9,37.8,39.0,9.3,14.5,4.8,39.0,,,rendahemisi_2022.csv,from_hourly_scrape,14.0
2022-02-28,DKI1,26.9,32.7,39.5,8.2,17.8,4.2,39.5,,,rendahemisi_2022.csv,from_hourly_scrape,21.0
2022-03-01,DKI1,28.2,36.8,43.0,10.4,17.2,5.2,43.0,,,rendahemisi_2022.csv,from_hourly_scrape,20.0
2022-03-02,DKI1,28.8,36.3,46.0,10.4,15.9,4.7,46.0,,,rendahemisi_2022.csv,from_hourly_scrape,19.0
2022-03-03,DKI1,29.0,36.2,43.2,9.3,18.8,5.0,43.2,,,rendahemisi_2022.csv,from_hourly_scrape,20.0
2022-03-04,DKI1,32.1,40.1,41.5,9.1,21.3,6.7,41.5,,,rendahemisi_2022.csv,from_hourly_scrape,21.0
2022-03-05,DKI1,39.9,51.5,39.9,11.2,18.2,7.2,51.5,,,rendahemisi_2022.csv,from_hourly_scrape,19.0
2022-03-06,DKI1,33.6,50.4,38.0,13.4,14.7,4.0,50.4,,,rendahemisi_2022.csv,from_hourly_scrape,16.0
2022-03-07,DKI1,21.2,15.8,37.4,6.9,13.0,3.3,37.4,,,rendahemisi_2022.csv,from_hourly_scrape,18.0
2022-03-08,DKI1,26.8,39.6,39.0,10.2,14.9,5.6,39.6,,,rendahemisi_2022.csv,from_hourly_scrape,20.0
2022-03-09,DKI1,44.8,63.7,39.9,15.6,22.9,8.8,63.7,,,rendahemisi_2022.csv,from_hourly_scrape,19.0
2022-03-10,DKI1,54.7,77.1,41.7,18.1,27.2,14.5,77.1,,,rendahemisi_2022.csv,from_hourly_scrape,19.0
2022-03-11,DKI1,62.0,90.6,44.8,19.0,26.0,17.7,90.6,,,rendahemisi_2022.csv,from_hourly_scrape,20.0
2022-03-12,DKI1,40.7,51.6,40.6,10.1,18.4,7.1,51.6,,,rendahemisi_2022.csv,from_hourly_scrape,19.0
2022-03-13,DKI1,36.8,54.4,42.3,15.3,15.9,5.8,54.4,,,rendahemisi_2022.csv,from_hourly_scrape,21.0
2022-03-14,DKI1,48.5,69.2,40.0,19.2,21.4,9.2,69.2,,,rendahemisi_2022.csv,from_hourly_scrape,20.0
2022-03-15,DKI1,53.0,70.3,40.5,17.5,22.6,9.6,70.3,,,rendahemisi_2022.csv,from_hourly_scrape,19.0
2022-03-16,DKI1,50.1,62.7,41.1,16.4,19.8,8.4,62.7,,,rendahemisi_2022.csv,from_hourly_scrape,20.0
2022-03-17,DKI1,65.3,96.2,40.5,19.7,22.9,16.7,96.2,,,rendahemisi_2022.csv,from_hourly_scrape,21.0
2022-03-18,DKI1,60.7,84.5,39.5,22.2,20.1,15.4,84.5,,,rendahemisi_2022.csv,from_hourly_scrape,21.0
2022-03-19,DKI1,51.8,64.0,40.0,15.7,18.4,10.6,64.0,,,rendahemisi_2022.csv,from_hourly_scrape,9.0
2022-03-20,DKI1,30.2,44.5,39.3,8.8,10.7,4.4,44.5,,,rendahemisi_2022.csv,from_hourly_scrape,19.0
2022-03-21,DKI1,25.1,31.3,37.3,5.5,11.5,2.9,37.3,,,rendahemisi_2022.csv,from_hourly_scrape,19.0
2022-03-22,DKI1,23.6,27.8,38.0,7.6,9.2,3.5,38.0,,,rendahemisi_2022.csv,from_hourly_scrape,12.0
2022-03-23,DKI1,39.0,52.6,40.2,11.4,15.1,5.6,52.6,,,rendahemisi_2022.csv,from_hourly_scrape,20.0
2022-03-24,DKI1,34.5,49.5,41.9,12.9,14.4,5.5,49.5,,,rendahemisi_2022.csv,from_hourly_scrape,17.0
2022-03-25,DKI1,61.2,86.2,48.3,14.0,21.4,13.0,86.2,,,rendahemisi_2022.csv,from_hourly_scrape,21.0
2022-03-26,DKI1,59.8,74.1,44.6,13.1,20.2,14.4,74.1,,,rendahemisi_2022.csv,from_hourly_scrape,17.0
2022-03-28,DKI1,39.2,54.2,40.2,10.4,23.1,10.3,54.2,,,rendahemisi_2022.csv,from_hourly_scrape,16.0
2022-03-29,DKI1,45.0,62.6,42.8,12.1,21.4,11.0,62.6,,,rendahemisi_2022.csv,from_hourly_scrape,21.0
2022-03-30,DKI1,59.1,84.5,43.2,14.1,21.4,12.6,84.5,,,rendahemisi_2022.csv,from_hourly_scrape,18.0
2022-03-31,DKI1,73.6,105.8,47.6,16.7,41.4,17.3,105.8,,,rendahemisi_2022.csv,from_hourly_scrape,20.0
2022-04-01,DKI1,62.9,84.5,46.1,18.1,27.2,15.2,84.5,,,rendahemisi_2022.csv,from_hourly_scrape,22.0
2022-04-02,DKI1,54.4,70.0,43.8,14.8,19.3,12.0,70.0,,,rendahemisi_2022.csv,from_hourly_scrape,20.0
2022-04-03,DKI1,35.8,51.6,38.6,9.9,12.8,5.9,51.6,,,rendahemisi_2022.csv,from_hourly_scrape,16.0
2022-04-04,DKI1,28.8,47.8,38.5,12.5,15.7,5.8,47.8,,,rendahemisi_2022.csv,from_hourly_scrape,22.0
2022-04-05,DKI1,48.1,67.0,44.4,13.8,22.5,13.1,67.0,,,rendahemisi_2022.csv,from_hourly_scrape,21.0
2022-04-06,DKI1,45.9,61.0,41.0,14.7,22.5,11.3,61.0,,,rendahemisi_2022.csv,from_hourly_scrape,23.0
2022-04-07,DKI1,42.1,60.6,41.5,14.8,19.0,9.7,60.6,,,rendahemisi_2022.csv,from_hourly_scrape,22.0
2022-04-08,DKI1,41.4,56.8,39.9,13.1,18.5,9.6,56.8,,,rendahemisi_2022.csv,from_hourly_scrape,19.0
2022-04-09,DKI1,41.0,61.3,41.8,14.7,18.2,9.0,61.3,,,rendahemisi_2022.csv,from_hourly_scrape,20.0
2022-04-10,DKI1,56.4,80.6,40.8,16.4,26.0,13.8,80.6,,,rendahemisi_2022.csv,from_hourly_scrape,20.0
2022-04-11,DKI1,50.9,70.0,40.9,11.5,31.1,13.3,70.0,,,rendahemisi_2022.csv,from_hourly_scrape,21.0
2022-04-12,DKI1,57.4,83.0,40.2,18.0,34.5,18.3,83.0,,,rendahemisi_2022.csv,from_hourly_scrape,21.0
2022-04-13,DKI1,65.2,96.9,40.2,19.8,36.6,21.1,96.9,,,rendahemisi_2022.csv,from_hourly_scrape,17.0
2022-04-14,DKI1,56.0,79.3,40.7,13.3,35.3,15.6,79.3,,,rendahemisi_2022.csv,from_hourly_scrape,21.0
2022-04-15,DKI1,46.5,72.3,39.8,13.5,28.7,15.8,72.3,,,rendahemisi_2022.csv,from_hourly_scrape,20.0
2022-04-16,DKI1,52.9,76.8,38.8,10.7,32.3,12.8,76.8,,,rendahemisi_2022.csv,from_hourly_scrape,20.0
2022-04-17,DKI1,66.6,99.4,38.5,17.9,28.3,15.9,99.4,,,rendahemisi_2022.csv,from_hourly_scrape,19.0
2022-04-18,DKI1,51.4,70.6,37.1,9.8,26.4,9.4,70.6,,,rendahemisi_2022.csv,from_hourly_scrape,19.0
2022-04-19,DKI1,38.7,59.6,37.5,11.6,26.5,11.5,59.6,,,rendahemisi_2022.csv,from_hourly_scrape,17.0
2022-04-20,DKI1,47.9,68.6,40.5,15.8,25.9,12.4,68.6,,,rendahemisi_2022.csv,from_hourly_scrape,19.0
2022-04-21,DKI1,31.4,51.2,39.7,14.3,18.2,10.0,51.2,,,rendahemisi_2022.csv,from_hourly_scrape,20.0
2022-04-22,DKI1,57.4,84.5,44.4,22.2,19.0,13.4,84.5,,,rendahemisi_2022.csv,from_hourly_scrape,20.0
2022-04-23,DKI1,53.6,67.6,40.6,23.7,21.2,11.4,67.6,,,rendahemisi_2022.csv,from_hourly_scrape,20.0
2022-04-24,DKI1,52.8,77.5,39.1,16.8,25.7,14.2,77.5,,,rendahemisi_2022.csv,from_hourly_scrape,20.0
2022-04-25,DKI1,52.0,69.2,42.1,13.6,25.7,12.4,69.2,,,rendahemisi_2022.csv,from_hourly_scrape,21.0
2022-04-26,DKI1,48.8,64.3,42.0,13.0,29.4,12.1,64.3,,,rendahemisi_2022.csv,from_hourly_scrape,20.0
2022-04-27,DKI1,39.8,55.6,44.3,13.9,18.8,10.1,55.6,,,rendahemisi_2022.csv,from_hourly_scrape,21.0
2022-04-28,DKI1,26.9,35.4,40.0,11.4,19.7,9.1,40.0,,,rendahemisi_2022.csv,from_hourly_scrape,7.0
2022-04-29,DKI1,24.4,27.9,39.3,9.7,20.1,5.4,39.3,,,rendahemisi_2022.csv,from_hourly_scrape,21.0
2022-04-30,DKI1,28.2,45.4,38.0,11.6,23.6,7.8,45.4,,,rendahemisi_2022.csv,from_hourly_scrape,20.0
2022-05-01,DKI1,51.9,69.9,37.2,18.8,26.8,11.6,69.9,,,rendahemisi_2022.csv,from_hourly_scrape,20.0
2022-05-02,DKI1,53.5,70.4,37.0,16.2,30.3,10.0,70.4,,,rendahemisi_2022.csv,from_hourly_scrape,20.0
2022-05-03,DKI1,34.9,47.7,37.0,10.3,27.2,8.8,47.7,,,rendahemisi_2022.csv,from_hourly_scrape,18.0
2022-05-04,DKI1,32.9,53.6,37.1,9.0,28.5,6.8,53.6,,,rendahemisi_2022.csv,from_hourly_scrape,19.0
2022-05-05,DKI1,42.1,54.6,38.0,8.8,30.0,7.8,54.6,,,rendahemisi_2022.csv,from_hourly_scrape,20.0
2022-05-06,DKI1,31.4,39.4,38.7,6.6,25.6,6.2,39.4,,,rendahemisi_2022.csv,from_hourly_scrape,20.0
2022-05-07,DKI1,35.9,54.7,38.2,9.7,28.4,8.5,54.7,,,rendahemisi_2022.csv,from_hourly_scrape,21.0
2022-05-08,DKI1,39.5,53.6,40.7,8.4,30.3,7.6,53.6,,,rendahemisi_2022.csv,from_hourly_scrape,18.0
2022-05-09,DKI1,37.5,57.6,42.2,10.7,23.6,8.2,57.6,,,rendahemisi_2022.csv,from_hourly_scrape,20.0
2022-05-10,DKI1,37.8,59.4,39.4,13.6,23.2,12.0,59.4,,,rendahemisi_2022.csv,from_hourly_scrape,20.0
2022-05-11,DKI1,37.7,54.9,39.6,12.2,28.6,11.1,54.9,,,rendahemisi_2022.csv,from_hourly_scrape,18.0
2022-05-12,DKI1,52.4,72.4,50.9,12.2,23.5,10.6,72.4,,,rendahemisi_2022.csv,from_hourly_scrape,20.0
2022-05-13,DKI1,31.1,54.2,42.2,8.6,23.6,7.5,54.2,,,rendahemisi_2022.csv,from_hourly_scrape,22.0
2022-05-14,DKI1,46.5,67.3,42.6,13.0,25.9,10.9,67.3,,,rendahemisi_2022.csv,from_hourly_scrape,22.0
2022-05-15,DKI1,59.0,88.9,39.7,13.0,28.4,12.5,88.9,,,rendahemisi_2022.csv,from_hourly_scrape,23.0
2022-05-16,DKI1,51.2,73.5,38.4,16.3,25.0,12.3,73.5,,,rendahemisi_2022.csv,from_hourly_scrape,22.0
2022-05-17,DKI1,43.3,66.8,39.9,14.8,25.7,11.9,66.8,,,rendahemisi_2022.csv,from_hourly_scrape,15.0
2022-05-18,DKI1,52.6,71.4,40.6,16.0,28.4,14.2,71.4,,,rendahemisi_2022.csv,from_hourly_scrape,20.0
2022-05-19,DKI1,55.9,83.3,40.4,25.4,23.1,17.1,83.3,,,rendahemisi_2022.csv,from_hourly_scrape,16.0
2022-05-20,DKI1,55.6,75.5,40.2,20.6,22.2,17.8,75.5,,,rendahemisi_2022.csv,from_hourly_scrape,16.0
2022-05-21,DKI1,44.3,63.0,40.0,20.1,20.1,13.8,63.0,,,rendahemisi_2022.csv,from_hourly_scrape,16.0
2022-05-22,DKI1,47.6,68.3,42.8,16.2,12.8,11.2,68.3,,,rendahemisi_2022.csv,from_hourly_scrape,19.0
2022-05-23,DKI1,55.1,70.0,47.0,14.6,14.1,9.0,70.0,,,rendahemisi_2022.csv,from_hourly_scrape,21.0
2022-05-24,DKI1,47.7,64.7,46.3,10.1,11.4,9.6,64.7,,,rendahemisi_2022.csv,from_hourly_scrape,21.0
2022-05-25,DKI1,53.7,78.8,47.5,11.8,10.9,12.0,78.8,,,rendahemisi_2022.csv,from_hourly_scrape,19.0
2022-05-26,DKI1,49.7,66.4,43.5,13.2,12.9,10.9,66.4,,,rendahemisi_2022.csv,from_hourly_scrape,21.0
2022-05-27,DKI1,62.8,96.4,50.2,17.3,15.7,15.0,96.4,,,rendahemisi_2022.csv,from_hourly_scrape,18.0
2022-05-28,DKI1,56.7,77.1,43.8,15.8,22.7,17.4,77.1,,,rendahemisi_2022.csv,from_hourly_scrape,20.0
2022-05-29,DKI1,60.8,85.7,41.4,22.6,16.6,18.2,85.7,,,rendahemisi_2022.csv,from_hourly_scrape,20.0
2022-05-30,DKI1,39.8,59.2,42.3,14.3,13.5,10.8,59.2,,,rendahemisi_2022.csv,from_hourly_scrape,21.0
2022-05-31,DKI1,55.2,73.4,43.5,22.1,14.4,14.0,73.4,,,rendahemisi_2022.csv,from_hourly_scrape,19.0
2022-06-01,DKI1,37.8,55.8,42.6,14.1,15.0,8.8,55.8,,,rendahemisi_2022.csv,from_hourly_scrape,20.0
2022-06-02,DKI1,44.7,60.8,40.3,14.6,12.4,11.1,60.8,,,rendahemisi_2022.csv,from_hourly_scrape,21.0
2022-06-03,DKI1,45.4,61.6,40.3,19.2,15.4,12.5,61.6,,,rendahemisi_2022.csv,from_hourly_scrape,19.0
2022-06-04,DKI1,64.7,105.4,41.7,25.9,17.8,18.2,105.4,,,rendahemisi_2022.csv,from_hourly_scrape,19.0
2022-06-05,DKI1,56.1,77.4,41.6,13.4,22.8,12.8,77.4,,,rendahemisi_2022.csv,from_hourly_scrape,20.0
2022-06-06,DKI1,59.2,84.2,41.6,18.2,17.8,15.6,84.2,,,rendahemisi_2022.csv,from_hourly_scrape,20.0
2022-06-07,DKI1,50.5,66.4,42.8,17.1,11.8,13.9,66.4,,,rendahemisi_2022.csv,from_hourly_scrape,19.0
2022-06-08,DKI1,49.6,66.0,41.5,15.0,9.6,11.2,66.0,,,rendahemisi_2022.csv,from_hourly_scrape,20.0
2022-06-09,DKI1,55.1,71.8,42.6,18.9,6.0,12.1,71.8,,,rendahemisi_2022.csv,from_hourly_scrape,20.0
2022-06-10,DKI1,47.4,65.9,40.4,24.7,10.4,12.8,65.9,,,rendahemisi_2022.csv,from_hourly_scrape,19.0
2022-06-11,DKI1,52.7,69.9,40.4,15.0,15.0,13.6,69.9,,,rendahemisi_2022.csv,from_hourly_scrape,20.0
2022-06-12,DKI1,56.8,83.4,41.4,19.6,14.3,13.0,83.4,,,rendahemisi_2022.csv,from_hourly_scrape,20.0
2022-06-13,DKI1,52.8,75.9,41.6,16.5,17.0,15.6,75.9,,,rendahemisi_2022.csv,from_hourly_scrape,21.0
2022-06-14,DKI1,55.2,81.5,42.0,23.6,14.9,21.0,81.5,,,rendahemisi_2022.csv,from_hourly_scrape,19.0
2022-06-17,DKI1,67.6,95.3,44.2,20.2,8.5,16.5,95.3,,,rendahemisi_2022.csv,from_hourly_scrape,10.0
2022-06-20,DKI1,71.1,106.5,42.0,15.5,21.2,15.5,106.5,,,rendahemisi_2022.csv,from_hourly_scrape,15.0
2022-06-21,DKI1,64.5,92.2,42.2,17.3,16.7,17.3,92.2,,,rendahemisi_2022.csv,from_hourly_scrape,22.0
2022-06-22,DKI1,61.0,87.5,41.2,15.8,16.5,14.5,87.5,,,rendahemisi_2022.csv,from_hourly_scrape,15.0
2022-06-23,DKI1,68.7,93.8,41.4,14.8,14.8,14.1,93.8,,,rendahemisi_2022.csv,from_hourly_scrape,19.0
2022-06-24,DKI1,67.8,102.7,41.1,16.0,16.2,15.6,102.7,,,rendahemisi_2022.csv,from_hourly_scrape,19.0
2022-06-25,DKI1,72.3,104.3,42.1,19.2,13.1,15.9,104.3,,,rendahemisi_2022.csv,from_hourly_scrape,19.0
2022-06-26,DKI1,64.6,91.7,43.2,19.2,17.0,17.6,91.7,,,rendahemisi_2022.csv,from_hourly_scrape,18.0
2022-06-27,DKI1,62.2,84.0,42.0,19.5,17.8,18.0,84.0,,,rendahemisi_2022.csv,from_hourly_scrape,6.0
2022-06-28,DKI1,56.3,74.5,41.2,15.3,17.6,16.8,74.5,,,rendahemisi_2022.csv,from_hourly_scrape,21.0
2022-06-30,DKI1,57.4,81.0,46.0,12.4,17.8,14.8,81.0,,,rendahemisi_2022.csv,from_hourly_scrape,5.0
2022-07-01,DKI1,58.6,86.5,45.0,11.9,21.0,14.7,86.5,,,rendahemisi_2022.csv,from_hourly_scrape,15.0
2022-07-02,DKI1,70.1,108.3,44.3,13.7,27.7,15.6,108.3,,,rendahemisi_2022.csv,from_hourly_scrape,15.0
2022-07-03,DKI1,75.7,109.1,48.4,15.4,28.6,13.6,109.1,,,rendahemisi_2022.csv,from_hourly_scrape,21.0
2022-07-04,DKI1,56.6,72.7,44.4,10.4,10.5,9.2,72.7,,,rendahemisi_2022.csv,from_hourly_scrape,23.0
2022-07-05,DKI1,49.8,69.0,44.8,10.4,8.5,11.2,69.0,,,rendahemisi_2022.csv,from_hourly_scrape,19.0
2022-07-06,DKI1,55.3,75.7,43.1,17.1,5.3,16.9,75.7,,,rendahemisi_2022.csv,from_hourly_scrape,18.0
2022-07-07,DKI1,51.5,74.7,43.2,16.6,7.3,17.6,74.7,,,rendahemisi_2022.csv,from_hourly_scrape,19.0
2022-07-09,DKI1,50.1,71.4,42.0,10.5,28.6,12.6,71.4,,,rendahemisi_2022.csv,from_hourly_scrape,14.0
2022-07-10,DKI1,51.4,71.9,42.5,9.0,35.9,12.1,71.9,,,rendahemisi_2022.csv,from_hourly_scrape,8.0
2022-07-11,DKI1,64.5,94.2,44.8,13.0,23.4,13.9,94.2,,,rendahemisi_2022.csv,from_hourly_scrape,8.0
2022-07-12,DKI1,63.3,92.5,45.4,11.2,28.5,12.4,92.5,,,rendahemisi_2022.csv,from_hourly_scrape,20.0
2022-07-13,DKI1,58.6,86.2,42.4,12.8,18.1,12.8,86.2,,,rendahemisi_2022.csv,from_hourly_scrape,18.0
2022-07-14,DKI1,58.6,82.2,36.0,17.1,12.2,13.7,82.2,,,rendahemisi_2022.csv,from_hourly_scrape,21.0
2022-07-15,DKI1,52.7,69.7,36.4,11.4,14.3,10.0,69.7,,,rendahemisi_2022.csv,from_hourly_scrape,21.0
2022-07-16,DKI1,34.2,54.2,30.2,9.9,12.2,10.5,54.2,,,rendahemisi_2022.csv,from_hourly_scrape,14.0
2022-07-17,DKI1,48.8,69.0,34.2,17.2,9.8,12.4,69.0,,,rendahemisi_2022.csv,from_hourly_scrape,20.0
2022-07-18,DKI1,60.7,91.1,36.0,19.2,18.9,14.4,91.1,,,rendahemisi_2022.csv,from_hourly_scrape,20.0
2022-07-19,DKI1,68.9,95.8,37.3,12.7,24.4,17.4,95.8,,,rendahemisi_2022.csv,from_hourly_scrape,21.0
2022-07-20,DKI1,64.9,92.8,35.5,10.7,30.8,13.5,92.8,,,rendahemisi_2022.csv,from_hourly_scrape,19.0
2022-07-21,DKI1,65.0,90.7,33.3,9.9,37.5,14.0,90.7,,,rendahemisi_2022.csv,from_hourly_scrape,21.0
2022-07-22,DKI1,63.6,94.0,32.2,12.8,33.9,15.6,94.0,,,rendahemisi_2022.csv,from_hourly_scrape,20.0
2022-07-23,DKI1,54.4,70.0,37.8,8.9,28.6,11.4,70.0,,,rendahemisi_2022.csv,from_hourly_scrape,20.0
2022-07-24,DKI1,48.5,63.6,30.9,13.3,29.9,12.8,63.6,,,rendahemisi_2022.csv,from_hourly_scrape,19.0
2022-07-25,DKI1,50.3,69.0,29.2,12.7,33.0,13.7,69.0,,,rendahemisi_2022.csv,from_hourly_scrape,21.0
2022-07-26,DKI1,56.1,79.8,32.4,12.4,26.6,13.5,79.8,,,rendahemisi_2022.csv,from_hourly_scrape,20.0
2022-07-27,DKI1,61.0,88.0,34.0,10.3,32.3,14.3,88.0,,,rendahemisi_2022.csv,from_hourly_scrape,21.0
2022-07-28,DKI1,68.3,100.6,37.4,12.4,23.4,17.2,100.6,,,rendahemisi_2022.csv,from_hourly_scrape,20.0
2022-07-29,DKI1,59.1,76.9,35.3,7.9,29.1,10.1,76.9,,,rendahemisi_2022.csv,from_hourly_scrape,14.0
2022-07-30,DKI1,53.9,76.0,33.0,8.5,25.6,12.8,76.0,,,rendahemisi_2022.csv,from_hourly_scrape,20.0
2022-07-31,DKI1,62.9,94.4,33.1,8.9,34.4,11.5,94.4,,,rendahemisi_2022.csv,from_hourly_scrape,18.0
2022-08-01,DKI1,61.2,82.9,34.3,7.7,32.1,9.0,82.9,,,rendahemisi_2022.csv,from_hourly_scrape,19.0
2022-08-02,DKI1,55.2,78.0,35.4,9.9,24.9,12.9,78.0,,,rendahemisi_2022.csv,from_hourly_scrape,18.0
2022-08-03,DKI1,67.6,100.7,34.4,11.2,34.0,15.4,100.7,,,rendahemisi_2022.csv,from_hourly_scrape,20.0
2022-08-04,DKI1,59.7,81.1,31.5,11.2,33.3,12.3,81.1,,,rendahemisi_2022.csv,from_hourly_scrape,15.0
2022-08-05,DKI1,41.4,58.4,29.5,12.4,27.1,12.4,58.4,,,rendahemisi_2022.csv,from_hourly_scrape,21.0
2022-08-06,DKI1,44.6,65.5,33.3,13.7,29.9,12.5,65.5,,,rendahemisi_2022.csv,from_hourly_scrape,19.0
2022-08-07,DKI1,63.5,94.8,36.2,12.4,35.4,15.9,94.8,,,rendahemisi_2022.csv,from_hourly_scrape,20.0
2022-08-08,DKI1,46.2,65.6,31.0,11.4,29.5,13.2,65.6,,,rendahemisi_2022.csv,from_hourly_scrape,8.0
2022-08-09,DKI1,49.8,67.0,31.1,10.6,30.9,13.5,67.0,,,rendahemisi_2022.csv,from_hourly_scrape,24.0
2022-08-10,DKI1,54.4,82.5,32.7,12.5,24.9,15.0,82.5,,,rendahemisi_2022.csv,from_hourly_scrape,22.0
2022-08-11,DKI1,59.7,84.1,33.7,13.6,21.2,16.0,84.1,,,rendahemisi_2022.csv,from_hourly_scrape,21.0
2022-08-12,DKI1,59.6,77.1,33.2,11.7,28.6,15.7,77.1,,,rendahemisi_2022.csv,from_hourly_scrape,23.0
2022-08-13,DKI1,51.8,72.1,31.5,13.1,26.3,15.2,72.1,,,rendahemisi_2022.csv,from_hourly_scrape,13.0
2022-08-14,DKI1,54.0,82.2,33.3,9.7,28.7,12.4,82.2,,,rendahemisi_2022.csv,from_hourly_scrape,19.0
2022-08-15,DKI1,49.0,69.4,31.7,13.0,17.4,14.1,69.4,,,rendahemisi_2022.csv,from_hourly_scrape,9.0
2022-08-16,DKI1,51.4,74.3,32.3,13.6,19.3,15.4,74.3,,,rendahemisi_2022.csv,from_hourly_scrape,21.0
2022-08-17,DKI1,51.5,72.1,30.2,18.1,26.7,16.5,72.1,,,rendahemisi_2022.csv,from_hourly_scrape,13.0
2022-08-18,DKI1,46.4,68.0,31.5,8.4,29.6,9.8,68.0,,,rendahemisi_2022.csv,from_hourly_scrape,20.0
2022-08-19,DKI1,51.4,73.7,33.9,9.1,18.7,11.2,73.7,,,rendahemisi_2022.csv,from_hourly_scrape,19.0
2022-08-20,DKI1,51.3,74.0,34.0,9.0,21.0,9.0,74.0,,,rendahemisi_2022.csv,from_hourly_scrape,3.0
2022-08-21,DKI1,53.2,72.7,32.0,7.7,24.2,10.8,72.7,,,rendahemisi_2022.csv,from_hourly_scrape,11.0
2022-08-22,DKI1,48.5,66.9,31.9,9.5,30.5,12.2,66.9,,,rendahemisi_2022.csv,from_hourly_scrape,19.0
2022-08-23,DKI1,61.8,90.6,32.8,15.9,32.6,16.5,90.6,,,rendahemisi_2022.csv,from_hourly_scrape,19.0
2022-08-24,DKI1,65.0,91.8,32.3,11.8,37.2,15.2,91.8,,,rendahemisi_2022.csv,from_hourly_scrape,20.0
2022-08-25,DKI1,59.2,80.4,32.2,9.2,31.8,12.6,80.4,,,rendahemisi_2022.csv,from_hourly_scrape,20.0
2022-08-26,DKI1,62.3,94.9,35.4,12.0,22.8,16.4,94.9,,,rendahemisi_2022.csv,from_hourly_scrape,18.0
2022-08-27,DKI1,71.8,106.5,31.8,12.9,29.5,16.1,106.5,,,rendahemisi_2022.csv,from_hourly_scrape,13.0
2022-08-28,DKI1,60.1,85.0,30.5,11.2,35.0,12.8,85.0,,,rendahemisi_2022.csv,from_hourly_scrape,21.0
2022-08-29,DKI1,53.8,75.6,31.2,11.0,34.0,14.1,75.6,,,rendahemisi_2022.csv,from_hourly_scrape,20.0
2022-08-30,DKI1,51.5,70.6,31.2,10.1,28.0,12.8,70.6,,,rendahemisi_2022.csv,from_hourly_scrape,17.0
2022-09-02,DKI1,57.4,83.0,36.6,10.9,16.9,13.4,83.0,,,rendahemisi_2022.csv,from_hourly_scrape,17.0
2022-09-03,DKI1,54.8,78.8,31.7,12.6,20.9,12.8,78.8,,,rendahemisi_2022.csv,from_hourly_scrape,18.0
2022-09-04,DKI1,30.5,54.4,30.8,5.3,20.8,6.5,54.4,,,rendahemisi_2022.csv,from_hourly_scrape,17.0
2022-09-05,DKI1,52.1,79.2,32.8,10.9,24.7,14.1,79.2,,,rendahemisi_2022.csv,from_hourly_scrape,18.0
2022-09-06,DKI1,55.3,76.2,33.2,7.3,27.2,10.5,76.2,,,rendahemisi_2022.csv,from_hourly_scrape,17.0
2022-09-07,DKI1,48.3,67.3,31.4,10.6,22.1,12.9,67.3,,,rendahemisi_2022.csv,from_hourly_scrape,19.0
2022-09-08,DKI1,51.9,72.3,29.6,16.3,26.5,17.3,72.3,,,rendahemisi_2022.csv,from_hourly_scrape,18.0
2022-09-09,DKI1,58.0,82.3,32.2,17.4,25.6,18.1,82.3,,,rendahemisi_2022.csv,from_hourly_scrape,19.0
2022-09-13,DKI1,54.2,84.3,34.2,11.6,36.4,17.2,84.3,,,rendahemisi_2022.csv,from_hourly_scrape,10.0
2022-09-14,DKI1,56.8,84.6,33.1,12.4,31.0,18.8,84.6,,,rendahemisi_2022.csv,from_hourly_scrape,21.0
2022-09-15,DKI1,61.9,92.8,35.4,12.9,21.7,17.8,92.8,,,rendahemisi_2022.csv,from_hourly_scrape,17.0
2022-09-17,DKI1,58.7,86.5,33.0,12.8,30.7,18.1,86.5,,,rendahemisi_2022.csv,from_hourly_scrape,11.0
2022-09-18,DKI1,67.7,105.5,32.7,15.0,33.7,16.5,105.5,,,rendahemisi_2022.csv,from_hourly_scrape,23.0
2022-09-19,DKI1,66.6,98.0,33.0,11.8,37.0,14.0,98.0,,,rendahemisi_2022.csv,from_hourly_scrape,20.0
2022-09-20,DKI1,57.0,81.2,33.6,13.1,23.4,16.4,81.2,,,rendahemisi_2022.csv,from_hourly_scrape,20.0
2022-09-21,DKI1,59.0,83.1,33.0,12.4,25.4,17.1,83.1,,,rendahemisi_2022.csv,from_hourly_scrape,21.0
2022-09-22,DKI1,57.3,80.0,31.1,14.4,20.3,17.7,80.0,,,rendahemisi_2022.csv,from_hourly_scrape,19.0
2022-09-23,DKI1,57.9,82.0,32.5,15.5,20.9,18.6,82.0,,,rendahemisi_2022.csv,from_hourly_scrape,19.0
2022-10-01,DKI1,57.0,78.8,39.4,8.0,14.8,12.8,78.8,,,rendahemisi_2022.csv,from_hourly_scrape,16.0
2022-10-02,DKI1,43.9,56.2,32.3,7.9,19.7,11.8,56.2,,,rendahemisi_2022.csv,from_hourly_scrape,18.0
2022-10-03,DKI1,45.1,67.0,34.1,12.7,22.9,13.0,67.0,,,rendahemisi_2022.csv,from_hourly_scrape,23.0
2022-10-04,DKI1,45.5,63.2,35.1,11.1,26.3,14.8,63.2,,,rendahemisi_2022.csv,from_hourly_scrape,22.0
2022-10-05,DKI1,43.9,62.0,32.0,13.7,24.7,16.8,62.0,,,rendahemisi_2022.csv,from_hourly_scrape,24.0
2022-10-06,DKI1,56.0,73.2,33.9,13.4,17.6,15.1,73.2,,,rendahemisi_2022.csv,from_hourly_scrape,17.0
2022-10-10,DKI1,42.5,61.4,33.1,9.5,22.1,10.9,61.4,,,rendahemisi_2022.csv,from_hourly_scrape,12.0
2022-10-11,DKI1,58.1,90.1,35.3,15.4,26.1,18.2,90.1,,,rendahemisi_2022.csv,from_hourly_scrape,18.0
2022-10-12,DKI1,58.9,79.5,33.0,16.8,29.7,17.7,79.5,,,rendahemisi_2022.csv,from_hourly_scrape,19.0
2022-10-13,DKI1,52.7,73.7,33.7,11.7,27.4,16.6,73.7,,,rendahemisi_2022.csv,from_hourly_scrape,19.0
2022-10-14,DKI1,47.5,65.7,32.6,14.2,25.0,15.0,65.7,,,rendahemisi_2022.csv,from_hourly_scrape,21.0
2022-10-15,DKI1,52.1,73.5,32.1,10.5,23.2,14.0,73.5,,,rendahemisi_2022.csv,from_hourly_scrape,21.0
2022-10-16,DKI1,50.9,76.2,32.9,13.1,32.4,17.1,76.2,,,rendahemisi_2022.csv,from_hourly_scrape,19.0
2022-10-17,DKI1,51.4,74.2,33.0,11.0,37.5,13.4,74.2,,,rendahemisi_2022.csv,from_hourly_scrape,21.0
2022-10-18,DKI1,54.1,77.7,32.4,12.7,27.4,17.2,77.7,,,rendahemisi_2022.csv,from_hourly_scrape,19.0
2022-10-19,DKI1,52.1,77.2,32.8,13.4,19.9,15.5,77.2,,,rendahemisi_2022.csv,from_hourly_scrape,20.0
2022-10-20,DKI1,55.6,76.5,32.8,17.1,28.8,16.5,76.5,,,rendahemisi_2022.csv,from_hourly_scrape,19.0
2022-10-22,DKI1,40.9,68.7,36.1,10.6,16.4,10.9,68.7,,,rendahemisi_2022.csv,from_hourly_scrape,14.0
2022-10-23,DKI1,42.9,63.0,36.6,8.5,24.0,9.5,63.0,,,rendahemisi_2022.csv,from_hourly_scrape,22.0
2022-10-24,DKI1,27.7,47.5,32.0,5.9,12.3,5.6,47.5,,,rendahemisi_2022.csv,from_hourly_scrape,15.0
2022-10-25,DKI1,26.9,41.4,34.5,6.5,11.5,5.5,41.4,,,rendahemisi_2022.csv,from_hourly_scrape,19.0
2022-10-29,DKI1,46.4,66.1,34.7,9.5,18.1,9.1,66.1,,,rendahemisi_2022.csv,from_hourly_scrape,16.0
2022-10-30,DKI1,41.2,62.2,35.4,7.9,23.4,8.8,62.2,,,rendahemisi_2022.csv,from_hourly_scrape,22.0
2022-10-31,DKI1,48.2,64.5,37.8,8.3,19.7,10.1,64.5,,,rendahemisi_2022.csv,from_hourly_scrape,23.0
2022-11-01,DKI1,46.2,61.5,36.1,8.7,20.6,11.7,61.5,,,rendahemisi_2022.csv,from_hourly_scrape,15.0
2022-11-02,DKI1,62.5,87.1,37.7,12.5,21.6,15.5,87.1,,,rendahemisi_2022.csv,from_hourly_scrape,17.0
2022-11-03,DKI1,52.0,69.4,36.6,10.4,21.2,14.8,69.4,,,rendahemisi_2022.csv,from_hourly_scrape,20.0
2022-11-04,DKI1,57.8,82.1,45.0,14.5,22.7,14.1,82.1,,,rendahemisi_2022.csv,from_hourly_scrape,12.0
2022-11-05,DKI1,52.0,73.1,34.0,14.4,33.9,16.0,73.1,,,rendahemisi_2022.csv,from_hourly_scrape,20.0
2022-11-09,DKI1,53.1,72.8,35.9,17.2,24.0,11.5,72.8,,,rendahemisi_2022.csv,from_hourly_scrape,13.0
2022-11-10,DKI1,38.9,55.8,37.5,10.2,14.3,8.1,55.8,,,rendahemisi_2022.csv,from_hourly_scrape,12.0
2022-11-11,DKI1,36.1,60.1,35.4,10.2,13.8,7.4,60.1,,,rendahemisi_2022.csv,from_hourly_scrape,17.0
2022-11-12,DKI1,26.2,50.5,32.2,7.1,15.4,5.1,50.5,,,rendahemisi_2022.csv,from_hourly_scrape,16.0
2022-11-13,DKI1,30.7,54.0,33.0,10.0,21.8,5.8,54.0,,,rendahemisi_2022.csv,from_hourly_scrape,21.0
2022-11-14,DKI1,39.5,59.8,32.7,10.0,21.1,7.9,59.8,,,rendahemisi_2022.csv,from_hourly_scrape,19.0
2022-11-15,DKI1,44.2,66.0,34.5,12.3,19.9,8.3,66.0,,,rendahemisi_2022.csv,from_hourly_scrape,16.0
2022-11-16,DKI1,37.4,53.4,39.3,9.1,12.3,6.0,53.4,,,rendahemisi_2022.csv,from_hourly_scrape,18.0
2022-11-18,DKI1,44.7,49.2,44.2,8.2,14.4,5.1,49.2,,,rendahemisi_2022.csv,from_hourly_scrape,12.0
2022-11-19,DKI1,47.7,55.1,49.5,8.6,11.5,5.4,55.1,,,rendahemisi_2022.csv,from_hourly_scrape,20.0
2022-11-20,DKI1,34.2,49.5,50.2,6.8,11.8,3.8,50.2,,,rendahemisi_2022.csv,from_hourly_scrape,13.0
2022-11-21,DKI1,24.8,42.6,33.0,7.4,10.7,4.9,42.6,,,rendahemisi_2022.csv,from_hourly_scrape,12.0
2022-11-22,DKI1,26.3,40.3,32.7,7.0,11.1,4.3,40.3,,,rendahemisi_2022.csv,from_hourly_scrape,23.0
2022-11-23,DKI1,31.0,49.4,34.3,6.5,11.0,4.8,49.4,,,rendahemisi_2022.csv,from_hourly_scrape,22.0
2022-11-24,DKI1,34.1,50.9,37.6,5.9,18.3,5.6,50.9,,,rendahemisi_2022.csv,from_hourly_scrape,17.0
2022-11-25,DKI1,33.0,57.5,36.8,9.2,11.6,6.8,57.5,,,rendahemisi_2022.csv,from_hourly_scrape,21.0
2022-11-26,DKI1,63.0,88.4,37.0,14.5,15.0,14.9,88.4,,,rendahemisi_2022.csv,from_hourly_scrape,20.0
2022-11-27,DKI1,59.9,79.6,36.6,20.3,21.6,11.8,79.6,,,rendahemisi_2022.csv,from_hourly_scrape,18.0
2022-11-29,DKI1,50.5,60.6,35.1,14.3,20.5,9.5,60.6,,,rendahemisi_2022.csv,from_hourly_scrape,12.0
2022-11-30,DKI1,50.3,65.2,36.6,10.0,20.0,10.4,65.2,,,rendahemisi_2022.csv,from_hourly_scrape,22.0
2022-12-01,DKI1,54.0,73.0,36.0,12.0,22.0,13.0,73.0,PM25,SEDANG,ispu_2023.csv,,
2022-12-02,DKI1,53.0,67.0,39.0,11.0,14.0,12.0,67.0,PM25,SEDANG,ispu_2023.csv,,
2022-12-03,DKI1,60.0,76.0,38.0,10.0,22.0,12.0,76.0,PM25,SEDANG,ispu_2023.csv,,
2022-12-04,DKI1,58.0,76.0,35.0,13.0,20.0,12.0,76.0,PM25,SEDANG,ispu_2023.csv,,
2022-12-05,DKI1,54.0,74.0,35.0,10.0,20.0,12.0,74.0,PM25,SEDANG,ispu_2023.csv,,
2022-12-06,DKI1,58.0,79.0,35.0,14.0,13.0,13.0,79.0,PM25,SEDANG,ispu_2023.csv,,
2022-12-07,DKI1,48.0,68.0,34.0,11.0,18.0,12.0,68.0,PM25,SEDANG,ispu_2023.csv,,
2022-12-08,DKI1,51.0,62.0,33.0,9.0,24.0,11.0,62.0,PM25,SEDANG,ispu_2023.csv,,
2022-12-09,DKI1,58.0,73.0,34.0,12.0,18.0,14.0,73.0,PM25,SEDANG,ispu_2023.csv,,
2022-12-10,DKI1,28.0,42.0,30.0,9.0,13.0,7.0,42.0,PM25,BAIK,ispu_2023.csv,,
2022-12-11,DKI1,43.0,61.0,31.0,14.0,23.0,8.0,61.0,PM25,SEDANG,ispu_2023.csv,,
2022-12-12,DKI1,25.0,43.0,30.0,6.0,16.0,6.0,43.0,PM25,BAIK,ispu_2023.csv,,
2022-12-13,DKI1,29.0,35.0,30.0,7.0,13.0,5.0,35.0,PM25,BAIK,ispu_2023.csv,,
2022-12-14,DKI1,27.0,32.0,31.0,6.0,12.0,5.0,32.0,PM25,BAIK,ispu_2023.csv,,
2022-12-15,DKI1,27.0,39.0,32.0,5.0,21.0,5.0,39.0,PM25,BAIK,ispu_2023.csv,,
2022-12-16,DKI1,46.0,63.0,36.0,8.0,14.0,7.0,63.0,PM25,SEDANG,ispu_2023.csv,,
2022-12-17,DKI1,59.0,78.0,30.0,19.0,29.0,9.0,78.0,PM25,SEDANG,ispu_2023.csv,,
2022-12-18,DKI1,64.0,86.0,30.0,16.0,33.0,12.0,86.0,PM25,SEDANG,ispu_2023.csv,,
2022-12-19,DKI1,58.0,85.0,32.0,16.0,23.0,13.0,85.0,PM25,SEDANG,ispu_2023.csv,,
2022-12-20,DKI1,65.0,95.0,53.0,,24.0,12.0,95.0,PM25,SEDANG,ispu_2023.csv,,
2022-12-21,DKI1,53.0,71.0,57.0,,26.0,13.0,71.0,PM25,SEDANG,ispu_2023.csv,,
2022-12-22,DKI1,39.0,59.0,52.0,,15.0,9.0,59.0,PM25,SEDANG,ispu_2023.csv,,
2022-12-23,DKI1,31.0,39.0,48.0,10.0,24.0,7.0,48.0,SO2,BAIK,ispu_2023.csv,,
2022-12-24,DKI1,56.0,75.0,51.0,11.0,25.0,13.0,75.0,PM25,SEDANG,ispu_2023.csv,,
2022-12-25,DKI1,38.0,52.0,48.0,10.0,25.0,9.0,52.0,PM25,SEDANG,ispu_2023.csv,,
2022-12-26,DKI1,41.0,56.0,51.0,10.0,25.0,11.0,56.0,PM25,SEDANG,ispu_2023.csv,,
2022-12-27,DKI1,36.0,35.0,49.0,8.0,20.0,7.0,49.0,SO2,BAIK,ispu_2023.csv,,
2022-12-28,DKI1,33.0,51.0,50.0,11.0,8.0,7.0,51.0,PM25,SEDANG,ispu_2023.csv,,
2022-12-29,DKI1,23.0,27.0,50.0,10.0,13.0,7.0,50.0,SO2,BAIK,ispu_2023.csv,,
2022-12-30,DKI1,38.0,53.0,51.0,11.0,13.0,9.0,53.0,PM25,SEDANG,ispu_2023.csv,,
2022-12-31,DKI1,54.0,68.0,49.0,11.0,19.0,12.0,68.0,PM25,SEDANG,ispu_2023.csv,,
2023-01-01,DKI1,44.0,55.0,47.0,10.0,24.0,9.0,55.0,PM25,SEDANG,ispu_2023.csv,,
2023-01-02,DKI1,32.0,43.0,52.0,9.0,24.0,8.0,52.0,SO2,SEDANG,ispu_2023.csv,,
2023-01-03,DKI1,31.0,35.0,49.0,9.0,12.0,7.0,49.0,SO2,BAIK,ispu_2023.csv,,
2023-01-04,DKI1,30.0,47.0,53.0,11.0,15.0,9.0,53.0,SO2,SEDANG,ispu_2023.csv,,
2023-01-05,DKI1,38.0,50.0,50.0,13.0,26.0,11.0,50.0,PM25,BAIK,ispu_2023.csv,,
2023-01-06,DKI1,31.0,48.0,45.0,10.0,13.0,7.0,48.0,PM25,BAIK,ispu_2023.csv,,
2023-01-07,DKI1,25.0,42.0,44.0,10.0,9.0,5.0,44.0,SO2,BAIK,ispu_2023.csv,,
2023-01-08,DKI1,28.0,49.0,47.0,11.0,9.0,4.0,49.0,PM25,BAIK,ispu_2023.csv,,
2023-01-09,DKI1,25.0,39.0,48.0,10.0,12.0,5.0,48.0,SO2,BAIK,ispu_2023.csv,,
2023-01-10,DKI1,37.0,44.0,45.0,11.0,21.0,8.0,45.0,SO2,BAIK,ispu_2023.csv,,
2023-01-11,DKI1,42.0,65.0,47.0,13.0,25.0,10.0,65.0,PM25,SEDANG,ispu_2023.csv,,
2023-01-12,DKI1,53.0,69.0,49.0,12.0,28.0,13.0,69.0,PM25,SEDANG,ispu_2023.csv,,
2023-01-13,DKI1,57.0,78.0,47.0,11.0,26.0,18.0,78.0,PM25,SEDANG,ispu_2023.csv,,
2023-01-14,DKI1,51.0,70.0,45.0,11.0,31.0,14.0,70.0,PM25,SEDANG,ispu_2023.csv,,
2023-01-15,DKI1,46.0,57.0,44.0,11.0,24.0,7.0,57.0,PM25,SEDANG,ispu_2023.csv,,
2023-01-16,DKI1,34.0,40.0,42.0,11.0,11.0,6.0,42.0,SO2,BAIK,ispu_2023.csv,,
2023-01-17,DKI1,40.0,52.0,45.0,12.0,9.0,6.0,52.0,PM25,SEDANG,ispu_2023.csv,,
2023-01-18,DKI1,55.0,71.0,55.0,12.0,10.0,11.0,71.0,PM25,SEDANG,ispu_2023.csv,,
2023-01-19,DKI1,53.0,63.0,53.0,11.0,9.0,10.0,63.0,PM25,SEDANG,ispu_2023.csv,,
2023-01-20,DKI1,42.0,57.0,51.0,10.0,12.0,9.0,57.0,PM25,SEDANG,ispu_2023.csv,,
2023-01-21,DKI1,42.0,59.0,,9.0,10.0,20.0,59.0,PM25,SEDANG,ispu_2023.csv,,
2023-01-22,DKI1,37.0,46.0,,7.0,11.0,17.0,46.0,PM25,BAIK,ispu_2023.csv,,
2023-01-23,DKI1,21.0,32.0,,6.0,13.0,12.0,32.0,PM25,BAIK,ispu_2023.csv,,
2023-01-24,DKI1,29.0,39.0,,7.0,10.0,20.0,39.0,PM25,BAIK,ispu_2023.csv,,
2023-01-25,DKI1,30.0,50.0,56.0,6.0,10.0,16.0,56.0,SO2,SEDANG,ispu_2023.csv,,
2023-01-26,DKI1,41.0,45.0,45.0,8.0,11.0,20.0,45.0,PM25,BAIK,ispu_2023.csv,,
2023-01-27,DKI1,47.0,56.0,44.0,11.0,21.0,25.0,56.0,PM25,SEDANG,ispu_2023.csv,,
2023-01-28,DKI1,33.0,45.0,41.0,8.0,14.0,27.0,45.0,PM25,BAIK,ispu_2023.csv,,
2023-01-29,DKI1,50.0,60.0,43.0,10.0,20.0,26.0,60.0,PM25,SEDANG,ispu_2023.csv,,
2023-01-30,DKI1,37.0,56.0,44.0,9.0,21.0,27.0,56.0,PM25,SEDANG,ispu_2023.csv,,
2023-01-31,DKI1,50.0,65.0,55.0,9.0,16.0,30.0,65.0,PM25,SEDANG,ispu_2023.csv,,
2023-02-01,DKI1,46.0,57.0,51.0,9.0,23.0,32.0,57.0,PM25,SEDANG,ispu_2023.csv,,
2023-02-02,DKI1,49.0,61.0,43.0,9.0,26.0,29.0,61.0,PM25,SEDANG,ispu_2023.csv,,
2023-02-03,DKI1,28.0,42.0,50.0,5.0,21.0,24.0,50.0,SO2,BAIK,ispu_2023.csv,,
2023-02-04,DKI1,55.0,71.0,53.0,8.0,25.0,27.0,71.0,PM25,SEDANG,ispu_2023.csv,,
2023-02-05,DKI1,45.0,59.0,45.0,6.0,27.0,17.0,59.0,PM25,SEDANG,ispu_2023.csv,,
2023-02-06,DKI1,34.0,51.0,52.0,6.0,15.0,12.0,52.0,SO2,SEDANG,ispu_2023.csv,,
2023-02-07,DKI1,41.0,52.0,50.0,7.0,14.0,22.0,52.0,PM25,SEDANG,ispu_2023.csv,,
2023-02-08,DKI1,30.0,38.0,40.0,8.0,31.0,24.0,40.0,SO2,BAIK,ispu_2023.csv,,
2023-02-09,DKI1,31.0,43.0,38.0,6.0,11.0,17.0,43.0,PM25,BAIK,ispu_2023.csv,,
2023-02-10,DKI1,25.0,30.0,37.0,6.0,19.0,15.0,37.0,SO2,BAIK,ispu_2023.csv,,
2023-02-11,DKI1,34.0,34.0,35.0,8.0,21.0,19.0,35.0,SO2,BAIK,ispu_2023.csv,,
2023-02-12,DKI1,20.0,16.0,34.0,5.0,23.0,16.0,34.0,SO2,BAIK,ispu_2023.csv,,
2023-02-13,DKI1,28.0,26.0,34.0,5.0,23.0,13.0,34.0,SO2,BAIK,ispu_2023.csv,,
2023-02-14,DKI1,23.0,18.0,34.0,5.0,23.0,11.0,34.0,SO2,BAIK,ispu_2023.csv,,
2023-02-15,DKI1,21.0,21.0,34.0,6.0,17.0,11.0,34.0,SO2,BAIK,ispu_2023.csv,,
2023-02-16,DKI1,29.0,30.0,35.0,6.0,20.0,15.0,35.0,SO2,BAIK,ispu_2023.csv,,
2023-02-17,DKI1,33.0,43.0,39.0,7.0,18.0,21.0,43.0,PM25,BAIK,ispu_2023.csv,,
2023-02-18,DKI1,54.0,70.0,43.0,11.0,22.0,26.0,70.0,PM25,SEDANG,ispu_2023.csv,,
2023-02-19,DKI1,56.0,73.0,39.0,8.0,27.0,25.0,73.0,PM25,SEDANG,ispu_2023.csv,,
2023-02-20,DKI1,38.0,50.0,39.0,7.0,23.0,14.0,50.0,PM25,BAIK,ispu_2023.csv,,
2023-02-21,DKI1,24.0,32.0,39.0,8.0,21.0,16.0,39.0,SO2,BAIK,ispu_2023.csv,,
2023-02-22,DKI1,29.0,31.0,40.0,8.0,23.0,19.0,40.0,SO2,BAIK,ispu_2023.csv,,
2023-02-23,DKI1,36.0,47.0,40.0,,23.0,23.0,47.0,PM25,BAIK,ispu_2023.csv,,
2023-02-24,DKI1,28.0,33.0,44.0,10.0,22.0,28.0,44.0,SO2,BAIK,ispu_2023.csv,,
2023-02-25,DKI1,36.0,45.0,44.0,9.0,27.0,29.0,45.0,PM25,BAIK,ispu_2023.csv,,
2023-02-26,DKI1,34.0,44.0,44.0,10.0,26.0,23.0,44.0,PM25,BAIK,ispu_2023.csv,,
2023-02-27,DKI1,32.0,32.0,43.0,10.0,30.0,24.0,43.0,SO2,BAIK,ispu_2023.csv,,
2023-02-28,DKI1,43.0,54.0,52.0,10.0,19.0,32.0,54.0,PM25,SEDANG,ispu_2023.csv,,
2023-03-01,DKI1,38.0,44.0,50.0,8.0,19.0,27.0,50.0,3,BAIK,ispu_2023.csv,,
2023-03-02,DKI1,29.0,33.0,47.0,11.0,21.0,27.0,47.0,3,BAIK,ispu_2023.csv,,
2023-03-03,DKI1,38.0,46.0,49.0,9.0,16.0,25.0,49.0,3,BAIK,ispu_2023.csv,,
2023-03-04,DKI1,31.0,40.0,50.0,,18.0,21.0,50.0,3,BAIK,ispu_2023.csv,,
2023-03-05,DKI1,33.0,41.0,47.0,11.0,21.0,22.0,47.0,3,BAIK,ispu_2023.csv,,
2023-03-06,DKI1,31.0,44.0,46.0,9.0,20.0,19.0,46.0,3,BAIK,ispu_2023.csv,,
2023-03-07,DKI1,37.0,54.0,50.0,11.0,17.0,19.0,54.0,2,SEDANG,ispu_2023.csv,,
2023-03-08,DKI1,42.0,54.0,51.0,12.0,17.0,23.0,54.0,2,SEDANG,ispu_2023.csv,,
2023-03-09,DKI1,47.0,58.0,46.0,13.0,22.0,33.0,58.0,2,SEDANG,ispu_2023.csv,,
2023-03-10,DKI1,45.0,61.0,46.0,12.0,14.0,28.0,61.0,2,SEDANG,ispu_2023.csv,,
2023-03-11,DKI1,44.0,62.0,45.0,12.0,18.0,35.0,62.0,2,SEDANG,ispu_2023.csv,,
2023-03-12,DKI1,61.0,83.0,47.0,13.0,17.0,39.0,83.0,2,SEDANG,ispu_2023.csv,,
2023-03-13,DKI1,53.0,72.0,48.0,12.0,21.0,33.0,72.0,2,SEDANG,ispu_2023.csv,,
2023-03-14,DKI1,51.0,61.0,47.0,12.0,15.0,30.0,61.0,2,SEDANG,ispu_2023.csv,,
2023-03-15,DKI1,29.0,42.0,43.0,11.0,23.0,31.0,43.0,3,BAIK,ispu_2023.csv,,
2023-03-16,DKI1,64.0,84.0,46.0,15.0,21.0,44.0,84.0,2,SEDANG,ispu_2023.csv,,
2023-03-17,DKI1,49.0,59.0,44.0,11.0,21.0,28.0,59.0,2,SEDANG,ispu_2023.csv,,
2023-03-18,DKI1,44.0,60.0,45.0,12.0,20.0,34.0,60.0,2,SEDANG,ispu_2023.csv,,
2023-03-19,DKI1,53.0,67.0,46.0,12.0,24.0,29.0,67.0,2,SEDANG,ispu_2023.csv,,
2023-03-20,DKI1,54.0,76.0,47.0,13.0,28.0,33.0,76.0,2,SEDANG,ispu_2023.csv,,
2023-03-21,DKI1,54.0,71.0,47.0,14.0,20.0,45.0,71.0,2,SEDANG,ispu_2023.csv,,
2023-03-22,DKI1,,,,,,,0.0,,TIDAK ADA DATA,ispu_2023.csv,,
2023-03-23,DKI1,,,,,,,0.0,,TIDAK ADA DATA,ispu_2023.csv,,
2023-03-24,DKI1,,,,,,,0.0,,TIDAK ADA DATA,ispu_2023.csv,,
2023-03-25,DKI1,53.0,69.0,46.0,11.0,29.0,25.0,69.0,2,SEDANG,ispu_2023.csv,,
2023-03-26,DKI1,45.0,64.0,45.0,13.0,25.0,25.0,64.0,2,SEDANG,ispu_2023.csv,,
2023-03-27,DKI1,35.0,52.0,45.0,13.0,27.0,25.0,52.0,2,SEDANG,ispu_2023.csv,,
2023-03-28,DKI1,55.0,72.0,46.0,17.0,19.0,34.0,72.0,2,SEDANG,ispu_2023.csv,,
2023-03-29,DKI1,56.0,74.0,46.0,16.0,21.0,33.0,74.0,2,SEDANG,ispu_2023.csv,,
2023-03-30,DKI1,49.0,66.0,52.0,15.0,22.0,32.0,66.0,2,SEDANG,ispu_2023.csv,,
2023-03-31,DKI1,45.0,57.0,49.0,13.0,22.0,29.0,57.0,2,SEDANG,ispu_2023.csv,,
2023-04-01,DKI1,34.0,44.0,51.0,11.0,20.0,19.0,51.0,SO2,SEDANG,ispu_2023.csv,,
2023-04-02,DKI1,29.0,46.0,49.0,12.0,24.0,17.0,49.0,SO2,BAIK,ispu_2023.csv,,
2023-04-03,DKI1,53.0,71.0,52.0,13.0,19.0,29.0,71.0,PM25,SEDANG,ispu_2023.csv,,
2023-04-04,DKI1,46.0,61.0,51.0,13.0,12.0,24.0,61.0,PM25,SEDANG,ispu_2023.csv,,
2023-04-05,DKI1,44.0,68.0,51.0,14.0,22.0,29.0,68.0,PM25,SEDANG,ispu_2023.csv,,
2023-04-06,DKI1,47.0,63.0,49.0,13.0,14.0,31.0,63.0,PM25,SEDANG,ispu_2023.csv,,
2023-04-07,DKI1,43.0,65.0,52.0,12.0,21.0,23.0,65.0,PM25,SEDANG,ispu_2023.csv,,
2023-04-08,DKI1,59.0,82.0,51.0,12.0,35.0,26.0,82.0,PM25,SEDANG,ispu_2023.csv,,
2023-04-09,DKI1,57.0,79.0,52.0,13.0,23.0,27.0,79.0,PM25,SEDANG,ispu_2023.csv,,
2023-04-10,DKI1,38.0,53.0,48.0,11.0,17.0,18.0,53.0,PM25,SEDANG,ispu_2023.csv,,
2023-04-11,DKI1,27.0,51.0,47.0,12.0,14.0,17.0,51.0,PM25,SEDANG,ispu_2023.csv,,
2023-04-12,DKI1,31.0,51.0,46.0,11.0,9.0,14.0,51.0,PM25,SEDANG,ispu_2023.csv,,
2023-04-13,DKI1,27.0,49.0,45.0,10.0,11.0,14.0,49.0,PM25,BAIK,ispu_2023.csv,,
2023-04-14,DKI1,33.0,57.0,48.0,12.0,14.0,26.0,57.0,PM25,SEDANG,ispu_2023.csv,,
2023-04-15,DKI1,65.0,94.0,52.0,12.0,27.0,53.0,94.0,PM25,SEDANG,ispu_2023.csv,,
2023-04-16,DKI1,48.0,63.0,50.0,11.0,21.0,22.0,63.0,PM25,SEDANG,ispu_2023.csv,,
2023-04-17,DKI1,42.0,58.0,48.0,11.0,18.0,24.0,58.0,PM25,SEDANG,ispu_2023.csv,,
2023-04-18,DKI1,51.0,72.0,52.0,9.0,27.0,26.0,72.0,PM25,SEDANG,ispu_2023.csv,,
2023-04-19,DKI1,51.0,75.0,50.0,9.0,33.0,27.0,75.0,PM25,SEDANG,ispu_2023.csv,,
2023-04-20,DKI1,43.0,60.0,45.0,11.0,35.0,27.0,60.0,PM25,SEDANG,ispu_2023.csv,,
2023-04-21,DKI1,49.0,71.0,46.0,9.0,36.0,23.0,71.0,PM25,SEDANG,ispu_2023.csv,,
2023-04-22,DKI1,45.0,66.0,46.0,11.0,32.0,18.0,66.0,PM25,SEDANG,ispu_2023.csv,,
2023-04-23,DKI1,45.0,64.0,50.0,8.0,38.0,12.0,64.0,PM25,SEDANG,ispu_2023.csv,,
2023-04-24,DKI1,42.0,64.0,47.0,9.0,32.0,21.0,64.0,PM25,SEDANG,ispu_2023.csv,,
2023-04-25,DKI1,33.0,48.0,45.0,9.0,25.0,19.0,48.0,PM25,BAIK,ispu_2023.csv,,
2023-04-26,DKI1,35.0,53.0,46.0,11.0,23.0,21.0,53.0,PM25,SEDANG,ispu_2023.csv,,
2023-04-27,DKI1,50.0,68.0,45.0,11.0,30.0,31.0,68.0,PM25,SEDANG,ispu_2023.csv,,
2023-04-28,DKI1,34.0,51.0,45.0,8.0,29.0,21.0,51.0,PM25,SEDANG,ispu_2023.csv,,
2023-04-29,DKI1,52.0,81.0,46.0,13.0,36.0,31.0,81.0,PM25,SEDANG,ispu_2023.csv,,
2023-04-30,DKI1,61.0,87.0,50.0,10.0,42.0,26.0,87.0,PM25,SEDANG,ispu_2023.csv,,
2023-05-01,DKI1,49.0,69.0,47.0,9.0,34.0,21.0,69.0,PM25,SEDANG,ispu_2023.csv,,
2023-05-02,DKI1,64.0,98.0,50.0,11.0,34.0,32.0,98.0,PM25,SEDANG,ispu_2023.csv,,
2023-05-03,DKI1,52.0,68.0,50.0,9.0,32.0,29.0,68.0,PM25,SEDANG,ispu_2023.csv,,
2023-05-04,DKI1,35.0,51.0,46.0,10.0,29.0,31.0,51.0,PM25,SEDANG,ispu_2023.csv,,
2023-05-05,DKI1,45.0,63.0,46.0,12.0,38.0,35.0,63.0,PM25,SEDANG,ispu_2023.csv,,
2023-05-06,DKI1,49.0,66.0,45.0,9.0,41.0,31.0,66.0,PM25,SEDANG,ispu_2023.csv,,
2023-05-07,DKI1,54.0,80.0,49.0,12.0,33.0,34.0,80.0,PM25,SEDANG,ispu_2023.csv,,
2023-05-08,DKI1,51.0,69.0,48.0,11.0,40.0,30.0,69.0,PM25,SEDANG,ispu_2023.csv,,
2023-05-09,DKI1,48.0,71.0,50.0,11.0,25.0,34.0,71.0,PM25,SEDANG,ispu_2023.csv,,
2023-05-10,DKI1,65.0,92.0,52.0,10.0,34.0,30.0,92.0,PM25,SEDANG,ispu_2023.csv,,
2023-05-11,DKI1,61.0,84.0,53.0,10.0,33.0,25.0,84.0,PM25,SEDANG,ispu_2023.csv,,
2023-05-12,DKI1,31.0,41.0,52.0,9.0,15.0,16.0,52.0,SO2,SEDANG,ispu_2023.csv,,
2023-05-13,DKI1,39.0,63.0,52.0,10.0,28.0,24.0,63.0,PM25,SEDANG,ispu_2023.csv,,
2023-05-14,DKI1,37.0,63.0,50.0,9.0,30.0,29.0,63.0,PM25,SEDANG,ispu_2023.csv,,
2023-05-15,DKI1,46.0,71.0,51.0,12.0,21.0,32.0,71.0,PM25,SEDANG,ispu_2023.csv,,
2023-05-16,DKI1,56.0,77.0,51.0,12.0,21.0,35.0,77.0,PM25,SEDANG,ispu_2023.csv,,
2023-05-17,DKI1,61.0,81.0,52.0,11.0,18.0,32.0,81.0,PM25,SEDANG,ispu_2023.csv,,
2023-05-18,DKI1,57.0,84.0,53.0,10.0,25.0,25.0,84.0,PM25,SEDANG,ispu_2023.csv,,
2023-05-19,DKI1,60.0,91.0,52.0,12.0,24.0,34.0,91.0,PM25,SEDANG,ispu_2023.csv,,
2023-05-20,DKI1,63.0,93.0,53.0,10.0,23.0,28.0,93.0,PM25,SEDANG,ispu_2023.csv,,
2023-05-21,DKI1,66.0,99.0,52.0,10.0,27.0,27.0,99.0,PM25,SEDANG,ispu_2023.csv,,
2023-05-22,DKI1,60.0,86.0,47.0,11.0,37.0,36.0,86.0,PM25,SEDANG,ispu_2023.csv,,
2023-05-23,DKI1,68.0,96.0,51.0,10.0,21.0,35.0,96.0,PM25,SEDANG,ispu_2023.csv,,
2023-05-24,DKI1,66.0,101.0,52.0,11.0,16.0,38.0,101.0,PM25,TIDAK SEHAT,ispu_2023.csv,,
2023-05-25,DKI1,64.0,93.0,52.0,14.0,25.0,32.0,93.0,PM25,SEDANG,ispu_2023.csv,,
2023-05-26,DKI1,66.0,99.0,39.0,15.0,30.0,32.0,99.0,PM25,SEDANG,ispu_2023.csv,,
2023-05-27,DKI1,67.0,98.0,41.0,11.0,32.0,26.0,98.0,PM25,SEDANG,ispu_2023.csv,,
2023-05-28,DKI1,57.0,89.0,38.0,10.0,32.0,29.0,89.0,PM25,SEDANG,ispu_2023.csv,,
2023-05-29,DKI1,65.0,98.0,38.0,11.0,26.0,30.0,98.0,PM25,SEDANG,ispu_2023.csv,,
2023-05-30,DKI1,62.0,93.0,39.0,10.0,31.0,27.0,93.0,PM25,SEDANG,ispu_2023.csv,,
2023-05-31,DKI1,60.0,89.0,37.0,10.0,31.0,36.0,89.0,PM25,SEDANG,ispu_2023.csv,,
2023-06-01,DKI1,58.0,84.0,40.0,11.0,29.0,28.0,84.0,PM25,SEDANG,ispu_2023.csv,,
2023-06-02,DKI1,62.0,91.0,41.0,10.0,31.0,19.0,91.0,PM25,SEDANG,ispu_2023.csv,,
2023-06-03,DKI1,60.0,86.0,40.0,10.0,26.0,19.0,86.0,PM25,SEDANG,ispu_2023.csv,,
2023-06-04,DKI1,59.0,89.0,37.0,10.0,25.0,22.0,89.0,PM25,SEDANG,ispu_2023.csv,,
2023-06-05,DKI1,54.0,75.0,36.0,12.0,29.0,24.0,75.0,PM25,SEDANG,ispu_2023.csv,,
2023-06-06,DKI1,59.0,76.0,35.0,12.0,21.0,27.0,76.0,PM25,SEDANG,ispu_2023.csv,,
2023-06-07,DKI1,54.0,78.0,38.0,12.0,20.0,31.0,78.0,PM25,SEDANG,ispu_2023.csv,,
2023-06-08,DKI1,54.0,81.0,44.0,11.0,21.0,22.0,81.0,PM25,SEDANG,ispu_2023.csv,,
2023-06-09,DKI1,56.0,75.0,43.0,13.0,15.0,23.0,75.0,PM25,SEDANG,ispu_2023.csv,,
2023-06-10,DKI1,48.0,74.0,38.0,11.0,31.0,25.0,74.0,PM25,SEDANG,ispu_2023.csv,,
2023-06-11,DKI1,63.0,92.0,42.0,11.0,32.0,23.0,92.0,PM25,SEDANG,ispu_2023.csv,,
2023-06-12,DKI1,60.0,89.0,38.0,12.0,23.0,24.0,89.0,PM25,SEDANG,ispu_2023.csv,,
2023-06-13,DKI1,57.0,80.0,44.0,10.0,19.0,26.0,80.0,PM25,SEDANG,ispu_2023.csv,,
2023-06-14,DKI1,56.0,81.0,39.0,11.0,24.0,26.0,81.0,PM25,SEDANG,ispu_2023.csv,,
2023-06-15,DKI1,60.0,92.0,40.0,11.0,20.0,32.0,92.0,PM25,SEDANG,ispu_2023.csv,,
2023-06-16,DKI1,56.0,75.0,36.0,11.0,28.0,25.0,75.0,PM25,SEDANG,ispu_2023.csv,,
2023-06-17,DKI1,57.0,85.0,46.0,13.0,23.0,28.0,85.0,PM25,SEDANG,ispu_2023.csv,,
2023-06-18,DKI1,58.0,87.0,44.0,10.0,21.0,27.0,87.0,PM25,SEDANG,ispu_2023.csv,,
2023-06-19,DKI1,42.0,64.0,36.0,11.0,31.0,25.0,64.0,PM25,SEDANG,ispu_2023.csv,,
2023-06-20,DKI1,56.0,75.0,41.0,14.0,25.0,28.0,75.0,PM25,SEDANG,ispu_2023.csv,,
2023-06-21,DKI1,55.0,87.0,41.0,10.0,36.0,26.0,87.0,PM25,SEDANG,ispu_2023.csv,,
2023-06-22,DKI1,63.0,98.0,37.0,13.0,33.0,35.0,98.0,PM25,SEDANG,ispu_2023.csv,,
2023-06-23,DKI1,55.0,78.0,39.0,10.0,28.0,24.0,78.0,PM25,SEDANG,ispu_2023.csv,,
2023-06-24,DKI1,51.0,74.0,37.0,10.0,34.0,29.0,74.0,PM25,SEDANG,ispu_2023.csv,,
2023-06-25,DKI1,55.0,83.0,36.0,10.0,39.0,24.0,83.0,PM25,SEDANG,ispu_2023.csv,,
2023-06-26,DKI1,54.0,77.0,37.0,12.0,33.0,29.0,77.0,PM25,SEDANG,ispu_2023.csv,,
2023-06-27,DKI1,64.0,94.0,42.0,11.0,28.0,30.0,94.0,PM25,SEDANG,ispu_2023.csv,,
2023-06-28,DKI1,43.0,67.0,38.0,11.0,25.0,25.0,67.0,PM25,SEDANG,ispu_2023.csv,,
2023-06-29,DKI1,36.0,56.0,37.0,9.0,24.0,16.0,56.0,PM25,SEDANG,ispu_2023.csv,,
2023-06-30,DKI1,38.0,65.0,36.0,10.0,28.0,18.0,65.0,PM25,SEDANG,ispu_2023.csv,,
2023-07-01,DKI1,55.0,83.0,38.0,12.0,20.0,28.0,83.0,PM25,SEDANG,ispu_2023.csv,,
2023-07-02,DKI1,55.0,83.0,37.0,11.0,26.0,27.0,83.0,PM25,SEDANG,ispu_2023.csv,,
2023-07-03,DKI1,55.0,81.0,40.0,10.0,24.0,28.0,81.0,PM25,SEDANG,ispu_2023.csv,,
2023-07-04,DKI1,53.0,76.0,38.0,12.0,25.0,31.0,76.0,PM25,SEDANG,ispu_2023.csv,,
2023-07-05,DKI1,62.0,95.0,43.0,11.0,23.0,35.0,95.0,PM25,SEDANG,ispu_2023.csv,,
2023-07-06,DKI1,66.0,101.0,39.0,11.0,22.0,35.0,101.0,PM25,TIDAK SEHAT,ispu_2023.csv,,
2023-07-07,DKI1,65.0,97.0,45.0,11.0,32.0,35.0,97.0,PM25,SEDANG,ispu_2023.csv,,
2023-07-08,DKI1,54.0,69.0,38.0,11.0,21.0,29.0,69.0,PM25,SEDANG,ispu_2023.csv,,
2023-07-09,DKI1,42.0,67.0,38.0,12.0,15.0,23.0,67.0,PM25,SEDANG,ispu_2023.csv,,
2023-07-10,DKI1,42.0,62.0,40.0,10.0,17.0,17.0,62.0,PM25,SEDANG,ispu_2023.csv,,
2023-07-11,DKI1,52.0,73.0,42.0,11.0,13.0,27.0,73.0,PM25,SEDANG,ispu_2023.csv,,
2023-07-12,DKI1,57.0,89.0,40.0,12.0,25.0,32.0,89.0,PM25,SEDANG,ispu_2023.csv,,
2023-07-13,DKI1,63.0,92.0,40.0,12.0,36.0,33.0,92.0,PM25,SEDANG,ispu_2023.csv,,
2023-07-14,DKI1,59.0,90.0,39.0,12.0,36.0,35.0,90.0,PM25,SEDANG,ispu_2023.csv,,
2023-07-15,DKI1,56.0,82.0,40.0,11.0,21.0,28.0,82.0,PM25,SEDANG,ispu_2023.csv,,
2023-07-16,DKI1,55.0,82.0,41.0,11.0,21.0,25.0,82.0,PM25,SEDANG,ispu_2023.csv,,
2023-07-17,DKI1,52.0,76.0,38.0,12.0,24.0,22.0,76.0,PM25,SEDANG,ispu_2023.csv,,
2023-07-18,DKI1,60.0,87.0,40.0,11.0,21.0,24.0,87.0,PM25,SEDANG,ispu_2023.csv,,
2023-07-19,DKI1,56.0,84.0,39.0,11.0,23.0,22.0,84.0,PM25,SEDANG,ispu_2023.csv,,
2023-07-20,DKI1,52.0,80.0,39.0,14.0,27.0,25.0,80.0,PM25,SEDANG,ispu_2023.csv,,
2023-07-21,DKI1,62.0,94.0,41.0,16.0,24.0,38.0,94.0,PM25,SEDANG,ispu_2023.csv,,
2023-07-22,DKI1,74.0,114.0,42.0,13.0,30.0,35.0,114.0,PM25,TIDAK SEHAT,ispu_2023.csv,,
2023-07-23,DKI1,58.0,84.0,41.0,12.0,23.0,25.0,84.0,PM25,SEDANG,ispu_2023.csv,,
2023-07-24,DKI1,57.0,77.0,38.0,11.0,33.0,23.0,77.0,PM25,SEDANG,ispu_2023.csv,,
2023-07-25,DKI1,63.0,97.0,42.0,11.0,36.0,34.0,97.0,PM25,SEDANG,ispu_2023.csv,,
2023-07-26,DKI1,63.0,92.0,38.0,11.0,25.0,33.0,92.0,PM25,SEDANG,ispu_2023.csv,,
2023-07-27,DKI1,71.0,109.0,41.0,13.0,26.0,43.0,109.0,PM25,TIDAK SEHAT,ispu_2023.csv,,
2023-07-28,DKI1,67.0,94.0,44.0,11.0,24.0,32.0,94.0,PM25,SEDANG,ispu_2023.csv,,
2023-07-29,DKI1,63.0,93.0,42.0,11.0,27.0,27.0,93.0,PM25,SEDANG,ispu_2023.csv,,
2023-07-30,DKI1,62.0,93.0,42.0,11.0,32.0,20.0,93.0,PM25,SEDANG,ispu_2023.csv,,
2023-07-31,DKI1,60.0,83.0,39.0,12.0,26.0,20.0,83.0,PM25,SEDANG,ispu_2023.csv,,
2023-08-01,DKI1,56.0,79.0,41.0,10.0,19.0,24.0,79.0,PM25,SEDANG,ispu_2023.csv,,
2023-08-02,DKI1,51.0,74.0,42.0,9.0,22.0,24.0,74.0,PM25,SEDANG,ispu_2023.csv,,
2023-08-03,DKI1,60.0,82.0,40.0,9.0,32.0,29.0,82.0,PM25,SEDANG,ispu_2023.csv,,
2023-08-04,DKI1,62.0,91.0,38.0,11.0,39.0,24.0,91.0,PM25,SEDANG,ispu_2023.csv,,
2023-08-05,DKI1,57.0,91.0,39.0,8.0,33.0,22.0,91.0,PM25,SEDANG,ispu_2023.csv,,
2023-08-06,DKI1,58.0,97.0,39.0,11.0,30.0,22.0,97.0,PM25,SEDANG,ispu_2023.csv,,
2023-08-07,DKI1,72.0,114.0,40.0,13.0,28.0,39.0,114.0,PM25,TIDAK SEHAT,ispu_2023.csv,,
2023-08-08,DKI1,67.0,90.0,41.0,10.0,19.0,29.0,90.0,PM25,SEDANG,ispu_2023.csv,,
2023-08-09,DKI1,58.0,79.0,39.0,9.0,24.0,24.0,79.0,PM25,SEDANG,ispu_2023.csv,,
2023-08-10,DKI1,58.0,87.0,41.0,10.0,27.0,31.0,87.0,PM25,SEDANG,ispu_2023.csv,,
2023-08-11,DKI1,66.0,96.0,40.0,10.0,29.0,29.0,96.0,PM25,SEDANG,ispu_2023.csv,,
2023-08-12,DKI1,66.0,98.0,42.0,12.0,28.0,28.0,98.0,PM25,SEDANG,ispu_2023.csv,,
2023-08-13,DKI1,59.0,87.0,43.0,12.0,27.0,24.0,87.0,PM25,SEDANG,ispu_2023.csv,,
2023-08-14,DKI1,56.0,82.0,42.0,12.0,30.0,25.0,82.0,PM25,SEDANG,ispu_2023.csv,,
2023-08-15,DKI1,61.0,90.0,46.0,11.0,26.0,33.0,90.0,PM25,SEDANG,ispu_2023.csv,,
2023-08-16,DKI1,63.0,93.0,42.0,12.0,28.0,35.0,93.0,PM25,SEDANG,ispu_2023.csv,,
2023-08-17,DKI1,61.0,87.0,42.0,11.0,21.0,29.0,87.0,PM25,SEDANG,ispu_2023.csv,,
2023-08-18,DKI1,46.0,67.0,40.0,12.0,24.0,22.0,67.0,PM25,SEDANG,ispu_2023.csv,,
2023-08-19,DKI1,56.0,84.0,41.0,12.0,28.0,28.0,84.0,PM25,SEDANG,ispu_2023.csv,,
2023-08-20,DKI1,59.0,86.0,42.0,13.0,30.0,20.0,86.0,PM25,SEDANG,ispu_2023.csv,,
2023-08-21,DKI1,57.0,82.0,40.0,13.0,28.0,21.0,82.0,PM25,SEDANG,ispu_2023.csv,,
2023-08-22,DKI1,59.0,88.0,42.0,14.0,25.0,30.0,88.0,PM25,SEDANG,ispu_2023.csv,,
2023-08-23,DKI1,64.0,96.0,41.0,14.0,29.0,37.0,96.0,PM25,SEDANG,ispu_2023.csv,,
2023-08-24,DKI1,64.0,89.0,45.0,12.0,26.0,27.0,89.0,PM25,SEDANG,ispu_2023.csv,,
2023-08-25,DKI1,60.0,90.0,45.0,13.0,40.0,35.0,90.0,PM25,SEDANG,ispu_2023.csv,,
2023-08-26,DKI1,77.0,84.0,42.0,8.0,30.0,23.0,84.0,PM25,SEDANG,ispu_2023.csv,,
2023-08-27,DKI1,64.0,94.0,40.0,12.0,42.0,23.0,94.0,PM25,SEDANG,ispu_2023.csv,,
2023-08-28,DKI1,62.0,85.0,41.0,13.0,28.0,30.0,85.0,PM25,SEDANG,ispu_2023.csv,,
2023-08-29,DKI1,63.0,90.0,45.0,14.0,23.0,30.0,90.0,PM25,SEDANG,ispu_2023.csv,,
2023-08-30,DKI1,64.0,90.0,44.0,13.0,32.0,32.0,90.0,PM25,SEDANG,ispu_2023.csv,,
2023-08-31,DKI1,68.0,104.0,44.0,13.0,39.0,34.0,104.0,PM25,TIDAK SEHAT,ispu_2023.csv,,
2023-09-01,DKI1,71.0,101.0,42.0,12.0,35.0,37.0,101.0,PM25,TIDAK SEHAT,ispu_2023.csv,,
2023-09-02,DKI1,74.0,108.0,43.0,11.0,34.0,33.0,108.0,PM25,TIDAK SEHAT,ispu_2023.csv,,
2023-09-03,DKI1,63.0,93.0,43.0,11.0,42.0,20.0,93.0,PM25,SEDANG,ispu_2023.csv,,
2023-09-04,DKI1,62.0,89.0,45.0,11.0,31.0,29.0,89.0,PM25,SEDANG,ispu_2023.csv,,
2023-09-05,DKI1,66.0,99.0,46.0,16.0,27.0,36.0,99.0,PM25,SEDANG,ispu_2023.csv,,
2023-09-06,DKI1,60.0,93.0,47.0,16.0,32.0,35.0,93.0,PM25,SEDANG,ispu_2023.csv,,
2023-09-07,DKI1,62.0,95.0,47.0,15.0,33.0,30.0,95.0,PM25,SEDANG,ispu_2023.csv,,
2023-09-08,DKI1,66.0,102.0,49.0,14.0,24.0,34.0,102.0,PM25,TIDAK SEHAT,ispu_2023.csv,,
2023-09-09,DKI1,46.0,88.0,54.0,13.0,26.0,27.0,88.0,PM25,SEDANG,ispu_2023.csv,,
2023-09-10,DKI1,58.0,82.0,41.0,11.0,29.0,23.0,82.0,PM25,SEDANG,ispu_2023.csv,,
2023-09-11,DKI1,62.0,91.0,41.0,10.0,35.0,29.0,91.0,PM25,SEDANG,ispu_2023.csv,,
2023-09-12,DKI1,56.0,82.0,41.0,10.0,18.0,24.0,82.0,PM25,SEDANG,ispu_2023.csv,,
2023-09-13,DKI1,55.0,86.0,41.0,10.0,31.0,26.0,86.0,PM25,SEDANG,ispu_2023.csv,,
2023-09-14,DKI1,55.0,73.0,42.0,9.0,29.0,29.0,73.0,PM25,SEDANG,ispu_2023.csv,,
2023-09-15,DKI1,58.0,82.0,44.0,8.0,29.0,27.0,82.0,PM25,SEDANG,ispu_2023.csv,,
2023-09-16,DKI1,60.0,88.0,46.0,7.0,33.0,26.0,88.0,PM25,SEDANG,ispu_2023.csv,,
2023-09-17,DKI1,57.0,76.0,43.0,6.0,33.0,20.0,76.0,PM25,SEDANG,ispu_2023.csv,,
2023-09-18,DKI1,53.0,76.0,42.0,6.0,32.0,20.0,76.0,PM25,SEDANG,ispu_2023.csv,,
2023-09-19,DKI1,60.0,88.0,41.0,9.0,33.0,30.0,88.0,PM25,SEDANG,ispu_2023.csv,,
2023-09-20,DKI1,62.0,84.0,43.0,8.0,21.0,33.0,84.0,PM25,SEDANG,ispu_2023.csv,,
2023-09-21,DKI1,61.0,84.0,44.0,8.0,29.0,32.0,84.0,PM25,SEDANG,ispu_2023.csv,,
2023-09-22,DKI1,60.0,87.0,44.0,9.0,29.0,30.0,87.0,PM25,SEDANG,ispu_2023.csv,,
2023-09-23,DKI1,57.0,86.0,45.0,8.0,33.0,31.0,86.0,PM25,SEDANG,ispu_2023.csv,,
2023-09-24,DKI1,55.0,78.0,44.0,7.0,30.0,23.0,78.0,PM25,SEDANG,ispu_2023.csv,,
2023-09-25,DKI1,59.0,84.0,46.0,9.0,35.0,30.0,84.0,PM25,SEDANG,ispu_2023.csv,,
2023-09-26,DKI1,58.0,89.0,45.0,8.0,27.0,34.0,89.0,PM25,SEDANG,ispu_2023.csv,,
2023-09-27,DKI1,57.0,88.0,46.0,9.0,23.0,33.0,88.0,PM25,SEDANG,ispu_2023.csv,,
2023-09-28,DKI1,58.0,99.0,46.0,8.0,29.0,23.0,99.0,PM25,SEDANG,ispu_2023.csv,,
2023-09-29,DKI1,58.0,88.0,47.0,8.0,29.0,22.0,88.0,PM25,SEDANG,ispu_2023.csv,,
2023-09-30,DKI1,,,,,,,0.0,,TIDAK ADA DATA,ispu_2023.csv,,
2023-10-01,DKI1,75.0,122.0,43.0,5.0,37.0,29.0,122.0,PM25,TIDAK SEHAT,ispu_2023.csv,,
2023-10-02,DKI1,76.0,122.0,43.0,8.0,35.0,31.0,122.0,PM25,TIDAK SEHAT,ispu_2023.csv,,
2023-10-03,DKI1,58.0,86.0,41.0,7.0,36.0,26.0,86.0,PM25,SEDANG,ispu_2023.csv,,
2023-10-04,DKI1,65.0,95.0,43.0,7.0,30.0,33.0,95.0,PM25,SEDANG,ispu_2023.csv,,
2023-10-05,DKI1,62.0,89.0,46.0,5.0,27.0,26.0,89.0,PM25,SEDANG,ispu_2023.csv,,
2023-10-06,DKI1,59.0,86.0,46.0,5.0,39.0,26.0,86.0,PM25,SEDANG,ispu_2023.csv,,
2023-10-07,DKI1,72.0,107.0,46.0,5.0,30.0,38.0,107.0,PM25,TIDAK SEHAT,ispu_2023.csv,,
2023-10-08,DKI1,64.0,92.0,49.0,4.0,29.0,27.0,92.0,PM25,SEDANG,ispu_2023.csv,,
2023-10-09,DKI1,58.0,85.0,48.0,5.0,25.0,23.0,85.0,PM25,SEDANG,ispu_2023.csv,,
2023-10-10,DKI1,59.0,78.0,50.0,5.0,36.0,26.0,78.0,PM25,SEDANG,ispu_2023.csv,,
2023-10-11,DKI1,53.0,74.0,48.0,4.0,31.0,26.0,74.0,PM25,SEDANG,ispu_2023.csv,,
2023-10-12,DKI1,62.0,93.0,47.0,4.0,34.0,33.0,93.0,PM25,SEDANG,ispu_2023.csv,,
2023-10-13,DKI1,63.0,89.0,47.0,3.0,41.0,26.0,89.0,PM25,SEDANG,ispu_2023.csv,,
2023-10-14,DKI1,65.0,102.0,47.0,,24.0,32.0,102.0,PM25,TIDAK SEHAT,ispu_2023.csv,,
2023-10-15,DKI1,62.0,98.0,48.0,,25.0,22.0,98.0,PM25,SEDANG,ispu_2023.csv,,
2023-10-16,DKI1,59.0,96.0,50.0,,31.0,24.0,96.0,PM25,SEDANG,ispu_2023.csv,,
2023-10-17,DKI1,61.0,93.0,49.0,,43.0,25.0,93.0,PM25,SEDANG,ispu_2023.csv,,
2023-10-18,DKI1,64.0,108.0,50.0,9.0,29.0,34.0,108.0,PM25,TIDAK SEHAT,ispu_2023.csv,,
2023-10-19,DKI1,65.0,93.0,51.0,9.0,25.0,30.0,93.0,PM25,SEDANG,ispu_2023.csv,,
2023-10-20,DKI1,62.0,78.0,50.0,6.0,29.0,23.0,78.0,PM25,SEDANG,ispu_2023.csv,,
2023-10-21,DKI1,63.0,88.0,49.0,6.0,24.0,33.0,88.0,PM25,SEDANG,ispu_2023.csv,,
2023-10-22,DKI1,60.0,91.0,47.0,4.0,37.0,25.0,91.0,PM25,SEDANG,ispu_2023.csv,,
2023-10-23,DKI1,62.0,86.0,48.0,6.0,37.0,27.0,86.0,PM25,SEDANG,ispu_2023.csv,,
2023-10-24,DKI1,63.0,96.0,47.0,5.0,21.0,35.0,96.0,PM25,SEDANG,ispu_2023.csv,,
2023-10-25,DKI1,58.0,81.0,44.0,5.0,31.0,32.0,81.0,PM25,SEDANG,ispu_2023.csv,,
2023-10-26,DKI1,65.0,99.0,46.0,8.0,31.0,37.0,99.0,PM25,SEDANG,ispu_2023.csv,,
2023-10-27,DKI1,67.0,102.0,47.0,8.0,29.0,36.0,102.0,PM25,TIDAK SEHAT,ispu_2023.csv,,
2023-10-28,DKI1,66.0,97.0,47.0,6.0,34.0,36.0,97.0,PM25,SEDANG,ispu_2023.csv,,
2023-10-29,DKI1,65.0,94.0,47.0,7.0,36.0,26.0,94.0,PM25,SEDANG,ispu_2023.csv,,
2023-10-30,DKI1,59.0,83.0,45.0,6.0,40.0,29.0,83.0,PM25,SEDANG,ispu_2023.csv,,
2023-10-31,DKI1,67.0,95.0,45.0,5.0,48.0,33.0,95.0,PM25,SEDANG,ispu_2023.csv,,
2023-11-01,DKI1,61.0,86.0,42.0,8.0,38.0,41.0,86.0,PM25,SEDANG,ispu_2023.csv,,
2023-11-02,DKI1,58.0,84.0,42.0,6.0,35.0,38.0,84.0,PM25,SEDANG,ispu_2023.csv,,
2023-11-03,DKI1,64.0,89.0,43.0,9.0,39.0,37.0,89.0,PM25,SEDANG,ispu_2023.csv,,
2023-11-04,DKI1,68.0,97.0,45.0,8.0,33.0,41.0,97.0,PM25,SEDANG,ispu_2023.csv,,
2023-11-05,DKI1,51.0,63.0,44.0,8.0,40.0,29.0,63.0,PM25,SEDANG,ispu_2023.csv,,
2023-11-06,DKI1,53.0,73.0,43.0,8.0,34.0,29.0,73.0,PM25,SEDANG,ispu_2023.csv,,
2023-11-07,DKI1,60.0,85.0,43.0,7.0,37.0,30.0,85.0,PM25,SEDANG,ispu_2023.csv,,
2023-11-08,DKI1,55.0,74.0,41.0,6.0,40.0,25.0,74.0,PM25,SEDANG,ispu_2023.csv,,
2023-11-09,DKI1,61.0,89.0,44.0,6.0,46.0,30.0,89.0,PM25,SEDANG,ispu_2023.csv,,
2023-11-10,DKI1,64.0,107.0,44.0,8.0,41.0,33.0,107.0,PM25,TIDAK SEHAT,ispu_2023.csv,,
2023-11-11,DKI1,64.0,89.0,39.0,15.0,35.0,30.0,89.0,PM25,SEDANG,ispu_2023.csv,,
2023-11-12,DKI1,57.0,79.0,42.0,16.0,45.0,25.0,79.0,PM25,SEDANG,ispu_2023.csv,,
2023-11-13,DKI1,58.0,81.0,43.0,18.0,36.0,29.0,81.0,PM25,SEDANG,ispu_2023.csv,,
2023-11-14,DKI1,57.0,79.0,43.0,16.0,34.0,26.0,79.0,PM25,SEDANG,ispu_2023.csv,,
2023-11-15,DKI1,47.0,66.0,40.0,16.0,38.0,30.0,66.0,PM25,SEDANG,ispu_2023.csv,,
2023-11-16,DKI1,57.0,81.0,42.0,16.0,41.0,37.0,81.0,PM25,SEDANG,ispu_2023.csv,,
2023-11-17,DKI1,52.0,75.0,41.0,16.0,40.0,36.0,75.0,PM25,SEDANG,ispu_2023.csv,,
2023-11-18,DKI1,53.0,120.0,41.0,14.0,34.0,31.0,120.0,PM25,TIDAK SEHAT,ispu_2023.csv,,
2023-11-19,DKI1,54.0,80.0,43.0,16.0,32.0,24.0,80.0,PM25,SEDANG,ispu_2023.csv,,
2023-11-20,DKI1,52.0,75.0,43.0,15.0,39.0,24.0,75.0,PM25,SEDANG,ispu_2023.csv,,
2023-11-21,DKI1,57.0,87.0,44.0,15.0,36.0,30.0,87.0,PM25,SEDANG,ispu_2023.csv,,
2023-11-22,DKI1,50.0,69.0,42.0,13.0,43.0,30.0,69.0,PM25,SEDANG,ispu_2023.csv,,
2023-11-23,DKI1,56.0,93.0,44.0,11.0,38.0,30.0,93.0,PM25,SEDANG,ispu_2023.csv,,
2023-11-24,DKI1,70.0,101.0,44.0,11.0,33.0,38.0,101.0,PM25,TIDAK SEHAT,ispu_2023.csv,,
2023-11-25,DKI1,65.0,83.0,43.0,14.0,4.0,29.0,83.0,PM25,SEDANG,ispu_2023.csv,,
2023-11-26,DKI1,55.0,75.0,43.0,15.0,15.0,25.0,75.0,PM25,SEDANG,ispu_2023.csv,,
2023-11-27,DKI1,58.0,76.0,43.0,14.0,31.0,26.0,76.0,PM25,SEDANG,ispu_2023.csv,,
2023-11-28,DKI1,62.0,96.0,45.0,15.0,29.0,34.0,96.0,PM25,SEDANG,ispu_2023.csv,,
2023-11-29,DKI1,58.0,82.0,44.0,11.0,31.0,26.0,82.0,PM25,SEDANG,ispu_2023.csv,,
2023-11-30,DKI1,38.0,67.0,43.0,12.0,34.0,34.0,67.0,PM25,SEDANG,ispu_2023.csv,,
2024-01-01,DKI1,64.0,89.0,52.0,9.0,13.0,30.0,89.0,PM25,SEDANG,ispu_2024-2025.xls,,
2024-01-02,DKI1,53.0,93.0,52.0,4.0,12.0,28.0,93.0,PM25,SEDANG,ispu_2024-2025.xls,,
2024-01-03,DKI1,52.0,57.0,52.0,6.0,12.0,27.0,57.0,PM25,SEDANG,ispu_2024-2025.xls,,
2024-01-04,DKI1,30.0,,112.0,20.0,8.0,77.0,112.0,SO2,TIDAK SEHAT,ispu_2024-2025.xls,,
2024-01-05,DKI1,22.0,54.0,46.0,15.0,24.0,44.0,54.0,PM25,SEDANG,ispu_2024-2025.xls,,
2024-01-06,DKI1,49.0,68.0,46.0,12.0,38.0,36.0,68.0,PM25,SEDANG,ispu_2024-2025.xls,,
2024-01-07,DKI1,52.0,77.0,45.0,14.0,34.0,44.0,77.0,PM25,SEDANG,ispu_2024-2025.xls,,
2024-01-08,DKI1,49.0,52.0,46.0,10.0,27.0,32.0,52.0,PM25,SEDANG,ispu_2024-2025.xls,,
2024-01-09,DKI1,50.0,62.0,48.0,13.0,25.0,31.0,62.0,PM25,SEDANG,ispu_2024-2025.xls,,
2024-01-10,DKI1,49.0,66.0,49.0,10.0,34.0,41.0,66.0,PM25,SEDANG,ispu_2024-2025.xls,,
2024-01-11,DKI1,51.0,58.0,47.0,10.0,24.0,36.0,58.0,PM25,SEDANG,ispu_2024-2025.xls,,
2024-01-12,DKI1,30.0,26.0,45.0,8.0,18.0,21.0,45.0,SO2,BAIK,ispu_2024-2025.xls,,
2024-01-13,DKI1,34.0,53.0,46.0,8.0,25.0,25.0,53.0,PM25,SEDANG,ispu_2024-2025.xls,,
2024-01-14,DKI1,39.0,49.0,45.0,6.0,20.0,20.0,49.0,PM25,BAIK,ispu_2024-2025.xls,,
2024-01-15,DKI1,55.0,72.0,47.0,10.0,21.0,30.0,72.0,PM25,SEDANG,ispu_2024-2025.xls,,
2024-01-16,DKI1,41.0,47.0,48.0,10.0,25.0,24.0,48.0,SO2,BAIK,ispu_2024-2025.xls,,
2024-01-17,DKI1,45.0,54.0,51.0,8.0,16.0,30.0,54.0,PM25,SEDANG,ispu_2024-2025.xls,,
2024-01-18,DKI1,45.0,58.0,47.0,11.0,14.0,27.0,58.0,PM25,SEDANG,ispu_2024-2025.xls,,
2024-01-19,DKI1,19.0,31.0,46.0,,12.0,20.0,46.0,SO2,BAIK,ispu_2024-2025.xls,,
2024-01-20,DKI1,26.0,28.0,44.0,,17.0,17.0,44.0,SO2,BAIK,ispu_2024-2025.xls,,
2024-01-21,DKI1,36.0,50.0,46.0,6.0,15.0,14.0,50.0,PM25,BAIK,ispu_2024-2025.xls,,
2024-01-22,DKI1,24.0,26.0,44.0,3.0,17.0,11.0,44.0,SO2,BAIK,ispu_2024-2025.xls,,
2024-01-23,DKI1,20.0,38.0,44.0,5.0,15.0,12.0,44.0,SO2,BAIK,ispu_2024-2025.xls,,
2024-01-24,DKI1,31.0,37.0,45.0,8.0,14.0,14.0,45.0,SO2,BAIK,ispu_2024-2025.xls,,
2024-01-25,DKI1,43.0,56.0,48.0,11.0,14.0,22.0,56.0,PM25,SEDANG,ispu_2024-2025.xls,,
2024-01-26,DKI1,39.0,59.0,48.0,9.0,17.0,26.0,59.0,PM25,SEDANG,ispu_2024-2025.xls,,
2024-01-27,DKI1,21.0,18.0,45.0,,17.0,22.0,45.0,SO2,BAIK,ispu_2024-2025.xls,,
2024-01-28,DKI1,35.0,53.0,45.0,13.0,17.0,30.0,53.0,PM25,SEDANG,ispu_2024-2025.xls,,
2024-01-29,DKI1,30.0,,44.0,8.0,17.0,28.0,44.0,SO2,BAIK,ispu_2024-2025.xls,,
2024-01-30,DKI1,39.0,67.0,46.0,31.0,14.0,28.0,67.0,PM25,SEDANG,ispu_2024-2025.xls,,
2024-01-31,DKI1,25.0,49.0,47.0,19.0,24.0,30.0,49.0,PM25,BAIK,ispu_2024-2025.xls,,
2024-02-01,DKI1,52.0,72.0,49.0,17.0,18.0,37.0,72.0,PM25,SEDANG,ispu_2024-2025.xls,,
2024-02-02,DKI1,50.0,62.0,49.0,12.0,19.0,26.0,62.0,PM25,SEDANG,ispu_2024-2025.xls,,
2024-02-03,DKI1,33.0,51.0,48.0,10.0,20.0,22.0,51.0,PM25,SEDANG,ispu_2024-2025.xls,,
2024-02-04,DKI1,24.0,38.0,46.0,9.0,16.0,14.0,46.0,SO2,BAIK,ispu_2024-2025.xls,,
2024-02-05,DKI1,38.0,67.0,47.0,13.0,18.0,28.0,67.0,PM25,SEDANG,ispu_2024-2025.xls,,
2024-02-06,DKI1,47.0,61.0,47.0,9.0,18.0,32.0,61.0,PM25,SEDANG,ispu_2024-2025.xls,,
2024-02-07,DKI1,32.0,49.0,49.0,8.0,15.0,22.0,49.0,PM25,BAIK,ispu_2024-2025.xls,,
2024-02-08,DKI1,42.0,60.0,47.0,6.0,15.0,20.0,60.0,PM25,SEDANG,ispu_2024-2025.xls,,
2024-02-09,DKI1,51.0,72.0,51.0,6.0,21.0,31.0,72.0,PM25,SEDANG,ispu_2024-2025.xls,,
2024-02-10,DKI1,46.0,57.0,51.0,7.0,28.0,20.0,57.0,PM25,SEDANG,ispu_2024-2025.xls,,
2024-02-11,DKI1,39.0,57.0,50.0,9.0,23.0,23.0,57.0,PM25,SEDANG,ispu_2024-2025.xls,,
2024-02-12,DKI1,33.0,54.0,50.0,7.0,25.0,23.0,54.0,PM25,SEDANG,ispu_2024-2025.xls,,
2024-02-13,DKI1,39.0,52.0,51.0,7.0,26.0,28.0,52.0,PM25,SEDANG,ispu_2024-2025.xls,,
2024-02-14,DKI1,25.0,38.0,52.0,8.0,26.0,24.0,52.0,SO2,SEDANG,ispu_2024-2025.xls,,
2024-02-15,DKI1,35.0,55.0,,18.0,22.0,29.0,55.0,PM25,SEDANG,ispu_2024-2025.xls,,
2024-02-16,DKI1,57.0,73.0,20.0,28.0,20.0,40.0,73.0,PM25,SEDANG,ispu_2024-2025.xls,,
2024-02-17,DKI1,36.0,50.0,16.0,21.0,23.0,23.0,50.0,PM25,BAIK,ispu_2024-2025.xls,,
2024-02-18,DKI1,38.0,55.0,15.0,20.0,24.0,26.0,55.0,PM25,SEDANG,ispu_2024-2025.xls,,
2024-02-19,DKI1,46.0,66.0,16.0,24.0,14.0,39.0,66.0,PM25,SEDANG,ispu_2024-2025.xls,,
2024-02-20,DKI1,42.0,61.0,16.0,21.0,21.0,31.0,61.0,PM25,SEDANG,ispu_2024-2025.xls,,
2024-02-21,DKI1,52.0,73.0,20.0,32.0,24.0,37.0,73.0,PM25,SEDANG,ispu_2024-2025.xls,,
2024-02-22,DKI1,56.0,73.0,19.0,22.0,23.0,35.0,73.0,PM25,SEDANG,ispu_2024-2025.xls,,
2024-02-23,DKI1,38.0,56.0,16.0,20.0,23.0,29.0,56.0,PM25,SEDANG,ispu_2024-2025.xls,,
2024-02-24,DKI1,38.0,57.0,20.0,20.0,12.0,19.0,57.0,PM25,SEDANG,ispu_2024-2025.xls,,
2024-02-25,DKI1,26.0,37.0,20.0,16.0,22.0,19.0,37.0,PM25,BAIK,ispu_2024-2025.xls,,
2024-02-26,DKI1,25.0,42.0,13.0,17.0,18.0,24.0,42.0,PM25,BAIK,ispu_2024-2025.xls,,
2024-02-27,DKI1,44.0,63.0,14.0,25.0,16.0,32.0,63.0,PM25,SEDANG,ispu_2024-2025.xls,,
2024-02-28,DKI1,43.0,59.0,14.0,21.0,13.0,31.0,59.0,PM25,SEDANG,ispu_2024-2025.xls,,
2024-02-29,DKI1,33.0,44.0,13.0,22.0,14.0,29.0,44.0,PM25,BAIK,ispu_2024-2025.xls,,
2024-03-01,DKI1,45.0,62.0,14.0,30.0,23.0,37.0,62.0,PM25,SEDANG,ispu_2024-2025.xls,,
2024-03-02,DKI1,43.0,64.0,17.0,22.0,15.0,37.0,64.0,PM25,SEDANG,ispu_2024-2025.xls,,
2024-03-03,DKI1,33.0,51.0,17.0,20.0,22.0,27.0,51.0,PM25,SEDANG,ispu_2024-2025.xls,,
2024-03-04,DKI1,34.0,54.0,14.0,19.0,20.0,25.0,54.0,PM25,SEDANG,ispu_2024-2025.xls,,
2024-03-05,DKI1,24.0,43.0,13.0,19.0,20.0,22.0,43.0,PM25,BAIK,ispu_2024-2025.xls,,
2024-03-06,DKI1,25.0,38.0,15.0,17.0,17.0,21.0,38.0,PM25,BAIK,ispu_2024-2025.xls,,
2024-03-07,DKI1,23.0,35.0,14.0,17.0,20.0,21.0,35.0,PM25,BAIK,ispu_2024-2025.xls,,
2024-03-08,DKI1,19.0,34.0,13.0,15.0,22.0,15.0,34.0,PM25,BAIK,ispu_2024-2025.xls,,
2024-03-09,DKI1,29.0,30.0,17.0,17.0,19.0,21.0,30.0,PM25,BAIK,ispu_2024-2025.xls,,
2024-03-10,DKI1,53.0,72.0,17.0,27.0,20.0,35.0,72.0,PM25,SEDANG,ispu_2024-2025.xls,,
2024-03-11,DKI1,35.0,47.0,12.0,17.0,14.0,21.0,47.0,PM25,BAIK,ispu_2024-2025.xls,,
2024-03-12,DKI1,31.0,50.0,11.0,13.0,21.0,19.0,50.0,PM25,BAIK,ispu_2024-2025.xls,,
2024-03-13,DKI1,42.0,60.0,14.0,15.0,19.0,25.0,60.0,PM25,SEDANG,ispu_2024-2025.xls,,
2024-03-14,DKI1,36.0,52.0,12.0,17.0,17.0,29.0,52.0,PM25,SEDANG,ispu_2024-2025.xls,,
2024-03-15,DKI1,32.0,44.0,15.0,16.0,22.0,22.0,44.0,PM25,BAIK,ispu_2024-2025.xls,,
2024-03-16,DKI1,23.0,27.0,13.0,13.0,23.0,20.0,27.0,PM25,BAIK,ispu_2024-2025.xls,,
2024-03-17,DKI1,24.0,37.0,14.0,12.0,21.0,16.0,37.0,PM25,BAIK,ispu_2024-2025.xls,,
2024-03-18,DKI1,22.0,35.0,16.0,11.0,20.0,17.0,35.0,PM25,BAIK,ispu_2024-2025.xls,,
2024-03-19,DKI1,29.0,47.0,14.0,13.0,18.0,18.0,47.0,PM25,BAIK,ispu_2024-2025.xls,,
2024-03-20,DKI1,27.0,47.0,13.0,17.0,10.0,16.0,47.0,PM25,BAIK,ispu_2024-2025.xls,,
2024-03-21,DKI1,28.0,51.0,18.0,16.0,11.0,18.0,51.0,PM25,SEDANG,ispu_2024-2025.xls,,
2024-03-22,DKI1,24.0,28.0,10.0,17.0,17.0,26.0,28.0,PM25,BAIK,ispu_2024-2025.xls,,
2024-03-23,DKI1,63.0,100.0,15.0,31.0,30.0,47.0,100.0,PM25,SEDANG,ispu_2024-2025.xls,,
2024-03-24,DKI1,52.0,71.0,13.0,15.0,38.0,30.0,71.0,PM25,SEDANG,ispu_2024-2025.xls,,
2024-03-25,DKI1,44.0,64.0,13.0,16.0,25.0,39.0,64.0,PM25,SEDANG,ispu_2024-2025.xls,,
2024-03-26,DKI1,52.0,73.0,13.0,21.0,25.0,37.0,73.0,PM25,SEDANG,ispu_2024-2025.xls,,
2024-03-27,DKI1,57.0,77.0,13.0,22.0,17.0,43.0,77.0,PM25,SEDANG,ispu_2024-2025.xls,,
2024-03-28,DKI1,62.0,92.0,19.0,22.0,33.0,45.0,92.0,PM25,SEDANG,ispu_2024-2025.xls,,
2024-03-29,DKI1,62.0,90.0,16.0,19.0,35.0,50.0,90.0,PM25,SEDANG,ispu_2024-2025.xls,,
2024-03-30,DKI1,56.0,75.0,16.0,21.0,29.0,44.0,75.0,PM25,SEDANG,ispu_2024-2025.xls,,
2024-03-31,DKI1,53.0,79.0,12.0,23.0,32.0,41.0,79.0,PM25,SEDANG,ispu_2024-2025.xls,,
2024-04-01,DKI1,63.0,96.0,11.0,26.0,27.0,52.0,96.0,PM25,SEDANG,ispu_2024-2025.xls,,
2024-04-02,DKI1,67.0,97.0,14.0,28.0,28.0,62.0,97.0,PM25,SEDANG,ispu_2024-2025.xls,,
2024-04-03,DKI1,62.0,78.0,13.0,25.0,24.0,52.0,78.0,PM25,SEDANG,ispu_2024-2025.xls,,
2024-04-04,DKI1,48.0,63.0,12.0,30.0,24.0,51.0,63.0,PM25,SEDANG,ispu_2024-2025.xls,,
2024-04-05,DKI1,67.0,102.0,13.0,34.0,26.0,58.0,102.0,PM25,TIDAK SEHAT,ispu_2024-2025.xls,,
2024-04-06,DKI1,58.0,83.0,15.0,28.0,29.0,39.0,83.0,PM25,SEDANG,ispu_2024-2025.xls,,
2024-04-07,DKI1,48.0,68.0,12.0,22.0,36.0,34.0,68.0,PM25,SEDANG,ispu_2024-2025.xls,,
2024-04-08,DKI1,50.0,65.0,13.0,19.0,44.0,31.0,65.0,PM25,SEDANG,ispu_2024-2025.xls,,
2024-04-09,DKI1,40.0,62.0,15.0,20.0,34.0,24.0,62.0,PM25,SEDANG,ispu_2024-2025.xls,,
2024-04-10,DKI1,55.0,76.0,14.0,26.0,37.0,34.0,76.0,PM25,SEDANG,ispu_2024-2025.xls,,
2024-04-11,DKI1,40.0,54.0,10.0,18.0,31.0,26.0,54.0,PM25,SEDANG,ispu_2024-2025.xls,,
2024-04-12,DKI1,24.0,45.0,9.0,15.0,30.0,24.0,45.0,PM25,BAIK,ispu_2024-2025.xls,,
2024-04-13,DKI1,33.0,53.0,10.0,20.0,31.0,29.0,53.0,PM25,SEDANG,ispu_2024-2025.xls,,
2024-04-14,DKI1,27.0,47.0,9.0,17.0,34.0,23.0,47.0,PM25,BAIK,ispu_2024-2025.xls,,
2024-04-15,DKI1,27.0,46.0,9.0,19.0,27.0,25.0,46.0,PM25,BAIK,ispu_2024-2025.xls,,
2024-04-16,DKI1,32.0,52.0,13.0,17.0,25.0,20.0,52.0,PM25,SEDANG,ispu_2024-2025.xls,,
2024-04-17,DKI1,46.0,69.0,12.0,21.0,35.0,32.0,69.0,PM25,SEDANG,ispu_2024-2025.xls,,
2024-04-18,DKI1,44.0,60.0,11.0,24.0,33.0,37.0,60.0,PM25,SEDANG,ispu_2024-2025.xls,,
2024-04-19,DKI1,41.0,60.0,14.0,21.0,25.0,38.0,60.0,PM25,SEDANG,ispu_2024-2025.xls,,
2024-04-20,DKI1,57.0,77.0,20.0,22.0,24.0,33.0,77.0,PM25,SEDANG,ispu_2024-2025.xls,,
2024-04-21,DKI1,40.0,52.0,13.0,18.0,24.0,25.0,52.0,PM25,SEDANG,ispu_2024-2025.xls,,
2024-04-22,DKI1,53.0,71.0,13.0,22.0,23.0,40.0,71.0,PM25,SEDANG,ispu_2024-2025.xls,,
2024-04-23,DKI1,52.0,70.0,14.0,25.0,17.0,41.0,70.0,PM25,SEDANG,ispu_2024-2025.xls,,
2024-04-24,DKI1,50.0,71.0,13.0,25.0,22.0,49.0,71.0,PM25,SEDANG,ispu_2024-2025.xls,,
2024-04-25,DKI1,52.0,69.0,11.0,23.0,31.0,51.0,69.0,PM25,SEDANG,ispu_2024-2025.xls,,
2024-04-26,DKI1,41.0,58.0,13.0,19.0,26.0,35.0,58.0,PM25,SEDANG,ispu_2024-2025.xls,,
2024-04-27,DKI1,53.0,73.0,19.0,22.0,20.0,34.0,73.0,PM25,SEDANG,ispu_2024-2025.xls,,
2024-04-28,DKI1,51.0,74.0,13.0,25.0,28.0,34.0,74.0,PM25,SEDANG,ispu_2024-2025.xls,,
2024-04-29,DKI1,50.0,65.0,13.0,17.0,28.0,28.0,65.0,PM25,SEDANG,ispu_2024-2025.xls,,
2024-04-30,DKI1,53.0,70.0,16.0,18.0,27.0,33.0,70.0,PM25,SEDANG,ispu_2024-2025.xls,,
2024-05-01,DKI1,47.0,63.0,15.0,19.0,26.0,34.0,63.0,PM25,SEDANG,ispu_2024-2025.xls,,
2024-05-02,DKI1,54.0,75.0,14.0,18.0,27.0,30.0,75.0,PM25,SEDANG,ispu_2024-2025.xls,,
2024-05-03,DKI1,58.0,85.0,13.0,24.0,30.0,43.0,85.0,PM25,SEDANG,ispu_2024-2025.xls,,
2024-05-04,DKI1,62.0,87.0,14.0,24.0,25.0,50.0,87.0,PM25,SEDANG,ispu_2024-2025.xls,,
2024-05-05,DKI1,60.0,88.0,14.0,27.0,22.0,47.0,88.0,PM25,SEDANG,ispu_2024-2025.xls,,
2024-05-06,DKI1,59.0,82.0,15.0,18.0,26.0,38.0,82.0,PM25,SEDANG,ispu_2024-2025.xls,,
2024-05-07,DKI1,64.0,92.0,16.0,20.0,23.0,42.0,92.0,PM25,SEDANG,ispu_2024-2025.xls,,
2024-05-08,DKI1,63.0,87.0,19.0,18.0,20.0,47.0,87.0,PM25,SEDANG,ispu_2024-2025.xls,,
2024-05-09,DKI1,62.0,93.0,16.0,18.0,22.0,44.0,93.0,PM25,SEDANG,ispu_2024-2025.xls,,
2024-05-10,DKI1,56.0,84.0,19.0,12.0,30.0,27.0,84.0,PM25,SEDANG,ispu_2024-2025.xls,,
2024-05-11,DKI1,52.0,74.0,18.0,11.0,28.0,27.0,74.0,PM25,SEDANG,ispu_2024-2025.xls,,
2024-05-12,DKI1,53.0,75.0,18.0,10.0,28.0,27.0,75.0,PM25,SEDANG,ispu_2024-2025.xls,,
2024-05-13,DKI1,52.0,64.0,16.0,8.0,25.0,25.0,64.0,PM25,SEDANG,ispu_2024-2025.xls,,
2024-05-14,DKI1,61.0,85.0,18.0,10.0,28.0,39.0,85.0,PM25,SEDANG,ispu_2024-2025.xls,,
2024-05-15,DKI1,62.0,78.0,14.0,20.0,26.0,40.0,78.0,PM25,SEDANG,ispu_2024-2025.xls,,
2024-05-16,DKI1,65.0,98.0,19.0,17.0,28.0,40.0,98.0,PM25,SEDANG,ispu_2024-2025.xls,,
2024-05-17,DKI1,64.0,86.0,17.0,17.0,21.0,39.0,86.0,PM25,SEDANG,ispu_2024-2025.xls,,
2024-05-18,DKI1,67.0,97.0,18.0,20.0,18.0,48.0,97.0,PM25,SEDANG,ispu_2024-2025.xls,,
2024-05-19,DKI1,63.0,92.0,15.0,17.0,25.0,36.0,92.0,PM25,SEDANG,ispu_2024-2025.xls,,
2024-05-20,DKI1,65.0,91.0,17.0,15.0,26.0,32.0,91.0,PM25,SEDANG,ispu_2024-2025.xls,,
2024-05-21,DKI1,62.0,97.0,25.0,14.0,23.0,45.0,97.0,PM25,SEDANG,ispu_2024-2025.xls,,
2024-05-22,DKI1,65.0,92.0,20.0,12.0,24.0,37.0,92.0,PM25,SEDANG,ispu_2024-2025.xls,,
2024-05-23,DKI1,59.0,78.0,20.0,11.0,22.0,32.0,78.0,PM25,SEDANG,ispu_2024-2025.xls,,
2024-05-24,DKI1,60.0,74.0,16.0,13.0,19.0,30.0,74.0,PM25,SEDANG,ispu_2024-2025.xls,,
2024-05-25,DKI1,39.0,53.0,12.0,15.0,16.0,30.0,53.0,PM25,SEDANG,ispu_2024-2025.xls,,
2024-05-26,DKI1,61.0,82.0,26.0,21.0,19.0,38.0,82.0,PM25,SEDANG,ispu_2024-2025.xls,,
2024-05-27,DKI1,64.0,92.0,22.0,15.0,25.0,39.0,92.0,PM25,SEDANG,ispu_2024-2025.xls,,
2024-05-28,DKI1,67.0,100.0,18.0,14.0,29.0,42.0,100.0,PM25,SEDANG,ispu_2024-2025.xls,,
2024-05-29,DKI1,64.0,86.0,19.0,10.0,32.0,36.0,86.0,PM25,SEDANG,ispu_2024-2025.xls,,
2024-05-30,DKI1,59.0,85.0,19.0,8.0,29.0,38.0,85.0,PM25,SEDANG,ispu_2024-2025.xls,,
2024-05-31,DKI1,70.0,101.0,17.0,10.0,27.0,44.0,101.0,PM25,TIDAK SEHAT,ispu_2024-2025.xls,,
2024-06-01,DKI1,73.0,102.0,16.0,8.0,22.0,48.0,102.0,PM25,TIDAK SEHAT,ispu_2024-2025.xls,,
2024-06-02,DKI1,67.0,95.0,14.0,5.0,24.0,45.0,95.0,PM25,SEDANG,ispu_2024-2025.xls,,
2024-06-03,DKI1,50.0,61.0,11.0,5.0,24.0,40.0,61.0,PM25,SEDANG,ispu_2024-2025.xls,,
2024-06-04,DKI1,58.0,76.0,14.0,5.0,26.0,44.0,76.0,PM25,SEDANG,ispu_2024-2025.xls,,
2024-06-05,DKI1,63.0,88.0,17.0,6.0,27.0,51.0,88.0,PM25,SEDANG,ispu_2024-2025.xls,,
2024-06-06,DKI1,55.0,77.0,16.0,5.0,16.0,42.0,77.0,PM25,SEDANG,ispu_2024-2025.xls,,
2024-06-07,DKI1,58.0,82.0,16.0,,24.0,41.0,82.0,PM25,SEDANG,ispu_2024-2025.xls,,
2024-06-08,DKI1,62.0,88.0,16.0,25.0,22.0,40.0,88.0,PM25,SEDANG,ispu_2024-2025.xls,,
2024-06-09,DKI1,63.0,87.0,18.0,23.0,27.0,32.0,87.0,PM25,SEDANG,ispu_2024-2025.xls,,
2024-06-10,DKI1,69.0,99.0,14.0,34.0,19.0,50.0,99.0,PM25,SEDANG,ispu_2024-2025.xls,,
2024-06-11,DKI1,60.0,79.0,18.0,26.0,31.0,37.0,79.0,PM25,SEDANG,ispu_2024-2025.xls,,
2024-06-12,DKI1,58.0,76.0,12.0,35.0,26.0,51.0,76.0,PM25,SEDANG,ispu_2024-2025.xls,,
2024-06-13,DKI1,49.0,61.0,16.0,30.0,21.0,36.0,61.0,PM25,SEDANG,ispu_2024-2025.xls,,
2024-06-14,DKI1,52.0,66.0,18.0,25.0,23.0,33.0,66.0,PM25,SEDANG,ispu_2024-2025.xls,,
2024-06-15,DKI1,50.0,69.0,14.0,28.0,33.0,38.0,69.0,PM25,SEDANG,ispu_2024-2025.xls,,
2024-06-16,DKI1,54.0,73.0,9.0,26.0,41.0,42.0,73.0,PM25,SEDANG,ispu_2024-2025.xls,,
2024-06-17,DKI1,53.0,72.0,11.0,27.0,32.0,32.0,72.0,PM25,SEDANG,ispu_2024-2025.xls,,
2024-06-18,DKI1,63.0,98.0,13.0,24.0,33.0,30.0,98.0,PM25,SEDANG,ispu_2024-2025.xls,,
2024-06-19,DKI1,67.0,93.0,15.0,30.0,27.0,46.0,93.0,PM25,SEDANG,ispu_2024-2025.xls,,
2024-06-20,DKI1,62.0,87.0,16.0,25.0,24.0,37.0,87.0,PM25,SEDANG,ispu_2024-2025.xls,,
2024-06-21,DKI1,62.0,89.0,16.0,26.0,26.0,43.0,89.0,PM25,SEDANG,ispu_2024-2025.xls,,
2024-06-22,DKI1,63.0,90.0,15.0,25.0,30.0,41.0,90.0,PM25,SEDANG,ispu_2024-2025.xls,,
2024-06-23,DKI1,63.0,89.0,17.0,25.0,27.0,35.0,89.0,PM25,SEDANG,ispu_2024-2025.xls,,
2024-06-24,DKI1,57.0,85.0,15.0,26.0,20.0,40.0,85.0,PM25,SEDANG,ispu_2024-2025.xls,,
2024-06-25,DKI1,58.0,76.0,20.0,26.0,20.0,34.0,76.0,PM25,SEDANG,ispu_2024-2025.xls,,
2024-06-26,DKI1,51.0,65.0,13.0,30.0,23.0,29.0,65.0,PM25,SEDANG,ispu_2024-2025.xls,,
2024-06-27,DKI1,56.0,74.0,14.0,25.0,23.0,32.0,74.0,PM25,SEDANG,ispu_2024-2025.xls,,
2024-06-28,DKI1,53.0,67.0,12.0,27.0,24.0,33.0,67.0,PM25,SEDANG,ispu_2024-2025.xls,,
2024-06-29,DKI1,52.0,74.0,11.0,34.0,22.0,34.0,74.0,PM25,SEDANG,ispu_2024-2025.xls,,
2024-06-30,DKI1,41.0,58.0,10.0,24.0,23.0,33.0,58.0,PM25,SEDANG,ispu_2024-2025.xls,,
2024-07-01,DKI1,62.0,90.0,11.0,28.0,31.0,41.0,90.0,PM25,SEDANG,ispu_2024-2025.xls,,
2024-07-02,DKI1,55.0,74.0,9.0,26.0,25.0,38.0,74.0,PM25,SEDANG,ispu_2024-2025.xls,,
2024-07-03,DKI1,69.0,103.0,12.0,38.0,29.0,51.0,103.0,PM25,TIDAK SEHAT,ispu_2024-2025.xls,,
2024-07-04,DKI1,58.0,78.0,9.0,36.0,26.0,52.0,78.0,PM25,SEDANG,ispu_2024-2025.xls,,
2024-07-05,DKI1,53.0,66.0,10.0,28.0,21.0,41.0,66.0,PM25,SEDANG,ispu_2024-2025.xls,,
2024-07-06,DKI1,30.0,38.0,8.0,24.0,15.0,24.0,38.0,PM25,BAIK,ispu_2024-2025.xls,,
2024-07-07,DKI1,24.0,41.0,8.0,24.0,24.0,26.0,41.0,PM25,BAIK,ispu_2024-2025.xls,,
2024-07-08,DKI1,31.0,53.0,11.0,23.0,24.0,30.0,53.0,PM25,SEDANG,ispu_2024-2025.xls,,
2024-07-09,DKI1,43.0,66.0,8.0,31.0,28.0,49.0,66.0,PM25,SEDANG,ispu_2024-2025.xls,,
2024-07-10,DKI1,55.0,77.0,11.0,24.0,32.0,37.0,77.0,PM25,SEDANG,ispu_2024-2025.xls,,
2024-07-11,DKI1,64.0,94.0,13.0,32.0,25.0,50.0,94.0,PM25,SEDANG,ispu_2024-2025.xls,,
2024-07-12,DKI1,60.0,86.0,11.0,26.0,35.0,43.0,86.0,PM25,SEDANG,ispu_2024-2025.xls,,
2024-07-13,DKI1,66.0,93.0,15.0,30.0,23.0,50.0,93.0,PM25,SEDANG,ispu_2024-2025.xls,,
2024-07-14,DKI1,59.0,83.0,12.0,27.0,26.0,41.0,83.0,PM25,SEDANG,ispu_2024-2025.xls,,
2024-07-15,DKI1,58.0,85.0,15.0,25.0,28.0,40.0,85.0,PM25,SEDANG,ispu_2024-2025.xls,,
2024-07-16,DKI1,58.0,92.0,13.0,27.0,28.0,49.0,92.0,PM25,SEDANG,ispu_2024-2025.xls,,
2024-07-17,DKI1,59.0,88.0,17.0,26.0,20.0,45.0,88.0,PM25,SEDANG,ispu_2024-2025.xls,,
2024-07-18,DKI1,63.0,91.0,17.0,25.0,27.0,40.0,91.0,PM25,SEDANG,ispu_2024-2025.xls,,
2024-07-19,DKI1,58.0,84.0,15.0,25.0,23.0,38.0,84.0,PM25,SEDANG,ispu_2024-2025.xls,,
2024-07-20,DKI1,60.0,84.0,17.0,24.0,24.0,38.0,84.0,PM25,SEDANG,ispu_2024-2025.xls,,
2024-07-21,DKI1,59.0,87.0,13.0,24.0,26.0,35.0,87.0,PM25,SEDANG,ispu_2024-2025.xls,,
2024-07-22,DKI1,59.0,79.0,12.0,24.0,29.0,38.0,79.0,PM25,SEDANG,ispu_2024-2025.xls,,
2024-07-23,DKI1,63.0,92.0,16.0,25.0,33.0,41.0,92.0,PM25,SEDANG,ispu_2024-2025.xls,,
2024-07-24,DKI1,75.0,99.0,23.0,27.0,27.0,44.0,99.0,PM25,SEDANG,ispu_2024-2025.xls,,
2024-07-25,DKI1,61.0,83.0,16.0,26.0,28.0,43.0,83.0,PM25,SEDANG,ispu_2024-2025.xls,,
2024-07-26,DKI1,59.0,84.0,15.0,27.0,15.0,42.0,84.0,PM25,SEDANG,ispu_2024-2025.xls,,
2024-07-27,DKI1,64.0,94.0,17.0,24.0,18.0,37.0,94.0,PM25,SEDANG,ispu_2024-2025.xls,,
2024-07-28,DKI1,64.0,102.0,16.0,24.0,29.0,33.0,102.0,PM25,TIDAK SEHAT,ispu_2024-2025.xls,,
2024-07-29,DKI1,63.0,90.0,15.0,23.0,25.0,33.0,90.0,PM25,SEDANG,ispu_2024-2025.xls,,
2024-07-30,DKI1,63.0,96.0,16.0,26.0,20.0,44.0,96.0,PM25,SEDANG,ispu_2024-2025.xls,,
2024-07-31,DKI1,69.0,105.0,16.0,27.0,21.0,49.0,105.0,PM25,TIDAK SEHAT,ispu_2024-2025.xls,,
2024-08-01,DKI1,68.0,103.0,13.0,28.0,26.0,44.0,103.0,PM25,TIDAK SEHAT,ispu_2024-2025.xls,,
2024-08-02,DKI1,60.0,85.0,11.0,27.0,37.0,44.0,85.0,PM25,SEDANG,ispu_2024-2025.xls,,
2024-08-03,DKI1,47.0,64.0,10.0,28.0,26.0,45.0,64.0,PM25,SEDANG,ispu_2024-2025.xls,,
2024-08-04,DKI1,50.0,74.0,10.0,29.0,29.0,39.0,74.0,PM25,SEDANG,ispu_2024-2025.xls,,
2024-08-05,DKI1,53.0,78.0,10.0,26.0,23.0,37.0,78.0,PM25,SEDANG,ispu_2024-2025.xls,,
2024-08-06,DKI1,53.0,75.0,16.0,24.0,21.0,42.0,75.0,PM25,SEDANG,ispu_2024-2025.xls,,
2024-08-07,DKI1,62.0,91.0,13.0,26.0,27.0,42.0,91.0,PM25,SEDANG,ispu_2024-2025.xls,,
2024-08-08,DKI1,64.0,96.0,16.0,28.0,23.0,42.0,96.0,PM25,SEDANG,ispu_2024-2025.xls,,
2024-08-09,DKI1,61.0,91.0,15.0,25.0,19.0,33.0,91.0,PM25,SEDANG,ispu_2024-2025.xls,,
2024-08-10,DKI1,55.0,81.0,15.0,23.0,21.0,35.0,81.0,PM25,SEDANG,ispu_2024-2025.xls,,
2024-08-11,DKI1,56.0,77.0,12.0,22.0,28.0,28.0,77.0,PM25,SEDANG,ispu_2024-2025.xls,,
2024-08-12,DKI1,54.0,78.0,12.0,23.0,24.0,30.0,78.0,PM25,SEDANG,ispu_2024-2025.xls,,
2024-08-13,DKI1,62.0,93.0,19.0,26.0,25.0,44.0,93.0,PM25,SEDANG,ispu_2024-2025.xls,,
2024-08-14,DKI1,62.0,93.0,17.0,26.0,27.0,43.0,93.0,PM25,SEDANG,ispu_2024-2025.xls,,
2024-08-15,DKI1,63.0,90.0,14.0,26.0,38.0,38.0,90.0,PM25,SEDANG,ispu_2024-2025.xls,,
2024-08-16,DKI1,64.0,91.0,15.0,28.0,33.0,48.0,91.0,PM25,SEDANG,ispu_2024-2025.xls,,
2024-08-17,DKI1,65.0,92.0,15.0,25.0,31.0,44.0,92.0,PM25,SEDANG,ispu_2024-2025.xls,,
2024-08-18,DKI1,62.0,93.0,13.0,23.0,30.0,32.0,93.0,PM25,SEDANG,ispu_2024-2025.xls,,
2024-08-19,DKI1,60.0,86.0,13.0,24.0,32.0,38.0,86.0,PM25,SEDANG,ispu_2024-2025.xls,,
2024-08-20,DKI1,64.0,93.0,14.0,26.0,27.0,46.0,93.0,PM25,SEDANG,ispu_2024-2025.xls,,
2024-08-21,DKI1,67.0,96.0,17.0,27.0,27.0,47.0,96.0,PM25,SEDANG,ispu_2024-2025.xls,,
2024-08-22,DKI1,63.0,84.0,19.0,25.0,26.0,40.0,84.0,PM25,SEDANG,ispu_2024-2025.xls,,
2024-08-23,DKI1,56.0,77.0,12.0,23.0,28.0,32.0,77.0,PM25,SEDANG,ispu_2024-2025.xls,,
2024-08-24,DKI1,62.0,98.0,13.0,27.0,24.0,43.0,98.0,PM25,SEDANG,ispu_2024-2025.xls,,
2024-08-25,DKI1,66.0,90.0,13.0,25.0,28.0,37.0,90.0,PM25,SEDANG,ispu_2024-2025.xls,,
2024-08-26,DKI1,55.0,78.0,13.0,24.0,28.0,39.0,78.0,PM25,SEDANG,ispu_2024-2025.xls,,
2024-08-27,DKI1,69.0,106.0,14.0,30.0,36.0,50.0,106.0,PM25,TIDAK SEHAT,ispu_2024-2025.xls,,
2024-08-28,DKI1,62.0,86.0,14.0,24.0,33.0,41.0,86.0,PM25,SEDANG,ispu_2024-2025.xls,,
2024-08-29,DKI1,65.0,98.0,14.0,26.0,41.0,42.0,98.0,PM25,SEDANG,ispu_2024-2025.xls,,
2024-08-30,DKI1,68.0,98.0,15.0,28.0,30.0,46.0,98.0,PM25,SEDANG,ispu_2024-2025.xls,,
2024-08-31,DKI1,56.0,75.0,14.0,25.0,24.0,40.0,75.0,PM25,SEDANG,ispu_2024-2025.xls,,
2024-09-01,DKI1,54.0,72.0,12.0,22.0,27.0,32.0,72.0,PM25,SEDANG,ispu_2024-2025.xls,,
2024-09-02,DKI1,52.0,70.0,10.0,22.0,35.0,36.0,70.0,PM25,SEDANG,ispu_2024-2025.xls,,
2024-09-03,DKI1,55.0,79.0,10.0,28.0,23.0,44.0,79.0,PM25,SEDANG,ispu_2024-2025.xls,,
2024-09-04,DKI1,58.0,83.0,11.0,24.0,35.0,35.0,83.0,PM25,SEDANG,ispu_2024-2025.xls,,
2024-09-05,DKI1,52.0,71.0,12.0,24.0,18.0,33.0,71.0,PM25,SEDANG,ispu_2024-2025.xls,,
2024-09-06,DKI1,56.0,86.0,14.0,26.0,20.0,40.0,86.0,PM25,SEDANG,ispu_2024-2025.xls,,
2024-09-07,DKI1,54.0,79.0,12.0,22.0,25.0,26.0,79.0,PM25,SEDANG,ispu_2024-2025.xls,,
2024-09-08,DKI1,54.0,84.0,13.0,22.0,21.0,26.0,84.0,PM25,SEDANG,ispu_2024-2025.xls,,
2024-09-09,DKI1,48.0,65.0,12.0,22.0,21.0,26.0,65.0,PM25,SEDANG,ispu_2024-2025.xls,,
2024-09-10,DKI1,51.0,70.0,10.0,33.0,19.0,43.0,70.0,PM25,SEDANG,ispu_2024-2025.xls,,
2024-09-11,DKI1,39.0,58.0,12.0,23.0,26.0,33.0,58.0,PM25,SEDANG,ispu_2024-2025.xls,,
2024-09-12,DKI1,64.0,89.0,15.0,27.0,41.0,39.0,89.0,PM25,SEDANG,ispu_2024-2025.xls,,
2024-09-13,DKI1,53.0,74.0,10.0,29.0,36.0,44.0,74.0,PM25,SEDANG,ispu_2024-2025.xls,,
2024-09-14,DKI1,57.0,85.0,11.0,25.0,42.0,41.0,85.0,PM25,SEDANG,ispu_2024-2025.xls,,
2024-09-15,DKI1,60.0,86.0,12.0,27.0,38.0,35.0,86.0,PM25,SEDANG,ispu_2024-2025.xls,,
2024-09-16,DKI1,60.0,86.0,12.0,24.0,38.0,33.0,86.0,PM25,SEDANG,ispu_2024-2025.xls,,
2024-09-17,DKI1,55.0,79.0,14.0,24.0,40.0,37.0,79.0,PM25,SEDANG,ispu_2024-2025.xls,,
2024-09-18,DKI1,52.0,76.0,16.0,24.0,36.0,34.0,76.0,PM25,SEDANG,ispu_2024-2025.xls,,
2024-09-19,DKI1,61.0,83.0,15.0,27.0,37.0,46.0,83.0,PM25,SEDANG,ispu_2024-2025.xls,,
2024-09-20,DKI1,59.0,88.0,15.0,24.0,34.0,45.0,88.0,PM25,SEDANG,ispu_2024-2025.xls,,
2024-09-21,DKI1,61.0,94.0,14.0,25.0,36.0,39.0,94.0,PM25,SEDANG,ispu_2024-2025.xls,,
2024-09-22,DKI1,66.0,101.0,15.0,23.0,35.0,33.0,101.0,PM25,TIDAK SEHAT,ispu_2024-2025.xls,,
2024-09-23,DKI1,59.0,87.0,15.0,24.0,25.0,37.0,87.0,PM25,SEDANG,ispu_2024-2025.xls,,
2024-09-24,DKI1,56.0,74.0,15.0,24.0,33.0,31.0,74.0,PM25,SEDANG,ispu_2024-2025.xls,,
2024-09-25,DKI1,62.0,89.0,10.0,33.0,25.0,51.0,89.0,PM25,SEDANG,ispu_2024-2025.xls,,
2024-09-26,DKI1,57.0,71.0,10.0,29.0,22.0,48.0,71.0,PM25,SEDANG,ispu_2024-2025.xls,,
2024-09-27,DKI1,51.0,70.0,10.0,27.0,25.0,41.0,70.0,PM25,SEDANG,ispu_2024-2025.xls,,
2024-09-28,DKI1,56.0,85.0,13.0,28.0,24.0,37.0,85.0,PM25,SEDANG,ispu_2024-2025.xls,,
2024-09-29,DKI1,60.0,89.0,12.0,32.0,20.0,39.0,89.0,PM25,SEDANG,ispu_2024-2025.xls,,
2024-09-30,DKI1,51.0,70.0,13.0,25.0,15.0,40.0,70.0,PM25,SEDANG,ispu_2024-2025.xls,,
2024-10-01,DKI1,63.0,91.0,13.0,29.0,24.0,46.0,91.0,PM25,SEDANG,ispu_2024-2025.xls,,
2024-10-02,DKI1,61.0,85.0,13.0,27.0,23.0,52.0,85.0,PM25,SEDANG,ispu_2024-2025.xls,,
2024-10-03,DKI1,61.0,90.0,13.0,29.0,20.0,44.0,90.0,PM25,SEDANG,ispu_2024-2025.xls,,
2024-10-04,DKI1,59.0,82.0,16.0,26.0,21.0,40.0,82.0,PM25,SEDANG,ispu_2024-2025.xls,,
2024-10-05,DKI1,56.0,80.0,12.0,30.0,19.0,46.0,80.0,PM25,SEDANG,ispu_2024-2025.xls,,
2024-10-06,DKI1,52.0,73.0,10.0,27.0,27.0,40.0,73.0,PM25,SEDANG,ispu_2024-2025.xls,,
2024-10-07,DKI1,72.0,108.0,16.0,31.0,24.0,48.0,108.0,PM25,TIDAK SEHAT,ispu_2024-2025.xls,,
2024-10-08,DKI1,55.0,76.0,16.0,25.0,21.0,40.0,76.0,PM25,SEDANG,ispu_2024-2025.xls,,
2024-10-09,DKI1,55.0,76.0,13.0,26.0,24.0,41.0,76.0,PM25,SEDANG,ispu_2024-2025.xls,,
2024-10-10,DKI1,60.0,86.0,14.0,27.0,26.0,43.0,86.0,PM25,SEDANG,ispu_2024-2025.xls,,
2024-10-11,DKI1,60.0,83.0,15.0,28.0,18.0,47.0,83.0,PM25,SEDANG,ispu_2024-2025.xls,,
2024-10-12,DKI1,58.0,77.0,16.0,24.0,22.0,34.0,77.0,PM25,SEDANG,ispu_2024-2025.xls,,
2024-10-13,DKI1,63.0,92.0,11.0,27.0,26.0,33.0,92.0,PM25,SEDANG,ispu_2024-2025.xls,,
2024-10-14,DKI1,61.0,86.0,12.0,26.0,31.0,37.0,86.0,PM25,SEDANG,ispu_2024-2025.xls,,
2024-10-15,DKI1,53.0,71.0,13.0,24.0,35.0,40.0,71.0,PM25,SEDANG,ispu_2024-2025.xls,,
2024-10-16,DKI1,69.0,94.0,15.0,30.0,33.0,48.0,94.0,PM25,SEDANG,ispu_2024-2025.xls,,
2024-10-17,DKI1,59.0,70.0,14.0,26.0,32.0,44.0,70.0,PM25,SEDANG,ispu_2024-2025.xls,,
2024-10-18,DKI1,55.0,73.0,13.0,25.0,36.0,40.0,73.0,PM25,SEDANG,ispu_2024-2025.xls,,
2024-10-19,DKI1,65.0,82.0,14.0,26.0,39.0,37.0,82.0,PM25,SEDANG,ispu_2024-2025.xls,,
2024-10-20,DKI1,61.0,82.0,14.0,36.0,20.0,34.0,82.0,PM25,SEDANG,ispu_2024-2025.xls,,
2024-10-21,DKI1,51.0,82.0,12.0,23.0,28.0,32.0,82.0,PM25,SEDANG,ispu_2024-2025.xls,,
2024-10-22,DKI1,64.0,94.0,14.0,28.0,32.0,51.0,94.0,PM25,SEDANG,ispu_2024-2025.xls,,
2024-10-23,DKI1,57.0,84.0,12.0,24.0,40.0,38.0,84.0,PM25,SEDANG,ispu_2024-2025.xls,,
2024-10-24,DKI1,52.0,78.0,10.0,23.0,34.0,35.0,78.0,PM25,SEDANG,ispu_2024-2025.xls,,
2024-10-25,DKI1,52.0,73.0,9.0,26.0,40.0,45.0,73.0,PM25,SEDANG,ispu_2024-2025.xls,,
2024-10-26,DKI1,57.0,76.0,8.0,26.0,29.0,40.0,76.0,PM25,SEDANG,ispu_2024-2025.xls,,
2024-10-27,DKI1,54.0,78.0,19.0,23.0,34.0,31.0,78.0,PM25,SEDANG,ispu_2024-2025.xls,,
2024-10-28,DKI1,60.0,83.0,10.0,26.0,37.0,36.0,83.0,PM25,SEDANG,ispu_2024-2025.xls,,
2024-10-29,DKI1,59.0,75.0,11.0,28.0,29.0,41.0,75.0,PM25,SEDANG,ispu_2024-2025.xls,,
2024-10-30,DKI1,62.0,86.0,11.0,27.0,36.0,44.0,86.0,PM25,SEDANG,ispu_2024-2025.xls,,
2024-10-31,DKI1,59.0,78.0,11.0,28.0,29.0,45.0,78.0,PM25,SEDANG,ispu_2024-2025.xls,,
2024-11-01,DKI1,62.0,87.0,11.0,28.0,33.0,47.0,87.0,PM25,SEDANG,ispu_2024-2025.xls,,
2024-11-02,DKI1,60.0,87.0,14.0,25.0,26.0,41.0,87.0,PM25,SEDANG,ispu_2024-2025.xls,,
2024-11-03,DKI1,51.0,70.0,10.0,34.0,29.0,43.0,70.0,PM25,SEDANG,ispu_2024-2025.xls,,
2024-11-04,DKI1,44.0,60.0,8.0,25.0,,37.0,60.0,PM25,SEDANG,ispu_2024-2025.xls,,
2024-11-05,DKI1,40.0,65.0,12.0,28.0,75.0,45.0,75.0,O3,SEDANG,ispu_2024-2025.xls,,
2024-11-06,DKI1,40.0,58.0,10.0,26.0,15.0,39.0,58.0,PM25,SEDANG,ispu_2024-2025.xls,,
2024-11-07,DKI1,55.0,83.0,13.0,27.0,18.0,40.0,83.0,PM25,SEDANG,ispu_2024-2025.xls,,
2024-11-08,DKI1,57.0,83.0,12.0,28.0,24.0,44.0,83.0,PM25,SEDANG,ispu_2024-2025.xls,,
2024-11-09,DKI1,67.0,99.0,16.0,32.0,20.0,46.0,99.0,PM25,SEDANG,ispu_2024-2025.xls,,
2024-11-10,DKI1,54.0,71.0,10.0,32.0,15.0,41.0,71.0,PM25,SEDANG,ispu_2024-2025.xls,,
2024-11-11,DKI1,51.0,71.0,10.0,30.0,18.0,42.0,71.0,PM25,SEDANG,ispu_2024-2025.xls,,
2024-11-12,DKI1,39.0,53.0,9.0,28.0,9.0,36.0,53.0,PM25,SEDANG,ispu_2024-2025.xls,,
2024-11-13,DKI1,53.0,74.0,8.0,31.0,7.0,33.0,74.0,PM25,SEDANG,ispu_2024-2025.xls,,
2024-11-14,DKI1,61.0,96.0,19.0,26.0,9.0,34.0,96.0,PM25,SEDANG,ispu_2024-2025.xls,,
2024-11-15,DKI1,69.0,106.0,22.0,31.0,13.0,49.0,106.0,PM25,TIDAK SEHAT,ispu_2024-2025.xls,,
2024-11-16,DKI1,76.0,109.0,12.0,28.0,13.0,40.0,109.0,PM25,TIDAK SEHAT,ispu_2024-2025.xls,,
2024-11-17,DKI1,76.0,115.0,11.0,38.0,14.0,47.0,115.0,PM25,TIDAK SEHAT,ispu_2024-2025.xls,,
2024-11-18,DKI1,52.0,68.0,9.0,25.0,9.0,32.0,68.0,PM25,SEDANG,ispu_2024-2025.xls,,
2024-11-19,DKI1,38.0,61.0,10.0,28.0,16.0,36.0,61.0,PM25,SEDANG,ispu_2024-2025.xls,,
2024-11-20,DKI1,44.0,62.0,13.0,28.0,19.0,40.0,62.0,PM25,SEDANG,ispu_2024-2025.xls,,
2024-11-21,DKI1,46.0,64.0,16.0,26.0,16.0,36.0,64.0,PM25,SEDANG,ispu_2024-2025.xls,,
2024-11-22,DKI1,32.0,48.0,13.0,24.0,17.0,31.0,48.0,PM25,BAIK,ispu_2024-2025.xls,,
2024-11-23,DKI1,34.0,54.0,12.0,26.0,18.0,29.0,54.0,PM25,SEDANG,ispu_2024-2025.xls,,
2024-11-24,DKI1,40.0,51.0,10.0,25.0,11.0,22.0,51.0,PM25,SEDANG,ispu_2024-2025.xls,,
2024-11-25,DKI1,31.0,44.0,14.0,24.0,14.0,27.0,44.0,PM25,BAIK,ispu_2024-2025.xls,,
2024-11-26,DKI1,40.0,55.0,13.0,26.0,14.0,29.0,55.0,PM25,SEDANG,ispu_2024-2025.xls,,
2024-11-27,DKI1,50.0,,10.0,33.0,10.0,27.0,50.0,PM10,BAIK,ispu_2024-2025.xls,,
2024-11-28,DKI1,30.0,42.0,9.0,25.0,9.0,24.0,42.0,PM25,BAIK,ispu_2024-2025.xls,,
2024-11-29,DKI1,29.0,32.0,10.0,23.0,8.0,21.0,32.0,PM25,BAIK,ispu_2024-2025.xls,,
2024-11-30,DKI1,27.0,40.0,10.0,22.0,7.0,16.0,40.0,PM25,BAIK,ispu_2024-2025.xls,,
2024-12-01,DKI1,32.0,65.0,67.0,7.0,9.0,40.0,67.0,PM25,BAIK,ispu_2024-2025.xls,,
2024-12-02,DKI1,19.0,52.0,67.0,6.0,9.0,33.0,67.0,PM25,BAIK,ispu_2024-2025.xls,,
2024-12-03,DKI1,19.0,31.0,67.0,4.0,12.0,15.0,67.0,CO,BAIK,ispu_2024-2025.xls,,
2024-12-04,DKI1,30.0,45.0,67.0,7.0,10.0,22.0,67.0,PM10,BAIK,ispu_2024-2025.xls,,
2024-12-05,DKI1,17.0,26.0,67.0,3.0,12.0,13.0,67.0,PM25,BAIK,ispu_2024-2025.xls,,
2024-12-06,DKI1,26.0,47.0,68.0,4.0,11.0,17.0,68.0,PM25,BAIK,ispu_2024-2025.xls,,
2024-12-07,DKI1,66.0,103.0,69.0,27.0,12.0,98.0,103.0,PM25,SEDANG,ispu_2024-2025.xls,,
2024-12-08,DKI1,38.0,67.0,68.0,15.0,18.0,57.0,68.0,PM25,SEDANG,ispu_2024-2025.xls,,
2024-12-09,DKI1,42.0,69.0,69.0,11.0,11.0,29.0,69.0,PM25,SEDANG,ispu_2024-2025.xls,,
2024-12-10,DKI1,38.0,56.0,68.0,12.0,7.0,61.0,68.0,PM25,BAIK,ispu_2024-2025.xls,,
2024-12-11,DKI1,14.0,26.0,68.0,3.0,11.0,15.0,68.0,PM25,BAIK,ispu_2024-2025.xls,,
2024-12-12,DKI1,19.0,40.0,68.0,3.0,13.0,10.0,68.0,PM25,BAIK,ispu_2024-2025.xls,,
2024-12-13,DKI1,21.0,52.0,69.0,4.0,13.0,14.0,69.0,PM25,BAIK,ispu_2024-2025.xls,,
2024-12-14,DKI1,22.0,40.0,68.0,4.0,11.0,15.0,68.0,PM25,BAIK,ispu_2024-2025.xls,,
2024-12-15,DKI1,18.0,40.0,68.0,6.0,10.0,21.0,68.0,PM25,BAIK,ispu_2024-2025.xls,,
2024-12-16,DKI1,27.0,48.0,68.0,5.0,10.0,21.0,68.0,PM25,BAIK,ispu_2024-2025.xls,,
2024-12-17,DKI1,27.0,37.0,68.0,6.0,10.0,30.0,68.0,PM25,BAIK,ispu_2024-2025.xls,,
2024-12-18,DKI1,50.0,67.0,69.0,8.0,8.0,59.0,69.0,PM25,BAIK,ispu_2024-2025.xls,,
2024-12-19,DKI1,18.0,35.0,68.0,5.0,8.0,27.0,68.0,PM10,BAIK,ispu_2024-2025.xls,,
2024-12-20,DKI1,25.0,46.0,69.0,5.0,10.0,32.0,69.0,PM25,BAIK,ispu_2024-2025.xls,,
2024-12-21,DKI1,23.0,53.0,26.0,5.0,11.0,30.0,53.0,PM25,BAIK,ispu_2024-2025.xls,,
2024-12-22,DKI1,53.0,80.0,16.0,11.0,13.0,31.0,80.0,PM25,SEDANG,ispu_2024-2025.xls,,
2024-12-23,DKI1,52.0,78.0,12.0,15.0,11.0,45.0,78.0,PM25,BAIK,ispu_2024-2025.xls,,
2024-12-24,DKI1,38.0,55.0,12.0,9.0,10.0,33.0,55.0,PM25,SEDANG,ispu_2024-2025.xls,,
2024-12-25,DKI1,52.0,79.0,12.0,11.0,11.0,52.0,79.0,PM25,SEDANG,ispu_2024-2025.xls,,
2024-12-26,DKI1,39.0,62.0,12.0,11.0,9.0,35.0,62.0,PM25,SEDANG,ispu_2024-2025.xls,,
2024-12-27,DKI1,53.0,83.0,12.0,10.0,11.0,36.0,83.0,PM25,SEDANG,ispu_2024-2025.xls,,
2024-12-28,DKI1,64.0,101.0,14.0,9.0,11.0,35.0,101.0,PM25,SEDANG,ispu_2024-2025.xls,,
2024-12-29,DKI1,51.0,21.0,13.0,10.0,13.0,35.0,51.0,PM25,SEDANG,ispu_2024-2025.xls,,
2024-12-30,DKI1,35.0,10.0,13.0,5.0,12.0,13.0,35.0,PM25,BAIK,ispu_2024-2025.xls,,
2024-12-31,DKI1,29.0,11.0,6.0,13.0,10.0,18.0,29.0,PM25,BAIK,ispu_2024-2025.xls,,
2025-01-01,DKI1,46.0,63.0,12.0,22.0,10.0,16.0,63.0,PM25,SEDANG,ispu_2024-2025.xls,,
2025-01-02,DKI1,30.0,38.0,12.0,21.0,11.0,18.0,38.0,PM25,BAIK,ispu_2024-2025.xls,,
2025-01-03,DKI1,43.0,57.0,14.0,23.0,11.0,24.0,57.0,PM25,SEDANG,ispu_2024-2025.xls,,
2025-01-04,DKI1,37.0,61.0,15.0,22.0,9.0,17.0,61.0,PM25,SEDANG,ispu_2024-2025.xls,,
2025-01-05,DKI1,26.0,56.0,10.0,20.0,8.0,11.0,56.0,PM25,SEDANG,ispu_2024-2025.xls,,
2025-01-06,DKI1,47.0,58.0,14.0,28.0,9.0,21.0,58.0,PM25,SEDANG,ispu_2024-2025.xls,,
2025-01-07,DKI1,33.0,46.0,13.0,24.0,7.0,19.0,46.0,PM25,BAIK,ispu_2024-2025.xls,,
2025-01-08,DKI1,30.0,46.0,12.0,24.0,7.0,19.0,46.0,PM25,BAIK,ispu_2024-2025.xls,,
2025-01-09,DKI1,20.0,26.0,9.0,23.0,7.0,19.0,26.0,PM25,BAIK,ispu_2024-2025.xls,,
2025-01-10,DKI1,39.0,58.0,,19.0,12.0,25.0,58.0,PM25,SEDANG,ispu_2024-2025.xls,,
2025-01-11,DKI1,41.0,56.0,,10.0,18.0,27.0,56.0,PM25,SEDANG,ispu_2024-2025.xls,,
2025-01-12,DKI1,45.0,58.0,19.0,13.0,13.0,25.0,58.0,PM25,SEDANG,ispu_2024-2025.xls,,
2025-01-13,DKI1,28.0,37.0,12.0,11.0,9.0,18.0,37.0,PM25,BAIK,ispu_2024-2025.xls,,
2025-01-14,DKI1,32.0,54.0,51.0,15.0,6.0,13.0,54.0,PM25,SEDANG,ispu_2024-2025.xls,,
2025-01-15,DKI1,34.0,51.0,62.0,15.0,8.0,23.0,62.0,SO2,SEDANG,ispu_2024-2025.xls,,
2025-01-16,DKI1,40.0,57.0,62.0,15.0,6.0,25.0,62.0,SO2,SEDANG,ispu_2024-2025.xls,,
2025-01-17,DKI1,33.0,55.0,,14.0,7.0,25.0,55.0,PM25,SEDANG,ispu_2024-2025.xls,,
2025-01-18,DKI1,24.0,34.0,29.0,11.0,10.0,21.0,34.0,PM25,BAIK,ispu_2024-2025.xls,,
2025-01-19,DKI1,29.0,50.0,34.0,12.0,10.0,20.0,50.0,PM25,BAIK,ispu_2024-2025.xls,,
2025-01-20,DKI1,25.0,39.0,30.0,10.0,11.0,22.0,39.0,PM25,BAIK,ispu_2024-2025.xls,,
2025-01-21,DKI1,32.0,52.0,23.0,19.0,7.0,31.0,52.0,PM25,SEDANG,ispu_2024-2025.xls,,
2025-01-22,DKI1,31.0,51.0,28.0,17.0,7.0,29.0,51.0,PM25,SEDANG,ispu_2024-2025.xls,,
2025-01-23,DKI1,38.0,59.0,26.0,16.0,11.0,33.0,59.0,PM25,SEDANG,ispu_2024-2025.xls,,
2025-01-24,DKI1,52.0,73.0,25.0,22.0,10.0,38.0,73.0,PM25,SEDANG,ispu_2024-2025.xls,,
2025-01-25,DKI1,39.0,55.0,24.0,19.0,8.0,24.0,55.0,PM25,SEDANG,ispu_2024-2025.xls,,
2025-01-26,DKI1,42.0,59.0,32.0,16.0,7.0,28.0,59.0,PM25,SEDANG,ispu_2024-2025.xls,,
2025-01-27,DKI1,35.0,50.0,26.0,10.0,7.0,19.0,50.0,PM25,BAIK,ispu_2024-2025.xls,,
2025-01-28,DKI1,31.0,36.0,23.0,9.0,6.0,17.0,36.0,PM25,BAIK,ispu_2024-2025.xls,,
2025-01-29,DKI1,25.0,32.0,19.0,10.0,8.0,25.0,32.0,PM25,BAIK,ispu_2024-2025.xls,,
2025-01-30,DKI1,25.0,30.0,18.0,9.0,17.0,21.0,30.0,PM25,BAIK,ispu_2024-2025.xls,,
2025-01-31,DKI1,37.0,51.0,21.0,12.0,16.0,31.0,51.0,PM25,SEDANG,ispu_2024-2025.xls,,
2025-02-01,DKI1,41.0,51.0,19.0,10.0,14.0,27.0,51.0,PM25,SEDANG,ispu_2024-2025.xls,,
2025-02-02,DKI1,41.0,47.0,18.0,9.0,15.0,20.0,47.0,PM25,BAIK,ispu_2024-2025.xls,,
2025-02-03,DKI1,38.0,45.0,19.0,9.0,16.0,24.0,45.0,PM25,BAIK,ispu_2024-2025.xls,,
2025-02-04,DKI1,54.0,73.0,26.0,17.0,11.0,40.0,73.0,PM25,SEDANG,ispu_2024-2025.xls,,
2025-02-05,DKI1,40.0,47.0,27.0,13.0,10.0,26.0,47.0,PM25,BAIK,ispu_2024-2025.xls,,
2025-02-06,DKI1,41.0,53.0,37.0,14.0,11.0,31.0,53.0,PM25,SEDANG,ispu_2024-2025.xls,,
2025-02-07,DKI1,35.0,50.0,30.0,13.0,11.0,29.0,50.0,PM25,BAIK,ispu_2024-2025.xls,,
2025-02-08,DKI1,33.0,48.0,31.0,12.0,10.0,34.0,48.0,PM25,BAIK,ispu_2024-2025.xls,,
2025-02-09,DKI1,38.0,52.0,33.0,12.0,11.0,25.0,52.0,PM25,SEDANG,ispu_2024-2025.xls,,
2025-02-10,DKI1,31.0,38.0,29.0,11.0,13.0,26.0,38.0,PM25,BAIK,ispu_2024-2025.xls,,
2025-02-11,DKI1,36.0,51.0,29.0,13.0,12.0,35.0,51.0,PM25,SEDANG,ispu_2024-2025.xls,,
2025-02-12,DKI1,54.0,74.0,37.0,16.0,16.0,43.0,74.0,PM25,SEDANG,ispu_2024-2025.xls,,
2025-02-13,DKI1,56.0,74.0,35.0,18.0,9.0,39.0,74.0,PM25,SEDANG,ispu_2024-2025.xls,,
2025-02-14,DKI1,44.0,68.0,35.0,13.0,9.0,30.0,68.0,PM25,SEDANG,ispu_2024-2025.xls,,
2025-02-15,DKI1,34.0,54.0,33.0,12.0,7.0,19.0,54.0,PM25,SEDANG,ispu_2024-2025.xls,,
2025-02-16,DKI1,42.0,67.0,36.0,18.0,10.0,26.0,67.0,PM25,SEDANG,ispu_2024-2025.xls,,
2025-02-17,DKI1,44.0,,33.0,16.0,6.0,,44.0,PM10,BAIK,ispu_2024-2025.xls,,
2025-02-18,DKI1,48.0,,,,,,48.0,PM10,BAIK,ispu_2024-2025.xls,,
2025-02-19,DKI1,53.0,73.0,32.0,28.0,6.0,26.0,73.0,PM25,SEDANG,ispu_2024-2025.xls,,
2025-02-20,DKI1,42.0,50.0,31.0,11.0,10.0,22.0,50.0,PM25,BAIK,ispu_2024-2025.xls,,
2025-02-21,DKI1,51.0,72.0,40.0,20.0,9.0,30.0,72.0,PM25,SEDANG,ispu_2024-2025.xls,,
2025-02-22,DKI1,50.0,63.0,33.0,22.0,9.0,31.0,63.0,PM25,SEDANG,ispu_2024-2025.xls,,
2025-02-23,DKI1,56.0,70.0,48.0,21.0,8.0,30.0,70.0,PM25,SEDANG,ispu_2024-2025.xls,,
2025-02-24,DKI1,42.0,55.0,28.0,15.0,14.0,28.0,55.0,PM25,SEDANG,ispu_2024-2025.xls,,
2025-02-25,DKI1,47.0,66.0,38.0,19.0,5.0,31.0,66.0,PM25,SEDANG,ispu_2024-2025.xls,,
2025-02-26,DKI1,45.0,57.0,30.0,17.0,7.0,30.0,57.0,PM25,SEDANG,ispu_2024-2025.xls,,
2025-02-27,DKI1,54.0,85.0,36.0,26.0,12.0,50.0,85.0,PM25,SEDANG,ispu_2024-2025.xls,,
2025-02-28,DKI1,44.0,57.0,33.0,13.0,10.0,23.0,57.0,PM25,SEDANG,ispu_2024-2025.xls,,
2025-03-01,DKI1,36.0,59.0,29.0,16.0,11.0,33.0,59.0,PM25,SEDANG,ispu_2024-2025.xls,,
2025-03-02,DKI1,51.0,69.0,28.0,14.0,18.0,28.0,69.0,PM25,SEDANG,ispu_2024-2025.xls,,
2025-03-03,DKI1,35.0,55.0,27.0,14.0,15.0,30.0,55.0,PM25,SEDANG,ispu_2024-2025.xls,,
2025-03-04,DKI1,29.0,53.0,28.0,13.0,16.0,31.0,53.0,PM25,SEDANG,ispu_2024-2025.xls,,
2025-03-05,DKI1,43.0,61.0,32.0,15.0,10.0,37.0,61.0,PM25,SEDANG,ispu_2024-2025.xls,,
2025-03-06,DKI1,54.0,81.0,32.0,20.0,16.0,42.0,81.0,PM25,SEDANG,ispu_2024-2025.xls,,
2025-03-07,DKI1,25.0,34.0,28.0,8.0,14.0,15.0,34.0,PM25,BAIK,ispu_2024-2025.xls,,
2025-03-08,DKI1,44.0,72.0,31.0,15.0,18.0,27.0,72.0,PM25,SEDANG,ispu_2024-2025.xls,,
2025-03-09,DKI1,47.0,70.0,29.0,15.0,17.0,34.0,70.0,PM25,SEDANG,ispu_2024-2025.xls,,
2025-03-10,DKI1,43.0,64.0,27.0,17.0,11.0,34.0,64.0,PM25,SEDANG,ispu_2024-2025.xls,,
2025-03-11,DKI1,56.0,,,,,,56.0,PM10,SEDANG,ispu_2024-2025.xls,,
2025-03-12,DKI1,39.0,62.0,42.0,15.0,13.0,37.0,62.0,PM25,SEDANG,ispu_2024-2025.xls,,
2025-03-13,DKI1,49.0,71.0,37.0,15.0,12.0,38.0,71.0,PM25,SEDANG,ispu_2024-2025.xls,,
2025-03-14,DKI1,43.0,59.0,31.0,12.0,10.0,23.0,59.0,PM25,SEDANG,ispu_2024-2025.xls,,
2025-03-15,DKI1,27.0,47.0,29.0,10.0,9.0,14.0,47.0,PM25,BAIK,ispu_2024-2025.xls,,
2025-03-16,DKI1,26.0,44.0,28.0,10.0,9.0,13.0,44.0,PM25,BAIK,ispu_2024-2025.xls,,
2025-03-17,DKI1,37.0,57.0,33.0,13.0,6.0,20.0,57.0,PM25,SEDANG,ispu_2024-2025.xls,,
2025-03-18,DKI1,18.0,40.0,27.0,11.0,13.0,22.0,40.0,PM25,BAIK,ispu_2024-2025.xls,,
2025-03-19,DKI1,30.0,54.0,31.0,12.0,13.0,31.0,54.0,PM25,SEDANG,ispu_2024-2025.xls,,
2025-03-20,DKI1,59.0,60.0,36.0,12.0,16.0,31.0,60.0,PM25,SEDANG,ispu_2024-2025.xls,,
2025-03-21,DKI1,36.0,57.0,29.0,11.0,15.0,25.0,57.0,PM25,SEDANG,ispu_2024-2025.xls,,
2025-03-22,DKI1,45.0,66.0,30.0,13.0,15.0,29.0,66.0,PM25,SEDANG,ispu_2024-2025.xls,,
2025-03-23,DKI1,50.0,63.0,29.0,20.0,10.0,26.0,63.0,PM25,SEDANG,ispu_2024-2025.xls,,
2025-03-24,DKI1,38.0,60.0,29.0,13.0,13.0,23.0,60.0,PM25,SEDANG,ispu_2024-2025.xls,,
2025-03-25,DKI1,36.0,,28.0,15.0,8.0,22.0,36.0,PM10,BAIK,ispu_2024-2025.xls,,
2025-03-26,DKI1,42.0,64.0,27.0,17.0,10.0,28.0,64.0,PM25,SEDANG,ispu_2024-2025.xls,,
2025-03-27,DKI1,50.0,71.0,26.0,18.0,7.0,26.0,71.0,PM25,SEDANG,ispu_2024-2025.xls,,
2025-03-28,DKI1,32.0,47.0,27.0,10.0,8.0,19.0,47.0,PM25,BAIK,ispu_2024-2025.xls,,
2025-03-29,DKI1,17.0,33.0,26.0,6.0,11.0,11.0,33.0,PM25,BAIK,ispu_2024-2025.xls,,
2025-03-30,DKI1,22.0,37.0,28.0,8.0,11.0,11.0,37.0,PM25,BAIK,ispu_2024-2025.xls,,
2025-03-31,DKI1,24.0,40.0,30.0,7.0,11.0,8.0,40.0,PM25,BAIK,ispu_2024-2025.xls,,
2025-04-01,DKI1,24.0,35.0,32.0,8.0,8.0,12.0,35.0,PM25,BAIK,ispu_2024-2025.xls,,
2025-04-02,DKI1,22.0,40.0,31.0,9.0,9.0,14.0,40.0,PM25,BAIK,ispu_2024-2025.xls,,
2025-04-03,DKI1,24.0,54.0,30.0,14.0,10.0,17.0,54.0,PM25,SEDANG,ispu_2024-2025.xls,,
2025-04-04,DKI1,29.0,,27.0,9.0,18.0,21.0,29.0,PM10,BAIK,ispu_2024-2025.xls,,
2025-04-05,DKI1,46.0,69.0,32.0,15.0,14.0,26.0,69.0,PM25,SEDANG,ispu_2024-2025.xls,,
2025-04-06,DKI1,50.0,71.0,27.0,20.0,14.0,25.0,71.0,PM25,SEDANG,ispu_2024-2025.xls,,
2025-04-07,DKI1,34.0,59.0,31.0,14.0,17.0,29.0,59.0,PM25,SEDANG,ispu_2024-2025.xls,,
2025-04-08,DKI1,49.0,71.0,34.0,14.0,13.0,39.0,71.0,PM25,SEDANG,ispu_2024-2025.xls,,
2025-04-09,DKI1,48.0,71.0,28.0,13.0,10.0,37.0,71.0,PM25,SEDANG,ispu_2024-2025.xls,,
2025-04-10,DKI1,55.0,83.0,31.0,19.0,10.0,35.0,83.0,PM25,SEDANG,ispu_2024-2025.xls,,
2025-04-11,DKI1,54.0,82.0,31.0,21.0,19.0,49.0,82.0,PM25,SEDANG,ispu_2024-2025.xls,,
2025-04-12,DKI1,57.0,79.0,32.0,18.0,11.0,42.0,79.0,PM25,SEDANG,ispu_2024-2025.xls,,
2025-04-13,DKI1,45.0,72.0,29.0,18.0,16.0,33.0,72.0,PM25,SEDANG,ispu_2024-2025.xls,,
2025-04-14,DKI1,29.0,34.0,30.0,7.0,8.0,14.0,34.0,PM25,BAIK,ispu_2024-2025.xls,,
2025-04-15,DKI1,39.0,60.0,39.0,14.0,8.0,28.0,60.0,PM25,SEDANG,ispu_2024-2025.xls,,
2025-04-16,DKI1,53.0,80.0,40.0,20.0,17.0,41.0,80.0,PM25,SEDANG,ispu_2024-2025.xls,,
2025-04-17,DKI1,52.0,73.0,31.0,17.0,11.0,37.0,73.0,PM25,SEDANG,ispu_2024-2025.xls,,
2025-04-18,DKI1,58.0,79.0,32.0,16.0,9.0,35.0,79.0,PM25,SEDANG,ispu_2024-2025.xls,,
2025-04-19,DKI1,43.0,65.0,31.0,14.0,11.0,28.0,65.0,PM25,SEDANG,ispu_2024-2025.xls,,
2025-04-20,DKI1,42.0,64.0,38.0,12.0,19.0,26.0,64.0,PM25,SEDANG,ispu_2024-2025.xls,,
2025-04-21,DKI1,42.0,62.0,37.0,11.0,10.0,25.0,62.0,PM25,SEDANG,ispu_2024-2025.xls,,
2025-04-22,DKI1,42.0,70.0,37.0,16.0,14.0,32.0,70.0,PM25,SEDANG,ispu_2024-2025.xls,,
2025-04-23,DKI1,53.0,70.0,35.0,23.0,8.0,34.0,70.0,PM25,SEDANG,ispu_2024-2025.xls,,
2025-04-24,DKI1,25.0,43.0,33.0,9.0,12.0,17.0,43.0,PM25,BAIK,ispu_2024-2025.xls,,
2025-04-25,DKI1,34.0,60.0,32.0,16.0,14.0,31.0,60.0,PM25,SEDANG,ispu_2024-2025.xls,,
2025-04-26,DKI1,47.0,72.0,31.0,16.0,16.0,39.0,72.0,PM25,SEDANG,ispu_2024-2025.xls,,
2025-04-27,DKI1,52.0,77.0,30.0,14.0,15.0,37.0,77.0,PM25,SEDANG,ispu_2024-2025.xls,,
2025-04-28,DKI1,45.0,69.0,32.0,14.0,13.0,35.0,69.0,PM25,SEDANG,ispu_2024-2025.xls,,
2025-04-29,DKI1,51.0,78.0,32.0,16.0,14.0,40.0,78.0,PM25,SEDANG,ispu_2024-2025.xls,,
2025-04-30,DKI1,54.0,83.0,35.0,15.0,15.0,40.0,83.0,PM25,SEDANG,ispu_2024-2025.xls,,
2025-05-01,DKI1,58.0,91.0,34.0,17.0,19.0,41.0,91.0,PM25,SEDANG,ispu_2024-2025.xls,,
2025-05-02,DKI1,58.0,89.0,33.0,14.0,20.0,36.0,89.0,PM25,SEDANG,ispu_2024-2025.xls,,
2025-05-03,DKI1,56.0,83.0,33.0,15.0,16.0,46.0,83.0,PM25,SEDANG,ispu_2024-2025.xls,,
2025-05-04,DKI1,52.0,73.0,29.0,15.0,16.0,36.0,73.0,PM25,SEDANG,ispu_2024-2025.xls,,
2025-05-05,DKI1,60.0,96.0,35.0,20.0,11.0,42.0,96.0,PM25,SEDANG,ispu_2024-2025.xls,,
2025-05-06,DKI1,53.0,83.0,32.0,19.0,13.0,47.0,83.0,PM25,SEDANG,ispu_2024-2025.xls,,
2025-05-07,DKI1,58.0,85.0,31.0,23.0,12.0,50.0,85.0,PM25,SEDANG,ispu_2024-2025.xls,,
2025-05-08,DKI1,66.0,101.0,29.0,32.0,11.0,56.0,101.0,PM25,TIDAK SEHAT,ispu_2024-2025.xls,,
2025-05-09,DKI1,54.0,80.0,29.0,18.0,16.0,40.0,80.0,PM25,SEDANG,ispu_2024-2025.xls,,
2025-05-10,DKI1,56.0,88.0,33.0,18.0,23.0,39.0,88.0,PM25,SEDANG,ispu_2024-2025.xls,,
2025-05-11,DKI1,61.0,87.0,30.0,22.0,19.0,37.0,87.0,PM25,SEDANG,ispu_2024-2025.xls,,
2025-05-12,DKI1,38.0,59.0,29.0,14.0,11.0,24.0,59.0,PM25,SEDANG,ispu_2024-2025.xls,,
2025-05-13,DKI1,36.0,62.0,31.0,12.0,15.0,23.0,62.0,PM25,SEDANG,ispu_2024-2025.xls,,
2025-05-14,DKI1,47.0,71.0,31.0,16.0,21.0,41.0,71.0,PM25,SEDANG,ispu_2024-2025.xls,,
2025-05-15,DKI1,52.0,73.0,33.0,19.0,18.0,46.0,73.0,PM25,SEDANG,ispu_2024-2025.xls,,
2025-05-16,DKI1,51.0,77.0,27.0,19.0,,49.0,77.0,PM25,SEDANG,ispu_2024-2025.xls,,
2025-05-17,DKI1,58.0,82.0,29.0,18.0,14.0,45.0,82.0,PM25,SEDANG,ispu_2024-2025.xls,,
2025-05-18,DKI1,53.0,77.0,30.0,28.0,15.0,36.0,77.0,PM25,SEDANG,ispu_2024-2025.xls,,
2025-05-19,DKI1,50.0,73.0,32.0,14.0,19.0,38.0,73.0,PM25,SEDANG,ispu_2024-2025.xls,,
2025-05-20,DKI1,59.0,87.0,39.0,23.0,11.0,52.0,87.0,PM25,SEDANG,ispu_2024-2025.xls,,
2025-05-21,DKI1,52.0,80.0,35.0,17.0,6.0,44.0,80.0,PM25,SEDANG,ispu_2024-2025.xls,,
2025-05-22,DKI1,55.0,78.0,27.0,22.0,5.0,43.0,78.0,PM25,SEDANG,ispu_2024-2025.xls,,
2025-05-23,DKI1,35.0,59.0,29.0,17.0,3.0,35.0,59.0,PM25,SEDANG,ispu_2024-2025.xls,,
2025-05-24,DKI1,29.0,52.0,30.0,15.0,11.0,29.0,52.0,PM25,SEDANG,ispu_2024-2025.xls,,
2025-05-25,DKI1,52.0,74.0,29.0,24.0,7.0,34.0,74.0,PM25,SEDANG,ispu_2024-2025.xls,,
2025-05-26,DKI1,52.0,72.0,27.0,22.0,2.0,37.0,72.0,PM25,SEDANG,ispu_2024-2025.xls,,
2025-05-27,DKI1,24.0,53.0,29.0,11.0,11.0,22.0,53.0,PM25,SEDANG,ispu_2024-2025.xls,,
2025-05-28,DKI1,47.0,83.0,35.0,19.0,19.0,37.0,83.0,PM25,SEDANG,ispu_2024-2025.xls,,
2025-05-29,DKI1,65.0,100.0,31.0,15.0,28.0,46.0,100.0,PM25,SEDANG,ispu_2024-2025.xls,,
2025-05-30,DKI1,48.0,71.0,27.0,12.0,12.0,34.0,71.0,PM25,SEDANG,ispu_2024-2025.xls,,
2025-05-31,DKI1,51.0,90.0,28.0,16.0,19.0,37.0,90.0,PM25,SEDANG,ispu_2024-2025.xls,,
2025-06-01,DKI1,50.0,88.0,33.0,16.0,19.0,33.0,88.0,PM25,SEDANG,ispu_2024-2025.xls,,
2025-06-02,DKI1,64.0,101.0,34.0,15.0,19.0,37.0,101.0,PM25,TIDAK SEHAT,ispu_2024-2025.xls,,
2025-06-03,DKI1,56.0,83.0,29.0,16.0,14.0,45.0,83.0,PM25,SEDANG,ispu_2024-2025.xls,,
2025-06-04,DKI1,71.0,117.0,30.0,24.0,14.0,55.0,117.0,PM25,TIDAK SEHAT,ispu_2024-2025.xls,,
2025-06-05,DKI1,73.0,117.0,29.0,23.0,19.0,51.0,117.0,PM25,TIDAK SEHAT,ispu_2024-2025.xls,,
2025-06-06,DKI1,61.0,86.0,29.0,15.0,19.0,33.0,86.0,PM25,SEDANG,ispu_2024-2025.xls,,
2025-06-07,DKI1,60.0,117.0,28.0,21.0,24.0,40.0,117.0,PM25,TIDAK SEHAT,ispu_2024-2025.xls,,
2025-06-08,DKI1,66.0,98.0,30.0,16.0,29.0,28.0,98.0,PM25,SEDANG,ispu_2024-2025.xls,,
2025-06-09,DKI1,60.0,87.0,31.0,13.0,21.0,37.0,87.0,PM25,SEDANG,ispu_2024-2025.xls,,
2025-06-10,DKI1,60.0,94.0,27.0,17.0,14.0,40.0,94.0,PM25,SEDANG,ispu_2024-2025.xls,,
2025-06-11,DKI1,54.0,84.0,26.0,21.0,12.0,48.0,84.0,PM25,SEDANG,ispu_2024-2025.xls,,
2025-06-12,DKI1,51.0,93.0,29.0,15.0,13.0,34.0,93.0,PM25,SEDANG,ispu_2024-2025.xls,,
2025-06-13,DKI1,59.0,94.0,31.0,14.0,18.0,35.0,94.0,PM25,SEDANG,ispu_2024-2025.xls,,
2025-06-14,DKI1,55.0,92.0,32.0,14.0,12.0,36.0,92.0,PM25,SEDANG,ispu_2024-2025.xls,,
2025-06-15,DKI1,51.0,70.0,33.0,13.0,9.0,25.0,70.0,PM25,SEDANG,ispu_2024-2025.xls,,
2025-06-16,DKI1,55.0,79.0,30.0,12.0,12.0,28.0,79.0,PM25,SEDANG,ispu_2024-2025.xls,,
2025-06-17,DKI1,51.0,67.0,30.0,15.0,11.0,35.0,67.0,PM25,SEDANG,ispu_2024-2025.xls,,
2025-06-18,DKI1,23.0,53.0,26.0,17.0,9.0,35.0,53.0,PM25,SEDANG,ispu_2024-2025.xls,,
2025-06-19,DKI1,37.0,60.0,30.0,22.0,6.0,37.0,60.0,PM25,SEDANG,ispu_2024-2025.xls,,
2025-06-20,DKI1,61.0,88.0,43.0,18.0,10.0,43.0,88.0,PM25,SEDANG,ispu_2024-2025.xls,,
2025-06-21,DKI1,36.0,65.0,29.0,14.0,15.0,38.0,65.0,PM25,SEDANG,ispu_2024-2025.xls,,
2025-06-22,DKI1,69.0,106.0,32.0,35.0,14.0,50.0,106.0,PM25,TIDAK SEHAT,ispu_2024-2025.xls,,
2025-06-23,DKI1,53.0,82.0,28.0,12.0,14.0,26.0,82.0,PM25,SEDANG,ispu_2024-2025.xls,,
2025-06-24,DKI1,57.0,101.0,31.0,14.0,11.0,34.0,101.0,PM25,TIDAK SEHAT,ispu_2024-2025.xls,,
2025-06-25,DKI1,64.0,118.0,33.0,23.0,17.0,45.0,118.0,PM25,TIDAK SEHAT,ispu_2024-2025.xls,,
2025-06-26,DKI1,64.0,114.0,35.0,21.0,17.0,52.0,114.0,PM25,TIDAK SEHAT,ispu_2024-2025.xls,,
2025-06-27,DKI1,57.0,96.0,28.0,16.0,,36.0,96.0,PM25,SEDANG,ispu_2024-2025.xls,,
2025-06-28,DKI1,66.0,115.0,26.0,15.0,21.0,34.0,115.0,PM25,TIDAK SEHAT,ispu_2024-2025.xls,,
2025-06-29,DKI1,55.0,80.0,27.0,22.0,8.0,44.0,80.0,PM25,SEDANG,ispu_2024-2025.xls,,
2025-06-30,DKI1,65.0,97.0,26.0,20.0,,40.0,97.0,PM25,SEDANG,ispu_2024-2025.xls,,
2025-07-01,DKI1,32.0,60.0,27.0,11.0,9.0,25.0,60.0,PM25,SEDANG,ispu_2024-2025.xls,,
2025-07-02,DKI1,38.0,76.0,30.0,16.0,11.0,35.0,76.0,PM25,SEDANG,ispu_2024-2025.xls,,
2025-07-03,DKI1,51.0,81.0,27.0,21.0,9.0,42.0,81.0,PM25,SEDANG,ispu_2024-2025.xls,,
2025-07-04,DKI1,48.0,75.0,29.0,19.0,12.0,41.0,75.0,PM25,SEDANG,ispu_2024-2025.xls,,
2025-07-05,DKI1,62.0,87.0,31.0,19.0,14.0,43.0,87.0,PM25,SEDANG,ispu_2024-2025.xls,,
2025-07-06,DKI1,41.0,69.0,28.0,13.0,22.0,30.0,69.0,PM25,SEDANG,ispu_2024-2025.xls,,
2025-07-07,DKI1,35.0,62.0,29.0,14.0,10.0,31.0,62.0,PM25,SEDANG,ispu_2024-2025.xls,,
2025-07-08,DKI1,31.0,58.0,27.0,14.0,11.0,35.0,58.0,PM25,SEDANG,ispu_2024-2025.xls,,
2025-07-09,DKI1,49.0,83.0,27.0,18.0,13.0,38.0,83.0,PM25,SEDANG,ispu_2024-2025.xls,,
2025-07-10,DKI1,49.0,79.0,29.0,17.0,14.0,41.0,79.0,PM25,SEDANG,ispu_2024-2025.xls,,
2025-07-11,DKI1,55.0,96.0,37.0,14.0,19.0,43.0,96.0,PM25,SEDANG,ispu_2024-2025.xls,,
2025-07-12,DKI1,65.0,115.0,37.0,14.0,29.0,37.0,115.0,PM25,TIDAK SEHAT,ispu_2024-2025.xls,,
2025-07-13,DKI1,69.0,102.0,35.0,12.0,23.0,30.0,102.0,PM25,TIDAK SEHAT,ispu_2024-2025.xls,,
2025-07-14,DKI1,50.0,79.0,29.0,14.0,16.0,30.0,79.0,PM25,SEDANG,ispu_2024-2025.xls,,
2025-07-15,DKI1,63.0,98.0,29.0,21.0,14.0,41.0,98.0,PM25,SEDANG,ispu_2024-2025.xls,,
2025-07-16,DKI1,64.0,109.0,32.0,25.0,20.0,53.0,109.0,PM25,TIDAK SEHAT,ispu_2024-2025.xls,,
2025-07-17,DKI1,54.0,86.0,29.0,18.0,17.0,42.0,86.0,PM25,SEDANG,ispu_2024-2025.xls,,
2025-07-18,DKI1,56.0,94.0,29.0,16.0,21.0,37.0,94.0,PM25,SEDANG,ispu_2024-2025.xls,,
2025-07-19,DKI1,54.0,97.0,31.0,15.0,20.0,39.0,97.0,PM25,SEDANG,ispu_2024-2025.xls,,
2025-07-20,DKI1,61.0,104.0,34.0,14.0,25.0,37.0,104.0,PM25,TIDAK SEHAT,ispu_2024-2025.xls,,
2025-07-21,DKI1,57.0,96.0,33.0,13.0,27.0,35.0,96.0,PM25,SEDANG,ispu_2024-2025.xls,,
2025-07-22,DKI1,59.0,97.0,38.0,13.0,22.0,36.0,97.0,PM25,SEDANG,ispu_2024-2025.xls,,
2025-07-23,DKI1,60.0,102.0,37.0,13.0,22.0,39.0,102.0,PM25,TIDAK SEHAT,ispu_2024-2025.xls,,
2025-07-24,DKI1,62.0,111.0,37.0,16.0,23.0,42.0,111.0,PM25,TIDAK SEHAT,ispu_2024-2025.xls,,
2025-07-25,DKI1,64.0,109.0,38.0,14.0,20.0,39.0,109.0,PM25,TIDAK SEHAT,ispu_2024-2025.xls,,
2025-07-26,DKI1,63.0,108.0,35.0,13.0,19.0,37.0,108.0,PM25,TIDAK SEHAT,ispu_2024-2025.xls,,
2025-07-27,DKI1,64.0,112.0,31.0,12.0,25.0,29.0,112.0,PM25,TIDAK SEHAT,ispu_2024-2025.xls,,
2025-07-28,DKI1,56.0,90.0,30.0,15.0,18.0,39.0,90.0,PM25,SEDANG,ispu_2024-2025.xls,,
2025-07-29,DKI1,53.0,91.0,30.0,23.0,14.0,46.0,91.0,PM25,SEDANG,ispu_2024-2025.xls,,
2025-07-30,DKI1,46.0,81.0,30.0,16.0,16.0,33.0,81.0,PM25,SEDANG,ispu_2024-2025.xls,,
2025-07-31,DKI1,46.0,76.0,31.0,14.0,14.0,31.0,76.0,PM25,SEDANG,ispu_2024-2025.xls,,
2025-08-01,DKI1,62.0,82.0,35.0,12.0,18.0,29.0,82.0,PM25,SEDANG,ispu_2024-2025.xls,,
2025-08-02,DKI1,53.0,94.0,41.0,14.0,16.0,34.0,94.0,PM25,SEDANG,ispu_2024-2025.xls,,
2025-08-03,DKI1,59.0,91.0,34.0,12.0,21.0,30.0,91.0,PM25,SEDANG,ispu_2024-2025.xls,,
2025-08-04,DKI1,50.0,76.0,32.0,15.0,22.0,35.0,76.0,PM25,SEDANG,ispu_2024-2025.xls,,
2025-08-05,DKI1,53.0,83.0,32.0,23.0,13.0,48.0,83.0,PM25,SEDANG,ispu_2024-2025.xls,,
2025-08-06,DKI1,54.0,87.0,34.0,17.0,11.0,46.0,87.0,PM25,SEDANG,ispu_2024-2025.xls,,
2025-08-07,DKI1,54.0,89.0,34.0,14.0,14.0,40.0,89.0,PM25,SEDANG,ispu_2024-2025.xls,,
2025-08-08,DKI1,55.0,84.0,28.0,17.0,13.0,39.0,84.0,PM25,SEDANG,ispu_2024-2025.xls,,
2025-08-09,DKI1,56.0,91.0,31.0,14.0,13.0,37.0,91.0,PM25,SEDANG,ispu_2024-2025.xls,,
2025-08-10,DKI1,52.0,82.0,31.0,18.0,18.0,36.0,82.0,PM25,SEDANG,ispu_2024-2025.xls,,
2025-08-11,DKI1,56.0,92.0,29.0,19.0,16.0,42.0,92.0,PM25,SEDANG,ispu_2024-2025.xls,,
2025-08-12,DKI1,61.0,102.0,27.0,30.0,12.0,53.0,102.0,PM25,TIDAK SEHAT,ispu_2024-2025.xls,,
2025-08-13,DKI1,54.0,89.0,30.0,28.0,10.0,50.0,89.0,PM25,SEDANG,ispu_2024-2025.xls,,
2025-08-14,DKI1,53.0,83.0,33.0,16.0,14.0,37.0,83.0,PM25,SEDANG,ispu_2024-2025.xls,,
2025-08-15,DKI1,52.0,84.0,35.0,19.0,16.0,46.0,84.0,PM25,SEDANG,ispu_2024-2025.xls,,
2025-08-16,DKI1,61.0,102.0,37.0,16.0,15.0,40.0,102.0,PM25,TIDAK SEHAT,ispu_2024-2025.xls,,
2025-08-17,DKI1,61.0,105.0,38.0,11.0,20.0,33.0,105.0,PM25,TIDAK SEHAT,ispu_2024-2025.xls,,
2025-08-18,DKI1,,,,,,,,,TIDAK ADA DATA,ispu_2024-2025.xls,,
2025-08-19,DKI1,44.0,78.0,30.0,16.0,9.0,32.0,78.0,PM25,SEDANG,ispu_2024-2025.xls,,
2025-08-20,DKI1,61.0,102.0,35.0,19.0,15.0,45.0,102.0,PM25,TIDAK SEHAT,ispu_2024-2025.xls,,
2025-08-21,DKI1,48.0,74.0,33.0,21.0,13.0,44.0,74.0,PM25,SEDANG,ispu_2024-2025.xls,,
2025-08-22,DKI1,56.0,91.0,36.0,15.0,24.0,46.0,91.0,PM25,SEDANG,ispu_2024-2025.xls,,
2025-08-23,DKI1,58.0,92.0,37.0,14.0,18.0,45.0,92.0,PM25,SEDANG,ispu_2024-2025.xls,,
2025-08-24,DKI1,50.0,86.0,37.0,13.0,15.0,33.0,86.0,PM25,SEDANG,ispu_2024-2025.xls,,
2025-08-25,DKI1,61.0,114.0,33.0,22.0,17.0,51.0,114.0,PM25,TIDAK SEHAT,ispu_2024-2025.xls,,
2025-08-26,DKI1,51.0,95.0,32.0,22.0,16.0,52.0,95.0,PM25,SEDANG,ispu_2024-2025.xls,,
2025-08-27,DKI1,55.0,92.0,35.0,16.0,18.0,42.0,92.0,PM25,SEDANG,ispu_2024-2025.xls,,
2025-08-28,DKI1,40.0,71.0,32.0,14.0,18.0,42.0,71.0,PM25,SEDANG,ispu_2024-2025.xls,,
2025-08-29,DKI1,36.0,67.0,30.0,14.0,26.0,37.0,67.0,PM25,SEDANG,ispu_2024-2025.xls,,
2025-08-30,DKI1,44.0,77.0,30.0,12.0,22.0,31.0,77.0,PM25,SEDANG,ispu_2024-2025.xls,,
2025-08-31,DKI1,42.0,70.0,29.0,12.0,15.0,24.0,70.0,PM25,SEDANG,ispu_2024-2025.xls,,
2025-09-01,DKI1,54.0,87.0,35.0,10.0,19.0,26.0,87.0,PM25,SEDANG,ispu_2024-2025.xls,,
2025-09-02,DKI1,57.0,89.0,36.0,9.0,19.0,27.0,89.0,PM25,SEDANG,ispu_2024-2025.xls,,
2025-09-03,DKI1,54.0,80.0,39.0,10.0,15.0,28.0,80.0,PM25,SEDANG,ispu_2024-2025.xls,,
2025-09-04,DKI1,55.0,77.0,38.0,9.0,15.0,27.0,77.0,PM25,SEDANG,ispu_2024-2025.xls,,
2025-09-05,DKI1,55.0,86.0,36.0,11.0,20.0,30.0,86.0,PM25,SEDANG,ispu_2024-2025.xls,,
2025-09-06,DKI1,55.0,85.0,33.0,12.0,24.0,32.0,85.0,PM25,SEDANG,ispu_2024-2025.xls,,
2025-09-07,DKI1,54.0,79.0,30.0,12.0,26.0,26.0,79.0,PM25,SEDANG,ispu_2024-2025.xls,,
2025-09-08,DKI1,55.0,91.0,35.0,19.0,15.0,51.0,91.0,PM25,SEDANG,ispu_2024-2025.xls,,
2025-09-09,DKI1,56.0,88.0,32.0,18.0,15.0,47.0,88.0,PM25,SEDANG,ispu_2024-2025.xls,,
2025-09-10,DKI1,57.0,88.0,32.0,23.0,11.0,46.0,88.0,PM25,SEDANG,ispu_2024-2025.xls,,
2025-09-11,DKI1,50.0,74.0,31.0,19.0,11.0,39.0,74.0,PM25,SEDANG,ispu_2024-2025.xls,,
2025-09-12,DKI1,48.0,71.0,31.0,15.0,16.0,29.0,71.0,PM25,SEDANG,ispu_2024-2025.xls,,
2025-09-13,DKI1,40.0,71.0,32.0,18.0,17.0,29.0,71.0,PM25,SEDANG,ispu_2024-2025.xls,,
2025-09-14,DKI1,55.0,91.0,39.0,20.0,20.0,32.0,91.0,PM25,SEDANG,ispu_2024-2025.xls,,
2025-09-15,DKI1,51.0,82.0,33.0,11.0,27.0,36.0,82.0,PM25,SEDANG,ispu_2024-2025.xls,,
2025-09-16,DKI1,58.0,93.0,34.0,16.0,24.0,42.0,93.0,PM25,SEDANG,ispu_2024-2025.xls,,
2025-09-17,DKI1,66.0,109.0,33.0,25.0,17.0,53.0,109.0,PM25,TIDAK SEHAT,ispu_2024-2025.xls,,
2025-09-18,DKI1,52.0,71.0,30.0,,9.0,41.0,71.0,PM25,SEDANG,ispu_2024-2025.xls,,
2025-09-19,DKI1,66.0,99.0,37.0,,12.0,39.0,99.0,PM25,SEDANG,ispu_2024-2025.xls,,
2025-09-20,DKI1,62.0,90.0,39.0,17.0,11.0,35.0,90.0,PM25,SEDANG,ispu_2024-2025.xls,,
2025-09-21,DKI1,54.0,81.0,40.0,13.0,9.0,26.0,81.0,PM25,SEDANG,ispu_2024-2025.xls,,
2025-09-22,DKI1,53.0,85.0,34.0,18.0,15.0,32.0,85.0,PM25,SEDANG,ispu_2024-2025.xls,,
2025-09-23,DKI1,52.0,76.0,31.0,19.0,16.0,42.0,76.0,PM25,SEDANG,ispu_2024-2025.xls,,
2025-09-24,DKI1,62.0,103.0,34.0,20.0,25.0,46.0,103.0,PM25,TIDAK SEHAT,ispu_2024-2025.xls,,
2025-09-25,DKI1,66.0,115.0,41.0,18.0,19.0,48.0,115.0,PM25,TIDAK SEHAT,ispu_2024-2025.xls,,
2025-09-26,DKI1,58.0,91.0,37.0,15.0,27.0,38.0,91.0,PM25,SEDANG,ispu_2024-2025.xls,,
2025-09-27,DKI1,54.0,86.0,38.0,18.0,17.0,42.0,86.0,PM25,SEDANG,ispu_2024-2025.xls,,
2025-09-28,DKI1,55.0,80.0,38.0,11.0,15.0,23.0,80.0,PM25,SEDANG,ispu_2024-2025.xls,,
2025-09-29,DKI1,54.0,86.0,37.0,15.0,17.0,29.0,86.0,PM25,SEDANG,ispu_2024-2025.xls,,
2025-09-30,DKI1,53.0,77.0,31.0,26.0,7.0,37.0,77.0,PM25,SEDANG,ispu_2024-2025.xls,,
2025-10-01,DKI1,46.0,67.0,30.0,23.0,11.0,33.0,67.0,PM25,SEDANG,ispu_2024-2025.xls,,
2025-10-02,DKI1,47.0,71.0,39.0,15.0,7.0,30.0,71.0,PM25,SEDANG,ispu_2024-2025.xls,,
2025-10-03,DKI1,39.0,69.0,36.0,22.0,16.0,40.0,69.0,PM25,SEDANG,ispu_2024-2025.xls,,
2025-10-04,DKI1,59.0,93.0,38.0,18.0,26.0,36.0,93.0,PM25,SEDANG,ispu_2024-2025.xls,,
2025-10-05,DKI1,66.0,103.0,37.0,24.0,16.0,39.0,103.0,PM25,TIDAK SEHAT,ispu_2024-2025.xls,,
2025-10-06,DKI1,58.0,101.0,34.0,19.0,17.0,43.0,101.0,PM25,TIDAK SEHAT,ispu_2024-2025.xls,,
2025-10-07,DKI1,55.0,86.0,40.0,13.0,15.0,30.0,86.0,PM25,SEDANG,ispu_2024-2025.xls,,
2025-10-08,DKI1,48.0,78.0,35.0,20.0,17.0,37.0,78.0,PM25,SEDANG,ispu_2024-2025.xls,,
2025-10-09,DKI1,53.0,91.0,36.0,17.0,22.0,41.0,91.0,PM25,SEDANG,ispu_2024-2025.xls,,
2025-10-10,DKI1,53.0,82.0,36.0,13.0,22.0,38.0,82.0,PM25,SEDANG,ispu_2024-2025.xls,,
2025-10-11,DKI1,56.0,95.0,33.0,16.0,21.0,41.0,95.0,PM25,SEDANG,ispu_2024-2025.xls,,
2025-10-12,DKI1,56.0,100.0,34.0,16.0,20.0,30.0,100.0,PM25,SEDANG,ispu_2024-2025.xls,,
2025-10-13,DKI1,52.0,83.0,37.0,11.0,19.0,25.0,83.0,PM25,SEDANG,ispu_2024-2025.xls,,
2025-10-14,DKI1,53.0,86.0,37.0,16.0,12.0,36.0,86.0,PM25,SEDANG,ispu_2024-2025.xls,,
2025-10-15,DKI1,48.0,79.0,36.0,13.0,12.0,34.0,79.0,PM25,SEDANG,ispu_2024-2025.xls,,
2025-10-16,DKI1,50.0,85.0,34.0,15.0,14.0,34.0,85.0,PM25,SEDANG,ispu_2024-2025.xls,,
2025-10-17,DKI1,59.0,99.0,33.0,23.0,17.0,50.0,99.0,PM25,SEDANG,ispu_2024-2025.xls,,
2025-10-18,DKI1,52.0,81.0,30.0,17.0,19.0,43.0,81.0,PM25,SEDANG,ispu_2024-2025.xls,,
2025-10-19,DKI1,58.0,96.0,29.0,28.0,20.0,43.0,96.0,PM25,SEDANG,ispu_2024-2025.xls,,
2025-10-20,DKI1,62.0,102.0,32.0,18.0,27.0,42.0,102.0,PM25,TIDAK SEHAT,ispu_2024-2025.xls,,
2025-10-21,DKI1,57.0,91.0,30.0,18.0,19.0,42.0,91.0,PM25,SEDANG,ispu_2024-2025.xls,,
2025-10-22,DKI1,47.0,71.0,34.0,15.0,16.0,30.0,71.0,PM25,SEDANG,ispu_2024-2025.xls,,
2025-10-23,DKI1,36.0,59.0,29.0,13.0,12.0,28.0,59.0,PM25,SEDANG,ispu_2024-2025.xls,,
2025-10-24,DKI1,27.0,56.0,28.0,15.0,9.0,22.0,56.0,PM25,SEDANG,ispu_2024-2025.xls,,
2025-10-25,DKI1,22.0,53.0,32.0,14.0,8.0,16.0,53.0,PM25,SEDANG,ispu_2024-2025.xls,,
2025-10-26,DKI1,34.0,64.0,30.0,16.0,14.0,22.0,64.0,PM25,SEDANG,ispu_2024-2025.xls,,
2025-10-27,DKI1,38.0,65.0,30.0,17.0,22.0,29.0,65.0,PM25,SEDANG,ispu_2024-2025.xls,,
2025-10-28,DKI1,52.0,73.0,31.0,24.0,16.0,42.0,73.0,PM25,SEDANG,ispu_2024-2025.xls,,
2025-10-29,DKI1,53.0,81.0,35.0,20.0,16.0,39.0,81.0,PM25,SEDANG,ispu_2024-2025.xls,,
2025-10-30,DKI1,49.0,71.0,33.0,22.0,16.0,40.0,71.0,PM25,SEDANG,ispu_2024-2025.xls,,
2025-10-31,DKI1,44.0,73.0,32.0,25.0,19.0,35.0,73.0,PM25,SEDANG,ispu_2024-2025.xls,,
2025-11-01,DKI1,50.0,77.0,30.0,20.0,22.0,39.0,77.0,PM25,SEDANG,ispu_2024-2025.xls,,
2025-11-02,DKI1,43.0,75.0,34.0,16.0,20.0,32.0,75.0,PM25,SEDANG,ispu_2024-2025.xls,,
2025-11-03,DKI1,42.0,71.0,31.0,16.0,17.0,34.0,71.0,PM25,SEDANG,ispu_2024-2025.xls,,
2025-11-04,DKI1,54.0,84.0,32.0,27.0,15.0,44.0,84.0,PM25,SEDANG,ispu_2024-2025.xls,,
2025-11-05,DKI1,34.0,58.0,29.0,13.0,12.0,20.0,58.0,PM25,SEDANG,ispu_2024-2025.xls,,
2025-11-06,DKI1,22.0,45.0,29.0,9.0,14.0,14.0,45.0,PM25,BAIK,ispu_2024-2025.xls,,
2025-11-07,DKI1,21.0,48.0,31.0,11.0,13.0,19.0,48.0,PM25,BAIK,ispu_2024-2025.xls,,
2025-11-08,DKI1,25.0,54.0,31.0,11.0,10.0,18.0,54.0,PM25,SEDANG,ispu_2024-2025.xls,,
2025-11-09,DKI1,25.0,52.0,29.0,11.0,15.0,14.0,52.0,PM25,SEDANG,ispu_2024-2025.xls,,
2025-11-10,DKI1,21.0,50.0,31.0,9.0,18.0,15.0,50.0,PM25,BAIK,ispu_2024-2025.xls,,
2025-11-11,DKI1,23.0,47.0,31.0,9.0,17.0,14.0,47.0,PM25,BAIK,ispu_2024-2025.xls,,
2025-11-12,DKI1,21.0,41.0,31.0,10.0,12.0,16.0,41.0,PM25,BAIK,ispu_2024-2025.xls,,
2025-11-13,DKI1,16.0,38.0,30.0,10.0,12.0,14.0,38.0,PM25,BAIK,ispu_2024-2025.xls,,
2025-11-14,DKI1,22.0,41.0,30.0,12.0,10.0,16.0,41.0,PM25,BAIK,ispu_2024-2025.xls,,
2025-11-15,DKI1,24.0,58.0,31.0,12.0,13.0,18.0,58.0,PM25,SEDANG,ispu_2024-2025.xls,,
2025-11-16,DKI1,28.0,55.0,30.0,12.0,14.0,17.0,55.0,PM25,SEDANG,ispu_2024-2025.xls,,
2025-11-17,DKI1,25.0,52.0,32.0,10.0,11.0,14.0,52.0,PM25,SEDANG,ispu_2024-2025.xls,,
2025-11-18,DKI1,23.0,53.0,34.0,12.0,9.0,20.0,53.0,PM25,SEDANG,ispu_2024-2025.xls,,
2025-11-19,DKI1,51.0,75.0,35.0,30.0,12.0,38.0,75.0,PM25,SEDANG,ispu_2024-2025.xls,,
2025-11-20,DKI1,30.0,59.0,33.0,14.0,13.0,23.0,59.0,PM25,SEDANG,ispu_2024-2025.xls,,
2025-11-21,DKI1,25.0,50.0,32.0,13.0,13.0,22.0,50.0,PM25,BAIK,ispu_2024-2025.xls,,
2025-11-22,DKI1,39.0,70.0,40.0,15.0,18.0,23.0,70.0,PM25,SEDANG,ispu_2024-2025.xls,,
2025-11-23,DKI1,51.0,71.0,32.0,18.0,13.0,22.0,71.0,PM25,SEDANG,ispu_2024-2025.xls,,
2025-11-24,DKI1,30.0,57.0,31.0,13.0,12.0,21.0,57.0,PM25,SEDANG,ispu_2024-2025.xls,,
2025-11-25,DKI1,26.0,58.0,32.0,13.0,16.0,23.0,58.0,PM25,SEDANG,ispu_2024-2025.xls,,
2025-11-26,DKI1,30.0,61.0,33.0,13.0,12.0,20.0,61.0,PM25,SEDANG,ispu_2024-2025.xls,,
2025-11-27,DKI1,30.0,64.0,35.0,14.0,18.0,26.0,64.0,PM25,SEDANG,ispu_2024-2025.xls,,
2025-11-28,DKI1,,120.0,43.0,16.0,23.0,32.0,120.0,PM25,TIDAK SEHAT,ispu_2024-2025.xls,,
2025-11-29,DKI1,52.0,79.0,40.0,15.0,22.0,28.0,79.0,PM25,SEDANG,ispu_2024-2025.xls,,
2025-11-30,DKI1,59.0,88.0,35.0,15.0,16.0,33.0,88.0,PM25,SEDANG,ispu_2024-2025.xls,,
2019-01-01,DKI2,14.0,,10.0,7.0,71.0,,71.0,O3,SEDANG,spku_2019.csv,,
2019-01-02,DKI2,20.0,,12.0,4.0,79.0,,79.0,O3,SEDANG,spku_2019.csv,,
2019-01-03,DKI2,16.0,,12.0,4.0,65.0,,65.0,O3,SEDANG,spku_2019.csv,,
2019-01-04,DKI2,33.0,,14.0,7.0,64.0,11.0,64.0,O3,SEDANG,spku_2019.csv,,
2019-01-05,DKI2,36.0,,15.0,6.0,39.0,20.0,39.0,O3,BAIK,spku_2019.csv,,
2019-01-06,DKI2,55.0,,19.0,14.0,105.0,10.0,105.0,O3,TIDAK SEHAT,spku_2019.csv,,
2019-01-07,DKI2,53.0,,18.0,9.0,,9.0,53.0,PM10,SEDANG,spku_2019.csv,,
2019-01-08,DKI2,33.0,,19.0,7.0,113.0,26.0,113.0,O3,TIDAK SEHAT,spku_2019.csv,,
2019-01-09,DKI2,61.0,,22.0,13.0,66.0,14.0,66.0,O3,SEDANG,spku_2019.csv,,
2019-01-10,DKI2,47.0,,16.0,13.0,64.0,18.0,64.0,O3,SEDANG,spku_2019.csv,,
2019-01-11,DKI2,38.0,,19.0,19.0,27.0,13.0,38.0,PM10,BAIK,spku_2019.csv,,
2019-01-12,DKI2,33.0,,22.0,8.0,33.0,16.0,33.0,PM10,BAIK,spku_2019.csv,,
2019-01-13,DKI2,40.0,,19.0,13.0,36.0,15.0,40.0,PM10,BAIK,spku_2019.csv,,
2019-01-14,DKI2,49.0,,22.0,19.0,33.0,18.0,49.0,PM10,BAIK,spku_2019.csv,,
2019-01-15,DKI2,48.0,,23.0,13.0,58.0,13.0,58.0,O3,SEDANG,spku_2019.csv,,
2019-01-16,DKI2,32.0,,20.0,9.0,49.0,7.0,49.0,O3,BAIK,spku_2019.csv,,
2019-01-17,DKI2,45.0,,20.0,14.0,45.0,14.0,45.0,PM10,BAIK,spku_2019.csv,,
2019-01-18,DKI2,24.0,,19.0,9.0,45.0,13.0,45.0,O3,BAIK,spku_2019.csv,,
2019-01-19,DKI2,32.0,,19.0,20.0,35.0,13.0,35.0,O3,BAIK,spku_2019.csv,,
2019-01-20,DKI2,56.0,,20.0,26.0,53.0,17.0,56.0,PM10,SEDANG,spku_2019.csv,,
2019-01-21,DKI2,45.0,,19.0,14.0,52.0,12.0,52.0,O3,SEDANG,spku_2019.csv,,
2019-01-22,DKI2,22.0,,,,,,22.0,PM10,BAIK,spku_2019.csv,,
2019-01-23,DKI2,41.0,,20.0,32.0,36.0,14.0,41.0,PM10,BAIK,spku_2019.csv,,
2019-01-24,DKI2,35.0,,19.0,11.0,29.0,12.0,35.0,PM10,BAIK,spku_2019.csv,,
2019-01-25,DKI2,28.0,,19.0,15.0,43.0,12.0,43.0,O3,BAIK,spku_2019.csv,,
2019-01-26,DKI2,50.0,,22.0,16.0,39.0,17.0,50.0,PM10,BAIK,spku_2019.csv,,
2019-01-27,DKI2,31.0,,18.0,7.0,42.0,7.0,42.0,O3,BAIK,spku_2019.csv,,
2019-01-28,DKI2,39.0,,18.0,29.0,32.0,15.0,39.0,PM10,BAIK,spku_2019.csv,,
2019-01-29,DKI2,34.0,,18.0,12.0,33.0,11.0,34.0,PM10,BAIK,spku_2019.csv,,
2019-01-30,DKI2,23.0,,19.0,13.0,46.0,16.0,46.0,O3,BAIK,spku_2019.csv,,
2019-01-31,DKI2,45.0,,19.0,12.0,43.0,17.0,45.0,PM10,BAIK,spku_2019.csv,,
2019-02-01,DKI2,51.0,,20.0,39.0,45.0,12.0,51.0,PM10,SEDANG,spku_2019.csv,,
2019-02-02,DKI2,51.0,,22.0,20.0,37.0,14.0,51.0,PM10,SEDANG,spku_2019.csv,,
2019-02-03,DKI2,43.0,,21.0,10.0,35.0,13.0,43.0,PM10,BAIK,spku_2019.csv,,
2019-02-04,DKI2,46.0,,27.0,24.0,30.0,10.0,46.0,PM10,BAIK,spku_2019.csv,,
2019-02-05,DKI2,47.0,,20.0,20.0,36.0,10.0,47.0,PM10,BAIK,spku_2019.csv,,
2019-02-06,DKI2,34.0,,20.0,9.0,31.0,13.0,34.0,PM10,BAIK,spku_2019.csv,,
2019-02-07,DKI2,70.0,,39.0,30.0,47.0,19.0,70.0,PM10,SEDANG,spku_2019.csv,,
2019-02-08,DKI2,63.0,,44.0,15.0,56.0,16.0,63.0,PM10,SEDANG,spku_2019.csv,,
2019-02-09,DKI2,59.0,,24.0,18.0,75.0,22.0,75.0,O3,SEDANG,spku_2019.csv,,
2019-02-10,DKI2,56.0,,23.0,16.0,56.0,17.0,56.0,PM10,SEDANG,spku_2019.csv,,
2019-02-11,DKI2,24.0,,19.0,7.0,50.0,16.0,50.0,O3,BAIK,spku_2019.csv,,
2019-02-12,DKI2,56.0,,34.0,24.0,44.0,17.0,56.0,PM10,SEDANG,spku_2019.csv,,
2019-02-13,DKI2,54.0,,26.0,20.0,34.0,17.0,54.0,PM10,SEDANG,spku_2019.csv,,
2019-02-14,DKI2,70.0,,35.0,25.0,47.0,17.0,70.0,PM10,SEDANG,spku_2019.csv,,
2019-02-15,DKI2,43.0,,23.0,8.0,32.0,14.0,43.0,PM10,BAIK,spku_2019.csv,,
2019-02-16,DKI2,26.0,,21.0,6.0,38.0,12.0,38.0,O3,BAIK,spku_2019.csv,,
2019-02-17,DKI2,22.0,,19.0,6.0,63.0,6.0,63.0,O3,SEDANG,spku_2019.csv,,
2019-02-18,DKI2,50.0,,23.0,14.0,64.0,22.0,64.0,O3,SEDANG,spku_2019.csv,,
2019-02-19,DKI2,71.0,,26.0,18.0,70.0,17.0,71.0,PM10,SEDANG,spku_2019.csv,,
2019-02-20,DKI2,60.0,,24.0,17.0,45.0,23.0,60.0,PM10,SEDANG,spku_2019.csv,,
2019-02-21,DKI2,65.0,,26.0,14.0,47.0,18.0,65.0,PM10,SEDANG,spku_2019.csv,,
2019-02-22,DKI2,60.0,,34.0,18.0,38.0,17.0,60.0,PM10,SEDANG,spku_2019.csv,,
2019-02-23,DKI2,42.0,,22.0,13.0,91.0,13.0,91.0,O3,SEDANG,spku_2019.csv,,
2019-02-24,DKI2,57.0,,26.0,18.0,73.0,13.0,73.0,O3,SEDANG,spku_2019.csv,,
2019-02-25,DKI2,52.0,,28.0,14.0,64.0,12.0,64.0,O3,SEDANG,spku_2019.csv,,
2019-02-26,DKI2,60.0,,29.0,11.0,44.0,14.0,60.0,PM10,SEDANG,spku_2019.csv,,
2019-02-27,DKI2,58.0,,22.0,10.0,46.0,13.0,58.0,PM10,SEDANG,spku_2019.csv,,
2019-02-28,DKI2,38.0,,21.0,4.0,54.0,8.0,54.0,O3,SEDANG,spku_2019.csv,,
2019-03-01,DKI2,38.0,,19.0,13.0,36.0,14.0,38.0,PM10,BAIK,spku_2019.csv,,
2019-03-02,DKI2,50.0,,51.0,11.0,30.0,11.0,51.0,SO2,SEDANG,spku_2019.csv,,
2019-03-03,DKI2,46.0,,23.0,6.0,78.0,8.0,78.0,O3,SEDANG,spku_2019.csv,,
2019-03-04,DKI2,51.0,,22.0,18.0,61.0,18.0,61.0,O3,SEDANG,spku_2019.csv,,
2019-03-05,DKI2,44.0,,21.0,12.0,64.0,22.0,64.0,O3,SEDANG,spku_2019.csv,,
2019-03-06,DKI2,40.0,,20.0,11.0,42.0,19.0,42.0,O3,BAIK,spku_2019.csv,,
2019-03-07,DKI2,55.0,,24.0,26.0,48.0,17.0,55.0,PM10,SEDANG,spku_2019.csv,,
2019-03-08,DKI2,76.0,,25.0,31.0,54.0,23.0,76.0,PM10,SEDANG,spku_2019.csv,,
2019-03-09,DKI2,67.0,,35.0,22.0,92.0,27.0,92.0,O3,SEDANG,spku_2019.csv,,
2019-03-10,DKI2,60.0,,26.0,16.0,164.0,19.0,164.0,O3,TIDAK SEHAT,spku_2019.csv,,
2019-03-11,DKI2,55.0,,23.0,15.0,44.0,18.0,55.0,PM10,SEDANG,spku_2019.csv,,
2019-03-12,DKI2,30.0,,20.0,9.0,34.0,12.0,34.0,O3,BAIK,spku_2019.csv,,
2019-03-13,DKI2,50.0,,27.0,14.0,43.0,22.0,50.0,PM10,BAIK,spku_2019.csv,,
2019-03-14,DKI2,54.0,,26.0,14.0,80.0,36.0,80.0,O3,SEDANG,spku_2019.csv,,
2019-03-15,DKI2,59.0,,23.0,19.0,85.0,35.0,85.0,O3,SEDANG,spku_2019.csv,,
2019-03-16,DKI2,60.0,,26.0,21.0,47.0,15.0,60.0,PM10,SEDANG,spku_2019.csv,,
2019-03-17,DKI2,39.0,,21.0,12.0,48.0,8.0,48.0,O3,BAIK,spku_2019.csv,,
2019-03-18,DKI2,42.0,,20.0,13.0,47.0,10.0,47.0,O3,BAIK,spku_2019.csv,,
2019-03-19,DKI2,33.0,,19.0,14.0,28.0,6.0,33.0,PM10,BAIK,spku_2019.csv,,
2019-03-20,DKI2,27.0,,8.0,8.0,33.0,12.0,33.0,O3,BAIK,spku_2019.csv,,
2019-03-21,DKI2,35.0,,8.0,9.0,37.0,9.0,37.0,O3,BAIK,spku_2019.csv,,
2019-03-22,DKI2,31.0,,8.0,11.0,45.0,12.0,45.0,O3,BAIK,spku_2019.csv,,
2019-03-23,DKI2,26.0,,7.0,7.0,39.0,15.0,39.0,O3,BAIK,spku_2019.csv,,
2019-03-24,DKI2,19.0,,7.0,5.0,40.0,2.0,40.0,O3,BAIK,spku_2019.csv,,
2019-03-25,DKI2,21.0,,7.0,7.0,37.0,7.0,37.0,O3,BAIK,spku_2019.csv,,
2019-03-26,DKI2,58.0,,10.0,24.0,53.0,16.0,58.0,PM10,SEDANG,spku_2019.csv,,
2019-03-27,DKI2,43.0,,11.0,12.0,72.0,14.0,72.0,O3,SEDANG,spku_2019.csv,,
2019-03-28,DKI2,56.0,,7.0,15.0,96.0,11.0,96.0,O3,SEDANG,spku_2019.csv,,
2019-03-29,DKI2,62.0,,13.0,18.0,69.0,17.0,69.0,O3,SEDANG,spku_2019.csv,,
2019-03-30,DKI2,62.0,,18.0,14.0,87.0,11.0,87.0,O3,SEDANG,spku_2019.csv,,
2019-03-31,DKI2,60.0,,11.0,26.0,84.0,11.0,84.0,O3,SEDANG,spku_2019.csv,,
2019-04-01,DKI2,68.0,,21.0,31.0,96.0,13.0,96.0,O3,SEDANG,spku_2019.csv,,
2019-04-02,DKI2,62.0,,12.0,26.0,86.0,15.0,86.0,O3,SEDANG,spku_2019.csv,,
2019-04-03,DKI2,59.0,,15.0,31.0,74.0,15.0,74.0,O3,SEDANG,spku_2019.csv,,
2019-04-04,DKI2,59.0,,18.0,18.0,61.0,10.0,61.0,O3,SEDANG,spku_2019.csv,,
2019-04-05,DKI2,59.0,,19.0,15.0,47.0,12.0,59.0,PM10,SEDANG,spku_2019.csv,,
2019-04-06,DKI2,54.0,,9.0,10.0,71.0,23.0,71.0,O3,SEDANG,spku_2019.csv,,
2019-04-07,DKI2,68.0,,9.0,21.0,87.0,11.0,87.0,O3,SEDANG,spku_2019.csv,,
2019-04-08,DKI2,57.0,,10.0,11.0,98.0,17.0,98.0,O3,SEDANG,spku_2019.csv,,
2019-04-09,DKI2,72.0,,12.0,13.0,85.0,11.0,85.0,O3,SEDANG,spku_2019.csv,,
2019-04-10,DKI2,76.0,,19.0,23.0,103.0,18.0,103.0,O3,TIDAK SEHAT,spku_2019.csv,,
2019-04-11,DKI2,69.0,,17.0,11.0,90.0,17.0,90.0,O3,SEDANG,spku_2019.csv,,
2019-04-12,DKI2,43.0,,9.0,10.0,78.0,8.0,78.0,O3,SEDANG,spku_2019.csv,,
2019-04-13,DKI2,32.0,,9.0,7.0,62.0,9.0,62.0,O3,SEDANG,spku_2019.csv,,
2019-04-14,DKI2,44.0,,13.0,9.0,99.0,12.0,99.0,O3,SEDANG,spku_2019.csv,,
2019-04-15,DKI2,54.0,,13.0,12.0,88.0,9.0,88.0,O3,SEDANG,spku_2019.csv,,
2019-04-16,DKI2,62.0,,16.0,17.0,103.0,14.0,103.0,O3,TIDAK SEHAT,spku_2019.csv,,
2019-04-17,DKI2,69.0,,20.0,18.0,68.0,11.0,69.0,PM10,SEDANG,spku_2019.csv,,
2019-04-18,DKI2,61.0,,13.0,11.0,96.0,7.0,96.0,O3,SEDANG,spku_2019.csv,,
2019-04-19,DKI2,49.0,,18.0,8.0,41.0,7.0,49.0,PM10,BAIK,spku_2019.csv,,
2019-04-20,DKI2,24.0,,11.0,7.0,66.0,5.0,66.0,O3,SEDANG,spku_2019.csv,,
2019-04-21,DKI2,51.0,,8.0,7.0,69.0,5.0,69.0,O3,SEDANG,spku_2019.csv,,
2019-04-22,DKI2,60.0,,11.0,6.0,48.0,6.0,60.0,PM10,SEDANG,spku_2019.csv,,
2019-04-23,DKI2,61.0,,11.0,7.0,49.0,9.0,61.0,PM10,SEDANG,spku_2019.csv,,
2019-04-24,DKI2,42.0,,7.0,7.0,34.0,7.0,42.0,PM10,BAIK,spku_2019.csv,,
2019-04-25,DKI2,67.0,,18.0,22.0,53.0,11.0,67.0,PM10,SEDANG,spku_2019.csv,,
2019-04-26,DKI2,42.0,,8.0,12.0,79.0,11.0,79.0,O3,SEDANG,spku_2019.csv,,
2019-04-27,DKI2,55.0,,14.0,14.0,53.0,9.0,55.0,PM10,SEDANG,spku_2019.csv,,
2019-04-28,DKI2,65.0,,12.0,26.0,42.0,11.0,65.0,PM10,SEDANG,spku_2019.csv,,
2019-04-29,DKI2,53.0,,12.0,18.0,46.0,12.0,53.0,PM10,SEDANG,spku_2019.csv,,
2019-04-30,DKI2,59.0,,16.0,8.0,48.0,9.0,59.0,PM10,SEDANG,spku_2019.csv,,
2019-05-01,DKI2,43.0,,8.0,15.0,56.0,7.0,56.0,O3,SEDANG,spku_2019.csv,,
2019-05-02,DKI2,25.0,,8.0,9.0,29.0,6.0,29.0,O3,BAIK,spku_2019.csv,,
2019-05-03,DKI2,50.0,,9.0,9.0,59.0,9.0,59.0,O3,SEDANG,spku_2019.csv,,
2019-05-04,DKI2,72.0,,17.0,27.0,56.0,11.0,72.0,PM10,SEDANG,spku_2019.csv,,
2019-05-05,DKI2,59.0,,11.0,13.0,65.0,14.0,65.0,O3,SEDANG,spku_2019.csv,,
2019-05-06,DKI2,52.0,,11.0,9.0,69.0,9.0,69.0,O3,SEDANG,spku_2019.csv,,
2019-05-07,DKI2,61.0,,10.0,22.0,63.0,13.0,63.0,O3,SEDANG,spku_2019.csv,,
2019-05-08,DKI2,69.0,,9.0,28.0,74.0,13.0,74.0,O3,SEDANG,spku_2019.csv,,
2019-05-09,DKI2,67.0,,11.0,20.0,81.0,13.0,81.0,O3,SEDANG,spku_2019.csv,,
2019-05-10,DKI2,52.0,,11.0,12.0,87.0,11.0,87.0,O3,SEDANG,spku_2019.csv,,
2019-05-11,DKI2,41.0,,9.0,7.0,49.0,8.0,49.0,O3,BAIK,spku_2019.csv,,
2019-05-12,DKI2,61.0,,11.0,11.0,61.0,7.0,61.0,PM10,SEDANG,spku_2019.csv,,
2019-05-13,DKI2,63.0,,11.0,19.0,66.0,11.0,66.0,O3,SEDANG,spku_2019.csv,,
2019-05-14,DKI2,73.0,,12.0,12.0,60.0,10.0,73.0,PM10,SEDANG,spku_2019.csv,,
2019-05-15,DKI2,68.0,,8.0,6.0,56.0,11.0,68.0,PM10,SEDANG,spku_2019.csv,,
2019-05-16,DKI2,55.0,,9.0,9.0,111.0,10.0,111.0,O3,TIDAK SEHAT,spku_2019.csv,,
2019-05-17,DKI2,63.0,,9.0,9.0,100.0,12.0,100.0,O3,SEDANG,spku_2019.csv,,
2019-05-18,DKI2,59.0,,11.0,12.0,88.0,9.0,88.0,O3,SEDANG,spku_2019.csv,,
2019-05-19,DKI2,92.0,,21.0,13.0,86.0,10.0,92.0,PM10,SEDANG,spku_2019.csv,,
2019-05-20,DKI2,71.0,,6.0,9.0,73.0,9.0,73.0,O3,SEDANG,spku_2019.csv,,
2019-05-21,DKI2,80.0,,8.0,9.0,72.0,9.0,80.0,PM10,SEDANG,spku_2019.csv,,
2019-05-22,DKI2,68.0,,10.0,9.0,58.0,10.0,68.0,PM10,SEDANG,spku_2019.csv,,
2019-05-23,DKI2,64.0,,12.0,12.0,60.0,10.0,64.0,PM10,SEDANG,spku_2019.csv,,
2019-05-24,DKI2,69.0,,13.0,11.0,62.0,11.0,69.0,PM10,SEDANG,spku_2019.csv,,
2019-05-25,DKI2,72.0,,16.0,12.0,63.0,10.0,72.0,PM10,SEDANG,spku_2019.csv,,
2019-05-26,DKI2,71.0,,13.0,10.0,90.0,9.0,90.0,O3,SEDANG,spku_2019.csv,,
2019-05-27,DKI2,70.0,,10.0,11.0,70.0,8.0,70.0,PM10,SEDANG,spku_2019.csv,,
2019-05-28,DKI2,65.0,,10.0,8.0,53.0,9.0,65.0,PM10,SEDANG,spku_2019.csv,,
2019-05-29,DKI2,66.0,,13.0,9.0,56.0,8.0,66.0,PM10,SEDANG,spku_2019.csv,,
2019-05-30,DKI2,60.0,,12.0,13.0,67.0,8.0,67.0,O3,SEDANG,spku_2019.csv,,
2019-05-31,DKI2,55.0,,11.0,11.0,62.0,6.0,62.0,O3,SEDANG,spku_2019.csv,,
2019-06-01,DKI2,60.0,,9.0,12.0,104.0,7.0,104.0,O3,TIDAK SEHAT,spku_2019.csv,,
2019-06-02,DKI2,59.0,,8.0,17.0,106.0,9.0,106.0,O3,TIDAK SEHAT,spku_2019.csv,,
2019-06-03,DKI2,52.0,,9.0,15.0,77.0,10.0,77.0,O3,SEDANG,spku_2019.csv,,
2019-06-04,DKI2,67.0,,14.0,14.0,75.0,7.0,75.0,O3,SEDANG,spku_2019.csv,,
2019-06-05,DKI2,64.0,,10.0,13.0,52.0,6.0,64.0,PM10,SEDANG,spku_2019.csv,,
2019-06-06,DKI2,50.0,,23.0,5.0,52.0,4.0,52.0,O3,SEDANG,spku_2019.csv,,
2019-06-07,DKI2,51.0,,13.0,5.0,52.0,5.0,52.0,O3,SEDANG,spku_2019.csv,,
2019-06-08,DKI2,44.0,,10.0,8.0,105.0,8.0,105.0,O3,TIDAK SEHAT,spku_2019.csv,,
2019-06-09,DKI2,51.0,,10.0,11.0,92.0,10.0,92.0,O3,SEDANG,spku_2019.csv,,
2019-06-10,DKI2,57.0,,11.0,14.0,71.0,8.0,71.0,O3,SEDANG,spku_2019.csv,,
2019-06-11,DKI2,57.0,,12.0,13.0,87.0,7.0,87.0,O3,SEDANG,spku_2019.csv,,
2019-06-12,DKI2,62.0,,9.0,14.0,92.0,10.0,92.0,O3,SEDANG,spku_2019.csv,,
2019-06-13,DKI2,67.0,,9.0,13.0,105.0,9.0,105.0,O3,TIDAK SEHAT,spku_2019.csv,,
2019-06-14,DKI2,68.0,,10.0,14.0,72.0,9.0,72.0,O3,SEDANG,spku_2019.csv,,
2019-06-15,DKI2,57.0,,9.0,18.0,93.0,10.0,93.0,O3,SEDANG,spku_2019.csv,,
2019-06-16,DKI2,62.0,,11.0,7.0,89.0,4.0,89.0,O3,SEDANG,spku_2019.csv,,
2019-06-17,DKI2,68.0,,12.0,14.0,68.0,10.0,68.0,PM10,SEDANG,spku_2019.csv,,
2019-06-18,DKI2,69.0,,12.0,9.0,53.0,10.0,69.0,PM10,SEDANG,spku_2019.csv,,
2019-06-19,DKI2,80.0,,27.0,11.0,61.0,11.0,80.0,PM10,SEDANG,spku_2019.csv,,
2019-06-20,DKI2,87.0,,18.0,19.0,94.0,13.0,94.0,O3,SEDANG,spku_2019.csv,,
2019-06-21,DKI2,79.0,,10.0,14.0,65.0,12.0,79.0,PM10,SEDANG,spku_2019.csv,,
2019-06-22,DKI2,80.0,,16.0,10.0,110.0,10.0,110.0,O3,TIDAK SEHAT,spku_2019.csv,,
2019-06-23,DKI2,70.0,,11.0,10.0,79.0,9.0,79.0,O3,SEDANG,spku_2019.csv,,
2019-06-24,DKI2,66.0,,12.0,11.0,70.0,7.0,70.0,O3,SEDANG,spku_2019.csv,,
2019-06-25,DKI2,89.0,,19.0,12.0,73.0,10.0,89.0,PM10,SEDANG,spku_2019.csv,,
2019-06-26,DKI2,84.0,,19.0,10.0,67.0,11.0,84.0,PM10,SEDANG,spku_2019.csv,,
2019-06-27,DKI2,81.0,,14.0,20.0,137.0,12.0,137.0,O3,TIDAK SEHAT,spku_2019.csv,,
2019-06-28,DKI2,65.0,,11.0,13.0,81.0,10.0,81.0,O3,SEDANG,spku_2019.csv,,
2019-06-29,DKI2,69.0,,12.0,11.0,173.0,10.0,173.0,O3,TIDAK SEHAT,spku_2019.csv,,
2019-06-30,DKI2,63.0,,12.0,8.0,57.0,8.0,63.0,PM10,SEDANG,spku_2019.csv,,
2019-07-01,DKI2,69.0,,12.0,10.0,70.0,9.0,70.0,O3,SEDANG,spku_2019.csv,,
2019-07-02,DKI2,67.0,,12.0,9.0,,8.0,67.0,PM10,SEDANG,spku_2019.csv,,
2019-07-03,DKI2,71.0,,20.0,11.0,74.0,10.0,74.0,O3,SEDANG,spku_2019.csv,,
2019-07-04,DKI2,69.0,,16.0,7.0,78.0,9.0,78.0,O3,SEDANG,spku_2019.csv,,
2019-07-05,DKI2,63.0,,13.0,12.0,91.0,8.0,91.0,O3,SEDANG,spku_2019.csv,,
2019-07-06,DKI2,58.0,,10.0,6.0,50.0,8.0,58.0,PM10,SEDANG,spku_2019.csv,,
2019-07-07,DKI2,56.0,,9.0,4.0,52.0,6.0,56.0,PM10,SEDANG,spku_2019.csv,,
2019-07-08,DKI2,61.0,,11.0,6.0,53.0,8.0,61.0,PM10,SEDANG,spku_2019.csv,,
2019-07-09,DKI2,66.0,,13.0,9.0,111.0,8.0,111.0,O3,TIDAK SEHAT,spku_2019.csv,,
2019-07-10,DKI2,57.0,,10.0,7.0,82.0,6.0,82.0,O3,SEDANG,spku_2019.csv,,
2019-07-11,DKI2,67.0,,13.0,10.0,50.0,9.0,67.0,PM10,SEDANG,spku_2019.csv,,
2019-07-12,DKI2,,,,,,,0.0, ,TIDAK ADA DATA,spku_2019.csv,,
2019-07-13,DKI2,64.0,,8.0,8.0,147.0,6.0,147.0,O3,TIDAK SEHAT,spku_2019.csv,,
2019-07-14,DKI2,74.0,,7.0,14.0,149.0,5.0,149.0,O3,TIDAK SEHAT,spku_2019.csv,,
2019-07-15,DKI2,70.0,,9.0,9.0,59.0,5.0,70.0,PM10,SEDANG,spku_2019.csv,,
2019-07-16,DKI2,72.0,,10.0,13.0,77.0,6.0,77.0,O3,SEDANG,spku_2019.csv,,
2019-07-17,DKI2,68.0,,10.0,7.0,82.0,9.0,82.0,O3,SEDANG,spku_2019.csv,,
2019-07-18,DKI2,73.0,,10.0,9.0,63.0,8.0,73.0,PM10,SEDANG,spku_2019.csv,,
2019-07-19,DKI2,68.0,,14.0,9.0,49.0,7.0,68.0,PM10,SEDANG,spku_2019.csv,,
2019-07-20,DKI2,,,9.0,11.0,102.0,10.0,102.0,O3,TIDAK SEHAT,spku_2019.csv,,
2019-07-21,DKI2,66.0,,7.0,8.0,91.0,5.0,91.0,O3,SEDANG,spku_2019.csv,,
2019-07-22,DKI2,67.0,,7.0,11.0,100.0,7.0,100.0,O3,SEDANG,spku_2019.csv,,
2019-07-23,DKI2,83.0,,10.0,9.0,62.0,10.0,83.0,PM10,SEDANG,spku_2019.csv,,
2019-07-24,DKI2,76.0,,11.0,7.0,70.0,8.0,76.0,PM10,SEDANG,spku_2019.csv,,
2019-07-25,DKI2,79.0,,9.0,15.0,123.0,11.0,123.0,O3,TIDAK SEHAT,spku_2019.csv,,
2019-07-26,DKI2,83.0,,10.0,9.0,55.0,9.0,83.0,PM10,SEDANG,spku_2019.csv,,
2019-07-27,DKI2,73.0,,10.0,6.0,54.0,9.0,73.0,PM10,SEDANG,spku_2019.csv,,
2019-07-28,DKI2,75.0,,9.0,8.0,77.0,8.0,77.0,O3,SEDANG,spku_2019.csv,,
2019-07-29,DKI2,75.0,,7.0,9.0,70.0,7.0,75.0,PM10,SEDANG,spku_2019.csv,,
2019-07-30,DKI2,79.0,,10.0,11.0,99.0,10.0,99.0,O3,SEDANG,spku_2019.csv,,
2019-07-31,DKI2,83.0,,11.0,13.0,78.0,11.0,83.0,PM10,SEDANG,spku_2019.csv,,
2019-08-01,DKI2,71.0,,9.0,9.0,102.0,10.0,102.0,O3,TIDAK SEHAT,spku_2019.csv,,
2019-08-02,DKI2,76.0,,9.0,9.0,84.0,11.0,84.0,O3,SEDANG,spku_2019.csv,,
2019-08-03,DKI2,77.0,,12.0,8.0,80.0,10.0,80.0,O3,SEDANG,spku_2019.csv,,
2019-08-04,DKI2,71.0,,9.0,6.0,65.0,5.0,71.0,PM10,SEDANG,spku_2019.csv,,
2019-08-05,DKI2,64.0,,9.0,,81.0,8.0,81.0,O3,SEDANG,spku_2019.csv,,
2019-08-06,DKI2,66.0,,9.0,8.0,114.0,13.0,114.0,O3,TIDAK SEHAT,spku_2019.csv,,
2019-08-07,DKI2,79.0,,10.0,12.0,64.0,14.0,79.0,PM10,SEDANG,spku_2019.csv,,
2019-08-08,DKI2,98.0,,10.0,10.0,96.0,12.0,98.0,PM10,SEDANG,spku_2019.csv,,
2019-08-09,DKI2,74.0,,8.0,9.0,91.0,9.0,91.0,O3,SEDANG,spku_2019.csv,,
2019-08-10,DKI2,82.0,,10.0,14.0,59.0,11.0,82.0,PM10,SEDANG,spku_2019.csv,,
2019-08-11,DKI2,68.0,,9.0,7.0,56.0,6.0,68.0,PM10,SEDANG,spku_2019.csv,,
2019-08-12,DKI2,71.0,,9.0,8.0,55.0,8.0,71.0,PM10,SEDANG,spku_2019.csv,,
2019-08-13,DKI2,70.0,,8.0,7.0,54.0,7.0,70.0,PM10,SEDANG,spku_2019.csv,,
2019-08-14,DKI2,67.0,,10.0,5.0,65.0,6.0,67.0,PM10,SEDANG,spku_2019.csv,,
2019-08-15,DKI2,72.0,,8.0,6.0,71.0,6.0,72.0,PM10,SEDANG,spku_2019.csv,,
2019-08-16,DKI2,74.0,,7.0,10.0,88.0,9.0,88.0,O3,SEDANG,spku_2019.csv,,
2019-08-17,DKI2,71.0,,7.0,7.0,88.0,6.0,88.0,O3,SEDANG,spku_2019.csv,,
2019-08-18,DKI2,66.0,,7.0,5.0,52.0,4.0,66.0,PM10,SEDANG,spku_2019.csv,,
2019-08-19,DKI2,71.0,,8.0,12.0,153.0,9.0,153.0,O3,TIDAK SEHAT,spku_2019.csv,,
2019-08-20,DKI2,75.0,,8.0,10.0,103.0,11.0,103.0,O3,TIDAK SEHAT,spku_2019.csv,,
2019-08-21,DKI2,70.0,,8.0,6.0,50.0,10.0,70.0,PM10,SEDANG,spku_2019.csv,,
2019-08-22,DKI2,70.0,,9.0,6.0,61.0,7.0,70.0,PM10,SEDANG,spku_2019.csv,,
2019-08-23,DKI2,77.0,,9.0,14.0,74.0,10.0,77.0,PM10,SEDANG,spku_2019.csv,,
2019-08-24,DKI2,77.0,,9.0,6.0,71.0,8.0,77.0,PM10,SEDANG,spku_2019.csv,,
2019-08-25,DKI2,66.0,,7.0,,100.0,5.0,100.0,O3,SEDANG,spku_2019.csv,,
2019-08-26,DKI2,78.0,,9.0,,98.0,9.0,98.0,O3,SEDANG,spku_2019.csv,,
2019-08-27,DKI2,79.0,,9.0,,78.0,9.0,79.0,PM10,SEDANG,spku_2019.csv,,
2019-08-28,DKI2,62.0,,6.0,,70.0,3.0,70.0,O3,SEDANG,spku_2019.csv,,
2019-08-29,DKI2,69.0,,7.0,22.0,68.0,9.0,69.0,PM10,SEDANG,spku_2019.csv,,
2019-08-30,DKI2,72.0,,9.0,11.0,63.0,8.0,72.0,PM10,SEDANG,spku_2019.csv,,
2019-08-31,DKI2,76.0,,8.0,19.0,60.0,12.0,76.0,PM10,SEDANG,spku_2019.csv,,
2019-09-01,DKI2,74.0,,8.0,12.0,66.0,7.0,74.0,PM10,SEDANG,spku_2019.csv,,
2019-09-02,DKI2,68.0,,8.0,17.0,75.0,9.0,75.0,O3,SEDANG,spku_2019.csv,,
2019-09-03,DKI2,73.0,,7.0,11.0,96.0,9.0,96.0,O3,SEDANG,spku_2019.csv,,
2019-09-04,DKI2,74.0,,7.0,12.0,76.0,8.0,76.0,O3,SEDANG,spku_2019.csv,,
2019-09-05,DKI2,71.0,,6.0,11.0,64.0,7.0,71.0,PM10,SEDANG,spku_2019.csv,,
2019-09-06,DKI2,74.0,,7.0,21.0,77.0,9.0,77.0,O3,SEDANG,spku_2019.csv,,
2019-09-07,DKI2,73.0,,7.0,12.0,62.0,7.0,73.0,PM10,SEDANG,spku_2019.csv,,
2019-09-08,DKI2,62.0,,7.0,10.0,69.0,7.0,69.0,O3,SEDANG,spku_2019.csv,,
2019-09-09,DKI2,66.0,,7.0,11.0,69.0,6.0,69.0,O3,SEDANG,spku_2019.csv,,
2019-09-10,DKI2,64.0,,7.0,7.0,57.0,6.0,64.0,PM10,SEDANG,spku_2019.csv,,
2019-09-11,DKI2,75.0,,10.0,15.0,85.0,9.0,85.0,O3,SEDANG,spku_2019.csv,,
2019-09-12,DKI2,77.0,,9.0,16.0,134.0,8.0,134.0,O3,TIDAK SEHAT,spku_2019.csv,,
2019-09-13,DKI2,81.0,,8.0,20.0,112.0,8.0,112.0,O3,TIDAK SEHAT,spku_2019.csv,,
2019-09-14,DKI2,76.0,,9.0,16.0,91.0,10.0,91.0,O3,SEDANG,spku_2019.csv,,
2019-09-15,DKI2,74.0,,8.0,14.0,63.0,6.0,74.0,PM10,SEDANG,spku_2019.csv,,
2019-09-16,DKI2,67.0,,7.0,9.0,52.0,7.0,67.0,PM10,SEDANG,spku_2019.csv,,
2019-09-17,DKI2,66.0,,8.0,11.0,66.0,6.0,66.0,PM10,SEDANG,spku_2019.csv,,
2019-09-18,DKI2,71.0,,7.0,9.0,88.0,6.0,88.0,O3,SEDANG,spku_2019.csv,,
2019-09-19,DKI2,69.0,,6.0,8.0,54.0,4.0,69.0,PM10,SEDANG,spku_2019.csv,,
2019-09-20,DKI2,66.0,,7.0,9.0,56.0,6.0,66.0,PM10,SEDANG,spku_2019.csv,,
2019-09-21,DKI2,63.0,,9.0,9.0,120.0,6.0,120.0,O3,TIDAK SEHAT,spku_2019.csv,,
2019-09-22,DKI2,78.0,,11.0,14.0,84.0,6.0,84.0,O3,SEDANG,spku_2019.csv,,
2019-09-23,DKI2,70.0,,8.0,11.0,62.0,7.0,70.0,PM10,SEDANG,spku_2019.csv,,
2019-09-24,DKI2,73.0,,8.0,11.0,64.0,8.0,73.0,PM10,SEDANG,spku_2019.csv,,
2019-09-25,DKI2,78.0,,11.0,14.0,82.0,7.0,82.0,O3,SEDANG,spku_2019.csv,,
2019-09-26,DKI2,74.0,,8.0,10.0,64.0,8.0,74.0,PM10,SEDANG,spku_2019.csv,,
2019-09-27,DKI2,65.0,,7.0,10.0,68.0,9.0,68.0,O3,SEDANG,spku_2019.csv,,
2019-09-28,DKI2,61.0,,7.0,8.0,66.0,6.0,66.0,O3,SEDANG,spku_2019.csv,,
2019-09-29,DKI2,74.0,,8.0,15.0,65.0,9.0,74.0,PM10,SEDANG,spku_2019.csv,,
2019-09-30,DKI2,71.0,,7.0,17.0,79.0,9.0,79.0,O3,SEDANG,spku_2019.csv,,
2019-10-01,DKI2,79.0,,20.0,14.0,83.0,10.0,83.0,O3,SEDANG,spku_2019.csv,,
2019-10-02,DKI2,79.0,,8.0,12.0,84.0,9.0,84.0,O3,SEDANG,spku_2019.csv,,
2019-10-03,DKI2,65.0,,8.0,10.0,88.0,6.0,88.0,O3,SEDANG,spku_2019.csv,,
2019-10-04,DKI2,70.0,,8.0,15.0,146.0,8.0,146.0,O3,TIDAK SEHAT,spku_2019.csv,,
2019-10-05,DKI2,70.0,,8.0,10.0,58.0,8.0,70.0,PM10,SEDANG,spku_2019.csv,,
2019-10-06,DKI2,60.0,,8.0,8.0,110.0,6.0,110.0,O3,TIDAK SEHAT,spku_2019.csv,,
2019-10-07,DKI2,73.0,,8.0,15.0,92.0,9.0,92.0,O3,SEDANG,spku_2019.csv,,
2019-10-08,DKI2,70.0,,12.0,14.0,85.0,8.0,85.0,O3,SEDANG,spku_2019.csv,,
2019-10-09,DKI2,68.0,,15.0,18.0,74.0,14.0,74.0,O3,SEDANG,spku_2019.csv,,
2019-10-10,DKI2,71.0,,7.0,19.0,100.0,11.0,100.0,O3,SEDANG,spku_2019.csv,,
2019-10-11,DKI2,80.0,,9.0,20.0,109.0,11.0,109.0,O3,TIDAK SEHAT,spku_2019.csv,,
2019-10-12,DKI2,71.0,,9.0,13.0,80.0,8.0,80.0,O3,SEDANG,spku_2019.csv,,
2019-10-13,DKI2,67.0,,8.0,16.0,98.0,11.0,98.0,O3,SEDANG,spku_2019.csv,,
2019-10-14,DKI2,69.0,,8.0,12.0,93.0,9.0,93.0,O3,SEDANG,spku_2019.csv,,
2019-10-15,DKI2,64.0,,7.0,12.0,75.0,6.0,75.0,O3,SEDANG,spku_2019.csv,,
2019-10-16,DKI2,74.0,,8.0,23.0,103.0,14.0,103.0,O3,TIDAK SEHAT,spku_2019.csv,,
2019-10-17,DKI2,64.0,,7.0,12.0,85.0,7.0,85.0,O3,SEDANG,spku_2019.csv,,
2019-10-18,DKI2,60.0,,7.0,10.0,58.0,6.0,60.0,PM10,SEDANG,spku_2019.csv,,
2019-10-19,DKI2,65.0,,7.0,9.0,53.0,7.0,65.0,PM10,SEDANG,spku_2019.csv,,
2019-10-20,DKI2,68.0,,7.0,14.0,80.0,7.0,80.0,O3,SEDANG,spku_2019.csv,,
2019-10-21,DKI2,73.0,,8.0,11.0,57.0,8.0,73.0,PM10,SEDANG,spku_2019.csv,,
2019-10-22,DKI2,70.0,,8.0,13.0,102.0,7.0,102.0,O3,TIDAK SEHAT,spku_2019.csv,,
2019-10-23,DKI2,70.0,,8.0,13.0,93.0,7.0,93.0,O3,SEDANG,spku_2019.csv,,
2019-10-24,DKI2,77.0,,8.0,12.0,80.0,8.0,80.0,O3,SEDANG,spku_2019.csv,,
2019-10-25,DKI2,67.0,,7.0,8.0,63.0,4.0,67.0,PM10,SEDANG,spku_2019.csv,,
2019-10-26,DKI2,75.0,,8.0,11.0,85.0,7.0,85.0,O3,SEDANG,spku_2019.csv,,
2019-10-27,DKI2,83.0,,9.0,27.0,74.0,10.0,83.0,PM10,SEDANG,spku_2019.csv,,
2019-10-28,DKI2,68.0,,7.0,16.0,58.0,10.0,68.0,PM10,SEDANG,spku_2019.csv,,
2019-10-29,DKI2,78.0,,10.0,30.0,70.0,13.0,78.0,PM10,SEDANG,spku_2019.csv,,
2019-10-30,DKI2,69.0,,8.0,19.0,120.0,12.0,120.0,O3,TIDAK SEHAT,spku_2019.csv,,
2019-10-31,DKI2,76.0,,9.0,13.0,82.0,12.0,82.0,O3,SEDANG,spku_2019.csv,,
2019-11-01,DKI2,55.0,,8.0,9.0,120.0,8.0,120.0,O3,TIDAK SEHAT,spku_2019.csv,,
2019-11-02,DKI2,59.0,,7.0,17.0,87.0,9.0,87.0,O3,SEDANG,spku_2019.csv,,
2019-11-03,DKI2,58.0,,11.0,14.0,86.0,10.0,86.0,O3,SEDANG,spku_2019.csv,,
2019-11-04,DKI2,57.0,,10.0,16.0,137.0,9.0,137.0,O3,TIDAK SEHAT,spku_2019.csv,,
2019-11-05,DKI2,70.0,,11.0,13.0,118.0,9.0,118.0,O3,TIDAK SEHAT,spku_2019.csv,,
2019-11-06,DKI2,65.0,,7.0,21.0,107.0,13.0,107.0,O3,TIDAK SEHAT,spku_2019.csv,,
2019-11-07,DKI2,68.0,,8.0,21.0,108.0,15.0,108.0,O3,TIDAK SEHAT,spku_2019.csv,,
2019-11-08,DKI2,85.0,,8.0,16.0,133.0,24.0,133.0,O3,TIDAK SEHAT,spku_2019.csv,,
2019-11-09,DKI2,81.0,,12.0,16.0,138.0,13.0,138.0,O3,TIDAK SEHAT,spku_2019.csv,,
2019-11-10,DKI2,80.0,,12.0,16.0,90.0,10.0,90.0,O3,SEDANG,spku_2019.csv,,
2019-11-11,DKI2,70.0,,9.0,10.0,106.0,8.0,106.0,O3,TIDAK SEHAT,spku_2019.csv,,
2019-11-12,DKI2,71.0,,9.0,22.0,92.0,16.0,92.0,O3,SEDANG,spku_2019.csv,,
2019-11-13,DKI2,80.0,,8.0,16.0,92.0,10.0,92.0,O3,SEDANG,spku_2019.csv,,
2019-11-14,DKI2,76.0,,9.0,22.0,49.0,12.0,76.0,PM10,SEDANG,spku_2019.csv,,
2019-11-15,DKI2,73.0,,11.0,17.0,59.0,7.0,73.0,PM10,SEDANG,spku_2019.csv,,
2019-11-16,DKI2,66.0,,11.0,20.0,69.0,10.0,69.0,O3,SEDANG,spku_2019.csv,,
2019-11-17,DKI2,62.0,,8.0,11.0,83.0,8.0,83.0,O3,SEDANG,spku_2019.csv,,
2019-11-18,DKI2,69.0,,8.0,12.0,141.0,7.0,141.0,O3,TIDAK SEHAT,spku_2019.csv,,
2019-11-19,DKI2,72.0,,13.0,12.0,61.0,6.0,72.0,PM10,SEDANG,spku_2019.csv,,
2019-11-20,DKI2,53.0,,8.0,12.0,105.0,7.0,105.0,O3,TIDAK SEHAT,spku_2019.csv,,
2019-11-21,DKI2,72.0,,12.0,14.0,103.0,10.0,103.0,O3,TIDAK SEHAT,spku_2019.csv,,
2019-11-22,DKI2,60.0,,7.0,21.0,112.0,11.0,112.0,O3,TIDAK SEHAT,spku_2019.csv,,
2019-11-23,DKI2,73.0,,8.0,16.0,102.0,10.0,102.0,O3,TIDAK SEHAT,spku_2019.csv,,
2019-11-24,DKI2,,,10.0,23.0,79.0,13.0,79.0,O3,SEDANG,spku_2019.csv,,
2019-11-25,DKI2,67.0,,8.0,16.0,79.0,8.0,79.0,O3,SEDANG,spku_2019.csv,,
2019-11-26,DKI2,81.0,,11.0,23.0,81.0,11.0,81.0,PM10,SEDANG,spku_2019.csv,,
2019-11-27,DKI2,66.0,,8.0,20.0,56.0,12.0,66.0,PM10,SEDANG,spku_2019.csv,,
2019-11-28,DKI2,71.0,,10.0,23.0,72.0,10.0,72.0,O3,SEDANG,spku_2019.csv,,
2019-11-29,DKI2,60.0,,7.0,17.0,65.0,8.0,65.0,O3,SEDANG,spku_2019.csv,,
2019-11-30,DKI2,53.0,,7.0,14.0,46.0,13.0,53.0,PM10,SEDANG,spku_2019.csv,,
2019-12-01,DKI2,63.0,,10.0,27.0,56.0,10.0,63.0,PM10,SEDANG,spku_2019.csv,,
2019-12-02,DKI2,50.0,,7.0,12.0,84.0,7.0,84.0,O3,SEDANG,spku_2019.csv,,
2019-12-03,DKI2,68.0,,8.0,20.0,75.0,16.0,75.0,O3,SEDANG,spku_2019.csv,,
2019-12-04,DKI2,57.0,,8.0,15.0,52.0,13.0,57.0,PM10,SEDANG,spku_2019.csv,,
2019-12-05,DKI2,55.0,,8.0,14.0,55.0,9.0,55.0,PM10,SEDANG,spku_2019.csv,,
2019-12-06,DKI2,56.0,,7.0,20.0,47.0,10.0,56.0,PM10,SEDANG,spku_2019.csv,,
2019-12-07,DKI2,48.0,,8.0,13.0,45.0,9.0,48.0,PM10,BAIK,spku_2019.csv,,
2019-12-08,DKI2,52.0,,7.0,18.0,52.0,8.0,52.0,PM10,SEDANG,spku_2019.csv,,
2019-12-09,DKI2,71.0,,11.0,24.0,79.0,10.0,79.0,O3,SEDANG,spku_2019.csv,,
2019-12-10,DKI2,62.0,,7.0,19.0,73.0,10.0,73.0,O3,SEDANG,spku_2019.csv,,
2019-12-11,DKI2,74.0,,10.0,22.0,142.0,12.0,142.0,O3,TIDAK SEHAT,spku_2019.csv,,
2019-12-12,DKI2,74.0,,10.0,28.0,67.0,13.0,74.0,PM10,SEDANG,spku_2019.csv,,
2019-12-13,DKI2,66.0,,9.0,16.0,80.0,12.0,80.0,O3,SEDANG,spku_2019.csv,,
2019-12-14,DKI2,63.0,,10.0,19.0,68.0,10.0,68.0,O3,SEDANG,spku_2019.csv,,
2019-12-15,DKI2,56.0,,9.0,19.0,78.0,9.0,78.0,O3,SEDANG,spku_2019.csv,,
2019-12-16,DKI2,76.0,,10.0,19.0,60.0,11.0,76.0,PM10,SEDANG,spku_2019.csv,,
2019-12-17,DKI2,62.0,,9.0,15.0,60.0,12.0,62.0,PM10,SEDANG,spku_2019.csv,,
2019-12-18,DKI2,58.0,,8.0,24.0,90.0,10.0,90.0,O3,SEDANG,spku_2019.csv,,
2019-12-19,DKI2,60.0,,9.0,19.0,74.0,14.0,74.0,O3,SEDANG,spku_2019.csv,,
2019-12-20,DKI2,72.0,,10.0,20.0,73.0,10.0,73.0,O3,SEDANG,spku_2019.csv,,
2019-12-21,DKI2,72.0,,14.0,27.0,59.0,15.0,72.0,PM10,SEDANG,spku_2019.csv,,
2019-12-22,DKI2,53.0,,7.0,16.0,51.0,13.0,53.0,PM10,SEDANG,spku_2019.csv,,
2019-12-23,DKI2,60.0,,10.0,27.0,77.0,18.0,77.0,O3,SEDANG,spku_2019.csv,,
2019-12-24,DKI2,68.0,,11.0,23.0,55.0,10.0,68.0,PM10,SEDANG,spku_2019.csv,,
2019-12-25,DKI2,53.0,,7.0,9.0,54.0,6.0,54.0,O3,SEDANG,spku_2019.csv,,
2019-12-26,DKI2,53.0,,7.0,22.0,68.0,12.0,68.0,O3,SEDANG,spku_2019.csv,,
2019-12-27,DKI2,53.0,,8.0,25.0,62.0,10.0,62.0,O3,SEDANG,spku_2019.csv,,
2019-12-28,DKI2,64.0,,10.0,25.0,40.0,11.0,64.0,PM10,SEDANG,spku_2019.csv,,
2019-12-29,DKI2,59.0,,9.0,21.0,54.0,7.0,59.0,PM10,SEDANG,spku_2019.csv,,
2019-12-30,DKI2,66.0,,8.0,28.0,89.0,8.0,89.0,O3,SEDANG,spku_2019.csv,,
2019-12-31,DKI2,46.0,,7.0,14.0,35.0,7.0,46.0,PM10,BAIK,spku_2019.csv,,
2020-01-01,DKI2,31.0,,7.0,8.0,41.0,5.0,41.0,O3,BAIK,ispu_2020.xls,,
2020-01-02,DKI2,23.0,,7.0,9.0,35.0,6.0,35.0,O3,BAIK,ispu_2020.xls,,
2020-01-03,DKI2,47.0,,7.0,16.0,45.0,8.0,47.0,PM10,BAIK,ispu_2020.xls,,
2020-01-04,DKI2,45.0,,7.0,10.0,44.0,8.0,45.0,PM10,BAIK,ispu_2020.xls,,
2020-01-05,DKI2,41.0,,7.0,11.0,44.0,6.0,44.0,O3,BAIK,ispu_2020.xls,,
2020-01-06,DKI2,54.0,,7.0,16.0,41.0,8.0,54.0,PM10,SEDANG,ispu_2020.xls,,
2020-01-07,DKI2,46.0,,7.0,30.0,45.0,8.0,46.0,PM10,BAIK,ispu_2020.xls,,
2020-01-08,DKI2,51.0,,8.0,17.0,48.0,8.0,51.0,PM10,SEDANG,ispu_2020.xls,,
2020-01-09,DKI2,64.0,,7.0,24.0,45.0,10.0,64.0,PM10,SEDANG,ispu_2020.xls,,
2020-01-10,DKI2,43.0,,8.0,19.0,32.0,9.0,43.0,PM10,BAIK,ispu_2020.xls,,
2020-01-11,DKI2,44.0,,8.0,20.0,35.0,9.0,44.0,PM10,BAIK,ispu_2020.xls,,
2020-01-12,DKI2,34.0,,7.0,11.0,34.0,5.0,34.0,PM10,BAIK,ispu_2020.xls,,
2020-01-13,DKI2,37.0,,8.0,9.0,35.0,7.0,37.0,PM10,BAIK,ispu_2020.xls,,
2020-01-14,DKI2,32.0,,8.0,7.0,35.0,9.0,35.0,O3,BAIK,ispu_2020.xls,,
2020-01-15,DKI2,33.0,,7.0,11.0,37.0,9.0,37.0,O3,BAIK,ispu_2020.xls,,
2020-01-16,DKI2,51.0,,7.0,16.0,39.0,10.0,51.0,PM10,SEDANG,ispu_2020.xls,,
2020-01-17,DKI2,86.0,,14.0,26.0,81.0,11.0,86.0,PM10,SEDANG,ispu_2020.xls,,
2020-01-18,DKI2,41.0,,7.0,10.0,44.0,7.0,44.0,O3,BAIK,ispu_2020.xls,,
2020-01-19,DKI2,73.0,,10.0,50.0,92.0,15.0,92.0,O3,SEDANG,ispu_2020.xls,,
2020-01-20,DKI2,53.0,,8.0,13.0,35.0,6.0,53.0,PM10,SEDANG,ispu_2020.xls,,
2020-01-21,DKI2,34.0,,7.0,11.0,30.0,8.0,34.0,PM10,BAIK,ispu_2020.xls,,
2020-01-22,DKI2,62.0,,10.0,15.0,44.0,7.0,62.0,PM10,SEDANG,ispu_2020.xls,,
2020-01-23,DKI2,39.0,,8.0,12.0,26.0,8.0,39.0,PM10,BAIK,ispu_2020.xls,,
2020-01-24,DKI2,55.0,,10.0,21.0,25.0,7.0,55.0,PM10,SEDANG,ispu_2020.xls,,
2020-01-25,DKI2,30.0,,7.0,24.0,28.0,8.0,30.0,PM10,BAIK,ispu_2020.xls,,
2020-01-26,DKI2,58.0,,12.0,30.0,75.0,7.0,75.0,O3,SEDANG,ispu_2020.xls,,
2020-01-27,DKI2,48.0,,11.0,10.0,83.0,7.0,83.0,O3,SEDANG,ispu_2020.xls,,
2020-01-28,DKI2,,,13.0,24.0,43.0,8.0,43.0,O3,BAIK,ispu_2020.xls,,
2020-01-29,DKI2,52.0,,8.0,19.0,67.0,6.0,67.0,O3,SEDANG,ispu_2020.xls,,
2020-01-30,DKI2,34.0,,7.0,9.0,40.0,7.0,40.0,O3,BAIK,ispu_2020.xls,,
2020-01-31,DKI2,53.0,,7.0,15.0,35.0,7.0,53.0,PM10,SEDANG,ispu_2020.xls,,
2020-02-01,DKI2,50.0,,9.0,14.0,30.0,6.0,50.0,PM10,BAIK,ispu_2020.xls,,
2020-02-02,DKI2,36.0,,9.0,19.0,33.0,6.0,36.0,PM10,BAIK,ispu_2020.xls,,
2020-02-03,DKI2,49.0,,9.0,37.0,27.0,9.0,49.0,PM10,BAIK,ispu_2020.xls,,
2020-02-04,DKI2,36.0,,7.0,12.0,31.0,7.0,36.0,PM10,BAIK,ispu_2020.xls,,
2020-02-05,DKI2,,,8.0,20.0,38.0,6.0,38.0,O3,BAIK,ispu_2020.xls,,
2020-02-06,DKI2,63.0,,9.0,19.0,42.0,8.0,63.0,PM10,SEDANG,ispu_2020.xls,,
2020-02-07,DKI2,54.0,,9.0,22.0,45.0,8.0,54.0,PM10,SEDANG,ispu_2020.xls,,
2020-02-08,DKI2,20.0,,7.0,11.0,45.0,7.0,45.0,O3,BAIK,ispu_2020.xls,,
2020-02-09,DKI2,37.0,,8.0,18.0,43.0,7.0,43.0,O3,BAIK,ispu_2020.xls,,
2020-02-10,DKI2,43.0,,7.0,20.0,91.0,13.0,91.0,O3,SEDANG,ispu_2020.xls,,
2020-02-11,DKI2,75.0,,12.0,19.0,67.0,9.0,75.0,PM10,SEDANG,ispu_2020.xls,,
2020-02-12,DKI2,65.0,,9.0,14.0,76.0,9.0,76.0,O3,SEDANG,ispu_2020.xls,,
2020-02-13,DKI2,63.0,,13.0,10.0,80.0,7.0,80.0,O3,SEDANG,ispu_2020.xls,,
2020-02-14,DKI2,,,,,,,0.0,,TIDAK ADA DATA,ispu_2020.xls,,
2020-02-15,DKI2,64.0,,8.0,37.0,34.0,12.0,64.0,PM10,SEDANG,ispu_2020.xls,,
2020-02-16,DKI2,70.0,,13.0,23.0,51.0,7.0,70.0,PM10,SEDANG,ispu_2020.xls,,
2020-02-17,DKI2,26.0,,7.0,13.0,51.0,5.0,51.0,O3,SEDANG,ispu_2020.xls,,
2020-02-18,DKI2,46.0,,10.0,25.0,30.0,9.0,46.0,PM10,BAIK,ispu_2020.xls,,
2020-02-19,DKI2,33.0,,8.0,15.0,29.0,6.0,33.0,PM10,BAIK,ispu_2020.xls,,
2020-02-20,DKI2,25.0,,7.0,11.0,32.0,5.0,32.0,O3,BAIK,ispu_2020.xls,,
2020-02-21,DKI2,30.0,,8.0,15.0,29.0,7.0,30.0,PM10,BAIK,ispu_2020.xls,,
2020-02-22,DKI2,48.0,,8.0,11.0,32.0,6.0,48.0,PM10,BAIK,ispu_2020.xls,,
2020-02-23,DKI2,20.0,,7.0,7.0,34.0,3.0,34.0,O3,BAIK,ispu_2020.xls,,
2020-02-24,DKI2,28.0,,7.0,4.0,35.0,3.0,35.0,O3,BAIK,ispu_2020.xls,,
2020-02-25,DKI2,26.0,,7.0,7.0,31.0,5.0,31.0,O3,BAIK,ispu_2020.xls,,
2020-02-26,DKI2,34.0,,8.0,14.0,32.0,8.0,34.0,PM10,BAIK,ispu_2020.xls,,
2020-02-27,DKI2,43.0,,8.0,13.0,30.0,8.0,43.0,PM10,BAIK,ispu_2020.xls,,
2020-02-28,DKI2,42.0,,8.0,12.0,26.0,8.0,42.0,PM10,BAIK,ispu_2020.xls,,
2020-02-29,DKI2,60.0,,11.0,32.0,28.0,10.0,60.0,PM10,SEDANG,ispu_2020.xls,,
2020-04-01,DKI2,43.0,,12.0,14.0,90.0,5.0,90.0,O3,SEDANG,ispu_2020.xls,,
2020-04-02,DKI2,34.0,,9.0,5.0,57.0,2.0,57.0,O3,SEDANG,ispu_2020.xls,,
2020-04-03,DKI2,32.0,,10.0,7.0,62.0,2.0,62.0,O3,SEDANG,ispu_2020.xls,,
2020-04-04,DKI2,48.0,,13.0,11.0,83.0,3.0,83.0,O3,SEDANG,ispu_2020.xls,,
2020-04-05,DKI2,56.0,,12.0,9.0,82.0,2.0,82.0,O3,SEDANG,ispu_2020.xls,,
2020-04-06,DKI2,48.0,,9.0,11.0,55.0,3.0,55.0,O3,SEDANG,ispu_2020.xls,,
2020-04-07,DKI2,35.0,,9.0,14.0,47.0,3.0,47.0,O3,BAIK,ispu_2020.xls,,
2020-04-08,DKI2,28.0,,9.0,5.0,55.0,2.0,55.0,O3,SEDANG,ispu_2020.xls,,
2020-04-09,DKI2,56.0,,4.0,10.0,44.0,10.0,56.0,PM10,SEDANG,ispu_2020.xls,,
2020-04-10,DKI2,53.0,,4.0,11.0,86.0,12.0,86.0,O3,SEDANG,ispu_2020.xls,,
2020-04-11,DKI2,53.0,,7.0,9.0,124.0,4.0,124.0,O3,TIDAK SEHAT,ispu_2020.xls,,
2020-04-12,DKI2,64.0,,4.0,19.0,95.0,,95.0,O3,SEDANG,ispu_2020.xls,,
2020-04-13,DKI2,42.0,,,6.0,63.0,,63.0,O3,SEDANG,ispu_2020.xls,,
2020-04-14,DKI2,47.0,,1.0,8.0,68.0,10.0,68.0,O3,SEDANG,ispu_2020.xls,,
2020-04-15,DKI2,48.0,,3.0,10.0,52.0,7.0,52.0,O3,SEDANG,ispu_2020.xls,,
2020-04-16,DKI2,52.0,,7.0,12.0,52.0,13.0,52.0,PM10,SEDANG,ispu_2020.xls,,
2020-04-17,DKI2,54.0,,8.0,14.0,68.0,11.0,68.0,O3,SEDANG,ispu_2020.xls,,
2020-04-18,DKI2,45.0,,9.0,11.0,91.0,9.0,91.0,O3,SEDANG,ispu_2020.xls,,
2020-04-19,DKI2,66.0,,6.0,15.0,97.0,7.0,97.0,O3,SEDANG,ispu_2020.xls,,
2020-04-20,DKI2,64.0,,3.0,9.0,76.0,7.0,76.0,O3,SEDANG,ispu_2020.xls,,
2020-04-21,DKI2,58.0,,7.0,11.0,57.0,7.0,58.0,PM10,SEDANG,ispu_2020.xls,,
2020-04-22,DKI2,77.0,,8.0,17.0,53.0,9.0,77.0,PM10,SEDANG,ispu_2020.xls,,
2020-04-23,DKI2,53.0,,21.0,7.0,51.0,7.0,53.0,PM10,SEDANG,ispu_2020.xls,,
2020-04-24,DKI2,56.0,,16.0,7.0,47.0,7.0,56.0,PM10,SEDANG,ispu_2020.xls,,
2020-04-25,DKI2,58.0,,26.0,17.0,51.0,9.0,58.0,PM10,SEDANG,ispu_2020.xls,,
2020-04-26,DKI2,62.0,,25.0,12.0,55.0,4.0,62.0,PM10,SEDANG,ispu_2020.xls,,
2020-04-27,DKI2,43.0,,18.0,9.0,84.0,4.0,84.0,O3,SEDANG,ispu_2020.xls,,
2020-04-28,DKI2,53.0,,16.0,13.0,72.0,7.0,72.0,O3,SEDANG,ispu_2020.xls,,
2020-04-29,DKI2,61.0,,25.0,14.0,64.0,8.0,64.0,O3,SEDANG,ispu_2020.xls,,
2020-04-30,DKI2,64.0,,21.0,23.0,49.0,9.0,64.0,PM10,SEDANG,ispu_2020.xls,,
2020-05-01,DKI2,55.0,,26.0,12.0,53.0,5.0,55.0,PM10,SEDANG,ispu_2020.xls,,
2020-05-02,DKI2,36.0,,17.0,7.0,48.0,5.0,48.0,O3,BAIK,ispu_2020.xls,,
2020-05-03,DKI2,60.0,,34.0,17.0,47.0,5.0,60.0,PM10,SEDANG,ispu_2020.xls,,
2020-05-04,DKI2,53.0,,20.0,7.0,48.0,6.0,53.0,PM10,SEDANG,ispu_2020.xls,,
2020-05-05,DKI2,53.0,,21.0,10.0,42.0,8.0,53.0,PM10,SEDANG,ispu_2020.xls,,
2020-05-06,DKI2,52.0,,18.0,9.0,45.0,5.0,52.0,PM10,SEDANG,ispu_2020.xls,,
2020-05-07,DKI2,56.0,,24.0,12.0,60.0,,60.0,O3,SEDANG,ispu_2020.xls,,
2020-05-08,DKI2,62.0,,20.0,9.0,64.0,9.0,64.0,O3,SEDANG,ispu_2020.xls,,
2020-05-09,DKI2,51.0,,15.0,8.0,49.0,6.0,51.0,PM10,SEDANG,ispu_2020.xls,,
2020-05-10,DKI2,59.0,,17.0,14.0,57.0,11.0,59.0,PM10,SEDANG,ispu_2020.xls,,
2020-05-11,DKI2,50.0,,24.0,11.0,62.0,7.0,62.0,O3,SEDANG,ispu_2020.xls,,
2020-05-12,DKI2,54.0,,21.0,14.0,55.0,10.0,55.0,O3,SEDANG,ispu_2020.xls,,
2020-05-13,DKI2,55.0,,16.0,8.0,55.0,7.0,55.0,PM10,SEDANG,ispu_2020.xls,,
2020-05-14,DKI2,61.0,,23.0,8.0,56.0,12.0,61.0,PM10,SEDANG,ispu_2020.xls,,
2020-05-15,DKI2,66.0,,20.0,9.0,57.0,9.0,66.0,PM10,SEDANG,ispu_2020.xls,,
2020-05-16,DKI2,59.0,,19.0,8.0,62.0,8.0,62.0,O3,SEDANG,ispu_2020.xls,,
2020-05-17,DKI2,68.0,,20.0,11.0,74.0,9.0,74.0,O3,SEDANG,ispu_2020.xls,,
2020-05-18,DKI2,62.0,,19.0,11.0,64.0,9.0,64.0,O3,SEDANG,ispu_2020.xls,,
2020-05-19,DKI2,42.0,,21.0,14.0,56.0,9.0,56.0,O3,SEDANG,ispu_2020.xls,,
2020-05-20,DKI2,54.0,,17.0,9.0,57.0,9.0,57.0,O3,SEDANG,ispu_2020.xls,,
2020-05-21,DKI2,33.0,,23.0,9.0,79.0,12.0,79.0,O3,SEDANG,ispu_2020.xls,,
2020-05-22,DKI2,56.0,,18.0,16.0,62.0,17.0,62.0,O3,SEDANG,ispu_2020.xls,,
2020-05-23,DKI2,33.0,,22.0,8.0,68.0,6.0,68.0,O3,SEDANG,ispu_2020.xls,,
2020-05-24,DKI2,50.0,,18.0,17.0,65.0,11.0,65.0,O3,SEDANG,ispu_2020.xls,,
2020-05-25,DKI2,40.0,,25.0,12.0,44.0,9.0,44.0,O3,BAIK,ispu_2020.xls,,
2020-05-26,DKI2,43.0,,42.0,12.0,45.0,8.0,45.0,O3,BAIK,ispu_2020.xls,,
2020-05-27,DKI2,28.0,,16.0,7.0,76.0,10.0,76.0,O3,SEDANG,ispu_2020.xls,,
2020-05-28,DKI2,56.0,,35.0,14.0,113.0,12.0,113.0,O3,TIDAK SEHAT,ispu_2020.xls,,
2020-05-29,DKI2,57.0,,27.0,11.0,68.0,10.0,68.0,O3,SEDANG,ispu_2020.xls,,
2020-05-30,DKI2,57.0,,38.0,15.0,57.0,11.0,57.0,PM10,SEDANG,ispu_2020.xls,,
2020-05-31,DKI2,45.0,,32.0,12.0,56.0,9.0,56.0,O3,SEDANG,ispu_2020.xls,,
2020-06-06,DKI2,53.0,,23.0,17.0,52.0,10.0,53.0,PM10,SEDANG,ispu_2020.xls,duplicate_station_date_source,
2020-07-01,DKI2,74.0,,29.0,10.0,69.0,14.0,74.0,PM10,SEDANG,ispu_2020.xls,,
2020-07-02,DKI2,79.0,,24.0,14.0,64.0,13.0,79.0,PM10,SEDANG,ispu_2020.xls,,
2020-07-03,DKI2,58.0,,27.0,9.0,54.0,10.0,58.0,PM10,SEDANG,ispu_2020.xls,,
2020-07-04,DKI2,62.0,,20.0,14.0,67.0,14.0,67.0,O3,SEDANG,ispu_2020.xls,,
2020-07-05,DKI2,65.0,,24.0,8.0,57.0,12.0,65.0,PM10,SEDANG,ispu_2020.xls,,
2020-07-06,DKI2,75.0,,39.0,12.0,53.0,16.0,75.0,PM10,SEDANG,ispu_2020.xls,,
2020-07-07,DKI2,57.0,,30.0,9.0,47.0,16.0,57.0,PM10,SEDANG,ispu_2020.xls,,
2020-07-08,DKI2,69.0,,28.0,9.0,84.0,12.0,84.0,O3,SEDANG,ispu_2020.xls,,
2020-07-09,DKI2,60.0,,18.0,12.0,102.0,11.0,102.0,O3,TIDAK SEHAT,ispu_2020.xls,,
2020-07-10,DKI2,70.0,,24.0,14.0,87.0,19.0,87.0,O3,SEDANG,ispu_2020.xls,,
2020-07-11,DKI2,73.0,,23.0,13.0,78.0,13.0,78.0,O3,SEDANG,ispu_2020.xls,,
2020-07-12,DKI2,68.0,,20.0,12.0,61.0,9.0,68.0,PM10,SEDANG,ispu_2020.xls,,
2020-07-13,DKI2,68.0,,21.0,9.0,54.0,12.0,68.0,PM10,SEDANG,ispu_2020.xls,,
2020-07-14,DKI2,69.0,,23.0,9.0,71.0,10.0,71.0,O3,SEDANG,ispu_2020.xls,,
2020-07-15,DKI2,61.0,,18.0,8.0,43.0,9.0,61.0,PM10,SEDANG,ispu_2020.xls,,
2020-07-16,DKI2,55.0,,20.0,7.0,44.0,11.0,55.0,PM10,SEDANG,ispu_2020.xls,,
2020-07-17,DKI2,62.0,,31.0,10.0,54.0,13.0,62.0,PM10,SEDANG,ispu_2020.xls,,
2020-07-18,DKI2,56.0,,25.0,8.0,72.0,11.0,72.0,O3,SEDANG,ispu_2020.xls,,
2020-07-19,DKI2,71.0,,25.0,12.0,81.0,10.0,81.0,O3,SEDANG,ispu_2020.xls,,
2020-07-20,DKI2,,,20.0,13.0,,9.0,20.0,SO2,BAIK,ispu_2020.xls,,
2020-07-21,DKI2,63.0,,22.0,10.0,55.0,14.0,63.0,PM10,SEDANG,ispu_2020.xls,,
2020-07-22,DKI2,60.0,,17.0,9.0,62.0,10.0,62.0,O3,SEDANG,ispu_2020.xls,,
2020-07-23,DKI2,61.0,,17.0,9.0,71.0,8.0,71.0,O3,SEDANG,ispu_2020.xls,,
2020-07-24,DKI2,64.0,,21.0,10.0,73.0,13.0,73.0,O3,SEDANG,ispu_2020.xls,,
2020-07-25,DKI2,69.0,,19.0,9.0,70.0,10.0,70.0,O3,SEDANG,ispu_2020.xls,,
2020-07-26,DKI2,62.0,,20.0,8.0,56.0,6.0,62.0,PM10,SEDANG,ispu_2020.xls,,
2020-07-27,DKI2,67.0,,31.0,9.0,62.0,12.0,67.0,PM10,SEDANG,ispu_2020.xls,,
2020-07-28,DKI2,71.0,,24.0,13.0,115.0,14.0,115.0,O3,TIDAK SEHAT,ispu_2020.xls,,
2020-07-29,DKI2,65.0,,21.0,9.0,112.0,11.0,112.0,O3,TIDAK SEHAT,ispu_2020.xls,,
2020-07-30,DKI2,64.0,,20.0,13.0,101.0,14.0,101.0,O3,TIDAK SEHAT,ispu_2020.xls,,
2020-07-31,DKI2,59.0,,20.0,8.0,115.0,10.0,115.0,O3,TIDAK SEHAT,ispu_2020.xls,,
2020-08-01,DKI2,69.0,,22.0,16.0,90.0,14.0,90.0,O3,SEDANG,ispu_2020.xls,,
2020-08-02,DKI2,78.0,,21.0,23.0,102.0,16.0,102.0,O3,TIDAK SEHAT,ispu_2020.xls,,
2020-08-03,DKI2,76.0,,22.0,16.0,88.0,16.0,88.0,O3,SEDANG,ispu_2020.xls,,
2020-08-04,DKI2,67.0,,18.0,8.0,73.0,12.0,73.0,O3,SEDANG,ispu_2020.xls,,
2020-08-05,DKI2,71.0,,20.0,11.0,81.0,15.0,81.0,O3,SEDANG,ispu_2020.xls,,
2020-08-06,DKI2,72.0,,20.0,10.0,65.0,13.0,72.0,PM10,SEDANG,ispu_2020.xls,,
2020-08-07,DKI2,65.0,,18.0,8.0,69.0,14.0,69.0,O3,SEDANG,ispu_2020.xls,,
2020-08-08,DKI2,63.0,,17.0,7.0,61.0,9.0,63.0,PM10,SEDANG,ispu_2020.xls,,
2020-08-09,DKI2,54.0,,17.0,6.0,58.0,7.0,58.0,O3,SEDANG,ispu_2020.xls,,
2020-08-10,DKI2,58.0,,17.0,7.0,58.0,12.0,58.0,PM10,SEDANG,ispu_2020.xls,,
2020-08-11,DKI2,61.0,,21.0,8.0,58.0,12.0,61.0,PM10,SEDANG,ispu_2020.xls,,
2020-08-12,DKI2,72.0,,24.0,25.0,58.0,18.0,72.0,PM10,SEDANG,ispu_2020.xls,,
2020-08-13,DKI2,50.0,,17.0,7.0,51.0,13.0,51.0,O3,SEDANG,ispu_2020.xls,,
2020-08-14,DKI2,30.0,,18.0,14.0,49.0,17.0,49.0,O3,BAIK,ispu_2020.xls,,
2020-08-15,DKI2,,,22.0,16.0,48.0,14.0,48.0,O3,BAIK,ispu_2020.xls,,
2020-08-16,DKI2,52.0,,24.0,6.0,57.0,9.0,57.0,O3,SEDANG,ispu_2020.xls,,
2020-08-17,DKI2,56.0,,20.0,13.0,52.0,9.0,56.0,PM10,SEDANG,ispu_2020.xls,,
2020-08-18,DKI2,54.0,,25.0,15.0,69.0,14.0,69.0,O3,SEDANG,ispu_2020.xls,,
2020-08-19,DKI2,69.0,,33.0,18.0,51.0,17.0,69.0,PM10,SEDANG,ispu_2020.xls,,
2020-08-20,DKI2,51.0,,18.0,5.0,54.0,6.0,54.0,O3,SEDANG,ispu_2020.xls,,
2020-08-21,DKI2,53.0,,22.0,5.0,54.0,10.0,54.0,O3,SEDANG,ispu_2020.xls,,
2020-08-22,DKI2,63.0,,25.0,11.0,57.0,16.0,63.0,PM10,SEDANG,ispu_2020.xls,,
2020-08-23,DKI2,69.0,,33.0,16.0,61.0,14.0,69.0,PM10,SEDANG,ispu_2020.xls,,
2020-08-24,DKI2,60.0,,21.0,9.0,68.0,14.0,68.0,O3,SEDANG,ispu_2020.xls,,
2020-08-25,DKI2,66.0,,26.0,9.0,59.0,17.0,66.0,PM10,SEDANG,ispu_2020.xls,,
2020-08-26,DKI2,63.0,,27.0,7.0,67.0,11.0,67.0,O3,SEDANG,ispu_2020.xls,,
2020-08-27,DKI2,57.0,,20.0,7.0,65.0,9.0,65.0,O3,SEDANG,ispu_2020.xls,,
2020-08-28,DKI2,74.0,,23.0,13.0,56.0,15.0,74.0,PM10,SEDANG,ispu_2020.xls,,
2020-08-29,DKI2,62.0,,25.0,8.0,59.0,12.0,62.0,PM10,SEDANG,ispu_2020.xls,,
2020-08-30,DKI2,61.0,,22.0,7.0,70.0,9.0,70.0,O3,SEDANG,ispu_2020.xls,,
2020-08-31,DKI2,65.0,,22.0,9.0,84.0,12.0,84.0,O3,SEDANG,ispu_2020.xls,,
2020-09-01,DKI2,69.0,,25.0,8.0,70.0,13.0,96.0,PM25,SEDANG,ispu_2020.xls,,
2020-09-02,DKI2,72.0,,21.0,10.0,122.0,11.0,122.0,O3,TIDAK SEHAT,ispu_2020.xls,,
2020-09-03,DKI2,80.0,,21.0,12.0,94.0,12.0,94.0,O3,SEDANG,ispu_2020.xls,,
2020-09-04,DKI2,56.0,,21.0,6.0,51.0,9.0,73.0,PM25,SEDANG,ispu_2020.xls,,
2020-09-05,DKI2,54.0,,22.0,6.0,118.0,7.0,118.0,O3,TIDAK SEHAT,ispu_2020.xls,,
2020-09-06,DKI2,67.0,,21.0,12.0,121.0,11.0,121.0,O3,TIDAK SEHAT,ispu_2020.xls,,
2020-09-07,DKI2,69.0,,26.0,8.0,84.0,13.0,101.0,PM25,TIDAK SEHAT,ispu_2020.xls,,
2020-09-08,DKI2,64.0,,25.0,6.0,59.0,11.0,90.0,PM25,SEDANG,ispu_2020.xls,,
2020-09-09,DKI2,62.0,,23.0,7.0,55.0,10.0,89.0,PM25,SEDANG,ispu_2020.xls,,
2020-09-10,DKI2,56.0,,21.0,6.0,95.0,7.0,95.0,O3,SEDANG,ispu_2020.xls,,
2020-09-11,DKI2,69.0,,22.0,10.0,104.0,9.0,104.0,O3,TIDAK SEHAT,ispu_2020.xls,,
2020-09-12,DKI2,60.0,,20.0,7.0,132.0,8.0,132.0,O3,TIDAK SEHAT,ispu_2020.xls,,
2020-09-13,DKI2,66.0,,20.0,7.0,130.0,6.0,130.0,O3,TIDAK SEHAT,ispu_2020.xls,,
2020-09-14,DKI2,72.0,,26.0,7.0,89.0,11.0,102.0,PM25,TIDAK SEHAT,ispu_2020.xls,,
2020-09-15,DKI2,57.0,,36.0,7.0,74.0,13.0,80.0,PM25,SEDANG,ispu_2020.xls,,
2020-09-16,DKI2,63.0,,25.0,12.0,70.0,15.0,89.0,PM25,SEDANG,ispu_2020.xls,,
2020-09-17,DKI2,56.0,,29.0,6.0,57.0,15.0,72.0,PM25,SEDANG,ispu_2020.xls,,
2020-09-18,DKI2,61.0,,23.0,6.0,57.0,11.0,77.0,PM25,SEDANG,ispu_2020.xls,,
2020-09-19,DKI2,69.0,,42.0,8.0,66.0,13.0,93.0,PM25,SEDANG,ispu_2020.xls,,
2020-09-20,DKI2,53.0,,20.0,5.0,41.0,5.0,60.0,PM25,SEDANG,ispu_2020.xls,,
2020-09-21,DKI2,48.0,,23.0,16.0,84.0,10.0,84.0,O3,SEDANG,ispu_2020.xls,,
2020-09-22,DKI2,36.0,,19.0,10.0,83.0,14.0,83.0,O3,SEDANG,ispu_2020.xls,,
2020-09-23,DKI2,72.0,,33.0,15.0,84.0,14.0,101.0,PM25,TIDAK SEHAT,ispu_2020.xls,,
2020-09-24,DKI2,56.0,,20.0,11.0,106.0,11.0,106.0,O3,TIDAK SEHAT,ispu_2020.xls,,
2020-09-25,DKI2,63.0,,21.0,10.0,82.0,11.0,95.0,PM25,SEDANG,ispu_2020.xls,,
2020-09-26,DKI2,64.0,,23.0,12.0,99.0,13.0,99.0,O3,SEDANG,ispu_2020.xls,,
2020-09-27,DKI2,57.0,,20.0,12.0,93.0,13.0,93.0,O3,SEDANG,ispu_2020.xls,,
2020-09-28,DKI2,55.0,,26.0,9.0,79.0,12.0,79.0,O3,SEDANG,ispu_2020.xls,,
2020-09-29,DKI2,,,,,,,0.0,,TIDAK ADA DATA,ispu_2020.xls,,
2020-09-30,DKI2,57.0,,31.0,9.0,63.0,11.0,78.0,PM25,SEDANG,ispu_2020.xls,,
2020-10-01,DKI2,59.0,,22.0,6.0,62.0,10.0,77.0,PM25,SEDANG,ispu_2020.xls,anomaly_ispu_transition_2020,
2020-10-02,DKI2,64.0,,25.0,8.0,79.0,11.0,83.0,PM25,SEDANG,ispu_2020.xls,anomaly_ispu_transition_2020,
2020-10-03,DKI2,55.0,,29.0,15.0,89.0,16.0,89.0,O3,SEDANG,ispu_2020.xls,anomaly_ispu_transition_2020,
2020-10-04,DKI2,59.0,,22.0,12.0,95.0,9.0,95.0,O3,SEDANG,ispu_2020.xls,anomaly_ispu_transition_2020,
2020-10-05,DKI2,44.0,,22.0,7.0,128.0,8.0,128.0,O3,TIDAK SEHAT,ispu_2020.xls,anomaly_ispu_transition_2020,
2020-10-06,DKI2,51.0,,21.0,6.0,110.0,8.0,110.0,O3,TIDAK SEHAT,ispu_2020.xls,anomaly_ispu_transition_2020,
2020-10-07,DKI2,57.0,,30.0,9.0,92.0,12.0,92.0,O3,SEDANG,ispu_2020.xls,anomaly_ispu_transition_2020,
2020-10-08,DKI2,55.0,,23.0,7.0,109.0,11.0,109.0,O3,TIDAK SEHAT,ispu_2020.xls,anomaly_ispu_transition_2020,
2020-10-09,DKI2,55.0,,21.0,6.0,82.0,9.0,82.0,O3,SEDANG,ispu_2020.xls,anomaly_ispu_transition_2020,
2020-10-10,DKI2,50.0,,21.0,10.0,63.0,9.0,74.0,PM25,SEDANG,ispu_2020.xls,anomaly_ispu_transition_2020,
2020-10-11,DKI2,51.0,,20.0,8.0,95.0,7.0,95.0,O3,SEDANG,ispu_2020.xls,anomaly_ispu_transition_2020,
2020-10-12,DKI2,57.0,,22.0,11.0,116.0,8.0,116.0,O3,TIDAK SEHAT,ispu_2020.xls,anomaly_ispu_transition_2020,
2020-10-13,DKI2,63.0,,24.0,14.0,94.0,13.0,94.0,O3,SEDANG,ispu_2020.xls,anomaly_ispu_transition_2020,
2020-10-14,DKI2,65.0,,21.0,12.0,88.0,12.0,88.0,O3,SEDANG,ispu_2020.xls,anomaly_ispu_transition_2020,
2020-10-15,DKI2,62.0,,23.0,9.0,95.0,13.0,95.0,O3,SEDANG,ispu_2020.xls,anomaly_ispu_transition_2020,
2020-10-16,DKI2,61.0,,24.0,10.0,110.0,16.0,110.0,O3,TIDAK SEHAT,ispu_2020.xls,anomaly_ispu_transition_2020,
2020-10-17,DKI2,64.0,,25.0,17.0,99.0,18.0,99.0,O3,SEDANG,ispu_2020.xls,anomaly_ispu_transition_2020,
2020-10-18,DKI2,60.0,,23.0,12.0,71.0,14.0,82.0,PM25,SEDANG,ispu_2020.xls,anomaly_ispu_transition_2020,
2020-10-19,DKI2,62.0,,22.0,13.0,71.0,12.0,89.0,PM25,SEDANG,ispu_2020.xls,anomaly_ispu_transition_2020,
2020-10-20,DKI2,63.0,,24.0,13.0,68.0,14.0,86.0,PM25,SEDANG,ispu_2020.xls,anomaly_ispu_transition_2020,
2020-10-21,DKI2,,,,,,,0.0,,TIDAK ADA DATA,ispu_2020.xls,anomaly_ispu_transition_2020,
2020-10-22,DKI2,53.0,,23.0,12.0,68.0,14.0,82.0,PM25,SEDANG,ispu_2020.xls,anomaly_ispu_transition_2020,
2020-10-23,DKI2,26.0,,19.0,5.0,43.0,5.0,48.0,PM25,BAIK,ispu_2020.xls,anomaly_ispu_transition_2020,
2020-10-24,DKI2,56.0,,25.0,10.0,97.0,12.0,97.0,O3,SEDANG,ispu_2020.xls,anomaly_ispu_transition_2020,
2020-10-25,DKI2,46.0,,22.0,10.0,83.0,12.0,83.0,O3,SEDANG,ispu_2020.xls,anomaly_ispu_transition_2020,
2020-10-26,DKI2,53.0,,23.0,11.0,99.0,10.0,99.0,O3,SEDANG,ispu_2020.xls,anomaly_ispu_transition_2020,
2020-10-27,DKI2,52.0,,22.0,14.0,98.0,23.0,98.0,O3,SEDANG,ispu_2020.xls,anomaly_ispu_transition_2020,
2020-10-28,DKI2,66.0,,27.0,18.0,82.0,16.0,86.0,PM25,SEDANG,ispu_2020.xls,anomaly_ispu_transition_2020,
2020-10-29,DKI2,57.0,,26.0,13.0,60.0,16.0,78.0,PM25,SEDANG,ispu_2020.xls,anomaly_ispu_transition_2020,
2020-10-30,DKI2,59.0,,23.0,8.0,58.0,11.0,86.0,PM25,SEDANG,ispu_2020.xls,anomaly_ispu_transition_2020,
2020-10-31,DKI2,44.0,,29.0,6.0,67.0,10.0,67.0,O3,SEDANG,ispu_2020.xls,anomaly_ispu_transition_2020,
2020-11-11,DKI2,56.0,,76.0,23.0,14.0,59.0,14.0,PM25,SEDANG,ispu_2020.xls,duplicate_station_date_source|anomaly_ispu_transition_2020,
2020-11-13,DKI2,56.0,,71.0,22.0,5.0,58.0,11.0,PM25,SEDANG,ispu_2020.xls,anomaly_ispu_transition_2020,
2020-11-14,DKI2,59.0,,81.0,20.0,9.0,85.0,9.0,O3,SEDANG,ispu_2020.xls,anomaly_ispu_transition_2020,
2020-11-15,DKI2,55.0,,73.0,25.0,9.0,65.0,10.0,PM25,SEDANG,ispu_2020.xls,anomaly_ispu_transition_2020,
2020-11-16,DKI2,57.0,,77.0,22.0,6.0,57.0,12.0,PM25,SEDANG,ispu_2020.xls,anomaly_ispu_transition_2020,
2020-11-17,DKI2,58.0,,81.0,21.0,12.0,73.0,10.0,PM25,SEDANG,ispu_2020.xls,anomaly_ispu_transition_2020,
2020-11-18,DKI2,58.0,,77.0,22.0,14.0,92.0,15.0,O3,SEDANG,ispu_2020.xls,anomaly_ispu_transition_2020,
2020-11-19,DKI2,64.0,,85.0,22.0,18.0,98.0,17.0,O3,SEDANG,ispu_2020.xls,anomaly_ispu_transition_2020,
2020-11-20,DKI2,57.0,,71.0,21.0,5.0,65.0,9.0,PM25,SEDANG,ispu_2020.xls,anomaly_ispu_transition_2020,
2020-11-21,DKI2,55.0,,77.0,23.0,23.0,63.0,13.0,PM25,SEDANG,ispu_2020.xls,anomaly_ispu_transition_2020,
2020-11-22,DKI2,59.0,,83.0,26.0,24.0,74.0,14.0,PM25,SEDANG,ispu_2020.xls,anomaly_ispu_transition_2020,
2020-11-23,DKI2,65.0,,90.0,24.0,15.0,59.0,18.0,PM25,SEDANG,ispu_2020.xls,anomaly_ispu_transition_2020,
2020-11-24,DKI2,43.0,,55.0,21.0,10.0,76.0,11.0,O3,SEDANG,ispu_2020.xls,anomaly_ispu_transition_2020,
2020-11-25,DKI2,46.0,,63.0,21.0,12.0,80.0,15.0,O3,SEDANG,ispu_2020.xls,anomaly_ispu_transition_2020,
2020-11-26,DKI2,58.0,,74.0,26.0,16.0,104.0,16.0,O3,TIDAK SEHAT,ispu_2020.xls,anomaly_ispu_transition_2020,
2020-11-27,DKI2,49.0,,61.0,21.0,8.0,56.0,11.0,PM25,SEDANG,ispu_2020.xls,anomaly_ispu_transition_2020,
2020-11-28,DKI2,54.0,,78.0,26.0,10.0,148.0,14.0,O3,TIDAK SEHAT,ispu_2020.xls,anomaly_ispu_transition_2020,
2020-11-29,DKI2,48.0,,56.0,23.0,7.0,50.0,16.0,PM25,SEDANG,ispu_2020.xls,anomaly_ispu_transition_2020,
2020-11-30,DKI2,19.0,,29.0,20.0,5.0,42.0,4.0,O3,BAIK,ispu_2020.xls,anomaly_ispu_transition_2020,
2020-12-01,DKI2,22.0,,20.0,5.0,45.0,4.0,45.0,O3,BAIK,ispu_2020.xls,anomaly_ispu_transition_2020,
2020-12-02,DKI2,32.0,,21.0,6.0,48.0,13.0,53.0,PM25,SEDANG,ispu_2020.xls,anomaly_ispu_transition_2020,
2020-12-03,DKI2,32.0,,20.0,9.0,68.0,18.0,68.0,O3,SEDANG,ispu_2020.xls,anomaly_ispu_transition_2020,
2020-12-04,DKI2,41.0,,23.0,9.0,45.0,20.0,57.0,PM25,SEDANG,ispu_2020.xls,anomaly_ispu_transition_2020,
2020-12-05,DKI2,31.0,,22.0,8.0,34.0,12.0,41.0,PM25,BAIK,ispu_2020.xls,anomaly_ispu_transition_2020,
2020-12-06,DKI2,35.0,,23.0,8.0,34.0,7.0,52.0,PM25,SEDANG,ispu_2020.xls,anomaly_ispu_transition_2020,
2020-12-07,DKI2,23.0,,22.0,6.0,38.0,8.0,38.0,O3,BAIK,ispu_2020.xls,anomaly_ispu_transition_2020,
2020-12-08,DKI2,35.0,,24.0,11.0,39.0,8.0,44.0,PM25,BAIK,ispu_2020.xls,anomaly_ispu_transition_2020,
2020-12-09,DKI2,34.0,,22.0,5.0,42.0,5.0,44.0,PM25,BAIK,ispu_2020.xls,anomaly_ispu_transition_2020,
2020-12-10,DKI2,33.0,,26.0,4.0,32.0,15.0,33.0,PM10,BAIK,ispu_2020.xls,anomaly_ispu_transition_2020,
2020-12-11,DKI2,30.0,,26.0,8.0,43.0,13.0,43.0,O3,BAIK,ispu_2020.xls,anomaly_ispu_transition_2020,
2020-12-12,DKI2,23.0,,21.0,7.0,46.0,13.0,46.0,O3,BAIK,ispu_2020.xls,anomaly_ispu_transition_2020,
2020-12-13,DKI2,29.0,,23.0,7.0,40.0,12.0,46.0,PM25,BAIK,ispu_2020.xls,anomaly_ispu_transition_2020,
2020-12-14,DKI2,27.0,,22.0,7.0,54.0,9.0,54.0,O3,SEDANG,ispu_2020.xls,anomaly_ispu_transition_2020,
2020-12-15,DKI2,28.0,,21.0,7.0,47.0,6.0,50.0,PM25,BAIK,ispu_2020.xls,anomaly_ispu_transition_2020,
2020-12-16,DKI2,25.0,,21.0,7.0,43.0,6.0,43.0,O3,BAIK,ispu_2020.xls,,
2020-12-17,DKI2,25.0,,22.0,6.0,45.0,14.0,46.0,PM25,BAIK,ispu_2020.xls,,
2020-12-18,DKI2,26.0,,22.0,5.0,46.0,5.0,46.0,O3,BAIK,ispu_2020.xls,,
2020-12-19,DKI2,28.0,,22.0,6.0,39.0,6.0,48.0,PM25,BAIK,ispu_2020.xls,,
2020-12-20,DKI2,38.0,,23.0,8.0,39.0,6.0,55.0,PM25,SEDANG,ispu_2020.xls,,
2020-12-21,DKI2,14.0,,21.0,5.0,33.0,4.0,33.0,O3,BAIK,ispu_2020.xls,,
2020-12-22,DKI2,23.0,,22.0,7.0,45.0,13.0,46.0,PM25,BAIK,ispu_2020.xls,,
2020-12-23,DKI2,42.0,,22.0,11.0,53.0,13.0,59.0,PM25,SEDANG,ispu_2020.xls,,
2020-12-24,DKI2,49.0,,28.0,9.0,62.0,11.0,63.0,PM25,SEDANG,ispu_2020.xls,,
2020-12-25,DKI2,24.0,,21.0,6.0,31.0,4.0,38.0,PM25,BAIK,ispu_2020.xls,,
2020-12-26,DKI2,20.0,,22.0,5.0,46.0,3.0,46.0,O3,BAIK,ispu_2020.xls,,
2020-12-27,DKI2,22.0,,23.0,5.0,33.0,8.0,39.0,PM25,BAIK,ispu_2020.xls,,
2020-12-28,DKI2,27.0,,23.0,4.0,42.0,17.0,44.0,PM25,BAIK,ispu_2020.xls,,
2020-12-29,DKI2,26.0,,23.0,4.0,45.0,19.0,45.0,PM25,BAIK,ispu_2020.xls,,
2020-12-30,DKI2,25.0,,,6.0,54.0,4.0,54.0,O3,SEDANG,ispu_2020.xls,,
2020-12-31,DKI2,33.0,,16.0,11.0,64.0,9.0,64.0,O3,SEDANG,ispu_2020.xls,,
2021-01-01,DKI2,38.0,58.0,2.0,11.0,65.0,6.0,65.0,O3,SEDANG,ispu_2021.csv,,
2021-01-02,DKI2,29.0,46.0,,12.0,80.0,12.0,80.0,O3,SEDANG,ispu_2021.csv,,
2021-01-03,DKI2,37.0,59.0,,10.0,86.0,13.0,86.0,O3,SEDANG,ispu_2021.csv,,
2021-01-04,DKI2,30.0,49.0,,9.0,77.0,7.0,77.0,O3,SEDANG,ispu_2021.csv,,
2021-01-05,DKI2,35.0,52.0,,8.0,77.0,7.0,77.0,O3,SEDANG,ispu_2021.csv,,
2021-01-06,DKI2,48.0,60.0,,12.0,85.0,14.0,85.0,O3,SEDANG,ispu_2021.csv,,
2021-01-07,DKI2,35.0,50.0,,9.0,72.0,15.0,72.0,O3,SEDANG,ispu_2021.csv,,
2021-01-08,DKI2,38.0,55.0,,11.0,71.0,9.0,71.0,O3,SEDANG,ispu_2021.csv,,
2021-01-09,DKI2,51.0,67.0,12.0,27.0,80.0,12.0,80.0,O3,SEDANG,ispu_2021.csv,,
2021-01-10,DKI2,24.0,39.0,13.0,10.0,59.0,14.0,59.0,O3,SEDANG,ispu_2021.csv,,
2021-01-11,DKI2,35.0,54.0,13.0,12.0,68.0,13.0,68.0,O3,SEDANG,ispu_2021.csv,,
2021-01-12,DKI2,27.0,51.0,15.0,7.0,77.0,15.0,77.0,O3,SEDANG,ispu_2021.csv,,
2021-01-13,DKI2,33.0,44.0,13.0,10.0,68.0,7.0,68.0,O3,SEDANG,ispu_2021.csv,,
2021-01-14,DKI2,28.0,49.0,11.0,6.0,65.0,11.0,65.0,O3,SEDANG,ispu_2021.csv,,
2021-01-15,DKI2,42.0,60.0,11.0,14.0,65.0,12.0,65.0,O3,SEDANG,ispu_2021.csv,,
2021-01-16,DKI2,49.0,71.0,13.0,10.0,67.0,9.0,71.0,PM25,SEDANG,ispu_2021.csv,,
2021-01-17,DKI2,55.0,75.0,16.0,10.0,93.0,10.0,93.0,O3,SEDANG,ispu_2021.csv,,
2021-01-18,DKI2,35.0,49.0,13.0,5.0,78.0,9.0,78.0,O3,SEDANG,ispu_2021.csv,,
2021-01-19,DKI2,31.0,42.0,11.0,6.0,58.0,9.0,58.0,O3,SEDANG,ispu_2021.csv,,
2021-01-20,DKI2,42.0,45.0,11.0,6.0,72.0,6.0,72.0,O3,SEDANG,ispu_2021.csv,,
2021-01-21,DKI2,46.0,44.0,12.0,9.0,67.0,13.0,67.0,O3,SEDANG,ispu_2021.csv,,
2021-01-22,DKI2,51.0,60.0,12.0,8.0,67.0,16.0,67.0,O3,SEDANG,ispu_2021.csv,,
2021-01-23,DKI2,73.0,108.0,14.0,43.0,104.0,19.0,108.0,PM25,TIDAK SEHAT,ispu_2021.csv,,
2021-01-24,DKI2,51.0,59.0,12.0,9.0,75.0,7.0,75.0,O3,SEDANG,ispu_2021.csv,,
2021-01-25,DKI2,62.0,86.0,14.0,26.0,134.0,14.0,134.0,O3,TIDAK SEHAT,ispu_2021.csv,,
2021-01-26,DKI2,54.0,76.0,26.0,14.0,71.0,12.0,76.0,PM25,SEDANG,ispu_2021.csv,,
2021-01-27,DKI2,21.0,29.0,25.0,7.0,63.0,5.0,63.0,O3,SEDANG,ispu_2021.csv,,
2021-01-28,DKI2,28.0,49.0,25.0,10.0,53.0,7.0,53.0,O3,SEDANG,ispu_2021.csv,,
2021-01-29,DKI2,28.0,49.0,26.0,7.0,65.0,9.0,65.0,O3,SEDANG,ispu_2021.csv,,
2021-01-30,DKI2,27.0,39.0,25.0,10.0,64.0,8.0,64.0,O3,SEDANG,ispu_2021.csv,,
2021-01-31,DKI2,38.0,55.0,24.0,11.0,68.0,7.0,68.0,O3,SEDANG,ispu_2021.csv,,
2021-02-01,DKI2,64.0,87.0,38.0,16.0,46.0,25.0,87.0,PM25,SEDANG,ispu_2021.csv,,
2021-02-02,DKI2,30.0,42.0,38.0,4.0,55.0,15.0,55.0,O3,SEDANG,ispu_2021.csv,,
2021-02-03,DKI2,24.0,35.0,38.0,4.0,42.0,15.0,42.0,O3,BAIK,ispu_2021.csv,,
2021-02-04,DKI2,33.0,50.0,39.0,7.0,47.0,15.0,50.0,PM25,BAIK,ispu_2021.csv,,
2021-02-05,DKI2,25.0,35.0,39.0,5.0,45.0,13.0,45.0,O3,BAIK,ispu_2021.csv,,
2021-02-06,DKI2,30.0,38.0,37.0,,57.0,9.0,57.0,O3,SEDANG,ispu_2021.csv,,
2021-02-07,DKI2,28.0,30.0,37.0,,57.0,5.0,57.0,O3,SEDANG,ispu_2021.csv,,
2021-02-08,DKI2,26.0,31.0,37.0,,54.0,12.0,54.0,O3,SEDANG,ispu_2021.csv,,
2021-02-09,DKI2,33.0,50.0,39.0,6.0,47.0,16.0,50.0,PM25,BAIK,ispu_2021.csv,,
2021-02-10,DKI2,34.0,46.0,39.0,4.0,49.0,10.0,49.0,O3,BAIK,ispu_2021.csv,,
2021-02-11,DKI2,33.0,49.0,43.0,6.0,35.0,11.0,49.0,PM25,BAIK,ispu_2021.csv,,
2021-02-12,DKI2,43.0,62.0,43.0,14.0,33.0,11.0,62.0,PM25,SEDANG,ispu_2021.csv,,
2021-02-13,DKI2,27.0,47.0,38.0,8.0,40.0,11.0,47.0,PM25,BAIK,ispu_2021.csv,,
2021-02-14,DKI2,34.0,53.0,40.0,11.0,42.0,14.0,53.0,PM25,SEDANG,ispu_2021.csv,,
2021-02-15,DKI2,36.0,52.0,39.0,13.0,37.0,17.0,52.0,PM25,SEDANG,ispu_2021.csv,,
2021-02-16,DKI2,28.0,41.0,38.0,11.0,42.0,15.0,42.0,O3,BAIK,ispu_2021.csv,,
2021-02-17,DKI2,41.0,61.0,40.0,25.0,41.0,27.0,61.0,PM25,SEDANG,ispu_2021.csv,,
2021-02-18,DKI2,40.0,55.0,44.0,10.0,41.0,16.0,55.0,PM25,SEDANG,ispu_2021.csv,,
2021-02-19,DKI2,32.0,51.0,42.0,16.0,41.0,20.0,51.0,PM25,SEDANG,ispu_2021.csv,,
2021-02-20,DKI2,31.0,34.0,38.0,8.0,53.0,9.0,53.0,O3,SEDANG,ispu_2021.csv,,
2021-02-21,DKI2,36.0,40.0,39.0,9.0,48.0,9.0,48.0,O3,BAIK,ispu_2021.csv,,
2021-02-22,DKI2,60.0,69.0,42.0,15.0,41.0,19.0,69.0,PM25,SEDANG,ispu_2021.csv,,
2021-02-23,DKI2,48.0,61.0,40.0,9.0,54.0,17.0,61.0,PM25,SEDANG,ispu_2021.csv,,
2021-02-24,DKI2,30.0,39.0,40.0,10.0,33.0,10.0,40.0,SO2,BAIK,ispu_2021.csv,,
2021-02-25,DKI2,30.0,45.0,43.0,12.0,45.0,12.0,45.0,PM25,BAIK,ispu_2021.csv,,
2021-02-26,DKI2,45.0,54.0,43.0,13.0,,19.0,54.0,PM25,SEDANG,ispu_2021.csv,,
2021-02-27,DKI2,59.0,71.0,44.0,15.0,50.0,20.0,71.0,PM25,SEDANG,ispu_2021.csv,,
2021-02-28,DKI2,66.0,76.0,40.0,14.0,60.0,18.0,76.0,PM25,SEDANG,ispu_2021.csv,,
2021-03-01,DKI2,48.0,66.0,45.0,13.0,38.0,18.0,66.0,PM25,SEDANG,ispu_2021.csv,,
2021-03-02,DKI2,55.0,61.0,50.0,12.0,53.0,21.0,61.0,PM25,SEDANG,ispu_2021.csv,,
2021-03-03,DKI2,59.0,76.0,46.0,19.0,50.0,30.0,76.0,PM25,SEDANG,ispu_2021.csv,,
2021-03-04,DKI2,56.0,79.0,45.0,16.0,49.0,28.0,79.0,PM25,SEDANG,ispu_2021.csv,,
2021-03-05,DKI2,65.0,81.0,54.0,16.0,59.0,26.0,81.0,PM25,SEDANG,ispu_2021.csv,,
2021-03-06,DKI2,71.0,89.0,59.0,23.0,52.0,31.0,89.0,PM25,SEDANG,ispu_2021.csv,,
2021-03-07,DKI2,60.0,84.0,29.0,23.0,51.0,27.0,84.0,PM25,SEDANG,ispu_2021.csv,,
2021-03-08,DKI2,52.0,65.0,28.0,16.0,41.0,15.0,65.0,PM25,SEDANG,ispu_2021.csv,,
2021-03-09,DKI2,51.0,55.0,27.0,13.0,33.0,15.0,55.0,PM25,SEDANG,ispu_2021.csv,,
2021-03-10,DKI2,56.0,81.0,42.0,21.0,42.0,26.0,81.0,PM25,SEDANG,ispu_2021.csv,,
2021-03-11,DKI2,38.0,50.0,26.0,9.0,43.0,9.0,50.0,PM25,BAIK,ispu_2021.csv,,
2021-03-12,DKI2,51.0,60.0,27.0,12.0,45.0,19.0,60.0,PM25,SEDANG,ispu_2021.csv,,
2021-03-13,DKI2,40.0,58.0,29.0,11.0,41.0,16.0,58.0,PM25,SEDANG,ispu_2021.csv,,
2021-03-14,DKI2,50.0,62.0,27.0,12.0,37.0,15.0,62.0,PM25,SEDANG,ispu_2021.csv,,
2021-03-15,DKI2,51.0,72.0,33.0,15.0,49.0,19.0,72.0,PM25,SEDANG,ispu_2021.csv,,
2021-03-16,DKI2,67.0,89.0,41.0,13.0,57.0,25.0,89.0,PM25,SEDANG,ispu_2021.csv,,
2021-03-17,DKI2,78.0,107.0,55.0,20.0,53.0,41.0,107.0,PM25,TIDAK SEHAT,ispu_2021.csv,,
2021-03-18,DKI2,78.0,115.0,43.0,14.0,74.0,23.0,115.0,PM25,TIDAK SEHAT,ispu_2021.csv,,
2021-03-19,DKI2,73.0,93.0,39.0,13.0,59.0,26.0,93.0,PM25,SEDANG,ispu_2021.csv,,
2021-03-20,DKI2,61.0,94.0,41.0,15.0,56.0,24.0,94.0,PM25,SEDANG,ispu_2021.csv,,
2021-03-21,DKI2,47.0,58.0,29.0,11.0,51.0,14.0,58.0,PM25,SEDANG,ispu_2021.csv,,
2021-03-22,DKI2,45.0,67.0,30.0,13.0,43.0,17.0,67.0,PM25,SEDANG,ispu_2021.csv,,
2021-03-23,DKI2,48.0,55.0,30.0,9.0,44.0,11.0,55.0,PM25,SEDANG,ispu_2021.csv,,
2021-03-24,DKI2,33.0,57.0,27.0,11.0,37.0,8.0,57.0,PM25,SEDANG,ispu_2021.csv,,
2021-03-25,DKI2,36.0,53.0,29.0,9.0,41.0,13.0,53.0,PM25,SEDANG,ispu_2021.csv,,
2021-03-26,DKI2,57.0,77.0,35.0,18.0,53.0,21.0,77.0,PM25,SEDANG,ispu_2021.csv,,
2021-03-27,DKI2,62.0,83.0,49.0,12.0,63.0,19.0,83.0,PM25,SEDANG,ispu_2021.csv,,
2021-03-28,DKI2,57.0,76.0,43.0,15.0,71.0,18.0,76.0,PM25,SEDANG,ispu_2021.csv,,
2021-03-29,DKI2,65.0,88.0,48.0,18.0,67.0,25.0,88.0,PM25,SEDANG,ispu_2021.csv,,
2021-03-30,DKI2,53.0,68.0,34.0,13.0,55.0,17.0,68.0,PM25,SEDANG,ispu_2021.csv,,
2021-03-31,DKI2,39.0,58.0,30.0,12.0,48.0,18.0,58.0,PM25,SEDANG,ispu_2021.csv,,
2021-04-01,DKI2,22.0,38.0,28.0,9.0,43.0,10.0,43.0,O3,BAIK,ispu_2021.csv,,
2021-04-02,DKI2,39.0,57.0,34.0,11.0,42.0,13.0,57.0,PM25,SEDANG,ispu_2021.csv,,
2021-04-03,DKI2,23.0,51.0,33.0,9.0,57.0,10.0,57.0,O3,SEDANG,ispu_2021.csv,,
2021-04-04,DKI2,63.0,80.0,40.0,17.0,49.0,23.0,80.0,PM25,SEDANG,ispu_2021.csv,,
2021-04-05,DKI2,54.0,69.0,30.0,13.0,59.0,18.0,69.0,PM25,SEDANG,ispu_2021.csv,,
2021-04-06,DKI2,43.0,61.0,32.0,10.0,36.0,15.0,61.0,PM25,SEDANG,ispu_2021.csv,,
2021-04-07,DKI2,30.0,52.0,33.0,9.0,43.0,8.0,52.0,PM25,SEDANG,ispu_2021.csv,,
2021-04-08,DKI2,39.0,57.0,34.0,10.0,40.0,14.0,57.0,PM25,SEDANG,ispu_2021.csv,,
2021-04-09,DKI2,53.0,64.0,32.0,10.0,49.0,25.0,64.0,PM25,SEDANG,ispu_2021.csv,,
2021-04-10,DKI2,44.0,61.0,34.0,9.0,50.0,19.0,61.0,PM25,SEDANG,ispu_2021.csv,,
2021-04-11,DKI2,54.0,72.0,42.0,12.0,60.0,22.0,72.0,PM25,SEDANG,ispu_2021.csv,,
2021-04-12,DKI2,69.0,93.0,51.0,20.0,54.0,23.0,93.0,PM25,SEDANG,ispu_2021.csv,,
2021-04-13,DKI2,70.0,82.0,63.0,14.0,64.0,21.0,82.0,PM25,SEDANG,ispu_2021.csv,,
2021-04-14,DKI2,65.0,81.0,55.0,16.0,65.0,22.0,81.0,PM25,SEDANG,ispu_2021.csv,,
2021-04-15,DKI2,67.0,85.0,55.0,21.0,50.0,34.0,85.0,PM25,SEDANG,ispu_2021.csv,,
2021-04-16,DKI2,69.0,94.0,55.0,17.0,50.0,28.0,94.0,PM25,SEDANG,ispu_2021.csv,,
2021-04-17,DKI2,,,,,,,0.0,,TIDAK ADA DATA,ispu_2021.csv,,
2021-04-18,DKI2,,,,,,,0.0,,TIDAK ADA DATA,ispu_2021.csv,,
2021-04-19,DKI2,,107.0,52.0,,41.0,22.0,107.0,PM25,TIDAK SEHAT,ispu_2021.csv,,
2021-04-20,DKI2,64.0,94.0,52.0,,55.0,18.0,94.0,PM25,SEDANG,ispu_2021.csv,,
2021-04-21,DKI2,76.0,101.0,56.0,16.0,50.0,22.0,101.0,PM25,TIDAK SEHAT,ispu_2021.csv,,
2021-04-22,DKI2,63.0,92.0,52.0,11.0,60.0,14.0,92.0,PM25,SEDANG,ispu_2021.csv,,
2021-04-23,DKI2,75.0,101.0,51.0,15.0,65.0,20.0,101.0,PM25,TIDAK SEHAT,ispu_2021.csv,,
2021-04-24,DKI2,88.0,115.0,61.0,17.0,73.0,25.0,115.0,PM25,TIDAK SEHAT,ispu_2021.csv,,
2021-04-25,DKI2,74.0,101.0,55.0,15.0,58.0,20.0,101.0,PM25,TIDAK SEHAT,ispu_2021.csv,,
2021-04-26,DKI2,64.0,87.0,52.0,10.0,59.0,14.0,87.0,PM25,SEDANG,ispu_2021.csv,,
2021-04-27,DKI2,74.0,97.0,51.0,11.0,65.0,17.0,97.0,PM25,SEDANG,ispu_2021.csv,,
2021-04-28,DKI2,61.0,81.0,51.0,13.0,56.0,18.0,81.0,PM25,SEDANG,ispu_2021.csv,,
2021-04-29,DKI2,69.0,85.0,60.0,15.0,44.0,26.0,85.0,PM25,SEDANG,ispu_2021.csv,,
2021-04-30,DKI2,71.0,91.0,57.0,14.0,55.0,21.0,91.0,PM25,SEDANG,ispu_2021.csv,,
2021-05-01,DKI2,62.0,74.0,51.0,10.0,57.0,14.0,74.0,PM25,SEDANG,ispu_2021.csv,,
2021-05-02,DKI2,55.0,73.0,47.0,9.0,53.0,,73.0,PM25,SEDANG,ispu_2021.csv,,
2021-05-03,DKI2,59.0,74.0,50.0,9.0,51.0,11.0,74.0,PM25,SEDANG,ispu_2021.csv,,
2021-05-04,DKI2,68.0,82.0,54.0,12.0,39.0,17.0,82.0,PM25,SEDANG,ispu_2021.csv,,
2021-05-05,DKI2,64.0,83.0,53.0,14.0,45.0,20.0,83.0,PM25,SEDANG,ispu_2021.csv,,
2021-05-06,DKI2,57.0,72.0,53.0,13.0,66.0,21.0,72.0,PM25,SEDANG,ispu_2021.csv,,
2021-05-07,DKI2,67.0,83.0,61.0,20.0,46.0,33.0,83.0,PM25,SEDANG,ispu_2021.csv,,
2021-05-08,DKI2,60.0,79.0,53.0,11.0,54.0,17.0,79.0,PM25,SEDANG,ispu_2021.csv,,
2021-05-09,DKI2,46.0,59.0,46.0,9.0,61.0,7.0,61.0,O3,SEDANG,ispu_2021.csv,,
2021-05-10,DKI2,55.0,73.0,51.0,10.0,58.0,8.0,73.0,PM25,SEDANG,ispu_2021.csv,,
2021-05-11,DKI2,69.0,87.0,50.0,11.0,57.0,12.0,87.0,PM25,SEDANG,ispu_2021.csv,,
2021-05-12,DKI2,67.0,87.0,52.0,10.0,63.0,8.0,87.0,PM25,SEDANG,ispu_2021.csv,,
2021-05-13,DKI2,81.0,112.0,49.0,13.0,48.0,9.0,112.0,PM25,TIDAK SEHAT,ispu_2021.csv,,
2021-05-14,DKI2,56.0,70.0,51.0,9.0,52.0,,70.0,PM25,SEDANG,ispu_2021.csv,,
2021-05-15,DKI2,54.0,67.0,54.0,10.0,40.0,,67.0,PM25,SEDANG,ispu_2021.csv,,
2021-05-16,DKI2,52.0,,50.0,9.0,52.0,,52.0,PM10,SEDANG,ispu_2021.csv,,
2021-05-17,DKI2,54.0,70.0,55.0,11.0,51.0,13.0,70.0,PM25,SEDANG,ispu_2021.csv,,
2021-05-18,DKI2,41.0,55.0,48.0,8.0,49.0,10.0,55.0,PM25,SEDANG,ispu_2021.csv,,
2021-05-19,DKI2,56.0,77.0,52.0,13.0,55.0,21.0,77.0,PM25,SEDANG,ispu_2021.csv,,
2021-05-20,DKI2,66.0,87.0,53.0,12.0,56.0,17.0,87.0,PM25,SEDANG,ispu_2021.csv,,
2021-05-21,DKI2,60.0,81.0,58.0,13.0,65.0,21.0,81.0,PM25,SEDANG,ispu_2021.csv,,
2021-05-22,DKI2,64.0,90.0,62.0,15.0,66.0,28.0,90.0,PM25,SEDANG,ispu_2021.csv,,
2021-05-23,DKI2,73.0,97.0,64.0,18.0,57.0,34.0,97.0,PM25,SEDANG,ispu_2021.csv,,
2021-05-24,DKI2,86.0,116.0,74.0,19.0,72.0,30.0,116.0,PM25,TIDAK SEHAT,ispu_2021.csv,,
2021-05-25,DKI2,56.0,64.0,52.0,12.0,66.0,19.0,66.0,O3,SEDANG,ispu_2021.csv,,
2021-05-26,DKI2,62.0,83.0,52.0,12.0,64.0,20.0,83.0,PM25,SEDANG,ispu_2021.csv,,
2021-05-27,DKI2,60.0,73.0,52.0,10.0,62.0,13.0,73.0,PM25,SEDANG,ispu_2021.csv,,
2021-05-28,DKI2,66.0,81.0,53.0,11.0,63.0,16.0,81.0,PM25,SEDANG,ispu_2021.csv,,
2021-05-29,DKI2,60.0,76.0,46.0,13.0,66.0,21.0,76.0,PM25,SEDANG,ispu_2021.csv,,
2021-05-30,DKI2,53.0,65.0,55.0,17.0,51.0,28.0,65.0,PM25,SEDANG,ispu_2021.csv,,
2021-05-31,DKI2,62.0,81.0,49.0,14.0,71.0,20.0,81.0,PM25,SEDANG,ispu_2021.csv,,
2021-06-01,DKI2,60.0,82.0,50.0,16.0,64.0,26.0,82.0,PM25,SEDANG,ispu_2021.csv,,
2021-06-02,DKI2,68.0,92.0,54.0,16.0,76.0,28.0,92.0,PM25,SEDANG,ispu_2021.csv,,
2021-06-03,DKI2,68.0,93.0,57.0,16.0,61.0,32.0,93.0,PM25,SEDANG,ispu_2021.csv,,
2021-06-04,DKI2,66.0,86.0,46.0,12.0,76.0,13.0,86.0,PM25,SEDANG,ispu_2021.csv,,
2021-06-05,DKI2,64.0,84.0,51.0,16.0,65.0,25.0,84.0,PM25,SEDANG,ispu_2021.csv,,
2021-06-06,DKI2,61.0,80.0,50.0,11.0,72.0,14.0,80.0,PM25,SEDANG,ispu_2021.csv,,
2021-06-07,DKI2,61.0,83.0,52.0,15.0,68.0,24.0,83.0,PM25,SEDANG,ispu_2021.csv,,
2021-06-08,DKI2,70.0,99.0,53.0,14.0,72.0,23.0,99.0,PM25,SEDANG,ispu_2021.csv,,
2021-06-09,DKI2,68.0,87.0,54.0,13.0,67.0,22.0,87.0,PM25,SEDANG,ispu_2021.csv,,
2021-06-10,DKI2,71.0,99.0,56.0,15.0,48.0,32.0,99.0,PM25,SEDANG,ispu_2021.csv,,
2021-06-11,DKI2,65.0,90.0,51.0,12.0,61.0,25.0,90.0,PM25,SEDANG,ispu_2021.csv,,
2021-06-12,DKI2,67.0,91.0,54.0,12.0,57.0,25.0,91.0,PM25,SEDANG,ispu_2021.csv,,
2021-06-13,DKI2,55.0,73.0,52.0,11.0,58.0,17.0,73.0,PM25,SEDANG,ispu_2021.csv,,
2021-06-14,DKI2,69.0,91.0,53.0,12.0,58.0,20.0,91.0,PM25,SEDANG,ispu_2021.csv,,
2021-06-15,DKI2,69.0,90.0,52.0,11.0,44.0,16.0,90.0,PM25,SEDANG,ispu_2021.csv,,
2021-06-16,DKI2,67.0,85.0,66.0,17.0,43.0,28.0,85.0,PM25,SEDANG,ispu_2021.csv,,
2021-06-17,DKI2,61.0,84.0,51.0,20.0,44.0,33.0,84.0,PM25,SEDANG,ispu_2021.csv,,
2021-06-18,DKI2,77.0,98.0,59.0,15.0,49.0,27.0,98.0,PM25,SEDANG,ispu_2021.csv,,
2021-06-19,DKI2,64.0,77.0,59.0,16.0,41.0,43.0,77.0,PM25,SEDANG,ispu_2021.csv,,
2021-06-20,DKI2,81.0,108.0,66.0,18.0,44.0,35.0,108.0,PM25,TIDAK SEHAT,ispu_2021.csv,,
2021-06-21,DKI2,62.0,75.0,55.0,14.0,44.0,28.0,75.0,PM25,SEDANG,ispu_2021.csv,,
2021-06-22,DKI2,59.0,72.0,54.0,14.0,38.0,27.0,72.0,PM25,SEDANG,ispu_2021.csv,,
2021-06-23,DKI2,66.0,91.0,51.0,13.0,51.0,28.0,91.0,PM25,SEDANG,ispu_2021.csv,,
2021-06-24,DKI2,80.0,99.0,54.0,14.0,42.0,28.0,99.0,PM25,SEDANG,ispu_2021.csv,,
2021-06-25,DKI2,70.0,84.0,58.0,12.0,40.0,23.0,84.0,PM25,SEDANG,ispu_2021.csv,,
2021-06-26,DKI2,62.0,79.0,53.0,9.0,53.0,17.0,79.0,PM25,SEDANG,ispu_2021.csv,,
2021-06-27,DKI2,67.0,94.0,57.0,11.0,57.0,18.0,94.0,PM25,SEDANG,ispu_2021.csv,,
2021-06-28,DKI2,65.0,93.0,53.0,16.0,61.0,28.0,93.0,PM25,SEDANG,ispu_2021.csv,,
2021-06-29,DKI2,75.0,102.0,52.0,12.0,51.0,18.0,102.0,PM25,TIDAK SEHAT,ispu_2021.csv,,
2021-06-30,DKI2,79.0,105.0,57.0,14.0,55.0,28.0,105.0,PM25,TIDAK SEHAT,ispu_2021.csv,,
2021-07-01,DKI2,64.0,81.0,53.0,12.0,48.0,28.0,81.0,PM25,SEDANG,ispu_2021.csv,,
2021-07-02,DKI2,68.0,81.0,56.0,14.0,40.0,27.0,81.0,PM25,SEDANG,ispu_2021.csv,,
2021-07-03,DKI2,72.0,100.0,54.0,11.0,44.0,23.0,100.0,PM25,SEDANG,ispu_2021.csv,,
2021-07-04,DKI2,94.0,129.0,51.0,15.0,50.0,23.0,129.0,PM25,TIDAK SEHAT,ispu_2021.csv,,
2021-07-05,DKI2,77.0,111.0,56.0,12.0,62.0,20.0,111.0,PM25,TIDAK SEHAT,ispu_2021.csv,,
2021-07-06,DKI2,64.0,79.0,51.0,10.0,55.0,17.0,79.0,PM25,SEDANG,ispu_2021.csv,,
2021-07-07,DKI2,84.0,108.0,54.0,11.0,51.0,23.0,108.0,PM25,TIDAK SEHAT,ispu_2021.csv,,
2021-07-08,DKI2,83.0,111.0,56.0,11.0,50.0,24.0,111.0,PM25,TIDAK SEHAT,ispu_2021.csv,,
2021-07-09,DKI2,92.0,120.0,59.0,11.0,56.0,26.0,120.0,PM25,TIDAK SEHAT,ispu_2021.csv,,
2021-07-10,DKI2,78.0,104.0,54.0,10.0,63.0,17.0,104.0,PM25,TIDAK SEHAT,ispu_2021.csv,,
2021-07-11,DKI2,,,54.0,10.0,54.0,13.0,54.0,SO2,SEDANG,ispu_2021.csv,,
2021-07-12,DKI2,64.0,,52.0,9.0,44.0,13.0,64.0,PM10,SEDANG,ispu_2021.csv,,
2021-07-13,DKI2,78.0,119.0,54.0,11.0,43.0,23.0,119.0,PM25,TIDAK SEHAT,ispu_2021.csv,,
2021-07-14,DKI2,56.0,75.0,51.0,12.0,50.0,23.0,75.0,PM25,SEDANG,ispu_2021.csv,,
2021-07-15,DKI2,79.0,111.0,62.0,11.0,56.0,26.0,111.0,PM25,TIDAK SEHAT,ispu_2021.csv,,
2021-07-16,DKI2,85.0,115.0,53.0,11.0,53.0,19.0,115.0,PM25,TIDAK SEHAT,ispu_2021.csv,,
2021-07-17,DKI2,74.0,99.0,55.0,10.0,58.0,20.0,99.0,PM25,SEDANG,ispu_2021.csv,,
2021-07-18,DKI2,82.0,114.0,55.0,11.0,58.0,17.0,114.0,PM25,TIDAK SEHAT,ispu_2021.csv,,
2021-07-19,DKI2,74.0,100.0,51.0,10.0,77.0,13.0,100.0,PM25,SEDANG,ispu_2021.csv,,
2021-07-20,DKI2,86.0,113.0,51.0,14.0,60.0,19.0,113.0,PM25,TIDAK SEHAT,ispu_2021.csv,,
2021-07-21,DKI2,54.0,72.0,52.0,9.0,58.0,13.0,72.0,PM25,SEDANG,ispu_2021.csv,,
2021-07-22,DKI2,60.0,82.0,53.0,11.0,54.0,22.0,82.0,PM25,SEDANG,ispu_2021.csv,,
2021-07-23,DKI2,61.0,,52.0,9.0,59.0,20.0,61.0,PM10,SEDANG,ispu_2021.csv,,
2021-07-24,DKI2,66.0,95.0,54.0,13.0,51.0,30.0,95.0,PM25,SEDANG,ispu_2021.csv,,
2021-07-25,DKI2,81.0,112.0,55.0,16.0,54.0,28.0,112.0,PM25,TIDAK SEHAT,ispu_2021.csv,,
2021-07-26,DKI2,79.0,109.0,54.0,12.0,46.0,22.0,109.0,PM25,TIDAK SEHAT,ispu_2021.csv,,
2021-07-27,DKI2,82.0,112.0,56.0,12.0,41.0,27.0,112.0,PM25,TIDAK SEHAT,ispu_2021.csv,,
2021-07-28,DKI2,82.0,113.0,53.0,13.0,40.0,28.0,113.0,PM25,TIDAK SEHAT,ispu_2021.csv,,
2021-07-29,DKI2,69.0,97.0,52.0,12.0,53.0,24.0,97.0,PM25,SEDANG,ispu_2021.csv,,
2021-07-30,DKI2,90.0,117.0,54.0,12.0,81.0,29.0,117.0,PM25,TIDAK SEHAT,ispu_2021.csv,,
2021-07-31,DKI2,63.0,,50.0,8.0,65.0,18.0,65.0,O3,SEDANG,ispu_2021.csv,,
2021-08-01,DKI2,55.0,75.0,50.0,9.0,67.0,13.0,75.0,PM25,SEDANG,ispu_2021.csv,,
2021-08-02,DKI2,52.0,69.0,50.0,10.0,59.0,16.0,69.0,PM25,SEDANG,ispu_2021.csv,,
2021-08-03,DKI2,61.0,85.0,53.0,12.0,47.0,25.0,85.0,PM25,SEDANG,ispu_2021.csv,,
2021-08-04,DKI2,64.0,89.0,53.0,9.0,50.0,14.0,89.0,PM25,SEDANG,ispu_2021.csv,,
2021-08-05,DKI2,61.0,79.0,55.0,9.0,58.0,18.0,79.0,PM25,SEDANG,ispu_2021.csv,,
2021-08-06,DKI2,76.0,100.0,58.0,17.0,38.0,31.0,100.0,PM25,SEDANG,ispu_2021.csv,,
2021-08-07,DKI2,63.0,79.0,53.0,8.0,48.0,16.0,79.0,PM25,SEDANG,ispu_2021.csv,,
2021-08-08,DKI2,60.0,78.0,53.0,9.0,57.0,12.0,78.0,PM25,SEDANG,ispu_2021.csv,,
2021-08-09,DKI2,56.0,67.0,52.0,8.0,57.0,10.0,67.0,PM25,SEDANG,ispu_2021.csv,,
2021-08-10,DKI2,36.0,53.0,48.0,8.0,55.0,9.0,55.0,O3,SEDANG,ispu_2021.csv,,
2021-08-11,DKI2,58.0,83.0,50.0,10.0,59.0,17.0,83.0,PM25,SEDANG,ispu_2021.csv,,
2021-08-12,DKI2,65.0,88.0,52.0,10.0,47.0,18.0,88.0,PM25,SEDANG,ispu_2021.csv,,
2021-08-13,DKI2,58.0,79.0,51.0,10.0,49.0,19.0,79.0,PM25,SEDANG,ispu_2021.csv,,
2021-08-14,DKI2,69.0,94.0,53.0,11.0,53.0,21.0,94.0,PM25,SEDANG,ispu_2021.csv,,
2021-08-15,DKI2,63.0,84.0,53.0,9.0,46.0,16.0,84.0,PM25,SEDANG,ispu_2021.csv,,
2021-08-16,DKI2,60.0,80.0,54.0,9.0,42.0,17.0,80.0,PM25,SEDANG,ispu_2021.csv,,
2021-08-17,DKI2,62.0,84.0,51.0,9.0,40.0,14.0,84.0,PM25,SEDANG,ispu_2021.csv,,
2021-08-18,DKI2,59.0,83.0,51.0,9.0,42.0,17.0,83.0,PM25,SEDANG,ispu_2021.csv,,
2021-08-19,DKI2,72.0,101.0,55.0,13.0,26.0,36.0,101.0,PM25,TIDAK SEHAT,ispu_2021.csv,,
2021-08-20,DKI2,73.0,97.0,55.0,12.0,34.0,30.0,97.0,PM25,SEDANG,ispu_2021.csv,,
2021-08-21,DKI2,60.0,87.0,51.0,10.0,29.0,21.0,87.0,PM25,SEDANG,ispu_2021.csv,,
2021-08-22,DKI2,71.0,100.0,52.0,13.0,25.0,26.0,100.0,PM25,SEDANG,ispu_2021.csv,,
2021-08-23,DKI2,63.0,86.0,52.0,9.0,33.0,13.0,86.0,PM25,SEDANG,ispu_2021.csv,,
2021-08-24,DKI2,69.0,101.0,52.0,9.0,41.0,18.0,101.0,PM25,TIDAK SEHAT,ispu_2021.csv,,
2021-08-25,DKI2,69.0,98.0,51.0,11.0,38.0,24.0,98.0,PM25,SEDANG,ispu_2021.csv,,
2021-08-26,DKI2,61.0,84.0,51.0,9.0,26.0,18.0,84.0,PM25,SEDANG,ispu_2021.csv,,
2021-08-27,DKI2,63.0,90.0,52.0,10.0,32.0,21.0,90.0,PM25,SEDANG,ispu_2021.csv,,
2021-08-28,DKI2,76.0,104.0,51.0,10.0,41.0,22.0,104.0,PM25,TIDAK SEHAT,ispu_2021.csv,,
2021-08-29,DKI2,68.0,97.0,52.0,10.0,30.0,16.0,97.0,PM25,SEDANG,ispu_2021.csv,,
2021-08-30,DKI2,79.0,110.0,52.0,12.0,38.0,29.0,110.0,PM25,TIDAK SEHAT,ispu_2021.csv,,
2021-08-31,DKI2,74.0,96.0,51.0,10.0,48.0,19.0,96.0,PM25,SEDANG,ispu_2021.csv,,
2021-09-01,DKI2,79.0,102.0,55.0,14.0,30.0,29.0,102.0,PM25,TIDAK SEHAT,ispu_2021.csv,,
2021-09-02,DKI2,66.0,89.0,52.0,10.0,39.0,19.0,89.0,PM25,SEDANG,ispu_2021.csv,,
2021-09-03,DKI2,66.0,87.0,51.0,9.0,39.0,18.0,87.0,PM25,SEDANG,ispu_2021.csv,,
2021-09-04,DKI2,62.0,79.0,50.0,9.0,37.0,18.0,79.0,PM25,SEDANG,ispu_2021.csv,,
2021-09-05,DKI2,74.0,100.0,52.0,12.0,35.0,22.0,100.0,PM25,SEDANG,ispu_2021.csv,,
2021-09-06,DKI2,66.0,87.0,51.0,10.0,34.0,13.0,87.0,PM25,SEDANG,ispu_2021.csv,,
2021-09-07,DKI2,58.0,72.0,51.0,9.0,27.0,16.0,72.0,PM25,SEDANG,ispu_2021.csv,,
2021-09-08,DKI2,64.0,87.0,52.0,13.0,27.0,31.0,87.0,PM25,SEDANG,ispu_2021.csv,,
2021-09-09,DKI2,68.0,88.0,54.0,12.0,35.0,29.0,88.0,PM25,SEDANG,ispu_2021.csv,,
2021-09-10,DKI2,58.0,77.0,53.0,9.0,32.0,20.0,77.0,PM25,SEDANG,ispu_2021.csv,,
2021-09-11,DKI2,70.0,99.0,53.0,11.0,46.0,22.0,99.0,PM25,SEDANG,ispu_2021.csv,,
2021-09-12,DKI2,66.0,82.0,51.0,9.0,36.0,12.0,82.0,PM25,SEDANG,ispu_2021.csv,,
2021-09-13,DKI2,56.0,71.0,52.0,9.0,27.0,14.0,71.0,PM25,SEDANG,ispu_2021.csv,,
2021-09-14,DKI2,36.0,47.0,50.0,8.0,47.0,15.0,50.0,SO2,BAIK,ispu_2021.csv,,
2021-09-15,DKI2,69.0,95.0,54.0,17.0,45.0,35.0,95.0,PM25,SEDANG,ispu_2021.csv,,
2021-09-16,DKI2,52.0,66.0,52.0,8.0,52.0,15.0,66.0,PM25,SEDANG,ispu_2021.csv,,
2021-09-17,DKI2,46.0,66.0,51.0,7.0,53.0,9.0,66.0,PM25,SEDANG,ispu_2021.csv,,
2021-09-18,DKI2,56.0,79.0,53.0,8.0,51.0,15.0,79.0,PM25,SEDANG,ispu_2021.csv,,
2021-09-19,DKI2,52.0,73.0,50.0,8.0,68.0,10.0,73.0,PM25,SEDANG,ispu_2021.csv,,
2021-09-20,DKI2,58.0,81.0,52.0,11.0,54.0,25.0,81.0,PM25,SEDANG,ispu_2021.csv,,
2021-09-21,DKI2,61.0,85.0,52.0,10.0,58.0,19.0,85.0,PM25,SEDANG,ispu_2021.csv,,
2021-09-22,DKI2,64.0,82.0,54.0,10.0,48.0,22.0,82.0,PM25,SEDANG,ispu_2021.csv,,
2021-09-23,DKI2,61.0,85.0,53.0,8.0,53.0,13.0,85.0,PM25,SEDANG,ispu_2021.csv,,
2021-09-24,DKI2,57.0,76.0,53.0,8.0,47.0,13.0,76.0,PM25,SEDANG,ispu_2021.csv,,
2021-09-25,DKI2,55.0,81.0,52.0,8.0,50.0,13.0,81.0,PM25,SEDANG,ispu_2021.csv,,
2021-09-26,DKI2,56.0,74.0,,7.0,54.0,6.0,74.0,PM25,SEDANG,ispu_2021.csv,,
2021-09-27,DKI2,53.0,77.0,,11.0,47.0,17.0,77.0,PM25,SEDANG,ispu_2021.csv,,
2021-09-28,DKI2,49.0,71.0,,8.0,49.0,13.0,71.0,PM25,SEDANG,ispu_2021.csv,,
2021-09-29,DKI2,54.0,81.0,57.0,10.0,63.0,16.0,81.0,PM25,SEDANG,ispu_2021.csv,,
2021-09-30,DKI2,71.0,105.0,63.0,12.0,63.0,24.0,105.0,PM25,TIDAK SEHAT,ispu_2021.csv,,
2021-10-01,DKI2,57.0,84.0,59.0,10.0,65.0,16.0,84.0,PM25,SEDANG,ispu_2021.csv,,
2021-10-02,DKI2,70.0,103.0,61.0,10.0,58.0,17.0,103.0,PM25,TIDAK SEHAT,ispu_2021.csv,,
2021-10-03,DKI2,64.0,86.0,62.0,11.0,53.0,18.0,86.0,PM25,SEDANG,ispu_2021.csv,,
2021-10-04,DKI2,62.0,95.0,60.0,11.0,64.0,24.0,95.0,PM25,SEDANG,ispu_2021.csv,,
2021-10-05,DKI2,65.0,90.0,67.0,11.0,54.0,27.0,90.0,PM25,SEDANG,ispu_2021.csv,,
2021-10-06,DKI2,65.0,91.0,66.0,9.0,58.0,23.0,91.0,PM25,SEDANG,ispu_2021.csv,,
2021-10-07,DKI2,49.0,64.0,60.0,9.0,50.0,20.0,64.0,PM25,SEDANG,ispu_2021.csv,,
2021-10-08,DKI2,60.0,85.0,64.0,10.0,54.0,20.0,85.0,PM25,SEDANG,ispu_2021.csv,,
2021-10-09,DKI2,53.0,77.0,62.0,9.0,60.0,19.0,77.0,PM25,SEDANG,ispu_2021.csv,,
2021-10-10,DKI2,60.0,83.0,61.0,9.0,72.0,12.0,83.0,PM25,SEDANG,ispu_2021.csv,,
2021-10-11,DKI2,68.0,100.0,64.0,12.0,66.0,26.0,100.0,PM25,SEDANG,ispu_2021.csv,,
2021-10-12,DKI2,77.0,105.0,76.0,12.0,49.0,31.0,105.0,PM25,TIDAK SEHAT,ispu_2021.csv,,
2021-10-13,DKI2,57.0,76.0,63.0,9.0,58.0,18.0,76.0,PM25,SEDANG,ispu_2021.csv,,
2021-10-14,DKI2,73.0,105.0,65.0,12.0,70.0,28.0,105.0,PM25,TIDAK SEHAT,ispu_2021.csv,,
2021-10-15,DKI2,82.0,108.0,64.0,13.0,64.0,27.0,108.0,PM25,TIDAK SEHAT,ispu_2021.csv,,
2021-10-16,DKI2,64.0,95.0,63.0,13.0,63.0,28.0,95.0,PM25,SEDANG,ispu_2021.csv,,
2021-10-17,DKI2,71.0,,63.0,12.0,65.0,22.0,71.0,PM10,SEDANG,ispu_2021.csv,,
2021-10-18,DKI2,50.0,60.0,58.0,9.0,45.0,13.0,60.0,PM25,SEDANG,ispu_2021.csv,,
2021-10-19,DKI2,46.0,63.0,60.0,16.0,42.0,29.0,63.0,PM25,SEDANG,ispu_2021.csv,,
2021-10-20,DKI2,50.0,67.0,73.0,11.0,50.0,26.0,73.0,SO2,SEDANG,ispu_2021.csv,,
2021-10-21,DKI2,52.0,68.0,61.0,9.0,57.0,24.0,68.0,PM25,SEDANG,ispu_2021.csv,,
2021-10-22,DKI2,73.0,115.0,82.0,14.0,46.0,38.0,115.0,PM25,TIDAK SEHAT,ispu_2021.csv,,
2021-10-23,DKI2,67.0,95.0,81.0,10.0,53.0,28.0,95.0,PM25,SEDANG,ispu_2021.csv,,
2021-10-24,DKI2,62.0,96.0,60.0,12.0,62.0,21.0,96.0,PM25,SEDANG,ispu_2021.csv,,
2021-10-25,DKI2,65.0,100.0,62.0,12.0,70.0,27.0,100.0,PM25,SEDANG,ispu_2021.csv,,
2021-10-26,DKI2,63.0,83.0,67.0,13.0,50.0,32.0,83.0,PM25,SEDANG,ispu_2021.csv,,
2021-10-27,DKI2,62.0,86.0,64.0,10.0,49.0,21.0,86.0,PM25,SEDANG,ispu_2021.csv,,
2021-10-28,DKI2,51.0,70.0,67.0,12.0,49.0,30.0,70.0,PM25,SEDANG,ispu_2021.csv,,
2021-10-29,DKI2,54.0,74.0,80.0,14.0,49.0,26.0,80.0,SO2,SEDANG,ispu_2021.csv,,
2021-10-30,DKI2,64.0,90.0,81.0,13.0,56.0,32.0,90.0,PM25,SEDANG,ispu_2021.csv,,
2021-10-31,DKI2,56.0,79.0,63.0,12.0,56.0,28.0,79.0,PM25,SEDANG,ispu_2021.csv,,
2021-11-01,DKI2,64.0,88.0,77.0,12.0,48.0,28.0,88.0,PM25,SEDANG,ispu_2021.csv,,
2021-11-02,DKI2,51.0,70.0,13.0,14.0,49.0,34.0,70.0,PM25,SEDANG,ispu_2021.csv,,
2021-11-03,DKI2,52.0,,14.0,,41.0,27.0,52.0,PM10,SEDANG,ispu_2021.csv,,
2021-11-04,DKI2,63.0,95.0,20.0,13.0,63.0,42.0,95.0,PM25,SEDANG,ispu_2021.csv,,
2021-11-05,DKI2,64.0,84.0,26.0,14.0,46.0,34.0,84.0,PM25,SEDANG,ispu_2021.csv,,
2021-11-06,DKI2,51.0,73.0,13.0,11.0,52.0,26.0,73.0,PM25,SEDANG,ispu_2021.csv,,
2021-11-07,DKI2,39.0,62.0,7.0,10.0,55.0,17.0,62.0,PM25,SEDANG,ispu_2021.csv,,
2021-11-08,DKI2,53.0,73.0,,14.0,39.0,26.0,73.0,PM25,SEDANG,ispu_2021.csv,,
2021-11-09,DKI2,61.0,86.0,,11.0,47.0,28.0,86.0,PM25,SEDANG,ispu_2021.csv,,
2021-11-10,DKI2,32.0,59.0,,9.0,36.0,21.0,59.0,PM25,SEDANG,ispu_2021.csv,,
2021-11-11,DKI2,37.0,58.0,28.0,11.0,36.0,21.0,58.0,PM25,SEDANG,ispu_2021.csv,,
2021-11-12,DKI2,34.0,54.0,18.0,9.0,38.0,19.0,54.0,PM25,SEDANG,ispu_2021.csv,,
2021-11-13,DKI2,,78.0,,16.0,52.0,25.0,78.0,PM25,SEDANG,ispu_2021.csv,,
2021-11-14,DKI2,,59.0,,13.0,46.0,19.0,59.0,PM25,SEDANG,ispu_2021.csv,,
2021-11-15,DKI2,,57.0,,9.0,36.0,17.0,57.0,PM25,SEDANG,ispu_2021.csv,,
2021-11-16,DKI2,28.0,53.0,5.0,8.0,41.0,14.0,53.0,PM25,SEDANG,ispu_2021.csv,,
2021-11-17,DKI2,60.0,80.0,21.0,11.0,45.0,27.0,80.0,PM25,SEDANG,ispu_2021.csv,,
2021-11-18,DKI2,58.0,81.0,14.0,10.0,56.0,24.0,81.0,PM25,SEDANG,ispu_2021.csv,,
2021-11-19,DKI2,32.0,45.0,5.0,7.0,42.0,12.0,45.0,PM25,BAIK,ispu_2021.csv,,
2021-11-20,DKI2,29.0,50.0,7.0,8.0,41.0,16.0,50.0,PM25,BAIK,ispu_2021.csv,,
2021-11-21,DKI2,40.0,58.0,7.0,15.0,45.0,18.0,58.0,PM25,SEDANG,ispu_2021.csv,,
2021-11-22,DKI2,25.0,44.0,8.0,7.0,41.0,12.0,44.0,PM25,BAIK,ispu_2021.csv,,
2021-11-23,DKI2,25.0,55.0,5.0,7.0,41.0,9.0,55.0,PM25,SEDANG,ispu_2021.csv,,
2021-11-24,DKI2,21.0,45.0,4.0,7.0,37.0,12.0,45.0,PM25,BAIK,ispu_2021.csv,,
2021-11-25,DKI2,39.0,58.0,7.0,9.0,40.0,21.0,58.0,PM25,SEDANG,ispu_2021.csv,,
2021-11-26,DKI2,48.0,68.0,11.0,11.0,39.0,31.0,68.0,PM25,SEDANG,ispu_2021.csv,,
2021-11-27,DKI2,34.0,,7.0,8.0,45.0,15.0,45.0,O3,BAIK,ispu_2021.csv,,
2021-11-28,DKI2,18.0,,3.0,7.0,47.0,9.0,47.0,O3,BAIK,ispu_2021.csv,,
2021-11-29,DKI2,22.0,,4.0,8.0,42.0,12.0,42.0,O3,BAIK,ispu_2021.csv,,
2021-11-30,DKI2,30.0,,5.0,8.0,44.0,17.0,44.0,O3,BAIK,ispu_2021.csv,,
2021-12-01,DKI2,53.0,,8.0,12.0,41.0,30.0,53.0,PM10,SEDANG,ispu_2021.csv,,
2021-12-02,DKI2,32.0,50.0,40.0,7.0,40.0,14.0,50.0,PM25,BAIK,ispu_2021.csv,,
2021-12-03,DKI2,34.0,55.0,41.0,9.0,48.0,17.0,55.0,PM25,SEDANG,ispu_2021.csv,,
2021-12-04,DKI2,40.0,63.0,43.0,8.0,43.0,16.0,63.0,PM25,SEDANG,ispu_2021.csv,,
2021-12-05,DKI2,46.0,65.0,44.0,14.0,39.0,24.0,65.0,PM25,SEDANG,ispu_2021.csv,,
2021-12-06,DKI2,61.0,88.0,51.0,18.0,45.0,31.0,88.0,PM25,SEDANG,ispu_2021.csv,,
2021-12-07,DKI2,33.0,58.0,42.0,11.0,43.0,19.0,58.0,PM25,SEDANG,ispu_2021.csv,,
2021-12-08,DKI2,49.0,71.0,31.0,15.0,51.0,30.0,71.0,PM25,SEDANG,ispu_2021.csv,,
2021-12-09,DKI2,31.0,52.0,32.0,8.0,50.0,20.0,52.0,PM25,SEDANG,ispu_2021.csv,,
2021-12-10,DKI2,33.0,54.0,34.0,9.0,41.0,24.0,54.0,PM25,SEDANG,ispu_2021.csv,,
2021-12-11,DKI2,33.0,50.0,33.0,8.0,51.0,22.0,51.0,O3,SEDANG,ispu_2021.csv,,
2021-12-12,DKI2,49.0,62.0,40.0,13.0,42.0,22.0,62.0,PM25,SEDANG,ispu_2021.csv,,
2021-12-13,DKI2,31.0,53.0,34.0,9.0,34.0,23.0,53.0,PM25,SEDANG,ispu_2021.csv,,
2021-12-14,DKI2,51.0,65.0,43.0,9.0,35.0,26.0,65.0,PM25,SEDANG,ispu_2021.csv,,
2021-12-15,DKI2,62.0,86.0,44.0,11.0,50.0,30.0,86.0,PM25,SEDANG,ispu_2021.csv,,
2021-12-16,DKI2,,,,,,,0.0,,TIDAK ADA DATA,ispu_2021.csv,,
2021-12-17,DKI2,58.0,75.0,35.0,15.0,57.0,32.0,75.0,PM25,SEDANG,ispu_2021.csv,,
2021-12-18,DKI2,44.0,64.0,35.0,13.0,54.0,24.0,64.0,PM25,SEDANG,ispu_2021.csv,,
2021-12-19,DKI2,65.0,96.0,40.0,21.0,78.0,33.0,96.0,PM25,SEDANG,ispu_2021.csv,,
2021-12-20,DKI2,53.0,67.0,32.0,11.0,58.0,20.0,67.0,PM25,SEDANG,ispu_2021.csv,,
2021-12-21,DKI2,55.0,74.0,40.0,15.0,,33.0,74.0,PM25,SEDANG,ispu_2021.csv,,
2021-12-22,DKI2,65.0,94.0,36.0,21.0,54.0,49.0,94.0,PM25,SEDANG,ispu_2021.csv,,
2021-12-23,DKI2,70.0,99.0,46.0,19.0,42.0,42.0,99.0,PM25,SEDANG,ispu_2021.csv,,
2021-12-24,DKI2,36.0,56.0,35.0,15.0,36.0,27.0,56.0,PM25,SEDANG,ispu_2021.csv,,
2021-12-25,DKI2,53.0,70.0,38.0,19.0,35.0,30.0,70.0,PM25,SEDANG,ispu_2021.csv,,
2021-12-26,DKI2,41.0,55.0,38.0,15.0,37.0,24.0,55.0,PM25,SEDANG,ispu_2021.csv,,
2021-12-27,DKI2,50.0,66.0,35.0,14.0,40.0,24.0,66.0,PM25,SEDANG,ispu_2021.csv,,
2021-12-28,DKI2,53.0,68.0,38.0,16.0,34.0,33.0,68.0,PM25,SEDANG,ispu_2021.csv,,
2021-12-29,DKI2,28.0,,32.0,12.0,37.0,29.0,37.0,O3,BAIK,ispu_2021.csv,,
2021-12-30,DKI2,47.0,64.0,38.0,13.0,38.0,35.0,64.0,PM25,SEDANG,ispu_2021.csv,,
2021-12-31,DKI2,61.0,85.0,33.0,23.0,37.0,44.0,85.0,PM25,SEDANG,ispu_2021.csv,,
2022-01-13,DKI2,35.0,53.8,35.9,14.8,62.3,32.9,62.3,,,rendahemisi_2022.csv,from_hourly_scrape,12.0
2022-01-14,DKI2,36.5,54.2,35.2,14.8,61.9,32.2,61.9,,,rendahemisi_2022.csv,from_hourly_scrape,12.0
2022-01-15,DKI2,40.7,52.1,34.0,15.2,65.9,30.6,65.9,,,rendahemisi_2022.csv,from_hourly_scrape,12.0
2022-01-17,DKI2,45.7,53.9,32.0,18.7,60.7,30.1,60.7,,,rendahemisi_2022.csv,from_hourly_scrape,10.0
2022-01-18,DKI2,31.2,39.1,32.1,13.8,58.8,29.6,58.8,,,rendahemisi_2022.csv,from_hourly_scrape,14.0
2022-01-19,DKI2,27.3,39.7,32.1,15.3,66.6,25.5,66.6,,,rendahemisi_2022.csv,from_hourly_scrape,15.0
2022-01-20,DKI2,32.6,46.5,37.9,14.1,66.3,22.9,66.3,,,rendahemisi_2022.csv,from_hourly_scrape,19.0
2022-01-21,DKI2,29.9,36.4,34.9,15.0,55.7,23.7,55.7,,,rendahemisi_2022.csv,from_hourly_scrape,12.0
2022-01-24,DKI2,31.9,50.4,34.5,,57.3,18.2,57.3,,,rendahemisi_2022.csv,from_hourly_scrape,6.0
2022-01-25,DKI2,20.6,37.1,37.4,,54.6,22.3,54.6,,,rendahemisi_2022.csv,from_hourly_scrape,7.0
2022-01-26,DKI2,27.3,43.4,38.1,10.5,56.2,25.5,56.2,,,rendahemisi_2022.csv,from_hourly_scrape,12.0
2022-01-27,DKI2,30.9,49.0,36.4,12.3,49.1,24.2,49.1,,,rendahemisi_2022.csv,from_hourly_scrape,12.0
2022-01-28,DKI2,36.1,55.7,39.7,7.4,56.3,27.8,56.3,,,rendahemisi_2022.csv,from_hourly_scrape,17.0
2022-01-29,DKI2,60.4,89.9,44.1,16.8,51.4,42.4,89.9,,,rendahemisi_2022.csv,from_hourly_scrape,19.0
2022-01-30,DKI2,68.2,97.7,42.3,15.5,57.6,50.8,97.7,,,rendahemisi_2022.csv,from_hourly_scrape,19.0
2022-01-31,DKI2,70.6,98.1,46.4,14.9,56.4,45.0,98.1,,,rendahemisi_2022.csv,from_hourly_scrape,14.0
2022-02-01,DKI2,37.8,53.9,38.2,3.6,72.8,21.9,72.8,,,rendahemisi_2022.csv,from_hourly_scrape,12.0
2022-02-02,DKI2,42.4,55.7,36.6,4.6,67.3,24.4,67.3,,,rendahemisi_2022.csv,from_hourly_scrape,9.0
2022-02-03,DKI2,46.2,62.4,42.1,4.9,65.6,32.4,65.6,,,rendahemisi_2022.csv,from_hourly_scrape,20.0
2022-02-04,DKI2,35.2,45.7,34.7,4.4,67.1,29.5,67.1,,,rendahemisi_2022.csv,from_hourly_scrape,20.0
2022-02-05,DKI2,32.8,54.4,38.0,16.5,56.1,31.0,56.1,,,rendahemisi_2022.csv,from_hourly_scrape,21.0
2022-02-06,DKI2,36.1,52.8,40.0,17.0,56.1,24.6,56.1,,,rendahemisi_2022.csv,from_hourly_scrape,8.0
2022-02-07,DKI2,28.6,42.1,38.0,12.1,66.9,21.4,66.9,,,rendahemisi_2022.csv,from_hourly_scrape,19.0
2022-02-08,DKI2,46.6,64.8,37.6,17.4,60.4,29.2,64.8,,,rendahemisi_2022.csv,from_hourly_scrape,20.0
2022-02-09,DKI2,59.9,81.5,37.5,37.0,54.0,44.7,81.5,,,rendahemisi_2022.csv,from_hourly_scrape,21.0
2022-02-10,DKI2,31.4,37.0,35.2,12.2,47.4,26.9,47.4,,,rendahemisi_2022.csv,from_hourly_scrape,18.0
2022-02-11,DKI2,45.5,66.6,42.7,19.8,44.3,31.7,66.6,,,rendahemisi_2022.csv,from_hourly_scrape,17.0
2022-02-12,DKI2,48.1,58.9,37.7,14.5,55.9,27.6,58.9,,,rendahemisi_2022.csv,from_hourly_scrape,19.0
2022-02-13,DKI2,50.6,66.6,37.9,16.2,53.7,30.6,66.6,,,rendahemisi_2022.csv,from_hourly_scrape,21.0
2022-02-14,DKI2,60.7,86.7,50.2,27.3,49.2,37.6,86.7,,,rendahemisi_2022.csv,from_hourly_scrape,18.0
2022-02-15,DKI2,64.4,85.5,43.0,32.8,53.8,39.2,85.5,,,rendahemisi_2022.csv,from_hourly_scrape,17.0
2022-02-16,DKI2,61.8,79.1,47.8,24.2,66.5,34.2,79.1,,,rendahemisi_2022.csv,from_hourly_scrape,20.0
2022-02-17,DKI2,54.5,74.4,44.8,18.9,84.5,27.9,84.5,,,rendahemisi_2022.csv,from_hourly_scrape,14.0
2022-02-23,DKI2,54.1,67.4,48.1,15.7,46.5,36.1,67.4,,,rendahemisi_2022.csv,from_hourly_scrape,10.0
2022-02-24,DKI2,51.5,58.1,39.6,13.9,39.7,22.2,58.1,,,rendahemisi_2022.csv,from_hourly_scrape,16.0
2022-02-25,DKI2,29.3,54.6,37.5,14.7,27.3,16.6,54.6,,,rendahemisi_2022.csv,from_hourly_scrape,22.0
2022-02-26,DKI2,24.2,41.4,36.0,15.0,28.0,16.2,41.4,,,rendahemisi_2022.csv,from_hourly_scrape,20.0
2022-02-27,DKI2,26.6,40.5,36.0,14.1,29.6,13.1,40.5,,,rendahemisi_2022.csv,from_hourly_scrape,14.0
2022-02-28,DKI2,25.1,40.4,39.3,12.3,30.3,11.0,40.4,,,rendahemisi_2022.csv,from_hourly_scrape,19.0
2022-03-01,DKI2,29.1,40.9,39.4,14.7,25.7,16.3,40.9,,,rendahemisi_2022.csv,from_hourly_scrape,7.0
2022-03-02,DKI2,29.3,48.3,40.4,14.9,24.3,15.5,48.3,,,rendahemisi_2022.csv,from_hourly_scrape,19.0
2022-03-03,DKI2,32.2,46.2,35.3,12.6,32.7,17.6,46.2,,,rendahemisi_2022.csv,from_hourly_scrape,20.0
2022-03-04,DKI2,27.0,45.8,33.9,12.4,43.5,21.1,45.8,,,rendahemisi_2022.csv,from_hourly_scrape,21.0
2022-03-05,DKI2,34.8,55.1,32.1,17.1,41.2,21.4,55.1,,,rendahemisi_2022.csv,from_hourly_scrape,19.0
2022-03-06,DKI2,45.1,64.1,33.8,23.3,25.1,21.3,64.1,,,rendahemisi_2022.csv,from_hourly_scrape,15.0
2022-03-07,DKI2,29.1,37.3,29.2,12.8,36.4,11.6,37.3,,,rendahemisi_2022.csv,from_hourly_scrape,18.0
2022-03-08,DKI2,37.6,57.8,34.3,15.6,40.6,22.6,57.8,,,rendahemisi_2022.csv,from_hourly_scrape,20.0
2022-03-09,DKI2,48.5,67.3,35.3,20.2,55.5,30.9,67.3,,,rendahemisi_2022.csv,from_hourly_scrape,19.0
2022-03-10,DKI2,59.1,83.9,39.0,23.4,77.3,38.4,83.9,,,rendahemisi_2022.csv,from_hourly_scrape,19.0
2022-03-11,DKI2,74.6,97.4,47.9,22.8,65.8,49.0,97.4,,,rendahemisi_2022.csv,from_hourly_scrape,20.0
2022-03-12,DKI2,38.4,49.0,33.5,14.7,43.9,25.9,49.0,,,rendahemisi_2022.csv,from_hourly_scrape,19.0
2022-03-13,DKI2,33.5,47.3,33.1,17.1,36.9,21.7,47.3,,,rendahemisi_2022.csv,from_hourly_scrape,21.0
2022-03-14,DKI2,53.0,73.9,34.8,21.0,63.8,29.7,73.9,,,rendahemisi_2022.csv,from_hourly_scrape,20.0
2022-03-15,DKI2,56.5,71.2,34.7,22.8,68.3,26.9,71.2,,,rendahemisi_2022.csv,from_hourly_scrape,19.0
2022-03-16,DKI2,50.2,61.2,36.8,21.3,51.0,21.4,61.2,,,rendahemisi_2022.csv,from_hourly_scrape,20.0
2022-03-17,DKI2,66.0,91.9,37.3,19.0,78.3,28.0,91.9,,,rendahemisi_2022.csv,from_hourly_scrape,21.0
2022-03-18,DKI2,58.0,77.8,34.7,19.8,67.0,31.0,77.8,,,rendahemisi_2022.csv,from_hourly_scrape,21.0
2022-03-19,DKI2,56.8,71.8,35.0,18.4,70.9,27.0,71.8,,,rendahemisi_2022.csv,from_hourly_scrape,9.0
2022-03-20,DKI2,27.4,47.5,29.4,13.4,36.1,14.8,47.5,,,rendahemisi_2022.csv,from_hourly_scrape,18.0
2022-03-21,DKI2,,29.0,28.4,9.9,34.4,7.9,34.4,,,rendahemisi_2022.csv,from_hourly_scrape,19.0
2022-03-22,DKI2,25.0,38.1,29.6,11.4,31.9,13.8,38.1,,,rendahemisi_2022.csv,from_hourly_scrape,16.0
2022-03-23,DKI2,42.6,52.5,32.8,14.8,34.5,19.7,52.5,,,rendahemisi_2022.csv,from_hourly_scrape,20.0
2022-03-24,DKI2,35.9,50.4,32.8,16.6,33.9,20.4,50.4,,,rendahemisi_2022.csv,from_hourly_scrape,17.0
2022-03-25,DKI2,75.9,101.1,48.4,15.8,64.1,29.4,101.1,,,rendahemisi_2022.csv,from_hourly_scrape,22.0
2022-03-26,DKI2,72.5,82.1,44.0,15.2,59.9,26.9,82.1,,,rendahemisi_2022.csv,from_hourly_scrape,17.0
2022-03-28,DKI2,49.8,59.5,37.2,12.4,59.4,27.6,59.5,,,rendahemisi_2022.csv,from_hourly_scrape,16.0
2022-03-29,DKI2,47.5,65.0,35.3,16.4,52.6,32.3,65.0,,,rendahemisi_2022.csv,from_hourly_scrape,21.0
2022-03-30,DKI2,64.8,90.0,39.9,18.3,64.9,35.6,90.0,,,rendahemisi_2022.csv,from_hourly_scrape,18.0
2022-03-31,DKI2,92.9,117.8,46.2,19.9,132.7,35.7,132.7,,,rendahemisi_2022.csv,from_hourly_scrape,20.0
2022-04-01,DKI2,77.7,97.3,46.1,19.0,86.5,36.2,97.3,,,rendahemisi_2022.csv,from_hourly_scrape,22.0
2022-04-02,DKI2,64.6,77.2,37.3,19.2,72.0,31.0,77.2,,,rendahemisi_2022.csv,from_hourly_scrape,20.0
2022-04-03,DKI2,42.1,49.2,31.2,14.1,40.8,17.4,49.2,,,rendahemisi_2022.csv,from_hourly_scrape,16.0
2022-04-04,DKI2,41.5,54.4,38.7,20.5,52.3,24.1,54.4,,,rendahemisi_2022.csv,from_hourly_scrape,22.0
2022-04-05,DKI2,68.8,82.1,51.9,21.6,75.8,41.4,82.1,,,rendahemisi_2022.csv,from_hourly_scrape,21.0
2022-04-06,DKI2,57.3,66.1,41.2,22.2,68.7,32.8,68.7,,,rendahemisi_2022.csv,from_hourly_scrape,23.0
2022-04-07,DKI2,55.4,68.8,39.3,20.9,60.3,36.3,68.8,,,rendahemisi_2022.csv,from_hourly_scrape,22.0
2022-04-08,DKI2,54.8,61.9,35.1,17.4,53.9,29.0,61.9,,,rendahemisi_2022.csv,from_hourly_scrape,19.0
2022-04-09,DKI2,50.4,62.8,34.8,20.5,55.0,27.5,62.8,,,rendahemisi_2022.csv,from_hourly_scrape,20.0
2022-04-10,DKI2,70.8,95.8,46.5,26.0,81.4,38.0,95.8,,,rendahemisi_2022.csv,from_hourly_scrape,20.0
2022-04-11,DKI2,66.0,84.9,43.1,16.8,92.5,31.7,92.5,,,rendahemisi_2022.csv,from_hourly_scrape,21.0
2022-04-12,DKI2,69.0,94.6,51.8,15.5,87.1,40.9,94.6,,,rendahemisi_2022.csv,from_hourly_scrape,21.0
2022-04-13,DKI2,77.1,103.5,42.2,21.1,112.0,39.1,112.0,,,rendahemisi_2022.csv,from_hourly_scrape,17.0
2022-04-14,DKI2,69.6,86.0,44.8,13.7,119.6,26.0,119.6,,,rendahemisi_2022.csv,from_hourly_scrape,21.0
2022-04-15,DKI2,59.6,78.4,39.6,11.2,79.7,29.0,79.7,,,rendahemisi_2022.csv,from_hourly_scrape,20.0
2022-04-16,DKI2,60.6,78.5,47.2,8.0,89.7,21.2,89.7,,,rendahemisi_2022.csv,from_hourly_scrape,20.0
2022-04-17,DKI2,72.8,98.2,52.2,9.7,92.9,24.4,98.2,,,rendahemisi_2022.csv,from_hourly_scrape,19.0
2022-04-18,DKI2,60.4,72.1,35.8,5.9,87.9,14.6,87.9,,,rendahemisi_2022.csv,from_hourly_scrape,19.0
2022-04-19,DKI2,52.1,64.6,36.1,9.8,67.5,27.5,67.5,,,rendahemisi_2022.csv,from_hourly_scrape,16.0
2022-04-20,DKI2,59.2,73.5,41.2,13.0,71.4,33.3,73.5,,,rendahemisi_2022.csv,from_hourly_scrape,19.0
2022-04-21,DKI2,47.4,56.3,36.4,11.8,51.7,24.8,56.3,,,rendahemisi_2022.csv,from_hourly_scrape,20.0
2022-04-22,DKI2,74.6,98.2,47.0,22.1,47.2,43.1,98.2,,,rendahemisi_2022.csv,from_hourly_scrape,20.0
2022-04-23,DKI2,64.9,78.1,42.0,28.2,51.8,36.3,78.1,,,rendahemisi_2022.csv,from_hourly_scrape,20.0
2022-04-24,DKI2,58.9,72.5,34.7,16.2,77.4,30.2,77.4,,,rendahemisi_2022.csv,from_hourly_scrape,20.0
2022-04-25,DKI2,55.6,75.4,38.2,13.8,72.5,29.2,75.4,,,rendahemisi_2022.csv,from_hourly_scrape,19.0
2022-04-26,DKI2,60.3,74.2,43.7,11.8,89.2,29.8,89.2,,,rendahemisi_2022.csv,from_hourly_scrape,20.0
2022-04-27,DKI2,45.0,54.7,37.0,10.2,47.8,25.3,54.7,,,rendahemisi_2022.csv,from_hourly_scrape,21.0
2022-04-28,DKI2,37.2,43.5,34.0,9.8,53.0,19.2,53.0,,,rendahemisi_2022.csv,from_hourly_scrape,4.0
2022-04-29,DKI2,28.7,32.3,31.5,9.8,49.0,16.1,49.0,,,rendahemisi_2022.csv,from_hourly_scrape,12.0
2022-04-30,DKI2,37.4,55.0,32.2,14.4,61.0,20.4,61.0,,,rendahemisi_2022.csv,from_hourly_scrape,20.0
2022-05-01,DKI2,52.4,69.5,48.0,19.6,65.8,26.8,69.5,,,rendahemisi_2022.csv,from_hourly_scrape,20.0
2022-05-02,DKI2,51.0,66.7,32.8,13.3,83.1,19.3,83.1,,,rendahemisi_2022.csv,from_hourly_scrape,9.0
2022-05-03,DKI2,38.7,52.8,38.8,13.7,66.6,23.9,66.6,,,rendahemisi_2022.csv,from_hourly_scrape,18.0
2022-05-04,DKI2,41.5,55.0,32.6,10.2,74.6,17.4,74.6,,,rendahemisi_2022.csv,from_hourly_scrape,19.0
2022-05-05,DKI2,46.6,58.4,32.2,12.3,74.8,20.3,74.8,,,rendahemisi_2022.csv,from_hourly_scrape,20.0
2022-05-06,DKI2,39.2,48.6,37.0,6.2,62.4,12.6,62.4,,,rendahemisi_2022.csv,from_hourly_scrape,20.0
2022-05-07,DKI2,41.3,58.0,35.0,7.8,76.3,13.5,76.3,,,rendahemisi_2022.csv,from_hourly_scrape,21.0
2022-05-08,DKI2,42.7,53.3,35.8,7.2,80.1,18.9,80.1,,,rendahemisi_2022.csv,from_hourly_scrape,18.0
2022-05-09,DKI2,54.0,67.4,43.0,9.6,71.9,25.6,71.9,,,rendahemisi_2022.csv,from_hourly_scrape,20.0
2022-05-10,DKI2,53.9,66.6,48.6,14.0,70.0,27.2,70.0,,,rendahemisi_2022.csv,from_hourly_scrape,20.0
2022-05-11,DKI2,55.6,63.8,37.4,10.6,86.1,23.1,86.1,,,rendahemisi_2022.csv,from_hourly_scrape,18.0
2022-05-12,DKI2,55.0,67.6,46.6,11.0,65.6,27.0,67.6,,,rendahemisi_2022.csv,from_hourly_scrape,20.0
2022-05-13,DKI2,40.1,50.3,39.2,8.0,62.8,20.6,62.8,,,rendahemisi_2022.csv,from_hourly_scrape,22.0
2022-05-14,DKI2,51.5,70.8,43.3,10.3,68.6,28.1,70.8,,,rendahemisi_2022.csv,from_hourly_scrape,22.0
2022-05-15,DKI2,73.7,95.8,40.0,11.4,87.4,24.1,95.8,,,rendahemisi_2022.csv,from_hourly_scrape,23.0
2022-05-16,DKI2,58.8,73.8,35.5,16.4,72.3,30.5,73.8,,,rendahemisi_2022.csv,from_hourly_scrape,22.0
2022-05-17,DKI2,57.2,71.1,38.5,15.7,82.4,28.2,82.4,,,rendahemisi_2022.csv,from_hourly_scrape,15.0
2022-05-18,DKI2,60.9,76.6,40.0,13.2,92.2,27.0,92.2,,,rendahemisi_2022.csv,from_hourly_scrape,20.0
2022-05-19,DKI2,66.8,88.8,40.9,21.1,67.8,42.8,88.8,,,rendahemisi_2022.csv,from_hourly_scrape,16.0
2022-05-20,DKI2,70.3,87.6,41.4,23.4,69.4,43.2,87.6,,,rendahemisi_2022.csv,from_hourly_scrape,16.0
2022-05-21,DKI2,54.4,63.6,39.6,16.4,61.3,32.3,63.6,,,rendahemisi_2022.csv,from_hourly_scrape,16.0
2022-05-22,DKI2,51.6,65.3,42.7,13.9,54.1,26.0,65.3,,,rendahemisi_2022.csv,from_hourly_scrape,19.0
2022-05-23,DKI2,61.3,76.7,43.0,11.2,53.0,21.3,76.7,,,rendahemisi_2022.csv,from_hourly_scrape,21.0
2022-05-24,DKI2,60.0,66.6,42.6,8.5,54.9,21.3,66.6,,,rendahemisi_2022.csv,from_hourly_scrape,21.0
2022-05-25,DKI2,71.8,88.5,47.7,11.1,54.8,27.8,88.5,,,rendahemisi_2022.csv,from_hourly_scrape,19.0
2022-05-26,DKI2,62.4,68.7,44.9,14.1,52.9,26.2,68.7,,,rendahemisi_2022.csv,from_hourly_scrape,21.0
2022-05-27,DKI2,68.1,91.2,40.5,15.9,68.8,30.8,91.2,,,rendahemisi_2022.csv,from_hourly_scrape,18.0
2022-05-28,DKI2,62.3,76.1,39.5,15.0,84.0,34.8,84.0,,,rendahemisi_2022.csv,from_hourly_scrape,20.0
2022-05-29,DKI2,64.0,77.0,37.0,20.4,62.8,42.3,77.0,,,rendahemisi_2022.csv,from_hourly_scrape,20.0
2022-05-30,DKI2,49.8,58.3,35.2,16.5,58.6,30.8,58.6,,,rendahemisi_2022.csv,from_hourly_scrape,21.0
2022-05-31,DKI2,61.3,75.1,37.6,27.6,57.1,43.1,75.1,,,rendahemisi_2022.csv,from_hourly_scrape,19.0
2022-06-01,DKI2,48.6,55.3,37.6,16.4,52.5,28.4,55.3,,,rendahemisi_2022.csv,from_hourly_scrape,20.0
2022-06-02,DKI2,54.3,65.4,40.5,14.2,68.4,32.9,68.4,,,rendahemisi_2022.csv,from_hourly_scrape,21.0
2022-06-03,DKI2,52.3,63.3,37.1,17.8,74.5,35.4,74.5,,,rendahemisi_2022.csv,from_hourly_scrape,19.0
2022-06-04,DKI2,72.8,101.8,40.4,25.4,87.5,49.1,101.8,,,rendahemisi_2022.csv,from_hourly_scrape,19.0
2022-06-05,DKI2,64.6,82.7,39.5,13.4,92.4,28.8,92.4,,,rendahemisi_2022.csv,from_hourly_scrape,20.0
2022-06-06,DKI2,64.6,86.1,36.8,17.8,68.9,33.2,86.1,,,rendahemisi_2022.csv,from_hourly_scrape,20.0
2022-06-07,DKI2,60.7,74.2,41.2,14.1,53.9,32.3,74.2,,,rendahemisi_2022.csv,from_hourly_scrape,19.0
2022-06-08,DKI2,59.9,74.2,38.9,11.6,52.6,25.1,74.2,,,rendahemisi_2022.csv,from_hourly_scrape,20.0
2022-06-09,DKI2,64.8,74.2,50.2,15.8,35.8,33.0,74.2,,,rendahemisi_2022.csv,from_hourly_scrape,20.0
2022-06-10,DKI2,55.2,68.8,40.2,22.9,45.8,35.3,68.8,,,rendahemisi_2022.csv,from_hourly_scrape,19.0
2022-06-11,DKI2,58.6,75.8,38.8,13.6,67.9,28.7,75.8,,,rendahemisi_2022.csv,from_hourly_scrape,20.0
2022-06-12,DKI2,55.3,74.0,36.8,12.3,75.8,25.7,75.8,,,rendahemisi_2022.csv,from_hourly_scrape,6.0
2022-06-13,DKI2,60.5,78.3,45.9,17.6,68.2,40.0,78.3,,,rendahemisi_2022.csv,from_hourly_scrape,12.0
2022-06-14,DKI2,68.5,92.8,46.7,23.2,61.1,50.1,92.8,,,rendahemisi_2022.csv,from_hourly_scrape,19.0
2022-06-17,DKI2,69.9,84.6,42.8,17.3,49.8,38.5,84.6,,,rendahemisi_2022.csv,from_hourly_scrape,10.0
2022-06-20,DKI2,78.7,107.5,36.0,15.2,99.0,27.7,107.5,,,rendahemisi_2022.csv,from_hourly_scrape,13.0
2022-06-21,DKI2,80.1,103.2,44.8,17.5,76.4,34.2,103.2,,,rendahemisi_2022.csv,from_hourly_scrape,22.0
2022-06-22,DKI2,72.9,94.5,40.5,12.4,75.0,25.4,94.5,,,rendahemisi_2022.csv,from_hourly_scrape,15.0
2022-06-23,DKI2,81.0,107.4,43.2,11.9,66.8,32.3,107.4,,,rendahemisi_2022.csv,from_hourly_scrape,19.0
2022-06-24,DKI2,84.5,113.5,38.3,16.6,69.3,36.7,113.5,,,rendahemisi_2022.csv,from_hourly_scrape,19.0
2022-06-25,DKI2,82.9,107.2,42.4,15.0,66.7,32.5,107.2,,,rendahemisi_2022.csv,from_hourly_scrape,19.0
2022-06-26,DKI2,68.6,88.3,37.9,17.6,69.8,36.8,88.3,,,rendahemisi_2022.csv,from_hourly_scrape,18.0
2022-06-27,DKI2,73.7,94.3,42.8,13.3,82.7,30.7,94.3,,,rendahemisi_2022.csv,from_hourly_scrape,6.0
2022-06-28,DKI2,61.2,76.0,41.0,11.2,83.2,30.3,83.2,,,rendahemisi_2022.csv,from_hourly_scrape,21.0
2022-06-30,DKI2,69.0,91.2,46.0,11.0,89.2,26.0,91.2,,,rendahemisi_2022.csv,from_hourly_scrape,5.0
2022-07-01,DKI2,72.5,92.6,49.5,12.0,87.7,31.5,92.6,,,rendahemisi_2022.csv,from_hourly_scrape,15.0
2022-07-02,DKI2,82.6,110.1,38.7,13.4,107.2,29.1,110.1,,,rendahemisi_2022.csv,from_hourly_scrape,15.0
2022-07-03,DKI2,76.1,97.4,40.0,10.7,132.8,24.6,132.8,,,rendahemisi_2022.csv,from_hourly_scrape,21.0
2022-07-04,DKI2,56.7,69.7,37.3,7.0,64.4,15.6,69.7,,,rendahemisi_2022.csv,from_hourly_scrape,23.0
2022-07-05,DKI2,57.9,74.3,42.0,6.7,56.9,20.5,74.3,,,rendahemisi_2022.csv,from_hourly_scrape,19.0
2022-07-06,DKI2,54.4,65.4,39.4,7.4,73.2,21.8,73.2,,,rendahemisi_2022.csv,from_hourly_scrape,18.0
2022-07-07,DKI2,55.3,69.6,41.6,10.5,64.8,32.1,69.6,,,rendahemisi_2022.csv,from_hourly_scrape,19.0
2022-07-09,DKI2,59.6,77.1,41.3,10.0,111.7,24.9,111.7,,,rendahemisi_2022.csv,from_hourly_scrape,14.0
2022-07-10,DKI2,62.4,84.0,40.6,11.2,93.4,20.4,93.4,,,rendahemisi_2022.csv,from_hourly_scrape,20.0
2022-07-11,DKI2,65.2,90.4,42.6,11.4,80.9,25.4,90.4,,,rendahemisi_2022.csv,from_hourly_scrape,20.0
2022-07-12,DKI2,75.5,96.8,45.0,9.4,86.0,29.3,96.8,,,rendahemisi_2022.csv,from_hourly_scrape,20.0
2022-07-13,DKI2,69.6,88.6,40.2,11.8,67.2,29.1,88.6,,,rendahemisi_2022.csv,from_hourly_scrape,18.0
2022-07-14,DKI2,60.3,75.4,41.5,13.3,55.4,24.6,75.4,,,rendahemisi_2022.csv,from_hourly_scrape,21.0
2022-07-15,DKI2,55.8,65.6,39.1,9.9,64.2,17.9,65.6,,,rendahemisi_2022.csv,from_hourly_scrape,21.0
2022-07-16,DKI2,41.2,54.9,36.4,14.4,50.3,30.2,54.9,,,rendahemisi_2022.csv,from_hourly_scrape,14.0
2022-07-17,DKI2,51.0,68.8,40.6,21.0,49.4,32.2,68.8,,,rendahemisi_2022.csv,from_hourly_scrape,20.0
2022-07-18,DKI2,65.6,91.0,42.6,28.2,77.6,34.0,91.0,,,rendahemisi_2022.csv,from_hourly_scrape,20.0
2022-07-19,DKI2,75.8,98.4,47.8,15.7,111.9,26.8,111.9,,,rendahemisi_2022.csv,from_hourly_scrape,19.0
2022-07-20,DKI2,74.7,100.4,45.4,12.9,95.9,26.4,100.4,,,rendahemisi_2022.csv,from_hourly_scrape,19.0
2022-07-21,DKI2,75.4,98.8,47.2,12.0,109.0,27.4,109.0,,,rendahemisi_2022.csv,from_hourly_scrape,21.0
2022-07-22,DKI2,73.9,97.7,43.0,15.4,97.8,25.6,97.8,,,rendahemisi_2022.csv,from_hourly_scrape,20.0
2022-07-23,DKI2,58.8,68.5,43.0,9.4,73.2,19.4,73.2,,,rendahemisi_2022.csv,from_hourly_scrape,20.0
2022-07-24,DKI2,50.1,62.4,40.9,12.8,74.1,21.5,74.1,,,rendahemisi_2022.csv,from_hourly_scrape,16.0
2022-07-25,DKI2,56.2,72.9,39.9,13.9,88.6,25.1,88.6,,,rendahemisi_2022.csv,from_hourly_scrape,15.0
2022-07-26,DKI2,58.5,75.6,38.3,10.8,89.0,17.4,89.0,,,rendahemisi_2022.csv,from_hourly_scrape,20.0
2022-07-27,DKI2,67.9,90.0,43.2,11.4,111.5,24.2,111.5,,,rendahemisi_2022.csv,from_hourly_scrape,21.0
2022-07-28,DKI2,78.0,101.6,47.1,14.2,94.0,30.0,101.6,,,rendahemisi_2022.csv,from_hourly_scrape,20.0
2022-07-29,DKI2,64.4,78.4,43.4,10.4,87.9,22.1,87.9,,,rendahemisi_2022.csv,from_hourly_scrape,14.0
2022-07-30,DKI2,60.8,76.4,40.4,11.0,91.0,21.5,91.0,,,rendahemisi_2022.csv,from_hourly_scrape,20.0
2022-07-31,DKI2,70.7,92.9,40.9,11.0,114.4,17.0,114.4,,,rendahemisi_2022.csv,from_hourly_scrape,18.0
2022-08-01,DKI2,66.2,80.6,39.4,9.3,93.8,19.4,93.8,,,rendahemisi_2022.csv,from_hourly_scrape,19.0
2022-08-02,DKI2,65.1,83.8,43.7,10.3,81.6,26.7,83.8,,,rendahemisi_2022.csv,from_hourly_scrape,18.0
2022-08-03,DKI2,78.4,102.0,43.6,11.1,122.0,22.3,122.0,,,rendahemisi_2022.csv,from_hourly_scrape,20.0
2022-08-04,DKI2,61.4,74.7,38.4,10.9,89.2,21.2,89.2,,,rendahemisi_2022.csv,from_hourly_scrape,15.0
2022-08-05,DKI2,49.0,58.6,36.3,12.8,78.3,25.3,78.3,,,rendahemisi_2022.csv,from_hourly_scrape,21.0
2022-08-06,DKI2,58.1,72.5,38.8,17.3,83.5,28.0,83.5,,,rendahemisi_2022.csv,from_hourly_scrape,19.0
2022-08-07,DKI2,71.6,102.9,49.4,19.4,111.5,31.4,111.5,,,rendahemisi_2022.csv,from_hourly_scrape,20.0
2022-08-08,DKI2,56.4,74.1,43.5,15.9,95.5,26.0,95.5,,,rendahemisi_2022.csv,from_hourly_scrape,8.0
2022-08-09,DKI2,55.0,69.9,42.3,13.0,98.9,21.3,98.9,,,rendahemisi_2022.csv,from_hourly_scrape,24.0
2022-08-10,DKI2,64.3,87.9,45.7,17.8,90.5,27.9,90.5,,,rendahemisi_2022.csv,from_hourly_scrape,22.0
2022-08-11,DKI2,69.6,89.1,51.3,16.7,80.4,28.7,89.1,,,rendahemisi_2022.csv,from_hourly_scrape,21.0
2022-08-12,DKI2,65.2,79.0,49.7,12.4,95.6,22.9,95.6,,,rendahemisi_2022.csv,from_hourly_scrape,23.0
2022-08-13,DKI2,59.8,75.2,46.6,19.4,72.8,33.5,75.2,,,rendahemisi_2022.csv,from_hourly_scrape,13.0
2022-08-14,DKI2,60.8,78.1,44.7,14.3,85.1,23.0,85.1,,,rendahemisi_2022.csv,from_hourly_scrape,19.0
2022-08-15,DKI2,53.6,67.7,44.1,16.2,83.6,29.1,83.6,,,rendahemisi_2022.csv,from_hourly_scrape,9.0
2022-08-16,DKI2,58.9,74.1,47.9,14.6,153.2,30.7,153.2,,,rendahemisi_2022.csv,from_hourly_scrape,14.0
2022-08-17,DKI2,53.5,69.8,47.3,15.8,106.6,27.2,106.6,,,rendahemisi_2022.csv,from_hourly_scrape,13.0
2022-08-18,DKI2,55.9,72.8,42.8,10.9,87.9,18.7,87.9,,,rendahemisi_2022.csv,from_hourly_scrape,20.0
2022-08-19,DKI2,62.2,79.5,46.3,12.1,67.2,25.7,79.5,,,rendahemisi_2022.csv,from_hourly_scrape,19.0
2022-08-20,DKI2,63.0,79.0,42.7,11.0,67.7,22.0,79.0,,,rendahemisi_2022.csv,from_hourly_scrape,3.0
2022-08-21,DKI2,59.7,73.9,43.0,11.1,67.7,18.1,73.9,,,rendahemisi_2022.csv,from_hourly_scrape,11.0
2022-08-22,DKI2,54.9,68.2,39.2,12.2,78.3,21.3,78.3,,,rendahemisi_2022.csv,from_hourly_scrape,19.0
2022-08-23,DKI2,71.8,94.8,42.4,15.3,81.2,27.9,94.8,,,rendahemisi_2022.csv,from_hourly_scrape,19.0
2022-08-24,DKI2,71.4,91.6,42.2,13.2,80.7,21.4,91.6,,,rendahemisi_2022.csv,from_hourly_scrape,20.0
2022-08-25,DKI2,66.7,81.8,40.1,11.2,67.8,19.0,81.8,,,rendahemisi_2022.csv,from_hourly_scrape,20.0
2022-08-26,DKI2,73.3,98.3,46.3,16.1,49.1,29.9,98.3,,,rendahemisi_2022.csv,from_hourly_scrape,18.0
2022-08-27,DKI2,79.8,107.4,42.8,24.6,62.2,37.2,107.4,,,rendahemisi_2022.csv,from_hourly_scrape,13.0
2022-08-28,DKI2,67.3,83.5,40.0,18.7,60.4,31.3,83.5,,,rendahemisi_2022.csv,from_hourly_scrape,21.0
2022-08-29,DKI2,58.2,75.4,47.7,14.8,54.8,28.8,75.4,,,rendahemisi_2022.csv,from_hourly_scrape,20.0
2022-08-30,DKI2,55.1,73.1,38.4,15.5,56.8,28.9,73.1,,,rendahemisi_2022.csv,from_hourly_scrape,17.0
2022-09-02,DKI2,64.5,79.3,45.2,10.6,35.1,24.9,79.3,,,rendahemisi_2022.csv,from_hourly_scrape,17.0
2022-09-03,DKI2,57.7,71.6,38.6,17.2,34.5,30.4,71.6,,,rendahemisi_2022.csv,from_hourly_scrape,18.0
2022-09-04,DKI2,39.0,54.2,37.9,9.4,34.2,14.3,54.2,,,rendahemisi_2022.csv,from_hourly_scrape,17.0
2022-09-05,DKI2,58.2,79.1,39.9,15.4,44.8,20.9,79.1,,,rendahemisi_2022.csv,from_hourly_scrape,18.0
2022-09-06,DKI2,61.9,77.2,41.2,9.7,43.7,17.1,77.2,,,rendahemisi_2022.csv,from_hourly_scrape,17.0
2022-09-07,DKI2,48.1,62.1,38.9,10.1,37.3,20.7,62.1,,,rendahemisi_2022.csv,from_hourly_scrape,19.0
2022-09-08,DKI2,55.3,72.1,37.9,24.1,31.2,42.1,72.1,,,rendahemisi_2022.csv,from_hourly_scrape,18.0
2022-09-09,DKI2,65.6,86.3,44.6,29.4,29.3,45.7,86.3,,,rendahemisi_2022.csv,from_hourly_scrape,19.0
2022-09-13,DKI2,60.5,81.8,52.6,18.2,45.8,33.8,81.8,,,rendahemisi_2022.csv,from_hourly_scrape,10.0
2022-09-14,DKI2,67.8,88.3,53.2,18.3,44.0,38.0,88.3,,,rendahemisi_2022.csv,from_hourly_scrape,21.0
2022-09-15,DKI2,70.1,92.8,51.3,18.9,35.9,32.4,92.8,,,rendahemisi_2022.csv,from_hourly_scrape,17.0
2022-09-17,DKI2,66.5,84.6,47.6,19.3,44.3,34.8,84.6,,,rendahemisi_2022.csv,from_hourly_scrape,11.0
2022-09-18,DKI2,67.1,91.0,46.3,20.9,40.7,32.9,91.0,,,rendahemisi_2022.csv,from_hourly_scrape,23.0
2022-09-19,DKI2,70.8,91.8,46.7,18.0,43.4,29.9,91.8,,,rendahemisi_2022.csv,from_hourly_scrape,20.0
2022-09-20,DKI2,69.0,86.2,49.0,20.6,35.0,37.0,86.2,,,rendahemisi_2022.csv,from_hourly_scrape,20.0
2022-09-21,DKI2,70.6,87.1,45.1,17.3,42.3,31.3,87.1,,,rendahemisi_2022.csv,from_hourly_scrape,21.0
2022-09-22,DKI2,64.7,82.9,45.2,15.5,46.4,27.6,82.9,,,rendahemisi_2022.csv,from_hourly_scrape,5.0
2022-09-23,DKI2,70.8,95.5,44.8,24.4,48.3,47.0,95.5,,,rendahemisi_2022.csv,from_hourly_scrape,19.0
2022-10-01,DKI2,62.6,80.2,48.0,10.9,38.1,21.7,80.2,,,rendahemisi_2022.csv,from_hourly_scrape,15.0
2022-10-02,DKI2,48.3,57.9,39.7,8.2,44.4,16.4,57.9,,,rendahemisi_2022.csv,from_hourly_scrape,18.0
2022-10-03,DKI2,44.2,63.4,40.6,15.4,34.1,34.3,63.4,,,rendahemisi_2022.csv,from_hourly_scrape,23.0
2022-10-04,DKI2,53.4,68.2,50.6,15.0,39.7,33.5,68.2,,,rendahemisi_2022.csv,from_hourly_scrape,22.0
2022-10-05,DKI2,51.0,62.9,47.9,20.4,39.4,38.5,62.9,,,rendahemisi_2022.csv,from_hourly_scrape,24.0
2022-10-06,DKI2,59.5,72.9,46.8,16.8,37.6,31.4,72.9,,,rendahemisi_2022.csv,from_hourly_scrape,17.0
2022-10-10,DKI2,45.6,59.8,40.2,14.7,39.7,25.9,59.8,,,rendahemisi_2022.csv,from_hourly_scrape,12.0
2022-10-11,DKI2,64.0,87.1,44.9,20.4,48.8,41.6,87.1,,,rendahemisi_2022.csv,from_hourly_scrape,18.0
2022-10-12,DKI2,71.8,89.1,48.5,27.9,50.3,42.5,89.1,,,rendahemisi_2022.csv,from_hourly_scrape,19.0
2022-10-13,DKI2,64.3,79.6,51.5,17.9,51.3,37.1,79.6,,,rendahemisi_2022.csv,from_hourly_scrape,19.0
2022-10-14,DKI2,65.0,80.4,50.4,26.5,47.3,43.0,80.4,,,rendahemisi_2022.csv,from_hourly_scrape,21.0
2022-10-15,DKI2,59.4,71.9,44.1,14.3,56.2,30.3,71.9,,,rendahemisi_2022.csv,from_hourly_scrape,21.0
2022-10-16,DKI2,59.4,77.4,49.8,18.0,52.2,34.1,77.4,,,rendahemisi_2022.csv,from_hourly_scrape,19.0
2022-10-17,DKI2,56.1,71.2,43.8,13.1,53.5,24.3,71.2,,,rendahemisi_2022.csv,from_hourly_scrape,21.0
2022-10-18,DKI2,58.3,73.5,42.0,16.5,47.1,35.6,73.5,,,rendahemisi_2022.csv,from_hourly_scrape,19.0
2022-10-19,DKI2,67.2,84.0,49.0,21.1,39.0,43.4,84.0,,,rendahemisi_2022.csv,from_hourly_scrape,20.0
2022-10-20,DKI2,68.3,83.5,46.1,28.1,44.7,46.4,83.5,,,rendahemisi_2022.csv,from_hourly_scrape,19.0
2022-10-22,DKI2,58.2,76.4,48.9,19.0,40.3,37.6,76.4,,,rendahemisi_2022.csv,from_hourly_scrape,14.0
2022-10-23,DKI2,52.9,66.3,45.2,12.1,45.8,25.3,66.3,,,rendahemisi_2022.csv,from_hourly_scrape,22.0
2022-10-24,DKI2,30.1,48.6,39.9,9.9,30.7,16.6,48.6,,,rendahemisi_2022.csv,from_hourly_scrape,15.0
2022-10-25,DKI2,26.9,44.3,45.6,9.8,28.6,17.1,45.6,,,rendahemisi_2022.csv,from_hourly_scrape,19.0
2022-10-29,DKI2,52.8,66.8,45.4,14.1,42.4,28.2,66.8,,,rendahemisi_2022.csv,from_hourly_scrape,16.0
2022-10-30,DKI2,51.3,61.2,44.1,10.5,51.9,20.7,61.2,,,rendahemisi_2022.csv,from_hourly_scrape,22.0
2022-10-31,DKI2,54.2,67.4,46.6,10.0,43.7,21.8,67.4,,,rendahemisi_2022.csv,from_hourly_scrape,23.0
2022-11-01,DKI2,49.0,60.8,50.3,8.9,45.2,22.5,60.8,,,rendahemisi_2022.csv,from_hourly_scrape,15.0
2022-11-02,DKI2,72.2,98.5,51.2,13.8,52.2,33.3,98.5,,,rendahemisi_2022.csv,from_hourly_scrape,17.0
2022-11-03,DKI2,60.2,69.4,48.4,11.2,49.4,24.5,69.4,,,rendahemisi_2022.csv,from_hourly_scrape,20.0
2022-11-04,DKI2,61.5,82.4,51.2,22.8,48.2,41.0,82.4,,,rendahemisi_2022.csv,from_hourly_scrape,12.0
2022-11-05,DKI2,62.8,78.2,51.2,22.6,54.8,42.2,78.2,,,rendahemisi_2022.csv,from_hourly_scrape,20.0
2022-11-09,DKI2,58.3,74.9,48.7,26.2,39.9,44.2,74.9,,,rendahemisi_2022.csv,from_hourly_scrape,13.0
2022-11-10,DKI2,50.1,61.9,46.4,18.2,31.2,32.9,61.9,,,rendahemisi_2022.csv,from_hourly_scrape,12.0
2022-11-11,DKI2,42.3,53.2,44.4,18.7,31.6,27.3,53.2,,,rendahemisi_2022.csv,from_hourly_scrape,17.0
2022-11-12,DKI2,26.4,43.0,41.0,11.6,35.4,20.1,43.0,,,rendahemisi_2022.csv,from_hourly_scrape,16.0
2022-11-13,DKI2,35.5,49.4,41.3,16.1,40.5,26.8,49.4,,,rendahemisi_2022.csv,from_hourly_scrape,21.0
2022-11-14,DKI2,45.9,59.8,42.0,17.3,44.1,29.1,59.8,,,rendahemisi_2022.csv,from_hourly_scrape,19.0
2022-11-15,DKI2,49.1,63.1,42.5,16.9,40.5,32.6,63.1,,,rendahemisi_2022.csv,from_hourly_scrape,15.0
2022-11-16,DKI2,35.4,44.1,48.1,10.2,32.4,21.8,48.1,,,rendahemisi_2022.csv,from_hourly_scrape,18.0
2022-11-18,DKI2,36.5,46.9,52.8,13.9,30.2,25.2,52.8,,,rendahemisi_2022.csv,from_hourly_scrape,12.0
2022-11-19,DKI2,34.5,51.9,54.9,11.6,29.0,24.4,54.9,,,rendahemisi_2022.csv,from_hourly_scrape,21.0
2022-11-20,DKI2,34.7,44.6,54.0,9.0,31.2,15.7,54.0,,,rendahemisi_2022.csv,from_hourly_scrape,13.0
2022-11-21,DKI2,26.1,41.4,41.0,10.7,27.6,18.3,41.4,,,rendahemisi_2022.csv,from_hourly_scrape,14.0
2022-11-22,DKI2,27.0,38.3,40.2,9.8,28.3,15.8,40.2,,,rendahemisi_2022.csv,from_hourly_scrape,23.0
2022-11-23,DKI2,28.4,50.6,41.4,10.9,26.8,20.3,50.6,,,rendahemisi_2022.csv,from_hourly_scrape,22.0
2022-11-24,DKI2,38.1,45.8,45.6,10.2,34.4,25.2,45.8,,,rendahemisi_2022.csv,from_hourly_scrape,17.0
2022-11-25,DKI2,42.8,60.7,45.1,14.6,34.6,26.9,60.7,,,rendahemisi_2022.csv,from_hourly_scrape,21.0
2022-11-26,DKI2,74.6,96.0,50.2,19.5,42.7,43.8,96.0,,,rendahemisi_2022.csv,from_hourly_scrape,20.0
2022-11-27,DKI2,60.2,73.8,47.6,23.8,37.3,35.2,73.8,,,rendahemisi_2022.csv,from_hourly_scrape,18.0
2022-11-29,DKI2,53.5,65.2,46.9,22.9,49.9,32.8,65.2,,,rendahemisi_2022.csv,from_hourly_scrape,12.0
2022-11-30,DKI2,56.5,67.3,50.6,14.5,46.5,30.2,67.3,,,rendahemisi_2022.csv,from_hourly_scrape,22.0
2022-12-01,DKI2,59.0,74.0,46.0,15.0,50.0,31.0,74.0,PM25,SEDANG,ispu_2023.csv,,
2022-12-02,DKI2,55.0,67.0,51.0,14.0,42.0,30.0,67.0,PM25,SEDANG,ispu_2023.csv,,
2022-12-03,DKI2,56.0,73.0,50.0,15.0,49.0,31.0,73.0,PM25,SEDANG,ispu_2023.csv,,
2022-12-04,DKI2,58.0,70.0,50.0,19.0,45.0,34.0,70.0,PM25,SEDANG,ispu_2023.csv,,
2022-12-05,DKI2,61.0,81.0,52.0,19.0,48.0,33.0,81.0,PM25,SEDANG,ispu_2023.csv,,
2022-12-06,DKI2,66.0,86.0,49.0,24.0,41.0,44.0,86.0,PM25,SEDANG,ispu_2023.csv,,
2022-12-07,DKI2,51.0,68.0,49.0,21.0,37.0,40.0,68.0,PM25,SEDANG,ispu_2023.csv,,
2022-12-08,DKI2,40.0,63.0,43.0,16.0,47.0,35.0,63.0,PM25,SEDANG,ispu_2023.csv,,
2022-12-09,DKI2,54.0,69.0,51.0,18.0,31.0,41.0,69.0,PM25,SEDANG,ispu_2023.csv,,
2022-12-10,DKI2,,61.0,50.0,27.0,29.0,35.0,61.0,PM25,SEDANG,ispu_2023.csv,,
2022-12-11,DKI2,43.0,61.0,44.0,20.0,31.0,32.0,61.0,PM25,SEDANG,ispu_2023.csv,,
2022-12-12,DKI2,24.0,38.0,41.0,10.0,32.0,22.0,41.0,SO2,BAIK,ispu_2023.csv,,
2022-12-13,DKI2,26.0,37.0,43.0,13.0,28.0,23.0,43.0,SO2,BAIK,ispu_2023.csv,,
2022-12-14,DKI2,25.0,36.0,41.0,10.0,30.0,17.0,41.0,SO2,BAIK,ispu_2023.csv,,
2022-12-15,DKI2,28.0,44.0,45.0,10.0,29.0,23.0,45.0,SO2,BAIK,ispu_2023.csv,,
2022-12-16,DKI2,49.0,61.0,52.0,12.0,28.0,30.0,61.0,PM25,SEDANG,ispu_2023.csv,,
2022-12-17,DKI2,,84.0,52.0,29.0,38.0,45.0,84.0,PM25,SEDANG,ispu_2023.csv,,
2022-12-18,DKI2,,89.0,49.0,21.0,46.0,45.0,89.0,PM25,SEDANG,ispu_2023.csv,,
2022-12-19,DKI2,,97.0,57.0,27.0,39.0,48.0,97.0,PM25,SEDANG,ispu_2023.csv,,
2022-12-20,DKI2,,96.0,54.0,22.0,29.0,47.0,96.0,PM25,SEDANG,ispu_2023.csv,,
2022-12-21,DKI2,,59.0,62.0,45.0,25.0,32.0,62.0,SO2,SEDANG,ispu_2023.csv,,
2022-12-22,DKI2,31.0,57.0,59.0,49.0,23.0,24.0,59.0,SO2,SEDANG,ispu_2023.csv,,
2022-12-23,DKI2,26.0,40.0,57.0,38.0,21.0,18.0,57.0,SO2,SEDANG,ispu_2023.csv,,
2022-12-24,DKI2,46.0,68.0,57.0,55.0,26.0,24.0,68.0,PM25,SEDANG,ispu_2023.csv,,
2022-12-25,DKI2,36.0,51.0,57.0,45.0,20.0,18.0,57.0,SO2,SEDANG,ispu_2023.csv,,
2022-12-26,DKI2,43.0,62.0,58.0,54.0,21.0,27.0,62.0,PM25,SEDANG,ispu_2023.csv,,
2022-12-27,DKI2,29.0,42.0,58.0,42.0,15.0,18.0,58.0,SO2,SEDANG,ispu_2023.csv,,
2022-12-28,DKI2,35.0,51.0,57.0,41.0,15.0,19.0,57.0,SO2,SEDANG,ispu_2023.csv,,
2022-12-29,DKI2,23.0,23.0,57.0,12.0,16.0,15.0,57.0,SO2,SEDANG,ispu_2023.csv,,
2022-12-30,DKI2,40.0,55.0,57.0,21.0,17.0,24.0,57.0,SO2,SEDANG,ispu_2023.csv,,
2022-12-31,DKI2,47.0,58.0,56.0,21.0,23.0,24.0,58.0,PM25,SEDANG,ispu_2023.csv,,
2023-01-01,DKI2,44.0,61.0,56.0,16.0,20.0,19.0,61.0,PM25,SEDANG,ispu_2023.csv,,
2023-01-02,DKI2,34.0,43.0,59.0,15.0,21.0,19.0,59.0,SO2,SEDANG,ispu_2023.csv,,
2023-01-03,DKI2,28.0,34.0,57.0,13.0,21.0,16.0,57.0,SO2,SEDANG,ispu_2023.csv,,
2023-01-04,DKI2,31.0,49.0,60.0,17.0,21.0,26.0,60.0,SO2,SEDANG,ispu_2023.csv,,
2023-01-05,DKI2,37.0,53.0,57.0,26.0,21.0,35.0,57.0,SO2,SEDANG,ispu_2023.csv,,
2023-01-06,DKI2,30.0,43.0,56.0,14.0,18.0,19.0,56.0,SO2,SEDANG,ispu_2023.csv,,
2023-01-07,DKI2,23.0,44.0,56.0,11.0,17.0,15.0,56.0,SO2,SEDANG,ispu_2023.csv,,
2023-01-08,DKI2,28.0,60.0,56.0,10.0,17.0,10.0,60.0,PM25,SEDANG,ispu_2023.csv,,
2023-01-09,DKI2,24.0,44.0,57.0,9.0,19.0,17.0,57.0,SO2,SEDANG,ispu_2023.csv,,
2023-01-10,DKI2,35.0,51.0,56.0,10.0,20.0,21.0,56.0,SO2,SEDANG,ispu_2023.csv,,
2023-01-11,DKI2,40.0,65.0,58.0,18.0,28.0,27.0,65.0,PM25,SEDANG,ispu_2023.csv,,
2023-01-12,DKI2,69.0,87.0,60.0,17.0,38.0,32.0,87.0,PM25,SEDANG,ispu_2023.csv,,
2023-01-13,DKI2,62.0,81.0,58.0,13.0,44.0,20.0,81.0,PM25,SEDANG,ispu_2023.csv,,
2023-01-14,DKI2,57.0,79.0,58.0,25.0,37.0,40.0,79.0,PM25,SEDANG,ispu_2023.csv,,
2023-01-15,DKI2,48.0,54.0,57.0,12.0,22.0,23.0,57.0,SO2,SEDANG,ispu_2023.csv,,
2023-01-16,DKI2,35.0,48.0,56.0,10.0,19.0,17.0,56.0,SO2,SEDANG,ispu_2023.csv,,
2023-01-17,DKI2,39.0,47.0,57.0,12.0,15.0,17.0,57.0,SO2,SEDANG,ispu_2023.csv,,
2023-01-18,DKI2,56.0,66.0,63.0,15.0,17.0,27.0,66.0,PM25,SEDANG,ispu_2023.csv,,
2023-01-19,DKI2,55.0,62.0,58.0,19.0,15.0,30.0,62.0,PM25,SEDANG,ispu_2023.csv,,
2023-01-20,DKI2,36.0,58.0,59.0,13.0,16.0,25.0,59.0,SO2,SEDANG,ispu_2023.csv,,
2023-01-21,DKI2,44.0,58.0,57.0,23.0,14.0,32.0,58.0,PM25,SEDANG,ispu_2023.csv,,
2023-01-22,DKI2,37.0,52.0,59.0,11.0,16.0,15.0,59.0,SO2,SEDANG,ispu_2023.csv,,
2023-01-23,DKI2,27.0,53.0,62.0,8.0,17.0,9.0,62.0,SO2,SEDANG,ispu_2023.csv,,
2023-01-24,DKI2,33.0,50.0,60.0,11.0,17.0,14.0,60.0,SO2,SEDANG,ispu_2023.csv,,
2023-01-25,DKI2,37.0,45.0,60.0,10.0,13.0,14.0,60.0,SO2,SEDANG,ispu_2023.csv,,
2023-01-26,DKI2,39.0,43.0,58.0,14.0,13.0,20.0,58.0,SO2,SEDANG,ispu_2023.csv,,
2023-01-27,DKI2,33.0,56.0,,9.0,17.0,,56.0,PM25,SEDANG,ispu_2023.csv,,
2023-01-28,DKI2,30.0,48.0,,10.0,32.0,25.0,48.0,PM25,BAIK,ispu_2023.csv,,
2023-01-29,DKI2,51.0,60.0,,17.0,37.0,21.0,60.0,PM25,SEDANG,ispu_2023.csv,,
2023-01-30,DKI2,40.0,56.0,,10.0,26.0,21.0,56.0,PM25,SEDANG,ispu_2023.csv,,
2023-01-31,DKI2,42.0,60.0,,9.0,19.0,22.0,60.0,PM25,SEDANG,ispu_2023.csv,,
2023-02-01,DKI2,44.0,55.0,11.0,9.0,28.0,21.0,55.0,PM25,SEDANG,ispu_2023.csv,,
2023-02-02,DKI2,41.0,53.0,59.0,9.0,30.0,25.0,59.0,SO2,SEDANG,ispu_2023.csv,,
2023-02-03,DKI2,26.0,39.0,21.0,10.0,25.0,21.0,39.0,PM25,BAIK,ispu_2023.csv,,
2023-02-04,DKI2,54.0,68.0,24.0,10.0,27.0,27.0,68.0,PM25,SEDANG,ispu_2023.csv,,
2023-02-05,DKI2,44.0,56.0,19.0,7.0,28.0,18.0,56.0,PM25,SEDANG,ispu_2023.csv,,
2023-02-06,DKI2,36.0,53.0,33.0,6.0,17.0,12.0,53.0,PM25,SEDANG,ispu_2023.csv,,
2023-02-07,DKI2,39.0,50.0,25.0,7.0,22.0,19.0,50.0,PM25,BAIK,ispu_2023.csv,,
2023-02-08,DKI2,30.0,43.0,19.0,9.0,25.0,23.0,43.0,PM25,BAIK,ispu_2023.csv,,
2023-02-09,DKI2,38.0,52.0,21.0,8.0,20.0,19.0,52.0,PM25,SEDANG,ispu_2023.csv,,
2023-02-10,DKI2,25.0,32.0,18.0,6.0,17.0,15.0,32.0,PM25,BAIK,ispu_2023.csv,,
2023-02-11,DKI2,30.0,34.0,17.0,8.0,20.0,16.0,34.0,PM25,BAIK,ispu_2023.csv,,
2023-02-12,DKI2,20.0,22.0,17.0,6.0,19.0,16.0,22.0,PM25,BAIK,ispu_2023.csv,,
2023-02-13,DKI2,28.0,30.0,17.0,8.0,16.0,15.0,30.0,PM25,BAIK,ispu_2023.csv,,
2023-02-14,DKI2,21.0,23.0,16.0,7.0,16.0,13.0,23.0,PM25,BAIK,ispu_2023.csv,,
2023-02-15,DKI2,23.0,28.0,17.0,6.0,17.0,11.0,28.0,PM25,BAIK,ispu_2023.csv,,
2023-02-16,DKI2,32.0,35.0,20.0,7.0,17.0,15.0,35.0,PM25,BAIK,ispu_2023.csv,,
2023-02-17,DKI2,38.0,39.0,22.0,9.0,17.0,18.0,39.0,PM25,BAIK,ispu_2023.csv,,
2023-02-18,DKI2,52.0,61.0,19.0,15.0,19.0,26.0,61.0,PM25,SEDANG,ispu_2023.csv,,
2023-02-19,DKI2,57.0,69.0,25.0,13.0,20.0,23.0,69.0,PM25,SEDANG,ispu_2023.csv,,
2023-02-20,DKI2,39.0,51.0,28.0,9.0,18.0,15.0,51.0,PM25,SEDANG,ispu_2023.csv,,
2023-02-21,DKI2,25.0,39.0,19.0,8.0,14.0,13.0,39.0,PM25,BAIK,ispu_2023.csv,,
2023-02-22,DKI2,27.0,37.0,20.0,7.0,25.0,16.0,37.0,PM25,BAIK,ispu_2023.csv,,
2023-02-23,DKI2,29.0,40.0,18.0,10.0,26.0,24.0,40.0,PM25,BAIK,ispu_2023.csv,,
2023-02-24,DKI2,22.0,34.0,16.0,10.0,31.0,25.0,34.0,PM25,BAIK,ispu_2023.csv,,
2023-02-25,DKI2,37.0,47.0,16.0,9.0,35.0,23.0,47.0,PM25,BAIK,ispu_2023.csv,,
2023-02-26,DKI2,29.0,47.0,17.0,8.0,36.0,18.0,47.0,PM25,BAIK,ispu_2023.csv,,
2023-02-27,DKI2,35.0,34.0,17.0,5.0,39.0,13.0,39.0,O3,BAIK,ispu_2023.csv,,
2023-02-28,DKI2,35.0,50.0,22.0,8.0,26.0,22.0,50.0,PM25,BAIK,ispu_2023.csv,,
2023-03-01,DKI2,37.0,41.0,20.0,10.0,20.0,23.0,41.0,2,BAIK,ispu_2023.csv,,
2023-03-02,DKI2,26.0,38.0,19.0,13.0,15.0,25.0,38.0,2,BAIK,ispu_2023.csv,,
2023-03-03,DKI2,34.0,41.0,20.0,10.0,19.0,22.0,41.0,2,BAIK,ispu_2023.csv,,
2023-03-04,DKI2,30.0,36.0,19.0,11.0,17.0,19.0,36.0,2,BAIK,ispu_2023.csv,,
2023-03-05,DKI2,34.0,45.0,19.0,10.0,21.0,18.0,45.0,2,BAIK,ispu_2023.csv,,
2023-03-06,DKI2,37.0,48.0,19.0,8.0,20.0,19.0,48.0,2,BAIK,ispu_2023.csv,,
2023-03-07,DKI2,37.0,53.0,23.0,8.0,15.0,16.0,53.0,2,SEDANG,ispu_2023.csv,,
2023-03-08,DKI2,33.0,41.0,19.0,7.0,21.0,20.0,41.0,2,BAIK,ispu_2023.csv,,
2023-03-09,DKI2,51.0,58.0,20.0,11.0,18.0,31.0,58.0,2,SEDANG,ispu_2023.csv,,
2023-03-10,DKI2,42.0,58.0,18.0,12.0,24.0,26.0,58.0,2,SEDANG,ispu_2023.csv,,
2023-03-11,DKI2,48.0,63.0,21.0,16.0,28.0,35.0,63.0,2,SEDANG,ispu_2023.csv,,
2023-03-12,DKI2,73.0,94.0,27.0,16.0,24.0,36.0,94.0,2,SEDANG,ispu_2023.csv,,
2023-03-13,DKI2,58.0,79.0,34.0,10.0,28.0,25.0,79.0,2,SEDANG,ispu_2023.csv,,
2023-03-14,DKI2,44.0,54.0,19.0,7.0,27.0,21.0,54.0,2,SEDANG,ispu_2023.csv,,
2023-03-15,DKI2,34.0,50.0,23.0,9.0,24.0,24.0,50.0,2,BAIK,ispu_2023.csv,,
2023-03-16,DKI2,68.0,87.0,23.0,22.0,20.0,36.0,87.0,2,SEDANG,ispu_2023.csv,,
2023-03-17,DKI2,56.0,64.0,23.0,10.0,25.0,20.0,64.0,2,SEDANG,ispu_2023.csv,,
2023-03-18,DKI2,56.0,69.0,28.0,11.0,26.0,27.0,69.0,2,SEDANG,ispu_2023.csv,,
2023-03-19,DKI2,62.0,70.0,31.0,12.0,28.0,24.0,70.0,2,SEDANG,ispu_2023.csv,,
2023-03-20,DKI2,57.0,77.0,22.0,12.0,32.0,23.0,77.0,2,SEDANG,ispu_2023.csv,,
2023-03-21,DKI2,63.0,83.0,28.0,12.0,29.0,31.0,83.0,2,SEDANG,ispu_2023.csv,,
2023-03-22,DKI2,58.0,66.0,21.0,7.0,41.0,19.0,66.0,2,SEDANG,ispu_2023.csv,,
2023-03-23,DKI2,40.0,56.0,21.0,5.0,37.0,13.0,56.0,2,SEDANG,ispu_2023.csv,,
2023-03-24,DKI2,,59.0,21.0,5.0,37.0,17.0,59.0,2,SEDANG,ispu_2023.csv,,
2023-03-25,DKI2,51.0,71.0,21.0,10.0,36.0,28.0,71.0,2,SEDANG,ispu_2023.csv,,
2023-03-26,DKI2,52.0,62.0,22.0,10.0,34.0,27.0,62.0,2,SEDANG,ispu_2023.csv,,
2023-03-27,DKI2,33.0,52.0,20.0,9.0,30.0,26.0,52.0,2,SEDANG,ispu_2023.csv,,
2023-03-28,DKI2,58.0,76.0,44.0,19.0,23.0,34.0,76.0,2,SEDANG,ispu_2023.csv,,
2023-03-29,DKI2,72.0,87.0,33.0,19.0,22.0,29.0,87.0,2,SEDANG,ispu_2023.csv,,
2023-03-30,DKI2,52.0,64.0,28.0,17.0,21.0,29.0,64.0,2,SEDANG,ispu_2023.csv,,
2023-03-31,DKI2,43.0,53.0,21.0,12.0,37.0,26.0,53.0,2,SEDANG,ispu_2023.csv,,
2023-04-01,DKI2,31.0,40.0,22.0,6.0,24.0,14.0,40.0,PM25,BAIK,ispu_2023.csv,,
2023-04-02,DKI2,27.0,41.0,22.0,7.0,26.0,18.0,41.0,PM25,BAIK,ispu_2023.csv,,
2023-04-03,DKI2,64.0,79.0,40.0,12.0,31.0,29.0,79.0,PM25,SEDANG,ispu_2023.csv,,
2023-04-04,DKI2,50.0,56.0,22.0,10.0,21.0,21.0,56.0,PM25,SEDANG,ispu_2023.csv,,
2023-04-05,DKI2,48.0,68.0,26.0,9.0,36.0,24.0,68.0,PM25,SEDANG,ispu_2023.csv,,
2023-04-06,DKI2,57.0,70.0,25.0,9.0,30.0,26.0,70.0,PM25,SEDANG,ispu_2023.csv,,
2023-04-07,DKI2,50.0,71.0,31.0,8.0,34.0,20.0,71.0,PM25,SEDANG,ispu_2023.csv,,
2023-04-08,DKI2,67.0,87.0,30.0,8.0,49.0,23.0,87.0,PM25,SEDANG,ispu_2023.csv,,
2023-04-09,DKI2,71.0,92.0,35.0,15.0,32.0,34.0,92.0,PM25,SEDANG,ispu_2023.csv,,
2023-04-10,DKI2,31.0,39.0,21.0,5.0,27.0,12.0,39.0,PM25,BAIK,ispu_2023.csv,,
2023-04-11,DKI2,24.0,32.0,22.0,6.0,19.0,13.0,32.0,PM25,BAIK,ispu_2023.csv,,
2023-04-12,DKI2,27.0,35.0,20.0,6.0,16.0,12.0,35.0,PM25,BAIK,ispu_2023.csv,,
2023-04-13,DKI2,27.0,36.0,19.0,6.0,19.0,13.0,36.0,PM25,BAIK,ispu_2023.csv,,
2023-04-14,DKI2,40.0,57.0,25.0,9.0,28.0,21.0,57.0,PM25,SEDANG,ispu_2023.csv,,
2023-04-15,DKI2,64.0,77.0,30.0,14.0,34.0,31.0,77.0,PM25,SEDANG,ispu_2023.csv,,
2023-04-16,DKI2,50.0,62.0,26.0,9.0,28.0,23.0,62.0,PM25,SEDANG,ispu_2023.csv,,
2023-04-17,DKI2,45.0,56.0,25.0,8.0,27.0,21.0,56.0,PM25,SEDANG,ispu_2023.csv,,
2023-04-18,DKI2,55.0,71.0,37.0,6.0,35.0,18.0,71.0,PM25,SEDANG,ispu_2023.csv,,
2023-04-19,DKI2,56.0,75.0,29.0,10.0,45.0,22.0,75.0,PM25,SEDANG,ispu_2023.csv,,
2023-04-20,DKI2,48.0,67.0,24.0,13.0,47.0,26.0,67.0,PM25,SEDANG,ispu_2023.csv,,
2023-04-21,DKI2,54.0,72.0,22.0,8.0,49.0,15.0,72.0,PM25,SEDANG,ispu_2023.csv,,
2023-04-22,DKI2,47.0,64.0,37.0,7.0,44.0,11.0,64.0,PM25,SEDANG,ispu_2023.csv,,
2023-04-23,DKI2,46.0,64.0,21.0,4.0,51.0,6.0,64.0,PM25,SEDANG,ispu_2023.csv,,
2023-04-24,DKI2,51.0,65.0,41.0,6.0,39.0,17.0,65.0,PM25,SEDANG,ispu_2023.csv,,
2023-04-25,DKI2,37.0,52.0,25.0,6.0,34.0,15.0,52.0,PM25,SEDANG,ispu_2023.csv,,
2023-04-26,DKI2,42.0,57.0,32.0,7.0,27.0,13.0,57.0,PM25,SEDANG,ispu_2023.csv,,
2023-04-27,DKI2,53.0,70.0,26.0,13.0,33.0,23.0,70.0,PM25,SEDANG,ispu_2023.csv,,
2023-04-28,DKI2,40.0,54.0,21.0,4.0,35.0,12.0,54.0,PM25,SEDANG,ispu_2023.csv,,
2023-04-29,DKI2,56.0,74.0,22.0,9.0,42.0,18.0,74.0,PM25,SEDANG,ispu_2023.csv,,
2023-04-30,DKI2,64.0,84.0,29.0,7.0,47.0,15.0,84.0,PM25,SEDANG,ispu_2023.csv,,
2023-05-01,DKI2,50.0,61.0,23.0,7.0,35.0,16.0,61.0,PM25,SEDANG,ispu_2023.csv,,
2023-05-02,DKI2,69.0,97.0,33.0,10.0,36.0,21.0,97.0,PM25,SEDANG,ispu_2023.csv,,
2023-05-03,DKI2,58.0,70.0,31.0,7.0,35.0,19.0,70.0,PM25,SEDANG,ispu_2023.csv,,
2023-05-04,DKI2,43.0,55.0,26.0,7.0,32.0,20.0,55.0,PM25,SEDANG,ispu_2023.csv,,
2023-05-05,DKI2,52.0,70.0,52.0,10.0,38.0,27.0,70.0,PM25,SEDANG,ispu_2023.csv,,
2023-05-06,DKI2,51.0,65.0,50.0,7.0,45.0,21.0,65.0,PM25,SEDANG,ispu_2023.csv,,
2023-05-07,DKI2,57.0,73.0,51.0,12.0,40.0,29.0,73.0,PM25,SEDANG,ispu_2023.csv,,
2023-05-08,DKI2,51.0,68.0,50.0,12.0,39.0,28.0,68.0,PM25,SEDANG,ispu_2023.csv,,
2023-05-09,DKI2,,,,,,,0.0,,TIDAK ADA DATA,ispu_2023.csv,,
2023-05-10,DKI2,70.0,94.0,52.0,8.0,42.0,19.0,94.0,PM25,SEDANG,ispu_2023.csv,,
2023-05-11,DKI2,71.0,88.0,52.0,7.0,37.0,21.0,88.0,PM25,SEDANG,ispu_2023.csv,,
2023-05-12,DKI2,34.0,43.0,48.0,4.0,25.0,10.0,48.0,SO2,BAIK,ispu_2023.csv,,
2023-05-13,DKI2,53.0,69.0,52.0,6.0,32.0,18.0,69.0,PM25,SEDANG,ispu_2023.csv,,
2023-05-14,DKI2,53.0,77.0,51.0,10.0,29.0,26.0,77.0,PM25,SEDANG,ispu_2023.csv,,
2023-05-15,DKI2,59.0,77.0,51.0,9.0,37.0,26.0,77.0,PM25,SEDANG,ispu_2023.csv,,
2023-05-16,DKI2,70.0,87.0,51.0,9.0,35.0,22.0,87.0,PM25,SEDANG,ispu_2023.csv,,
2023-05-17,DKI2,69.0,86.0,52.0,7.0,31.0,20.0,86.0,PM25,SEDANG,ispu_2023.csv,,
2023-05-18,DKI2,71.0,95.0,52.0,8.0,34.0,21.0,95.0,PM25,SEDANG,ispu_2023.csv,,
2023-05-19,DKI2,68.0,87.0,52.0,8.0,37.0,17.0,87.0,PM25,SEDANG,ispu_2023.csv,,
2023-05-20,DKI2,71.0,93.0,53.0,9.0,31.0,24.0,93.0,PM25,SEDANG,ispu_2023.csv,,
2023-05-21,DKI2,72.0,98.0,52.0,8.0,39.0,16.0,98.0,PM25,SEDANG,ispu_2023.csv,,
2023-05-22,DKI2,68.0,89.0,52.0,13.0,38.0,27.0,89.0,PM25,SEDANG,ispu_2023.csv,,
2023-05-23,DKI2,79.0,99.0,53.0,14.0,27.0,33.0,99.0,PM25,SEDANG,ispu_2023.csv,,
2023-05-24,DKI2,77.0,99.0,53.0,10.0,28.0,25.0,99.0,PM25,SEDANG,ispu_2023.csv,,
2023-05-25,DKI2,77.0,100.0,54.0,11.0,39.0,28.0,100.0,PM25,SEDANG,ispu_2023.csv,,
2023-05-26,DKI2,78.0,100.0,55.0,11.0,34.0,28.0,100.0,PM25,SEDANG,ispu_2023.csv,,
2023-05-27,DKI2,73.0,95.0,53.0,8.0,36.0,22.0,95.0,PM25,SEDANG,ispu_2023.csv,,
2023-05-28,DKI2,64.0,87.0,54.0,8.0,36.0,22.0,87.0,PM25,SEDANG,ispu_2023.csv,,
2023-05-29,DKI2,72.0,91.0,51.0,10.0,35.0,20.0,91.0,PM25,SEDANG,ispu_2023.csv,,
2023-05-30,DKI2,74.0,96.0,51.0,9.0,38.0,20.0,96.0,PM25,SEDANG,ispu_2023.csv,,
2023-05-31,DKI2,74.0,98.0,54.0,12.0,36.0,31.0,98.0,PM25,SEDANG,ispu_2023.csv,,
2023-06-01,DKI2,72.0,94.0,53.0,10.0,40.0,25.0,94.0,PM25,SEDANG,ispu_2023.csv,,
2023-06-02,DKI2,74.0,95.0,53.0,8.0,33.0,18.0,95.0,PM25,SEDANG,ispu_2023.csv,,
2023-06-03,DKI2,69.0,87.0,55.0,7.0,33.0,17.0,87.0,PM25,SEDANG,ispu_2023.csv,,
2023-06-04,DKI2,67.0,87.0,51.0,8.0,36.0,16.0,87.0,PM25,SEDANG,ispu_2023.csv,,
2023-06-05,DKI2,61.0,79.0,53.0,9.0,34.0,21.0,79.0,PM25,SEDANG,ispu_2023.csv,,
2023-06-06,DKI2,65.0,83.0,53.0,11.0,30.0,27.0,83.0,PM25,SEDANG,ispu_2023.csv,,
2023-06-07,DKI2,69.0,86.0,56.0,17.0,23.0,35.0,86.0,PM25,SEDANG,ispu_2023.csv,,
2023-06-08,DKI2,68.0,87.0,53.0,8.0,26.0,20.0,87.0,PM25,SEDANG,ispu_2023.csv,,
2023-06-09,DKI2,69.0,82.0,54.0,8.0,21.0,20.0,82.0,PM25,SEDANG,ispu_2023.csv,,
2023-06-10,DKI2,58.0,83.0,52.0,8.0,38.0,18.0,83.0,PM25,SEDANG,ispu_2023.csv,,
2023-06-11,DKI2,70.0,98.0,55.0,8.0,34.0,18.0,98.0,PM25,SEDANG,ispu_2023.csv,,
2023-06-12,DKI2,65.0,92.0,51.0,9.0,35.0,19.0,92.0,PM25,SEDANG,ispu_2023.csv,,
2023-06-13,DKI2,66.0,84.0,55.0,7.0,28.0,18.0,84.0,PM25,SEDANG,ispu_2023.csv,,
2023-06-14,DKI2,65.0,84.0,51.0,7.0,36.0,17.0,84.0,PM25,SEDANG,ispu_2023.csv,,
2023-06-15,DKI2,70.0,97.0,57.0,11.0,28.0,30.0,97.0,PM25,SEDANG,ispu_2023.csv,,
2023-06-16,DKI2,,83.0,52.0,8.0,28.0,23.0,83.0,PM25,SEDANG,ispu_2023.csv,,
2023-06-17,DKI2,59.0,73.0,52.0,14.0,21.0,31.0,73.0,PM25,SEDANG,ispu_2023.csv,,
2023-06-18,DKI2,76.0,93.0,63.0,14.0,23.0,31.0,93.0,PM25,SEDANG,ispu_2023.csv,,
2023-06-19,DKI2,59.0,67.0,51.0,9.0,28.0,20.0,67.0,PM25,SEDANG,ispu_2023.csv,,
2023-06-20,DKI2,61.0,72.0,53.0,16.0,20.0,28.0,72.0,PM25,SEDANG,ispu_2023.csv,,
2023-06-21,DKI2,65.0,88.0,54.0,7.0,34.0,22.0,88.0,PM25,SEDANG,ispu_2023.csv,,
2023-06-22,DKI2,73.0,92.0,52.0,10.0,35.0,25.0,92.0,PM25,SEDANG,ispu_2023.csv,,
2023-06-23,DKI2,67.0,86.0,54.0,8.0,27.0,18.0,86.0,PM25,SEDANG,ispu_2023.csv,,
2023-06-24,DKI2,59.0,75.0,52.0,7.0,38.0,20.0,75.0,PM25,SEDANG,ispu_2023.csv,,
2023-06-25,DKI2,61.0,80.0,50.0,8.0,37.0,19.0,80.0,PM25,SEDANG,ispu_2023.csv,,
2023-06-26,DKI2,59.0,74.0,51.0,10.0,33.0,25.0,74.0,PM25,SEDANG,ispu_2023.csv,,
2023-06-27,DKI2,75.0,96.0,55.0,10.0,38.0,30.0,96.0,PM25,SEDANG,ispu_2023.csv,,
2023-06-28,DKI2,56.0,67.0,54.0,8.0,26.0,24.0,67.0,PM25,SEDANG,ispu_2023.csv,,
2023-06-29,DKI2,40.0,55.0,51.0,5.0,33.0,14.0,55.0,PM25,SEDANG,ispu_2023.csv,,
2023-06-30,DKI2,48.0,62.0,52.0,6.0,32.0,15.0,62.0,PM25,SEDANG,ispu_2023.csv,,
2023-07-01,DKI2,62.0,76.0,51.0,11.0,34.0,26.0,76.0,PM25,SEDANG,ispu_2023.csv,,
2023-07-02,DKI2,64.0,79.0,51.0,13.0,36.0,30.0,79.0,PM25,SEDANG,ispu_2023.csv,,
2023-07-03,DKI2,61.0,78.0,51.0,8.0,34.0,19.0,78.0,PM25,SEDANG,ispu_2023.csv,,
2023-07-04,DKI2,58.0,73.0,50.0,9.0,36.0,22.0,73.0,PM25,SEDANG,ispu_2023.csv,,
2023-07-05,DKI2,82.0,105.0,55.0,12.0,37.0,26.0,105.0,PM25,TIDAK SEHAT,ispu_2023.csv,,
2023-07-06,DKI2,73.0,87.0,51.0,13.0,28.0,36.0,87.0,PM25,SEDANG,ispu_2023.csv,,
2023-07-07,DKI2,69.0,86.0,57.0,12.0,22.0,38.0,86.0,PM25,SEDANG,ispu_2023.csv,,
2023-07-08,DKI2,60.0,70.0,53.0,15.0,23.0,33.0,70.0,PM25,SEDANG,ispu_2023.csv,,
2023-07-09,DKI2,60.0,69.0,53.0,12.0,21.0,23.0,69.0,PM25,SEDANG,ispu_2023.csv,,
2023-07-10,DKI2,54.0,67.0,52.0,6.0,27.0,16.0,67.0,PM25,SEDANG,ispu_2023.csv,,
2023-07-11,DKI2,69.0,83.0,58.0,9.0,23.0,22.0,83.0,PM25,SEDANG,ispu_2023.csv,,
2023-07-12,DKI2,70.0,91.0,53.0,9.0,43.0,23.0,91.0,PM25,SEDANG,ispu_2023.csv,,
2023-07-13,DKI2,75.0,91.0,55.0,10.0,41.0,28.0,91.0,PM25,SEDANG,ispu_2023.csv,,
2023-07-14,DKI2,68.0,84.0,51.0,9.0,50.0,22.0,84.0,PM25,SEDANG,ispu_2023.csv,,
2023-07-15,DKI2,67.0,79.0,52.0,10.0,38.0,26.0,79.0,PM25,SEDANG,ispu_2023.csv,,
2023-07-16,DKI2,63.0,76.0,53.0,8.0,33.0,19.0,76.0,PM25,SEDANG,ispu_2023.csv,,
2023-07-17,DKI2,57.0,69.0,52.0,8.0,31.0,19.0,69.0,PM25,SEDANG,ispu_2023.csv,,
2023-07-18,DKI2,74.0,93.0,55.0,8.0,28.0,21.0,93.0,PM25,SEDANG,ispu_2023.csv,,
2023-07-19,DKI2,69.0,83.0,55.0,8.0,29.0,23.0,83.0,PM25,SEDANG,ispu_2023.csv,,
2023-07-20,DKI2,62.0,76.0,54.0,9.0,38.0,24.0,76.0,PM25,SEDANG,ispu_2023.csv,,
2023-07-21,DKI2,67.0,78.0,54.0,10.0,37.0,31.0,78.0,PM25,SEDANG,ispu_2023.csv,,
2023-07-22,DKI2,80.0,99.0,55.0,10.0,39.0,27.0,99.0,PM25,SEDANG,ispu_2023.csv,,
2023-07-23,DKI2,64.0,75.0,54.0,6.0,33.0,17.0,75.0,PM25,SEDANG,ispu_2023.csv,,
2023-07-24,DKI2,67.0,77.0,55.0,6.0,37.0,18.0,77.0,PM25,SEDANG,ispu_2023.csv,,
2023-07-25,DKI2,73.0,91.0,56.0,11.0,30.0,38.0,91.0,PM25,SEDANG,ispu_2023.csv,,
2023-07-26,DKI2,70.0,88.0,57.0,8.0,39.0,24.0,88.0,PM25,SEDANG,ispu_2023.csv,,
2023-07-27,DKI2,85.0,112.0,55.0,14.0,36.0,33.0,112.0,PM25,TIDAK SEHAT,ispu_2023.csv,,
2023-07-28,DKI2,81.0,93.0,56.0,10.0,26.0,25.0,93.0,PM25,SEDANG,ispu_2023.csv,,
2023-07-29,DKI2,79.0,98.0,57.0,9.0,32.0,27.0,98.0,PM25,SEDANG,ispu_2023.csv,,
2023-07-30,DKI2,78.0,94.0,56.0,8.0,36.0,18.0,94.0,PM25,SEDANG,ispu_2023.csv,,
2023-07-31,DKI2,71.0,82.0,55.0,8.0,33.0,16.0,82.0,PM25,SEDANG,ispu_2023.csv,,
2023-08-01,DKI2,67.0,79.0,57.0,7.0,27.0,22.0,79.0,PM25,SEDANG,ispu_2023.csv,,
2023-08-02,DKI2,66.0,77.0,56.0,7.0,24.0,23.0,77.0,PM25,SEDANG,ispu_2023.csv,,
2023-08-03,DKI2,68.0,79.0,54.0,7.0,32.0,20.0,79.0,PM25,SEDANG,ispu_2023.csv,,
2023-08-04,DKI2,74.0,90.0,54.0,7.0,40.0,18.0,90.0,PM25,SEDANG,ispu_2023.csv,,
2023-08-05,DKI2,73.0,86.0,54.0,7.0,34.0,18.0,86.0,PM25,SEDANG,ispu_2023.csv,,
2023-08-06,DKI2,70.0,89.0,54.0,9.0,37.0,20.0,89.0,PM25,SEDANG,ispu_2023.csv,,
2023-08-07,DKI2,77.0,97.0,53.0,9.0,42.0,19.0,97.0,PM25,SEDANG,ispu_2023.csv,,
2023-08-08,DKI2,74.0,82.0,55.0,7.0,29.0,22.0,82.0,PM25,SEDANG,ispu_2023.csv,,
2023-08-09,DKI2,66.0,72.0,53.0,5.0,33.0,14.0,72.0,PM25,SEDANG,ispu_2023.csv,,
2023-08-10,DKI2,68.0,82.0,54.0,6.0,39.0,18.0,82.0,PM25,SEDANG,ispu_2023.csv,,
2023-08-11,DKI2,75.0,89.0,54.0,6.0,44.0,18.0,89.0,PM25,SEDANG,ispu_2023.csv,,
2023-08-12,DKI2,71.0,81.0,54.0,6.0,39.0,16.0,81.0,PM25,SEDANG,ispu_2023.csv,,
2023-08-13,DKI2,67.0,78.0,55.0,7.0,36.0,17.0,78.0,PM25,SEDANG,ispu_2023.csv,,
2023-08-14,DKI2,70.0,84.0,58.0,7.0,40.0,18.0,84.0,PM25,SEDANG,ispu_2023.csv,,
2023-08-15,DKI2,76.0,90.0,59.0,8.0,37.0,22.0,90.0,PM25,SEDANG,ispu_2023.csv,,
2023-08-16,DKI2,69.0,91.0,56.0,8.0,44.0,21.0,91.0,PM25,SEDANG,ispu_2023.csv,,
2023-08-17,DKI2,75.0,82.0,54.0,8.0,30.0,24.0,82.0,PM25,SEDANG,ispu_2023.csv,,
2023-08-18,DKI2,52.0,59.0,52.0,6.0,37.0,17.0,59.0,PM25,SEDANG,ispu_2023.csv,,
2023-08-19,DKI2,61.0,75.0,52.0,6.0,39.0,17.0,75.0,PM25,SEDANG,ispu_2023.csv,,
2023-08-20,DKI2,63.0,75.0,53.0,5.0,38.0,13.0,75.0,PM25,SEDANG,ispu_2023.csv,,
2023-08-21,DKI2,65.0,77.0,53.0,6.0,37.0,15.0,77.0,PM25,SEDANG,ispu_2023.csv,,
2023-08-22,DKI2,61.0,77.0,54.0,7.0,36.0,20.0,77.0,PM25,SEDANG,ispu_2023.csv,,
2023-08-23,DKI2,73.0,90.0,53.0,10.0,44.0,26.0,90.0,PM25,SEDANG,ispu_2023.csv,,
2023-08-24,DKI2,71.0,93.0,54.0,6.0,38.0,17.0,93.0,PM25,SEDANG,ispu_2023.csv,,
2023-08-25,DKI2,73.0,93.0,55.0,7.0,44.0,21.0,93.0,PM25,SEDANG,ispu_2023.csv,,
2023-08-26,DKI2,66.0,75.0,52.0,4.0,43.0,11.0,75.0,PM25,SEDANG,ispu_2023.csv,,
2023-08-27,DKI2,68.0,89.0,53.0,6.0,45.0,15.0,89.0,PM25,SEDANG,ispu_2023.csv,,
2023-08-28,DKI2,74.0,87.0,53.0,10.0,29.0,26.0,87.0,PM25,SEDANG,ispu_2023.csv,,
2023-08-29,DKI2,73.0,91.0,56.0,7.0,33.0,24.0,91.0,PM25,SEDANG,ispu_2023.csv,,
2023-08-30,DKI2,75.0,97.0,57.0,7.0,45.0,22.0,97.0,PM25,SEDANG,ispu_2023.csv,,
2023-08-31,DKI2,76.0,105.0,42.0,10.0,49.0,27.0,105.0,PM25,TIDAK SEHAT,ispu_2023.csv,,
2023-09-01,DKI2,81.0,101.0,32.0,8.0,49.0,26.0,101.0,PM25,TIDAK SEHAT,ispu_2023.csv,,
2023-09-02,DKI2,77.0,91.0,28.0,7.0,44.0,25.0,91.0,PM25,SEDANG,ispu_2023.csv,,
2023-09-03,DKI2,71.0,89.0,26.0,5.0,53.0,12.0,89.0,PM25,SEDANG,ispu_2023.csv,,
2023-09-04,DKI2,66.0,83.0,29.0,6.0,44.0,16.0,83.0,PM25,SEDANG,ispu_2023.csv,,
2023-09-05,DKI2,77.0,103.0,43.0,9.0,36.0,31.0,103.0,PM25,TIDAK SEHAT,ispu_2023.csv,,
2023-09-06,DKI2,67.0,88.0,26.0,9.0,40.0,26.0,88.0,PM25,SEDANG,ispu_2023.csv,,
2023-09-07,DKI2,68.0,96.0,22.0,8.0,40.0,24.0,96.0,PM25,SEDANG,ispu_2023.csv,,
2023-09-08,DKI2,75.0,97.0,25.0,7.0,37.0,21.0,97.0,PM25,SEDANG,ispu_2023.csv,,
2023-09-09,DKI2,69.0,91.0,22.0,6.0,41.0,16.0,91.0,PM25,SEDANG,ispu_2023.csv,,
2023-09-10,DKI2,67.0,89.0,22.0,7.0,41.0,17.0,89.0,PM25,SEDANG,ispu_2023.csv,,
2023-09-11,DKI2,65.0,86.0,20.0,7.0,45.0,18.0,86.0,PM25,SEDANG,ispu_2023.csv,,
2023-09-12,DKI2,65.0,90.0,21.0,8.0,25.0,24.0,90.0,PM25,SEDANG,ispu_2023.csv,,
2023-09-13,DKI2,61.0,84.0,20.0,6.0,37.0,17.0,84.0,PM25,SEDANG,ispu_2023.csv,,
2023-09-14,DKI2,61.0,77.0,20.0,7.0,37.0,19.0,77.0,PM25,SEDANG,ispu_2023.csv,,
2023-09-15,DKI2,65.0,86.0,19.0,7.0,37.0,17.0,86.0,PM25,SEDANG,ispu_2023.csv,,
2023-09-16,DKI2,67.0,90.0,22.0,7.0,40.0,18.0,90.0,PM25,SEDANG,ispu_2023.csv,,
2023-09-17,DKI2,64.0,79.0,20.0,6.0,39.0,14.0,79.0,PM25,SEDANG,ispu_2023.csv,,
2023-09-18,DKI2,56.0,71.0,19.0,5.0,44.0,15.0,71.0,PM25,SEDANG,ispu_2023.csv,,
2023-09-19,DKI2,69.0,80.0,19.0,5.0,42.0,20.0,80.0,PM25,SEDANG,ispu_2023.csv,,
2023-09-20,DKI2,69.0,85.0,21.0,8.0,28.0,25.0,85.0,PM25,SEDANG,ispu_2023.csv,,
2023-09-21,DKI2,65.0,83.0,20.0,6.0,37.0,17.0,83.0,PM25,SEDANG,ispu_2023.csv,,
2023-09-22,DKI2,68.0,87.0,21.0,7.0,40.0,25.0,87.0,PM25,SEDANG,ispu_2023.csv,,
2023-09-23,DKI2,65.0,83.0,22.0,6.0,37.0,19.0,83.0,PM25,SEDANG,ispu_2023.csv,,
2023-09-24,DKI2,56.0,75.0,20.0,6.0,42.0,17.0,75.0,PM25,SEDANG,ispu_2023.csv,,
2023-09-25,DKI2,75.0,105.0,23.0,11.0,48.0,29.0,105.0,PM25,TIDAK SEHAT,ispu_2023.csv,,
2023-09-26,DKI2,64.0,84.0,20.0,6.0,42.0,21.0,84.0,PM25,SEDANG,ispu_2023.csv,,
2023-09-27,DKI2,63.0,82.0,20.0,7.0,37.0,23.0,82.0,PM25,SEDANG,ispu_2023.csv,,
2023-09-28,DKI2,66.0,89.0,21.0,7.0,38.0,19.0,89.0,PM25,SEDANG,ispu_2023.csv,,
2023-09-29,DKI2,68.0,98.0,23.0,8.0,33.0,22.0,98.0,PM25,SEDANG,ispu_2023.csv,,
2023-09-30,DKI2,,,,,,,0.0,,TIDAK ADA DATA,ispu_2023.csv,,
2023-10-01,DKI2,82.0,109.0,20.0,10.0,40.0,24.0,109.0,PM25,TIDAK SEHAT,ispu_2023.csv,,
2023-10-02,DKI2,79.0,100.0,23.0,8.0,42.0,21.0,100.0,PM25,SEDANG,ispu_2023.csv,,
2023-10-03,DKI2,59.0,74.0,19.0,6.0,44.0,19.0,74.0,PM25,SEDANG,ispu_2023.csv,,
2023-10-04,DKI2,72.0,93.0,24.0,7.0,46.0,21.0,93.0,PM25,SEDANG,ispu_2023.csv,,
2023-10-05,DKI2,66.0,83.0,22.0,5.0,34.0,16.0,83.0,PM25,SEDANG,ispu_2023.csv,,
2023-10-06,DKI2,68.0,86.0,24.0,6.0,38.0,19.0,86.0,PM25,SEDANG,ispu_2023.csv,,
2023-10-07,DKI2,81.0,107.0,22.0,12.0,33.0,32.0,107.0,PM25,TIDAK SEHAT,ispu_2023.csv,,
2023-10-08,DKI2,71.0,93.0,23.0,6.0,37.0,16.0,93.0,PM25,SEDANG,ispu_2023.csv,,
2023-10-09,DKI2,62.0,88.0,21.0,6.0,31.0,18.0,88.0,PM25,SEDANG,ispu_2023.csv,,
2023-10-10,DKI2,63.0,79.0,20.0,4.0,33.0,11.0,79.0,PM25,SEDANG,ispu_2023.csv,,
2023-10-11,DKI2,59.0,75.0,19.0,4.0,32.0,12.0,75.0,PM25,SEDANG,ispu_2023.csv,,
2023-10-12,DKI2,69.0,93.0,21.0,6.0,41.0,17.0,93.0,PM25,SEDANG,ispu_2023.csv,,
2023-10-13,DKI2,69.0,90.0,21.0,5.0,44.0,13.0,90.0,PM25,SEDANG,ispu_2023.csv,,
2023-10-14,DKI2,70.0,95.0,20.0,8.0,37.0,23.0,95.0,PM25,SEDANG,ispu_2023.csv,,
2023-10-15,DKI2,64.0,83.0,21.0,6.0,37.0,14.0,83.0,PM25,SEDANG,ispu_2023.csv,,
2023-10-16,DKI2,65.0,86.0,23.0,7.0,38.0,19.0,86.0,PM25,SEDANG,ispu_2023.csv,,
2023-10-17,DKI2,69.0,89.0,21.0,6.0,42.0,18.0,89.0,PM25,SEDANG,ispu_2023.csv,,
2023-10-18,DKI2,75.0,104.0,22.0,9.0,41.0,26.0,104.0,PM25,TIDAK SEHAT,ispu_2023.csv,,
2023-10-19,DKI2,73.0,91.0,23.0,6.0,38.0,20.0,91.0,PM25,SEDANG,ispu_2023.csv,,
2023-10-20,DKI2,62.0,81.0,23.0,6.0,31.0,20.0,81.0,PM25,SEDANG,ispu_2023.csv,,
2023-10-21,DKI2,67.0,89.0,21.0,10.0,28.0,28.0,89.0,PM25,SEDANG,ispu_2023.csv,,
2023-10-22,DKI2,60.0,78.0,20.0,7.0,32.0,16.0,78.0,PM25,SEDANG,ispu_2023.csv,,
2023-10-23,DKI2,64.0,85.0,21.0,7.0,31.0,20.0,85.0,PM25,SEDANG,ispu_2023.csv,,
2023-10-24,DKI2,66.0,90.0,23.0,8.0,30.0,26.0,90.0,PM25,SEDANG,ispu_2023.csv,,
2023-10-25,DKI2,64.0,85.0,22.0,8.0,37.0,28.0,85.0,PM25,SEDANG,ispu_2023.csv,,
2023-10-26,DKI2,78.0,106.0,28.0,13.0,35.0,40.0,106.0,PM25,TIDAK SEHAT,ispu_2023.csv,,
2023-10-27,DKI2,82.0,109.0,24.0,12.0,39.0,33.0,109.0,PM25,TIDAK SEHAT,ispu_2023.csv,,
2023-10-28,DKI2,72.0,93.0,20.0,9.0,39.0,26.0,93.0,PM25,SEDANG,ispu_2023.csv,,
2023-10-29,DKI2,74.0,92.0,23.0,8.0,40.0,21.0,92.0,PM25,SEDANG,ispu_2023.csv,,
2023-10-30,DKI2,65.0,86.0,20.0,8.0,43.0,21.0,86.0,PM25,SEDANG,ispu_2023.csv,,
2023-10-31,DKI2,73.0,96.0,21.0,8.0,44.0,25.0,96.0,PM25,SEDANG,ispu_2023.csv,,
2023-11-01,DKI2,70.0,88.0,25.0,10.0,33.0,34.0,88.0,PM25,SEDANG,ispu_2023.csv,,
2023-11-02,DKI2,62.0,85.0,20.0,13.0,39.0,35.0,85.0,PM25,SEDANG,ispu_2023.csv,,
2023-11-03,DKI2,69.0,98.0,22.0,15.0,32.0,45.0,98.0,PM25,SEDANG,ispu_2023.csv,,
2023-11-04,DKI2,70.0,102.0,29.0,14.0,29.0,44.0,102.0,PM25,TIDAK SEHAT,ispu_2023.csv,,
2023-11-05,DKI2,56.0,66.0,24.0,8.0,30.0,24.0,66.0,PM25,SEDANG,ispu_2023.csv,,
2023-11-06,DKI2,60.0,77.0,20.0,15.0,23.0,32.0,77.0,PM25,SEDANG,ispu_2023.csv,,
2023-11-07,DKI2,61.0,83.0,19.0,9.0,28.0,25.0,83.0,PM25,SEDANG,ispu_2023.csv,,
2023-11-08,DKI2,56.0,75.0,18.0,6.0,33.0,19.0,75.0,PM25,SEDANG,ispu_2023.csv,,
2023-11-09,DKI2,66.0,96.0,20.0,8.0,36.0,23.0,96.0,PM25,SEDANG,ispu_2023.csv,,
2023-11-10,DKI2,74.0,104.0,22.0,11.0,36.0,32.0,104.0,PM25,TIDAK SEHAT,ispu_2023.csv,,
2023-11-11,DKI2,67.0,89.0,19.0,9.0,42.0,29.0,89.0,PM25,SEDANG,ispu_2023.csv,,
2023-11-12,DKI2,68.0,90.0,22.0,10.0,37.0,27.0,90.0,PM25,SEDANG,ispu_2023.csv,,
2023-11-13,DKI2,72.0,94.0,24.0,12.0,29.0,33.0,94.0,PM25,SEDANG,ispu_2023.csv,,
2023-11-14,DKI2,63.0,79.0,22.0,7.0,31.0,21.0,79.0,PM25,SEDANG,ispu_2023.csv,,
2023-11-15,DKI2,50.0,67.0,22.0,8.0,32.0,24.0,67.0,PM25,SEDANG,ispu_2023.csv,,
2023-11-16,DKI2,,82.0,,,,,82.0,PM25,SEDANG,ispu_2023.csv,,
2023-11-17,DKI2,59.0,81.0,19.0,13.0,40.0,39.0,81.0,PM25,SEDANG,ispu_2023.csv,,
2023-11-18,DKI2,54.0,73.0,18.0,9.0,35.0,31.0,73.0,PM25,SEDANG,ispu_2023.csv,,
2023-11-19,DKI2,57.0,75.0,21.0,10.0,32.0,28.0,75.0,PM25,SEDANG,ispu_2023.csv,,
2023-11-20,DKI2,52.0,68.0,21.0,5.0,36.0,18.0,68.0,PM25,SEDANG,ispu_2023.csv,,
2023-11-21,DKI2,55.0,81.0,21.0,7.0,36.0,25.0,81.0,PM25,SEDANG,ispu_2023.csv,,
2023-11-22,DKI2,50.0,63.0,19.0,7.0,46.0,23.0,63.0,PM25,SEDANG,ispu_2023.csv,,
2023-11-23,DKI2,59.0,84.0,32.0,8.0,36.0,27.0,84.0,PM25,SEDANG,ispu_2023.csv,,
2023-11-24,DKI2,72.0,99.0,33.0,14.0,29.0,47.0,99.0,PM25,SEDANG,ispu_2023.csv,,
2023-11-25,DKI2,60.0,72.0,33.0,13.0,19.0,37.0,72.0,PM25,SEDANG,ispu_2023.csv,,
2023-11-26,DKI2,52.0,68.0,32.0,15.0,24.0,33.0,68.0,PM25,SEDANG,ispu_2023.csv,,
2023-11-27,DKI2,56.0,68.0,33.0,6.0,34.0,23.0,68.0,PM25,SEDANG,ispu_2023.csv,,
2023-11-28,DKI2,54.0,73.0,32.0,10.0,26.0,31.0,73.0,PM25,SEDANG,ispu_2023.csv,,
2023-11-29,DKI2,62.0,78.0,36.0,7.0,28.0,24.0,78.0,PM25,SEDANG,ispu_2023.csv,,
2023-11-30,DKI2,38.0,59.0,32.0,8.0,33.0,26.0,59.0,PM25,SEDANG,ispu_2023.csv,,
2024-01-01,DKI2,67.0,103.0,34.0,18.0,26.0,,103.0,PM25,TIDAK SEHAT,ispu_2024-2025.xls,,
2024-01-02,DKI2,53.0,74.0,35.0,9.0,27.0,,74.0,PM25,SEDANG,ispu_2024-2025.xls,,
2024-01-03,DKI2,43.0,56.0,,7.0,25.0,20.0,56.0,PM25,SEDANG,ispu_2024-2025.xls,,
2024-01-04,DKI2,42.0,62.0,57.0,10.0,22.0,20.0,62.0,PM25,SEDANG,ispu_2024-2025.xls,,
2024-01-05,DKI2,38.0,55.0,56.0,14.0,16.0,45.0,56.0,SO2,SEDANG,ispu_2024-2025.xls,,
2024-01-06,DKI2,46.0,68.0,58.0,9.0,29.0,26.0,68.0,PM25,SEDANG,ispu_2024-2025.xls,,
2024-01-07,DKI2,59.0,87.0,59.0,14.0,34.0,29.0,87.0,PM25,SEDANG,ispu_2024-2025.xls,,
2024-01-08,DKI2,44.0,55.0,57.0,11.0,19.0,23.0,57.0,SO2,SEDANG,ispu_2024-2025.xls,,
2024-01-09,DKI2,51.0,68.0,58.0,16.0,18.0,53.0,68.0,PM25,SEDANG,ispu_2024-2025.xls,,
2024-01-10,DKI2,56.0,77.0,61.0,11.0,31.0,43.0,77.0,PM25,SEDANG,ispu_2024-2025.xls,,
2024-01-11,DKI2,44.0,54.0,56.0,11.0,19.0,27.0,56.0,SO2,SEDANG,ispu_2024-2025.xls,,
2024-01-12,DKI2,27.0,39.0,57.0,11.0,14.0,52.0,57.0,SO2,SEDANG,ispu_2024-2025.xls,,
2024-01-13,DKI2,35.0,54.0,57.0,10.0,16.0,28.0,57.0,SO2,SEDANG,ispu_2024-2025.xls,,
2024-01-14,DKI2,37.0,51.0,57.0,8.0,16.0,22.0,57.0,SO2,SEDANG,ispu_2024-2025.xls,,
2024-01-15,DKI2,52.0,67.0,58.0,12.0,14.0,32.0,67.0,PM25,SEDANG,ispu_2024-2025.xls,,
2024-01-16,DKI2,29.0,50.0,58.0,6.0,14.0,32.0,58.0,SO2,SEDANG,ispu_2024-2025.xls,,
2024-01-17,DKI2,35.0,51.0,59.0,8.0,12.0,44.0,59.0,SO2,SEDANG,ispu_2024-2025.xls,,
2024-01-18,DKI2,47.0,58.0,57.0,15.0,12.0,44.0,58.0,PM25,SEDANG,ispu_2024-2025.xls,,
2024-01-19,DKI2,21.0,32.0,56.0,8.0,12.0,21.0,56.0,SO2,SEDANG,ispu_2024-2025.xls,,
2024-01-20,DKI2,25.0,32.0,54.0,7.0,13.0,18.0,54.0,SO2,SEDANG,ispu_2024-2025.xls,,
2024-01-21,DKI2,31.0,48.0,54.0,8.0,13.0,18.0,54.0,SO2,SEDANG,ispu_2024-2025.xls,,
2024-01-22,DKI2,21.0,30.0,53.0,6.0,13.0,11.0,53.0,SO2,SEDANG,ispu_2024-2025.xls,,
2024-01-23,DKI2,29.0,38.0,53.0,6.0,12.0,14.0,53.0,SO2,SEDANG,ispu_2024-2025.xls,,
2024-01-24,DKI2,29.0,41.0,53.0,7.0,13.0,17.0,53.0,SO2,SEDANG,ispu_2024-2025.xls,,
2024-01-25,DKI2,40.0,58.0,55.0,9.0,14.0,38.0,58.0,PM25,SEDANG,ispu_2024-2025.xls,,
2024-01-26,DKI2,55.0,69.0,59.0,7.0,14.0,43.0,69.0,PM25,SEDANG,ispu_2024-2025.xls,,
2024-01-27,DKI2,24.0,23.0,53.0,5.0,16.0,17.0,53.0,SO2,SEDANG,ispu_2024-2025.xls,,
2024-01-28,DKI2,39.0,55.0,54.0,15.0,14.0,47.0,55.0,PM25,SEDANG,ispu_2024-2025.xls,,
2024-01-29,DKI2,37.0,51.0,53.0,12.0,13.0,48.0,53.0,SO2,SEDANG,ispu_2024-2025.xls,,
2024-01-30,DKI2,51.0,64.0,54.0,17.0,13.0,68.0,68.0,,SEDANG,ispu_2024-2025.xls,,
2024-01-31,DKI2,25.0,44.0,53.0,8.0,19.0,26.0,53.0,SO2,SEDANG,ispu_2024-2025.xls,,
2024-02-01,DKI2,55.0,,54.0,15.0,25.0,49.0,55.0,PM10,SEDANG,ispu_2024-2025.xls,,
2024-02-02,DKI2,48.0,62.0,55.0,15.0,16.0,57.0,62.0,PM25,SEDANG,ispu_2024-2025.xls,,
2024-02-03,DKI2,36.0,53.0,55.0,9.0,13.0,43.0,55.0,SO2,SEDANG,ispu_2024-2025.xls,,
2024-02-04,DKI2,27.0,43.0,54.0,7.0,12.0,21.0,54.0,SO2,SEDANG,ispu_2024-2025.xls,,
2024-02-05,DKI2,53.0,71.0,56.0,13.0,17.0,40.0,71.0,PM25,SEDANG,ispu_2024-2025.xls,,
2024-02-06,DKI2,44.0,55.0,54.0,10.0,13.0,37.0,55.0,PM25,SEDANG,ispu_2024-2025.xls,,
2024-02-07,DKI2,37.0,53.0,56.0,11.0,10.0,48.0,56.0,SO2,SEDANG,ispu_2024-2025.xls,,
2024-02-08,DKI2,59.0,73.0,56.0,13.0,14.0,56.0,73.0,PM25,SEDANG,ispu_2024-2025.xls,,
2024-02-09,DKI2,58.0,79.0,58.0,9.0,24.0,28.0,79.0,PM25,SEDANG,ispu_2024-2025.xls,,
2024-02-10,DKI2,47.0,57.0,55.0,5.0,21.0,20.0,57.0,PM25,SEDANG,ispu_2024-2025.xls,,
2024-02-11,DKI2,33.0,53.0,54.0,7.0,17.0,20.0,54.0,SO2,SEDANG,ispu_2024-2025.xls,,
2024-02-12,DKI2,34.0,52.0,55.0,7.0,18.0,22.0,55.0,SO2,SEDANG,ispu_2024-2025.xls,,
2024-02-13,DKI2,42.0,54.0,54.0,6.0,18.0,29.0,54.0,PM25,SEDANG,ispu_2024-2025.xls,,
2024-02-14,DKI2,24.0,40.0,54.0,6.0,20.0,31.0,54.0,SO2,SEDANG,ispu_2024-2025.xls,,
2024-02-15,DKI2,43.0,60.0,55.0,10.0,14.0,46.0,60.0,PM25,SEDANG,ispu_2024-2025.xls,,
2024-02-16,DKI2,67.0,83.0,56.0,21.0,12.0,80.0,83.0,PM25,SEDANG,ispu_2024-2025.xls,,
2024-02-17,DKI2,29.0,32.0,54.0,5.0,16.0,28.0,54.0,SO2,SEDANG,ispu_2024-2025.xls,,
2024-02-18,DKI2,44.0,64.0,54.0,8.0,17.0,35.0,64.0,PM25,SEDANG,ispu_2024-2025.xls,,
2024-02-19,DKI2,,,,,,,,,TIDAK ADA DATA,ispu_2024-2025.xls,,
2024-02-20,DKI2,52.0,70.0,55.0,9.0,16.0,37.0,70.0,PM25,SEDANG,ispu_2024-2025.xls,,
2024-02-21,DKI2,55.0,81.0,56.0,13.0,24.0,36.0,81.0,PM25,SEDANG,ispu_2024-2025.xls,,
2024-02-22,DKI2,58.0,70.0,56.0,9.0,19.0,32.0,70.0,PM25,SEDANG,ispu_2024-2025.xls,,
2024-02-23,DKI2,49.0,62.0,56.0,9.0,16.0,39.0,62.0,PM25,SEDANG,ispu_2024-2025.xls,,
2024-02-24,DKI2,47.0,57.0,55.0,7.0,12.0,40.0,57.0,PM25,SEDANG,ispu_2024-2025.xls,,
2024-02-25,DKI2,28.0,39.0,56.0,4.0,16.0,15.0,56.0,SO2,SEDANG,ispu_2024-2025.xls,,
2024-02-26,DKI2,23.0,30.0,54.0,5.0,18.0,22.0,54.0,SO2,SEDANG,ispu_2024-2025.xls,,
2024-02-27,DKI2,59.0,71.0,55.0,14.0,11.0,68.0,71.0,PM25,SEDANG,ispu_2024-2025.xls,,
2024-02-28,DKI2,51.0,62.0,57.0,9.0,11.0,54.0,62.0,PM25,SEDANG,ispu_2024-2025.xls,,
2024-02-29,DKI2,32.0,35.0,54.0,9.0,13.0,36.0,54.0,SO2,SEDANG,ispu_2024-2025.xls,,
2024-03-01,DKI2,53.0,66.0,54.0,23.0,12.0,76.0,76.0,,SEDANG,ispu_2024-2025.xls,,
2024-03-02,DKI2,50.0,62.0,55.0,10.0,20.0,42.0,62.0,PM25,SEDANG,ispu_2024-2025.xls,,
2024-03-03,DKI2,35.0,41.0,54.0,6.0,20.0,31.0,54.0,SO2,SEDANG,ispu_2024-2025.xls,,
2024-03-04,DKI2,39.0,55.0,54.0,8.0,22.0,32.0,55.0,PM25,SEDANG,ispu_2024-2025.xls,,
2024-03-05,DKI2,30.0,54.0,54.0,9.0,20.0,31.0,54.0,PM25,SEDANG,ispu_2024-2025.xls,,
2024-03-06,DKI2,31.0,51.0,54.0,5.0,19.0,19.0,54.0,SO2,SEDANG,ispu_2024-2025.xls,,
2024-03-07,DKI2,31.0,46.0,55.0,6.0,19.0,25.0,55.0,SO2,SEDANG,ispu_2024-2025.xls,,
2024-03-08,DKI2,24.0,44.0,54.0,4.0,20.0,12.0,54.0,SO2,SEDANG,ispu_2024-2025.xls,,
2024-03-09,DKI2,33.0,45.0,55.0,6.0,13.0,24.0,55.0,SO2,SEDANG,ispu_2024-2025.xls,,
2024-03-10,DKI2,63.0,86.0,55.0,30.0,14.0,85.0,86.0,PM25,SEDANG,ispu_2024-2025.xls,,
2024-03-11,DKI2,46.0,61.0,54.0,10.0,19.0,37.0,61.0,PM25,SEDANG,ispu_2024-2025.xls,,
2024-03-12,DKI2,33.0,55.0,54.0,3.0,23.0,14.0,55.0,PM25,SEDANG,ispu_2024-2025.xls,,
2024-03-13,DKI2,41.0,58.0,54.0,5.0,22.0,22.0,58.0,PM25,SEDANG,ispu_2024-2025.xls,,
2024-03-14,DKI2,37.0,50.0,54.0,4.0,23.0,21.0,54.0,SO2,SEDANG,ispu_2024-2025.xls,,
2024-03-15,DKI2,36.0,44.0,54.0,10.0,15.0,36.0,54.0,SO2,SEDANG,ispu_2024-2025.xls,,
2024-03-16,DKI2,26.0,32.0,54.0,6.0,18.0,18.0,54.0,SO2,SEDANG,ispu_2024-2025.xls,,
2024-03-17,DKI2,27.0,34.0,55.0,6.0,15.0,17.0,55.0,SO2,SEDANG,ispu_2024-2025.xls,,
2024-03-18,DKI2,26.0,33.0,55.0,5.0,16.0,17.0,55.0,SO2,SEDANG,ispu_2024-2025.xls,,
2024-03-19,DKI2,32.0,46.0,55.0,5.0,17.0,21.0,55.0,SO2,SEDANG,ispu_2024-2025.xls,,
2024-03-20,DKI2,26.0,52.0,54.0,6.0,15.0,19.0,54.0,SO2,SEDANG,ispu_2024-2025.xls,,
2024-03-21,DKI2,31.0,55.0,55.0,5.0,17.0,19.0,55.0,PM25,SEDANG,ispu_2024-2025.xls,,
2024-03-22,DKI2,26.0,34.0,54.0,4.0,19.0,26.0,54.0,SO2,SEDANG,ispu_2024-2025.xls,,
2024-03-23,DKI2,70.0,111.0,55.0,22.0,28.0,82.0,111.0,PM25,TIDAK SEHAT,ispu_2024-2025.xls,,
2024-03-24,DKI2,55.0,69.0,55.0,5.0,32.0,19.0,69.0,PM25,SEDANG,ispu_2024-2025.xls,,
2024-03-25,DKI2,53.0,66.0,56.0,5.0,33.0,16.0,66.0,PM25,SEDANG,ispu_2024-2025.xls,,
2024-03-26,DKI2,63.0,83.0,58.0,8.0,25.0,42.0,83.0,PM25,SEDANG,ispu_2024-2025.xls,,
2024-03-27,DKI2,57.0,68.0,56.0,4.0,24.0,19.0,68.0,PM25,SEDANG,ispu_2024-2025.xls,,
2024-03-28,DKI2,65.0,90.0,55.0,8.0,40.0,30.0,90.0,PM25,SEDANG,ispu_2024-2025.xls,,
2024-03-29,DKI2,69.0,91.0,56.0,11.0,39.0,31.0,91.0,PM25,SEDANG,ispu_2024-2025.xls,,
2024-03-30,DKI2,65.0,83.0,59.0,11.0,31.0,33.0,83.0,PM25,SEDANG,ispu_2024-2025.xls,,
2024-03-31,DKI2,60.0,82.0,55.0,11.0,33.0,34.0,82.0,PM25,SEDANG,ispu_2024-2025.xls,,
2024-04-01,DKI2,78.0,111.0,58.0,15.0,35.0,44.0,111.0,PM25,TIDAK SEHAT,ispu_2024-2025.xls,,
2024-04-02,DKI2,80.0,109.0,58.0,12.0,30.0,48.0,109.0,PM25,TIDAK SEHAT,ispu_2024-2025.xls,,
2024-04-03,DKI2,71.0,93.0,56.0,13.0,30.0,32.0,93.0,PM25,SEDANG,ispu_2024-2025.xls,,
2024-04-04,DKI2,56.0,69.0,58.0,15.0,27.0,58.0,69.0,PM25,SEDANG,ispu_2024-2025.xls,,
2024-04-05,DKI2,75.0,112.0,56.0,30.0,21.0,63.0,112.0,PM25,TIDAK SEHAT,ispu_2024-2025.xls,,
2024-04-06,DKI2,59.0,83.0,55.0,18.0,18.0,38.0,83.0,PM25,SEDANG,ispu_2024-2025.xls,,
2024-04-07,DKI2,52.0,71.0,55.0,13.0,24.0,19.0,71.0,PM25,SEDANG,ispu_2024-2025.xls,,
2024-04-08,DKI2,55.0,82.0,56.0,14.0,29.0,21.0,82.0,PM25,SEDANG,ispu_2024-2025.xls,,
2024-04-09,DKI2,43.0,67.0,55.0,11.0,22.0,18.0,67.0,PM25,SEDANG,ispu_2024-2025.xls,,
2024-04-10,DKI2,65.0,95.0,56.0,23.0,26.0,27.0,95.0,PM25,SEDANG,ispu_2024-2025.xls,,
2024-04-11,DKI2,40.0,57.0,56.0,10.0,23.0,16.0,57.0,PM25,SEDANG,ispu_2024-2025.xls,,
2024-04-12,DKI2,27.0,46.0,54.0,5.0,28.0,,54.0,SO2,SEDANG,ispu_2024-2025.xls,,
2024-04-13,DKI2,36.0,59.0,55.0,14.0,22.0,33.0,59.0,PM25,SEDANG,ispu_2024-2025.xls,,
2024-04-14,DKI2,31.0,53.0,54.0,7.0,27.0,8.0,54.0,SO2,SEDANG,ispu_2024-2025.xls,,
2024-04-15,DKI2,33.0,55.0,55.0,11.0,21.0,26.0,55.0,PM25,SEDANG,ispu_2024-2025.xls,,
2024-04-16,DKI2,36.0,57.0,55.0,7.0,21.0,17.0,57.0,PM25,SEDANG,ispu_2024-2025.xls,,
2024-04-17,DKI2,49.0,67.0,54.0,6.0,32.0,10.0,67.0,PM25,SEDANG,ispu_2024-2025.xls,,
2024-04-18,DKI2,52.0,70.0,55.0,13.0,23.0,27.0,70.0,PM25,SEDANG,ispu_2024-2025.xls,,
2024-04-19,DKI2,51.0,64.0,55.0,8.0,20.0,21.0,64.0,PM25,SEDANG,ispu_2024-2025.xls,,
2024-04-20,DKI2,62.0,87.0,56.0,10.0,18.0,27.0,87.0,PM25,SEDANG,ispu_2024-2025.xls,,
2024-04-21,DKI2,42.0,53.0,55.0,6.0,22.0,6.0,55.0,SO2,SEDANG,ispu_2024-2025.xls,,
2024-04-22,DKI2,52.0,70.0,55.0,11.0,18.0,26.0,70.0,PM25,SEDANG,ispu_2024-2025.xls,,
2024-04-23,DKI2,54.0,71.0,55.0,8.0,23.0,18.0,71.0,PM25,SEDANG,ispu_2024-2025.xls,,
2024-04-24,DKI2,48.0,70.0,55.0,11.0,22.0,26.0,70.0,PM25,SEDANG,ispu_2024-2025.xls,,
2024-04-25,DKI2,57.0,76.0,55.0,9.0,27.0,23.0,76.0,PM25,SEDANG,ispu_2024-2025.xls,,
2024-04-26,DKI2,51.0,65.0,55.0,8.0,23.0,22.0,65.0,PM25,SEDANG,ispu_2024-2025.xls,,
2024-04-27,DKI2,59.0,76.0,55.0,10.0,17.0,47.0,76.0,PM25,SEDANG,ispu_2024-2025.xls,,
2024-04-28,DKI2,52.0,73.0,55.0,13.0,24.0,43.0,73.0,PM25,SEDANG,ispu_2024-2025.xls,,
2024-04-29,DKI2,55.0,68.0,55.0,5.0,28.0,9.0,68.0,PM25,SEDANG,ispu_2024-2025.xls,,
2024-04-30,DKI2,52.0,72.0,55.0,6.0,25.0,12.0,72.0,PM25,SEDANG,ispu_2024-2025.xls,,
2024-05-01,DKI2,51.0,66.0,55.0,6.0,24.0,13.0,66.0,PM25,SEDANG,ispu_2024-2025.xls,,
2024-05-02,DKI2,60.0,79.0,55.0,7.0,24.0,11.0,79.0,PM25,SEDANG,ispu_2024-2025.xls,,
2024-05-03,DKI2,59.0,83.0,55.0,8.0,32.0,14.0,83.0,PM25,SEDANG,ispu_2024-2025.xls,,
2024-05-04,DKI2,65.0,89.0,55.0,12.0,22.0,24.0,89.0,PM25,SEDANG,ispu_2024-2025.xls,,
2024-05-05,DKI2,64.0,94.0,56.0,18.0,20.0,43.0,94.0,PM25,SEDANG,ispu_2024-2025.xls,,
2024-05-06,DKI2,69.0,90.0,55.0,10.0,25.0,19.0,90.0,PM25,SEDANG,ispu_2024-2025.xls,,
2024-05-07,DKI2,72.0,97.0,55.0,12.0,21.0,27.0,97.0,PM25,SEDANG,ispu_2024-2025.xls,,
2024-05-08,DKI2,65.0,89.0,55.0,8.0,24.0,18.0,89.0,PM25,SEDANG,ispu_2024-2025.xls,,
2024-05-09,DKI2,72.0,103.0,55.0,11.0,24.0,19.0,103.0,PM25,TIDAK SEHAT,ispu_2024-2025.xls,,
2024-05-10,DKI2,68.0,103.0,55.0,8.0,23.0,13.0,103.0,PM25,TIDAK SEHAT,ispu_2024-2025.xls,,
2024-05-11,DKI2,64.0,92.0,54.0,7.0,24.0,16.0,92.0,PM25,SEDANG,ispu_2024-2025.xls,,
2024-05-12,DKI2,65.0,89.0,54.0,8.0,21.0,16.0,89.0,PM25,SEDANG,ispu_2024-2025.xls,,
2024-05-13,DKI2,60.0,81.0,54.0,8.0,21.0,20.0,81.0,PM25,SEDANG,ispu_2024-2025.xls,,
2024-05-14,DKI2,68.0,99.0,55.0,9.0,27.0,15.0,99.0,PM25,SEDANG,ispu_2024-2025.xls,,
2024-05-15,DKI2,64.0,78.0,55.0,9.0,19.0,17.0,78.0,PM25,SEDANG,ispu_2024-2025.xls,,
2024-05-16,DKI2,77.0,115.0,56.0,8.0,20.0,12.0,115.0,PM25,TIDAK SEHAT,ispu_2024-2025.xls,,
2024-05-17,DKI2,72.0,102.0,56.0,12.0,20.0,20.0,102.0,PM25,TIDAK SEHAT,ispu_2024-2025.xls,,
2024-05-18,DKI2,75.0,110.0,56.0,17.0,21.0,29.0,110.0,PM25,TIDAK SEHAT,ispu_2024-2025.xls,,
2024-05-19,DKI2,67.0,95.0,56.0,14.0,22.0,19.0,95.0,PM25,SEDANG,ispu_2024-2025.xls,,
2024-05-20,DKI2,71.0,99.0,56.0,12.0,24.0,12.0,99.0,PM25,SEDANG,ispu_2024-2025.xls,,
2024-05-21,DKI2,77.0,106.0,57.0,12.0,25.0,16.0,106.0,PM25,TIDAK SEHAT,ispu_2024-2025.xls,,
2024-05-22,DKI2,80.0,106.0,56.0,11.0,24.0,12.0,106.0,PM25,TIDAK SEHAT,ispu_2024-2025.xls,,
2024-05-23,DKI2,71.0,91.0,56.0,10.0,19.0,19.0,91.0,PM25,SEDANG,ispu_2024-2025.xls,,
2024-05-24,DKI2,60.0,81.0,56.0,11.0,16.0,20.0,81.0,PM25,SEDANG,ispu_2024-2025.xls,,
2024-05-25,DKI2,35.0,55.0,55.0,10.0,14.0,15.0,55.0,PM25,SEDANG,ispu_2024-2025.xls,,
2024-05-26,DKI2,59.0,78.0,56.0,17.0,16.0,34.0,78.0,PM25,SEDANG,ispu_2024-2025.xls,,
2024-05-27,DKI2,70.0,97.0,56.0,12.0,24.0,15.0,97.0,PM25,SEDANG,ispu_2024-2025.xls,,
2024-05-28,DKI2,79.0,106.0,56.0,12.0,22.0,18.0,106.0,PM25,TIDAK SEHAT,ispu_2024-2025.xls,,
2024-05-29,DKI2,67.0,91.0,56.0,9.0,21.0,16.0,91.0,PM25,SEDANG,ispu_2024-2025.xls,,
2024-05-30,DKI2,66.0,98.0,57.0,10.0,20.0,15.0,98.0,PM25,SEDANG,ispu_2024-2025.xls,,
2024-05-31,DKI2,74.0,107.0,56.0,11.0,24.0,13.0,107.0,PM25,TIDAK SEHAT,ispu_2024-2025.xls,,
2024-06-01,DKI2,74.0,106.0,56.0,13.0,23.0,18.0,106.0,PM25,TIDAK SEHAT,ispu_2024-2025.xls,,
2024-06-02,DKI2,70.0,98.0,57.0,18.0,20.0,26.0,98.0,PM25,SEDANG,ispu_2024-2025.xls,,
2024-06-03,DKI2,48.0,61.0,55.0,10.0,18.0,17.0,61.0,PM25,SEDANG,ispu_2024-2025.xls,,
2024-06-04,DKI2,57.0,80.0,56.0,14.0,17.0,26.0,80.0,PM25,SEDANG,ispu_2024-2025.xls,,
2024-06-05,DKI2,70.0,97.0,56.0,15.0,21.0,28.0,97.0,PM25,SEDANG,ispu_2024-2025.xls,,
2024-06-06,DKI2,62.0,87.0,56.0,12.0,21.0,18.0,87.0,PM25,SEDANG,ispu_2024-2025.xls,,
2024-06-07,DKI2,65.0,88.0,57.0,10.0,24.0,14.0,88.0,PM25,SEDANG,ispu_2024-2025.xls,,
2024-06-08,DKI2,68.0,94.0,56.0,12.0,22.0,21.0,94.0,PM25,SEDANG,ispu_2024-2025.xls,,
2024-06-09,DKI2,61.0,82.0,56.0,9.0,26.0,7.0,82.0,PM25,SEDANG,ispu_2024-2025.xls,,
2024-06-10,DKI2,66.0,96.0,57.0,17.0,18.0,30.0,96.0,PM25,SEDANG,ispu_2024-2025.xls,,
2024-06-11,DKI2,58.0,99.0,60.0,11.0,19.0,21.0,99.0,PM25,SEDANG,ispu_2024-2025.xls,,
2024-06-12,DKI2,58.0,86.0,57.0,21.0,14.0,46.0,86.0,PM25,SEDANG,ispu_2024-2025.xls,,
2024-06-13,DKI2,57.0,69.0,56.0,14.0,16.0,38.0,69.0,PM25,SEDANG,ispu_2024-2025.xls,,
2024-06-14,DKI2,60.0,77.0,57.0,9.0,18.0,26.0,77.0,PM25,SEDANG,ispu_2024-2025.xls,,
2024-06-15,DKI2,55.0,77.0,56.0,10.0,23.0,25.0,77.0,PM25,SEDANG,ispu_2024-2025.xls,,
2024-06-16,DKI2,54.0,68.0,55.0,12.0,28.0,26.0,68.0,PM25,SEDANG,ispu_2024-2025.xls,,
2024-06-17,DKI2,56.0,77.0,55.0,11.0,22.0,23.0,77.0,PM25,SEDANG,ispu_2024-2025.xls,,
2024-06-18,DKI2,57.0,110.0,58.0,12.0,22.0,18.0,110.0,PM25,TIDAK SEHAT,ispu_2024-2025.xls,,
2024-06-19,DKI2,74.0,107.0,57.0,19.0,16.0,36.0,107.0,PM25,TIDAK SEHAT,ispu_2024-2025.xls,,
2024-06-20,DKI2,67.0,94.0,57.0,11.0,22.0,17.0,94.0,PM25,SEDANG,ispu_2024-2025.xls,,
2024-06-21,DKI2,75.0,106.0,58.0,14.0,25.0,29.0,106.0,PM25,TIDAK SEHAT,ispu_2024-2025.xls,,
2024-06-22,DKI2,76.0,103.0,57.0,12.0,26.0,20.0,103.0,PM25,TIDAK SEHAT,ispu_2024-2025.xls,,
2024-06-23,DKI2,83.0,104.0,59.0,13.0,20.0,23.0,104.0,PM25,TIDAK SEHAT,ispu_2024-2025.xls,,
2024-06-24,DKI2,67.0,99.0,57.0,15.0,20.0,24.0,99.0,PM25,SEDANG,ispu_2024-2025.xls,,
2024-06-25,DKI2,67.0,84.0,57.0,11.0,16.0,20.0,84.0,PM25,SEDANG,ispu_2024-2025.xls,,
2024-06-26,DKI2,63.0,76.0,57.0,17.0,12.0,52.0,76.0,PM25,SEDANG,ispu_2024-2025.xls,,
2024-06-27,DKI2,74.0,96.0,57.0,10.0,16.0,23.0,96.0,PM25,SEDANG,ispu_2024-2025.xls,,
2024-06-28,DKI2,59.0,75.0,57.0,10.0,14.0,21.0,75.0,PM25,SEDANG,ispu_2024-2025.xls,,
2024-06-29,DKI2,60.0,82.0,59.0,16.0,12.0,42.0,82.0,PM25,SEDANG,ispu_2024-2025.xls,,
2024-06-30,DKI2,55.0,68.0,58.0,17.0,14.0,42.0,68.0,PM25,SEDANG,ispu_2024-2025.xls,,
2024-07-01,DKI2,61.0,92.0,57.0,15.0,22.0,26.0,92.0,PM25,SEDANG,ispu_2024-2025.xls,,
2024-07-02,DKI2,59.0,74.0,58.0,12.0,17.0,26.0,74.0,PM25,SEDANG,ispu_2024-2025.xls,,
2024-07-03,DKI2,71.0,103.0,57.0,18.0,21.0,48.0,103.0,PM25,TIDAK SEHAT,ispu_2024-2025.xls,,
2024-07-04,DKI2,59.0,76.0,56.0,21.0,19.0,54.0,76.0,PM25,SEDANG,ispu_2024-2025.xls,,
2024-07-05,DKI2,53.0,70.0,57.0,15.0,13.0,48.0,70.0,PM25,SEDANG,ispu_2024-2025.xls,,
2024-07-06,DKI2,33.0,47.0,57.0,10.0,10.0,25.0,57.0,SO2,SEDANG,ispu_2024-2025.xls,,
2024-07-07,DKI2,35.0,53.0,58.0,15.0,13.0,44.0,58.0,SO2,SEDANG,ispu_2024-2025.xls,,
2024-07-08,DKI2,42.0,56.0,58.0,11.0,15.0,23.0,58.0,SO2,SEDANG,ispu_2024-2025.xls,,
2024-07-09,DKI2,39.0,65.0,57.0,12.0,19.0,32.0,65.0,PM25,SEDANG,ispu_2024-2025.xls,,
2024-07-10,DKI2,62.0,79.0,57.0,10.0,22.0,25.0,79.0,PM25,SEDANG,ispu_2024-2025.xls,,
2024-07-11,DKI2,67.0,101.0,57.0,16.0,24.0,40.0,101.0,PM25,TIDAK SEHAT,ispu_2024-2025.xls,,
2024-07-12,DKI2,70.0,98.0,57.0,12.0,29.0,31.0,98.0,PM25,SEDANG,ispu_2024-2025.xls,,
2024-07-13,DKI2,79.0,109.0,60.0,17.0,24.0,46.0,109.0,PM25,TIDAK SEHAT,ispu_2024-2025.xls,,
2024-07-14,DKI2,65.0,90.0,57.0,14.0,28.0,27.0,90.0,PM25,SEDANG,ispu_2024-2025.xls,,
2024-07-15,DKI2,66.0,96.0,57.0,15.0,33.0,32.0,96.0,PM25,SEDANG,ispu_2024-2025.xls,,
2024-07-16,DKI2,66.0,96.0,57.0,14.0,31.0,31.0,96.0,PM25,SEDANG,ispu_2024-2025.xls,,
2024-07-17,DKI2,71.0,97.0,58.0,13.0,26.0,30.0,97.0,PM25,SEDANG,ispu_2024-2025.xls,,
2024-07-18,DKI2,71.0,95.0,58.0,11.0,30.0,17.0,95.0,PM25,SEDANG,ispu_2024-2025.xls,,
2024-07-19,DKI2,66.0,89.0,58.0,11.0,26.0,20.0,89.0,PM25,SEDANG,ispu_2024-2025.xls,,
2024-07-20,DKI2,67.0,87.0,58.0,11.0,27.0,23.0,87.0,PM25,SEDANG,ispu_2024-2025.xls,,
2024-07-21,DKI2,63.0,89.0,57.0,11.0,30.0,16.0,89.0,PM25,SEDANG,ispu_2024-2025.xls,,
2024-07-22,DKI2,58.0,78.0,57.0,11.0,39.0,15.0,78.0,PM25,SEDANG,ispu_2024-2025.xls,,
2024-07-23,DKI2,64.0,88.0,57.0,11.0,38.0,23.0,88.0,PM25,SEDANG,ispu_2024-2025.xls,,
2024-07-24,DKI2,80.0,115.0,59.0,12.0,30.0,37.0,115.0,PM25,TIDAK SEHAT,ispu_2024-2025.xls,,
2024-07-25,DKI2,70.0,92.0,57.0,11.0,36.0,28.0,92.0,PM25,SEDANG,ispu_2024-2025.xls,,
2024-07-26,DKI2,64.0,93.0,58.0,11.0,28.0,25.0,93.0,PM25,SEDANG,ispu_2024-2025.xls,,
2024-07-27,DKI2,70.0,100.0,58.0,10.0,28.0,22.0,100.0,PM25,SEDANG,ispu_2024-2025.xls,,
2024-07-28,DKI2,72.0,104.0,58.0,10.0,33.0,17.0,104.0,PM25,TIDAK SEHAT,ispu_2024-2025.xls,,
2024-07-29,DKI2,67.0,93.0,57.0,9.0,31.0,12.0,93.0,PM25,SEDANG,ispu_2024-2025.xls,,
2024-07-30,DKI2,75.0,106.0,58.0,11.0,27.0,27.0,106.0,PM25,TIDAK SEHAT,ispu_2024-2025.xls,,
2024-07-31,DKI2,78.0,110.0,58.0,11.0,30.0,26.0,110.0,PM25,TIDAK SEHAT,ispu_2024-2025.xls,,
2024-08-01,DKI2,65.0,99.0,57.0,10.0,34.0,23.0,99.0,PM25,SEDANG,ispu_2024-2025.xls,,
2024-08-02,DKI2,64.0,86.0,57.0,11.0,28.0,27.0,86.0,PM25,SEDANG,ispu_2024-2025.xls,,
2024-08-03,DKI2,56.0,70.0,58.0,9.0,21.0,31.0,70.0,PM25,SEDANG,ispu_2024-2025.xls,,
2024-08-04,DKI2,54.0,83.0,58.0,13.0,23.0,37.0,83.0,PM25,SEDANG,ispu_2024-2025.xls,,
2024-08-05,DKI2,56.0,80.0,57.0,12.0,28.0,24.0,80.0,PM25,SEDANG,ispu_2024-2025.xls,,
2024-08-06,DKI2,61.0,83.0,58.0,10.0,25.0,23.0,83.0,PM25,SEDANG,ispu_2024-2025.xls,,
2024-08-07,DKI2,62.0,92.0,57.0,10.0,33.0,20.0,92.0,PM25,SEDANG,ispu_2024-2025.xls,,
2024-08-08,DKI2,74.0,107.0,59.0,12.0,25.0,32.0,107.0,PM25,TIDAK SEHAT,ispu_2024-2025.xls,,
2024-08-09,DKI2,67.0,91.0,57.0,10.0,23.0,20.0,91.0,PM25,SEDANG,ispu_2024-2025.xls,,
2024-08-10,DKI2,60.0,85.0,57.0,9.0,23.0,17.0,85.0,PM25,SEDANG,ispu_2024-2025.xls,,
2024-08-11,DKI2,59.0,79.0,57.0,8.0,30.0,12.0,79.0,PM25,SEDANG,ispu_2024-2025.xls,,
2024-08-12,DKI2,55.0,83.0,57.0,9.0,28.0,14.0,83.0,PM25,SEDANG,ispu_2024-2025.xls,,
2024-08-13,DKI2,66.0,102.0,59.0,13.0,29.0,34.0,102.0,PM25,TIDAK SEHAT,ispu_2024-2025.xls,,
2024-08-14,DKI2,71.0,100.0,58.0,11.0,30.0,29.0,100.0,PM25,SEDANG,ispu_2024-2025.xls,,
2024-08-15,DKI2,67.0,93.0,57.0,10.0,40.0,22.0,93.0,PM25,SEDANG,ispu_2024-2025.xls,,
2024-08-16,DKI2,65.0,91.0,58.0,11.0,36.0,27.0,91.0,PM25,SEDANG,ispu_2024-2025.xls,,
2024-08-17,DKI2,70.0,95.0,58.0,8.0,34.0,17.0,95.0,PM25,SEDANG,ispu_2024-2025.xls,,
2024-08-18,DKI2,64.0,89.0,58.0,7.0,32.0,10.0,89.0,PM25,SEDANG,ispu_2024-2025.xls,,
2024-08-19,DKI2,61.0,87.0,58.0,8.0,35.0,14.0,87.0,PM25,SEDANG,ispu_2024-2025.xls,,
2024-08-20,DKI2,68.0,97.0,58.0,9.0,31.0,20.0,97.0,PM25,SEDANG,ispu_2024-2025.xls,,
2024-08-21,DKI2,73.0,102.0,58.0,9.0,33.0,23.0,102.0,PM25,TIDAK SEHAT,ispu_2024-2025.xls,,
2024-08-22,DKI2,65.0,91.0,59.0,9.0,28.0,22.0,91.0,PM25,SEDANG,ispu_2024-2025.xls,,
2024-08-23,DKI2,57.0,79.0,57.0,7.0,29.0,9.0,79.0,PM25,SEDANG,ispu_2024-2025.xls,,
2024-08-24,DKI2,66.0,101.0,58.0,10.0,28.0,27.0,101.0,PM25,TIDAK SEHAT,ispu_2024-2025.xls,,
2024-08-25,DKI2,65.0,93.0,58.0,9.0,30.0,17.0,93.0,PM25,SEDANG,ispu_2024-2025.xls,,
2024-08-26,DKI2,54.0,82.0,58.0,9.0,35.0,18.0,82.0,PM25,SEDANG,ispu_2024-2025.xls,,
2024-08-27,DKI2,70.0,106.0,58.0,12.0,36.0,31.0,106.0,PM25,TIDAK SEHAT,ispu_2024-2025.xls,,
2024-08-28,DKI2,71.0,94.0,58.0,9.0,32.0,29.0,94.0,PM25,SEDANG,ispu_2024-2025.xls,,
2024-08-29,DKI2,70.0,101.0,58.0,9.0,43.0,25.0,101.0,PM25,TIDAK SEHAT,ispu_2024-2025.xls,,
2024-08-30,DKI2,68.0,93.0,58.0,11.0,28.0,34.0,93.0,PM25,SEDANG,ispu_2024-2025.xls,,
2024-08-31,DKI2,59.0,80.0,58.0,8.0,31.0,22.0,80.0,PM25,SEDANG,ispu_2024-2025.xls,,
2024-09-01,DKI2,57.0,74.0,58.0,7.0,32.0,11.0,74.0,PM25,SEDANG,ispu_2024-2025.xls,,
2024-09-02,DKI2,,73.0,58.0,7.0,35.0,6.0,73.0,PM25,SEDANG,ispu_2024-2025.xls,,
2024-09-03,DKI2,55.0,100.0,58.0,12.0,31.0,36.0,100.0,PM25,SEDANG,ispu_2024-2025.xls,,
2024-09-04,DKI2,56.0,89.0,58.0,9.0,34.0,17.0,89.0,PM25,SEDANG,ispu_2024-2025.xls,,
2024-09-05,DKI2,52.0,74.0,58.0,8.0,28.0,14.0,74.0,PM25,SEDANG,ispu_2024-2025.xls,,
2024-09-06,DKI2,61.0,82.0,59.0,10.0,25.0,26.0,82.0,PM25,SEDANG,ispu_2024-2025.xls,,
2024-09-07,DKI2,60.0,81.0,58.0,8.0,28.0,11.0,81.0,PM25,SEDANG,ispu_2024-2025.xls,,
2024-09-08,DKI2,57.0,76.0,58.0,9.0,26.0,13.0,76.0,PM25,SEDANG,ispu_2024-2025.xls,,
2024-09-09,DKI2,55.0,72.0,59.0,8.0,24.0,14.0,72.0,PM25,SEDANG,ispu_2024-2025.xls,,
2024-09-10,DKI2,61.0,79.0,60.0,15.0,15.0,44.0,79.0,PM25,SEDANG,ispu_2024-2025.xls,,
2024-09-11,DKI2,47.0,63.0,59.0,9.0,18.0,25.0,63.0,PM25,SEDANG,ispu_2024-2025.xls,,
2024-09-12,DKI2,58.0,83.0,59.0,10.0,33.0,21.0,83.0,PM25,SEDANG,ispu_2024-2025.xls,,
2024-09-13,DKI2,56.0,75.0,58.0,12.0,30.0,30.0,75.0,PM25,SEDANG,ispu_2024-2025.xls,,
2024-09-14,DKI2,63.0,85.0,59.0,13.0,30.0,36.0,85.0,PM25,SEDANG,ispu_2024-2025.xls,,
2024-09-15,DKI2,63.0,82.0,58.0,11.0,28.0,21.0,82.0,PM25,SEDANG,ispu_2024-2025.xls,,
2024-09-16,DKI2,62.0,83.0,58.0,11.0,31.0,20.0,83.0,PM25,SEDANG,ispu_2024-2025.xls,,
2024-09-17,DKI2,65.0,87.0,59.0,11.0,35.0,22.0,87.0,PM25,SEDANG,ispu_2024-2025.xls,,
2024-09-18,DKI2,59.0,84.0,59.0,11.0,32.0,25.0,84.0,PM25,SEDANG,ispu_2024-2025.xls,,
2024-09-19,DKI2,72.0,89.0,59.0,11.0,33.0,35.0,89.0,PM25,SEDANG,ispu_2024-2025.xls,,
2024-09-20,DKI2,67.0,87.0,59.0,8.0,34.0,25.0,87.0,PM25,SEDANG,ispu_2024-2025.xls,,
2024-09-21,DKI2,68.0,89.0,59.0,6.0,33.0,21.0,89.0,PM25,SEDANG,ispu_2024-2025.xls,,
2024-09-22,DKI2,74.0,97.0,59.0,5.0,34.0,14.0,97.0,PM25,SEDANG,ispu_2024-2025.xls,,
2024-09-23,DKI2,67.0,85.0,60.0,9.0,24.0,17.0,85.0,PM25,SEDANG,ispu_2024-2025.xls,,
2024-09-24,DKI2,60.0,74.0,59.0,9.0,21.0,16.0,74.0,PM25,SEDANG,ispu_2024-2025.xls,,
2024-09-25,DKI2,66.0,91.0,59.0,22.0,23.0,57.0,91.0,PM25,SEDANG,ispu_2024-2025.xls,,
2024-09-26,DKI2,57.0,75.0,59.0,15.0,21.0,42.0,75.0,PM25,SEDANG,ispu_2024-2025.xls,,
2024-09-27,DKI2,63.0,79.0,60.0,15.0,20.0,43.0,79.0,PM25,SEDANG,ispu_2024-2025.xls,,
2024-09-28,DKI2,58.0,74.0,59.0,9.0,22.0,15.0,74.0,PM25,SEDANG,ispu_2024-2025.xls,,
2024-09-29,DKI2,61.0,80.0,58.0,12.0,24.0,21.0,80.0,PM25,SEDANG,ispu_2024-2025.xls,,
2024-09-30,DKI2,52.0,67.0,59.0,11.0,22.0,21.0,67.0,PM25,SEDANG,ispu_2024-2025.xls,,
2024-10-01,DKI2,63.0,85.0,59.0,12.0,28.0,22.0,85.0,PM25,SEDANG,ispu_2024-2025.xls,,
2024-10-02,DKI2,67.0,89.0,59.0,12.0,30.0,26.0,89.0,PM25,SEDANG,ispu_2024-2025.xls,,
2024-10-03,DKI2,69.0,96.0,59.0,12.0,25.0,26.0,96.0,PM25,SEDANG,ispu_2024-2025.xls,,
2024-10-04,DKI2,63.0,82.0,59.0,10.0,29.0,18.0,82.0,PM25,SEDANG,ispu_2024-2025.xls,,
2024-10-05,DKI2,62.0,82.0,59.0,15.0,23.0,38.0,82.0,PM25,SEDANG,ispu_2024-2025.xls,,
2024-10-06,DKI2,56.0,75.0,59.0,13.0,28.0,23.0,75.0,PM25,SEDANG,ispu_2024-2025.xls,,
2024-10-07,DKI2,77.0,107.0,60.0,16.0,25.0,35.0,107.0,PM25,TIDAK SEHAT,ispu_2024-2025.xls,,
2024-10-08,DKI2,63.0,84.0,60.0,12.0,25.0,23.0,84.0,PM25,SEDANG,ispu_2024-2025.xls,,
2024-10-09,DKI2,62.0,77.0,59.0,10.0,30.0,15.0,77.0,PM25,SEDANG,ispu_2024-2025.xls,,
2024-10-10,DKI2,69.0,88.0,59.0,11.0,30.0,22.0,88.0,PM25,SEDANG,ispu_2024-2025.xls,,
2024-10-11,DKI2,62.0,77.0,59.0,9.0,28.0,16.0,77.0,PM25,SEDANG,ispu_2024-2025.xls,,
2024-10-12,DKI2,65.0,82.0,60.0,10.0,24.0,19.0,82.0,PM25,SEDANG,ispu_2024-2025.xls,,
2024-10-13,DKI2,62.0,82.0,58.0,12.0,24.0,18.0,82.0,PM25,SEDANG,ispu_2024-2025.xls,,
2024-10-14,DKI2,65.0,82.0,59.0,13.0,26.0,26.0,82.0,PM25,SEDANG,ispu_2024-2025.xls,,
2024-10-15,DKI2,60.0,81.0,59.0,13.0,36.0,25.0,81.0,PM25,SEDANG,ispu_2024-2025.xls,,
2024-10-16,DKI2,78.0,100.0,60.0,16.0,33.0,36.0,100.0,PM25,SEDANG,ispu_2024-2025.xls,,
2024-10-17,DKI2,60.0,77.0,59.0,14.0,32.0,33.0,77.0,PM25,SEDANG,ispu_2024-2025.xls,,
2024-10-18,DKI2,61.0,80.0,59.0,12.0,40.0,23.0,80.0,PM25,SEDANG,ispu_2024-2025.xls,,
2024-10-19,DKI2,78.0,102.0,59.0,13.0,34.0,26.0,102.0,PM25,TIDAK SEHAT,ispu_2024-2025.xls,,
2024-10-20,DKI2,59.0,71.0,59.0,12.0,23.0,21.0,71.0,PM25,SEDANG,ispu_2024-2025.xls,,
2024-10-21,DKI2,51.0,70.0,59.0,12.0,27.0,22.0,70.0,PM25,SEDANG,ispu_2024-2025.xls,,
2024-10-22,DKI2,85.0,106.0,60.0,14.0,34.0,32.0,106.0,PM25,TIDAK SEHAT,ispu_2024-2025.xls,,
2024-10-23,DKI2,68.0,90.0,59.0,11.0,38.0,17.0,90.0,PM25,SEDANG,ispu_2024-2025.xls,,
2024-10-24,DKI2,60.0,74.0,59.0,9.0,29.0,18.0,74.0,PM25,SEDANG,ispu_2024-2025.xls,,
2024-10-25,DKI2,52.0,69.0,59.0,9.0,31.0,18.0,69.0,PM25,SEDANG,ispu_2024-2025.xls,,
2024-10-26,DKI2,59.0,75.0,59.0,13.0,31.0,29.0,75.0,PM25,SEDANG,ispu_2024-2025.xls,,
2024-10-27,DKI2,58.0,77.0,61.0,11.0,32.0,19.0,77.0,PM25,SEDANG,ispu_2024-2025.xls,,
2024-10-28,DKI2,64.0,90.0,60.0,13.0,30.0,22.0,90.0,PM25,SEDANG,ispu_2024-2025.xls,,
2024-10-29,DKI2,65.0,86.0,60.0,14.0,31.0,29.0,86.0,PM25,SEDANG,ispu_2024-2025.xls,,
2024-10-30,DKI2,66.0,87.0,59.0,12.0,34.0,22.0,87.0,PM25,SEDANG,ispu_2024-2025.xls,,
2024-10-31,DKI2,65.0,80.0,59.0,13.0,28.0,26.0,80.0,PM25,SEDANG,ispu_2024-2025.xls,,
2024-11-01,DKI2,62.0,88.0,59.0,15.0,29.0,31.0,88.0,PM25,SEDANG,ispu_2024-2025.xls,,
2024-11-02,DKI2,70.0,89.0,60.0,11.0,25.0,18.0,89.0,PM25,SEDANG,ispu_2024-2025.xls,,
2024-11-03,DKI2,51.0,66.0,59.0,18.0,25.0,39.0,66.0,PM25,SEDANG,ispu_2024-2025.xls,,
2024-11-04,DKI2,52.0,66.0,59.0,15.0,18.0,34.0,66.0,PM25,SEDANG,ispu_2024-2025.xls,,
2024-11-05,DKI2,51.0,70.0,59.0,13.0,22.0,25.0,70.0,PM25,SEDANG,ispu_2024-2025.xls,,
2024-11-06,DKI2,50.0,63.0,59.0,14.0,21.0,29.0,63.0,PM25,SEDANG,ispu_2024-2025.xls,,
2024-11-07,DKI2,60.0,86.0,60.0,12.0,25.0,26.0,86.0,PM25,SEDANG,ispu_2024-2025.xls,,
2024-11-08,DKI2,60.0,91.0,60.0,16.0,30.0,36.0,91.0,PM25,SEDANG,ispu_2024-2025.xls,,
2024-11-09,DKI2,71.0,100.0,60.0,11.0,31.0,25.0,100.0,PM25,SEDANG,ispu_2024-2025.xls,,
2024-11-10,DKI2,60.0,77.0,60.0,20.0,21.0,49.0,77.0,PM25,SEDANG,ispu_2024-2025.xls,,
2024-11-11,DKI2,55.0,70.0,59.0,16.0,23.0,36.0,70.0,PM25,SEDANG,ispu_2024-2025.xls,,
2024-11-12,DKI2,52.0,59.0,60.0,15.0,16.0,39.0,60.0,SO2,SEDANG,ispu_2024-2025.xls,,
2024-11-13,DKI2,61.0,81.0,61.0,13.0,14.0,38.0,81.0,PM25,SEDANG,ispu_2024-2025.xls,,
2024-11-14,DKI2,64.0,96.0,61.0,10.0,15.0,22.0,96.0,PM25,SEDANG,ispu_2024-2025.xls,,
2024-11-15,DKI2,76.0,118.0,62.0,14.0,21.0,27.0,118.0,PM25,TIDAK SEHAT,ispu_2024-2025.xls,,
2024-11-16,DKI2,78.0,113.0,61.0,13.0,20.0,25.0,113.0,PM25,TIDAK SEHAT,ispu_2024-2025.xls,,
2024-11-17,DKI2,100.0,132.0,62.0,24.0,17.0,52.0,132.0,PM25,TIDAK SEHAT,ispu_2024-2025.xls,,
2024-11-18,DKI2,58.0,69.0,60.0,11.0,16.0,19.0,69.0,PM25,SEDANG,ispu_2024-2025.xls,,
2024-11-19,DKI2,50.0,68.0,60.0,16.0,19.0,33.0,68.0,PM25,SEDANG,ispu_2024-2025.xls,,
2024-11-20,DKI2,57.0,71.0,61.0,15.0,23.0,42.0,71.0,PM25,SEDANG,ispu_2024-2025.xls,,
2024-11-21,DKI2,57.0,70.0,,12.0,19.0,29.0,70.0,PM25,SEDANG,ispu_2024-2025.xls,,
2024-11-22,DKI2,43.0,54.0,60.0,11.0,19.0,25.0,60.0,SO2,SEDANG,ispu_2024-2025.xls,,
2024-11-23,DKI2,44.0,58.0,60.0,13.0,20.0,27.0,60.0,SO2,SEDANG,ispu_2024-2025.xls,,
2024-11-24,DKI2,41.0,49.0,60.0,11.0,15.0,20.0,60.0,SO2,SEDANG,ispu_2024-2025.xls,,
2024-11-25,DKI2,36.0,52.0,60.0,12.0,11.0,25.0,60.0,SO2,SEDANG,ispu_2024-2025.xls,,
2024-11-26,DKI2,54.0,63.0,62.0,13.0,16.0,35.0,63.0,PM25,SEDANG,ispu_2024-2025.xls,,
2024-11-27,DKI2,50.0,59.0,61.0,16.0,13.0,41.0,61.0,SO2,SEDANG,ispu_2024-2025.xls,,
2024-11-28,DKI2,30.0,44.0,59.0,13.0,11.0,25.0,59.0,SO2,SEDANG,ispu_2024-2025.xls,,
2024-11-29,DKI2,38.0,53.0,60.0,12.0,11.0,25.0,60.0,SO2,SEDANG,ispu_2024-2025.xls,,
2024-11-30,DKI2,26.0,39.0,59.0,10.0,11.0,21.0,59.0,SO2,SEDANG,ispu_2024-2025.xls,,
2024-12-01,DKI2,29.0,39.0,59.0,10.0,10.0,21.0,59.0,SO2,SEDANG,ispu_2024-2025.xls,,
2024-12-02,DKI2,25.0,32.0,59.0,9.0,10.0,17.0,59.0,SO2,SEDANG,ispu_2024-2025.xls,,
2024-12-03,DKI2,21.0,22.0,59.0,9.0,12.0,14.0,59.0,SO2,SEDANG,ispu_2024-2025.xls,,
2024-12-04,DKI2,25.0,21.0,59.0,10.0,11.0,13.0,59.0,SO2,SEDANG,ispu_2024-2025.xls,,
2024-12-05,DKI2,21.0,21.0,59.0,9.0,11.0,19.0,59.0,SO2,SEDANG,ispu_2024-2025.xls,,
2024-12-06,DKI2,32.0,33.0,60.0,12.0,11.0,25.0,60.0,SO2,SEDANG,ispu_2024-2025.xls,,
2024-12-07,DKI2,71.0,87.0,63.0,26.0,10.0,76.0,87.0,PM25,SEDANG,ispu_2024-2025.xls,,
2024-12-08,DKI2,58.0,68.0,61.0,13.0,14.0,30.0,68.0,PM25,SEDANG,ispu_2024-2025.xls,,
2024-12-09,DKI2,49.0,58.0,60.0,10.0,10.0,35.0,60.0,SO2,SEDANG,ispu_2024-2025.xls,,
2024-12-10,DKI2,39.0,43.0,60.0,15.0,8.0,43.0,60.0,SO2,SEDANG,ispu_2024-2025.xls,,
2024-12-11,DKI2,28.0,36.0,60.0,9.0,12.0,20.0,60.0,SO2,SEDANG,ispu_2024-2025.xls,,
2024-12-12,DKI2,31.0,34.0,61.0,11.0,12.0,,61.0,SO2,SEDANG,ispu_2024-2025.xls,,
2024-12-13,DKI2,36.0,49.0,72.0,10.0,11.0,9.0,72.0,SO2,SEDANG,ispu_2024-2025.xls,,
2024-12-14,DKI2,33.0,48.0,23.0,11.0,12.0,13.0,48.0,PM25,BAIK,ispu_2024-2025.xls,,
2024-12-15,DKI2,25.0,34.0,23.0,10.0,12.0,11.0,34.0,PM25,BAIK,ispu_2024-2025.xls,,
2024-12-16,DKI2,27.0,33.0,22.0,14.0,16.0,12.0,33.0,PM25,BAIK,ispu_2024-2025.xls,,
2024-12-17,DKI2,26.0,38.0,23.0,15.0,14.0,,38.0,PM25,BAIK,ispu_2024-2025.xls,,
2024-12-18,DKI2,33.0,41.0,22.0,13.0,11.0,5.0,41.0,PM25,BAIK,ispu_2024-2025.xls,,
2024-12-19,DKI2,22.0,28.0,24.0,12.0,9.0,5.0,28.0,PM25,BAIK,ispu_2024-2025.xls,,
2024-12-20,DKI2,33.0,32.0,24.0,16.0,9.0,,33.0,PM10,BAIK,ispu_2024-2025.xls,,
2024-12-21,DKI2,31.0,40.0,22.0,14.0,10.0,,40.0,PM25,BAIK,ispu_2024-2025.xls,,
2024-12-22,DKI2,36.0,53.0,22.0,15.0,11.0,,53.0,PM25,SEDANG,ispu_2024-2025.xls,,
2024-12-23,DKI2,39.0,46.0,21.0,14.0,12.0,,46.0,PM25,BAIK,ispu_2024-2025.xls,,
2024-12-24,DKI2,49.0,63.0,23.0,20.0,14.0,17.0,63.0,PM25,SEDANG,ispu_2024-2025.xls,,
2024-12-25,DKI2,43.0,50.0,22.0,16.0,12.0,15.0,50.0,PM25,BAIK,ispu_2024-2025.xls,,
2024-12-26,DKI2,46.0,58.0,22.0,20.0,12.0,21.0,58.0,PM25,SEDANG,ispu_2024-2025.xls,,
2024-12-27,DKI2,41.0,55.0,24.0,15.0,12.0,11.0,55.0,PM25,SEDANG,ispu_2024-2025.xls,,
2024-12-28,DKI2,46.0,59.0,25.0,14.0,12.0,15.0,59.0,PM25,SEDANG,ispu_2024-2025.xls,,
2024-12-29,DKI2,49.0,61.0,26.0,13.0,14.0,12.0,61.0,PM25,SEDANG,ispu_2024-2025.xls,,
2024-12-30,DKI2,34.0,50.0,21.0,11.0,14.0,11.0,50.0,PM25,BAIK,ispu_2024-2025.xls,,
2024-12-31,DKI2,29.0,35.0,22.0,11.0,12.0,13.0,35.0,PM25,BAIK,ispu_2024-2025.xls,,
2025-01-01,DKI2,48.0,60.0,25.0,13.0,12.0,13.0,60.0,PM25,SEDANG,ispu_2024-2025.xls,,
2025-01-02,DKI2,29.0,38.0,23.0,11.0,12.0,12.0,38.0,PM25,BAIK,ispu_2024-2025.xls,,
2025-01-03,DKI2,51.0,60.0,26.0,13.0,12.0,16.0,60.0,PM25,SEDANG,ispu_2024-2025.xls,,
2025-01-04,DKI2,37.0,48.0,24.0,10.0,11.0,14.0,48.0,PM25,BAIK,ispu_2024-2025.xls,,
2025-01-05,DKI2,29.0,51.0,22.0,11.0,10.0,16.0,51.0,PM25,SEDANG,ispu_2024-2025.xls,,
2025-01-06,DKI2,56.0,71.0,25.0,18.0,11.0,36.0,71.0,PM25,SEDANG,ispu_2024-2025.xls,,
2025-01-07,DKI2,32.0,37.0,24.0,12.0,11.0,17.0,37.0,PM25,BAIK,ispu_2024-2025.xls,,
2025-01-08,DKI2,29.0,36.0,24.0,11.0,10.0,19.0,36.0,PM25,BAIK,ispu_2024-2025.xls,,
2025-01-09,DKI2,22.0,23.0,21.0,11.0,12.0,17.0,23.0,PM25,BAIK,ispu_2024-2025.xls,,
2025-01-10,DKI2,47.0,56.0,23.0,16.0,14.0,15.0,56.0,PM25,SEDANG,ispu_2024-2025.xls,,
2025-01-11,DKI2,39.0,55.0,22.0,11.0,19.0,8.0,55.0,PM25,SEDANG,ispu_2024-2025.xls,,
2025-01-12,DKI2,44.0,55.0,24.0,11.0,14.0,10.0,55.0,PM25,SEDANG,ispu_2024-2025.xls,,
2025-01-13,DKI2,26.0,33.0,22.0,11.0,12.0,12.0,33.0,PM25,BAIK,ispu_2024-2025.xls,,
2025-01-14,DKI2,28.0,32.0,23.0,11.0,10.0,15.0,32.0,PM25,BAIK,ispu_2024-2025.xls,,
2025-01-15,DKI2,30.0,43.0,24.0,13.0,11.0,26.0,43.0,PM25,BAIK,ispu_2024-2025.xls,,
2025-01-16,DKI2,36.0,48.0,25.0,10.0,10.0,17.0,48.0,PM25,BAIK,ispu_2024-2025.xls,,
2025-01-17,DKI2,32.0,47.0,25.0,9.0,11.0,12.0,47.0,PM25,BAIK,ispu_2024-2025.xls,,
2025-01-18,DKI2,24.0,35.0,21.0,10.0,12.0,13.0,35.0,PM25,BAIK,ispu_2024-2025.xls,,
2025-01-19,DKI2,33.0,39.0,24.0,10.0,11.0,17.0,39.0,PM25,BAIK,ispu_2024-2025.xls,,
2025-01-20,DKI2,26.0,37.0,26.0,10.0,12.0,12.0,37.0,PM25,BAIK,ispu_2024-2025.xls,,
2025-01-21,DKI2,39.0,53.0,21.0,17.0,9.0,23.0,53.0,PM25,SEDANG,ispu_2024-2025.xls,,
2025-01-22,DKI2,36.0,52.0,24.0,14.0,9.0,22.0,52.0,PM25,SEDANG,ispu_2024-2025.xls,,
2025-01-23,DKI2,35.0,46.0,21.0,8.0,13.0,11.0,46.0,PM25,BAIK,ispu_2024-2025.xls,,
2025-01-24,DKI2,52.0,68.0,26.0,14.0,11.0,20.0,68.0,PM25,SEDANG,ispu_2024-2025.xls,,
2025-01-25,DKI2,47.0,57.0,24.0,15.0,11.0,35.0,57.0,PM25,SEDANG,ispu_2024-2025.xls,,
2025-01-26,DKI2,47.0,57.0,24.0,12.0,10.0,19.0,57.0,PM25,SEDANG,ispu_2024-2025.xls,,
2025-01-27,DKI2,29.0,49.0,22.0,7.0,9.0,14.0,49.0,PM25,BAIK,ispu_2024-2025.xls,,
2025-01-28,DKI2,33.0,36.0,22.0,7.0,9.0,13.0,36.0,PM25,BAIK,ispu_2024-2025.xls,,
2025-01-29,DKI2,27.0,30.0,21.0,8.0,12.0,12.0,30.0,PM25,BAIK,ispu_2024-2025.xls,,
2025-01-30,DKI2,,26.0,20.0,6.0,20.0,11.0,26.0,PM25,BAIK,ispu_2024-2025.xls,,
2025-01-31,DKI2,51.0,41.0,20.0,8.0,16.0,10.0,51.0,PM10,SEDANG,ispu_2024-2025.xls,,
2025-02-01,DKI2,51.0,33.0,20.0,6.0,17.0,7.0,51.0,PM10,SEDANG,ispu_2024-2025.xls,,
2025-02-02,DKI2,38.0,35.0,20.0,5.0,19.0,9.0,38.0,PM10,BAIK,ispu_2024-2025.xls,,
2025-02-03,DKI2,39.0,37.0,20.0,5.0,21.0,10.0,39.0,PM10,BAIK,ispu_2024-2025.xls,,
2025-02-04,DKI2,52.0,61.0,21.0,7.0,16.0,10.0,61.0,PM25,SEDANG,ispu_2024-2025.xls,,
2025-02-05,DKI2,42.0,42.0,23.0,7.0,11.0,14.0,42.0,PM10,BAIK,ispu_2024-2025.xls,,
2025-02-06,DKI2,40.0,51.0,21.0,4.0,14.0,11.0,51.0,PM25,SEDANG,ispu_2024-2025.xls,,
2025-02-07,DKI2,35.0,44.0,21.0,6.0,15.0,15.0,44.0,PM25,BAIK,ispu_2024-2025.xls,,
2025-02-08,DKI2,42.0,50.0,21.0,6.0,14.0,9.0,50.0,PM25,BAIK,ispu_2024-2025.xls,,
2025-02-09,DKI2,34.0,33.0,22.0,4.0,15.0,9.0,34.0,PM10,BAIK,ispu_2024-2025.xls,,
2025-02-10,DKI2,36.0,35.0,21.0,3.0,15.0,10.0,36.0,PM10,BAIK,ispu_2024-2025.xls,,
2025-02-11,DKI2,34.0,37.0,22.0,4.0,15.0,11.0,37.0,PM25,BAIK,ispu_2024-2025.xls,,
2025-02-12,DKI2,53.0,71.0,30.0,5.0,19.0,7.0,71.0,PM25,SEDANG,ispu_2024-2025.xls,,
2025-02-13,DKI2,65.0,79.0,31.0,4.0,20.0,13.0,79.0,PM25,SEDANG,ispu_2024-2025.xls,,
2025-02-14,DKI2,56.0,70.0,31.0,2.0,17.0,11.0,70.0,PM25,SEDANG,ispu_2024-2025.xls,,
2025-02-15,DKI2,37.0,51.0,29.0,,9.0,17.0,51.0,PM25,SEDANG,ispu_2024-2025.xls,,
2025-02-16,DKI2,,,,,,,0.0,,TIDAK ADA DATA,ispu_2024-2025.xls,,
2025-02-17,DKI2,39.0,56.0,29.0,,8.0,21.0,56.0,,SEDANG,ispu_2024-2025.xls,,
2025-02-18,DKI2,49.0,69.0,31.0,29.0,7.0,50.0,69.0,,SEDANG,ispu_2024-2025.xls,,
2025-02-19,DKI2,,67.0,31.0,29.0,8.0,29.0,67.0,PM25,SEDANG,ispu_2024-2025.xls,,
2025-02-20,DKI2,26.0,41.0,29.0,13.0,11.0,15.0,41.0,PM25,BAIK,ispu_2024-2025.xls,,
2025-02-21,DKI2,,63.0,32.0,17.0,15.0,8.0,63.0,PM25,SEDANG,ispu_2024-2025.xls,,
2025-02-22,DKI2,,56.0,32.0,19.0,12.0,15.0,56.0,PM25,SEDANG,ispu_2024-2025.xls,,
2025-02-23,DKI2,,63.0,32.0,19.0,10.0,15.0,63.0,PM25,SEDANG,ispu_2024-2025.xls,,
2025-02-24,DKI2,,43.0,30.0,15.0,19.0,8.0,43.0,PM25,BAIK,ispu_2024-2025.xls,,
2025-02-25,DKI2,31.0,51.0,40.0,16.0,17.0,21.0,51.0,PM25,SEDANG,ispu_2024-2025.xls,,
2025-02-26,DKI2,54.0,61.0,35.0,19.0,9.0,18.0,61.0,PM25,SEDANG,ispu_2024-2025.xls,,
2025-02-27,DKI2,64.0,83.0,31.0,22.0,11.0,24.0,83.0,PM25,SEDANG,ispu_2024-2025.xls,,
2025-02-28,DKI2,41.0,59.0,28.0,20.0,11.0,10.0,59.0,PM25,SEDANG,ispu_2024-2025.xls,,
2025-03-01,DKI2,49.0,73.0,,,,,73.0,PM25,SEDANG,ispu_2024-2025.xls,,
2025-03-02,DKI2,51.0,68.0,30.0,16.0,25.0,7.0,68.0,PM25,SEDANG,ispu_2024-2025.xls,,
2025-03-03,DKI2,43.0,56.0,29.0,17.0,16.0,10.0,56.0,PM25,SEDANG,ispu_2024-2025.xls,,
2025-03-04,DKI2,32.0,51.0,30.0,15.0,18.0,7.0,51.0,PM25,SEDANG,ispu_2024-2025.xls,,
2025-03-05,DKI2,52.0,63.0,37.0,16.0,17.0,15.0,63.0,PM25,SEDANG,ispu_2024-2025.xls,,
2025-03-06,DKI2,60.0,83.0,31.0,20.0,20.0,15.0,83.0,PM25,SEDANG,ispu_2024-2025.xls,,
2025-03-07,DKI2,31.0,34.0,28.0,13.0,15.0,12.0,34.0,PM25,BAIK,ispu_2024-2025.xls,,
2025-03-08,DKI2,51.0,67.0,31.0,17.0,22.0,8.0,67.0,PM25,SEDANG,ispu_2024-2025.xls,,
2025-03-09,DKI2,59.0,75.0,34.0,23.0,15.0,11.0,75.0,PM25,SEDANG,ispu_2024-2025.xls,,
2025-03-10,DKI2,51.0,69.0,31.0,22.0,15.0,15.0,69.0,PM25,SEDANG,ispu_2024-2025.xls,,
2025-03-11,DKI2,,,,,,,0.0,,TIDAK ADA DATA,ispu_2024-2025.xls,,
2025-03-12,DKI2,37.0,56.0,31.0,14.0,13.0,10.0,56.0,PM25,SEDANG,ispu_2024-2025.xls,,
2025-03-13,DKI2,48.0,58.0,31.0,14.0,13.0,11.0,58.0,PM25,SEDANG,ispu_2024-2025.xls,,
2025-03-14,DKI2,51.0,62.0,30.0,16.0,12.0,13.0,62.0,PM25,SEDANG,ispu_2024-2025.xls,,
2025-03-15,DKI2,26.0,37.0,28.0,14.0,11.0,14.0,37.0,PM25,BAIK,ispu_2024-2025.xls,,
2025-03-16,DKI2,31.0,47.0,,,,,47.0,PM25,BAIK,ispu_2024-2025.xls,,
2025-03-17,DKI2,36.0,49.0,29.0,14.0,10.0,15.0,49.0,PM25,BAIK,ispu_2024-2025.xls,,
2025-03-18,DKI2,25.0,29.0,28.0,15.0,12.0,12.0,29.0,PM25,BAIK,ispu_2024-2025.xls,,
2025-03-19,DKI2,32.0,52.0,29.0,15.0,13.0,9.0,52.0,PM25,SEDANG,ispu_2024-2025.xls,,
2025-03-20,DKI2,37.0,53.0,29.0,13.0,16.0,8.0,53.0,PM25,SEDANG,ispu_2024-2025.xls,,
2025-03-21,DKI2,37.0,50.0,28.0,13.0,17.0,8.0,50.0,PM25,BAIK,ispu_2024-2025.xls,,
2025-03-22,DKI2,39.0,53.0,28.0,14.0,18.0,9.0,53.0,PM25,SEDANG,ispu_2024-2025.xls,,
2025-03-23,DKI2,46.0,56.0,28.0,21.0,13.0,15.0,56.0,PM25,SEDANG,ispu_2024-2025.xls,,
2025-03-24,DKI2,39.0,47.0,28.0,15.0,15.0,9.0,47.0,PM25,BAIK,ispu_2024-2025.xls,,
2025-03-25,DKI2,35.0,39.0,28.0,16.0,11.0,13.0,39.0,PM25,BAIK,ispu_2024-2025.xls,,
2025-03-26,DKI2,51.0,61.0,28.0,20.0,13.0,16.0,61.0,PM25,SEDANG,ispu_2024-2025.xls,,
2025-03-27,DKI2,54.0,60.0,28.0,16.0,15.0,12.0,60.0,PM25,SEDANG,ispu_2024-2025.xls,,
2025-03-28,DKI2,37.0,49.0,28.0,16.0,12.0,13.0,49.0,PM25,BAIK,ispu_2024-2025.xls,,
2025-03-29,DKI2,20.0,21.0,28.0,12.0,12.0,12.0,28.0,SO2,BAIK,ispu_2024-2025.xls,,
2025-03-30,DKI2,26.0,30.0,28.0,13.0,12.0,13.0,30.0,PM25,BAIK,ispu_2024-2025.xls,,
2025-03-31,DKI2,22.0,25.0,28.0,12.0,12.0,12.0,28.0,SO2,BAIK,ispu_2024-2025.xls,,
2025-04-01,DKI2,20.0,24.0,29.0,13.0,10.0,13.0,29.0,SO2,BAIK,ispu_2024-2025.xls,,
2025-04-02,DKI2,25.0,28.0,28.0,16.0,11.0,12.0,28.0,PM25,BAIK,ispu_2024-2025.xls,,
2025-04-03,DKI2,27.0,44.0,29.0,16.0,13.0,17.0,44.0,PM25,BAIK,ispu_2024-2025.xls,,
2025-04-04,DKI2,30.0,45.0,28.0,13.0,19.0,9.0,45.0,PM25,BAIK,ispu_2024-2025.xls,,
2025-04-05,DKI2,49.0,65.0,31.0,17.0,16.0,9.0,65.0,PM25,SEDANG,ispu_2024-2025.xls,,
2025-04-06,DKI2,47.0,63.0,29.0,21.0,16.0,16.0,63.0,PM25,SEDANG,ispu_2024-2025.xls,,
2025-04-07,DKI2,42.0,57.0,29.0,21.0,17.0,12.0,57.0,PM25,SEDANG,ispu_2024-2025.xls,,
2025-04-08,DKI2,50.0,62.0,31.0,15.0,19.0,9.0,62.0,PM25,SEDANG,ispu_2024-2025.xls,,
2025-04-09,DKI2,56.0,77.0,31.0,15.0,18.0,8.0,77.0,PM25,SEDANG,ispu_2024-2025.xls,,
2025-04-10,DKI2,61.0,84.0,31.0,16.0,19.0,12.0,84.0,PM25,SEDANG,ispu_2024-2025.xls,,
2025-04-11,DKI2,59.0,85.0,32.0,23.0,21.0,10.0,85.0,PM25,SEDANG,ispu_2024-2025.xls,,
2025-04-12,DKI2,64.0,84.0,33.0,24.0,16.0,14.0,84.0,PM25,SEDANG,ispu_2024-2025.xls,,
2025-04-13,DKI2,51.0,74.0,30.0,22.0,20.0,6.0,74.0,PM25,SEDANG,ispu_2024-2025.xls,,
2025-04-14,DKI2,30.0,32.0,29.0,14.0,12.0,12.0,32.0,PM25,BAIK,ispu_2024-2025.xls,,
2025-04-15,DKI2,48.0,62.0,34.0,16.0,12.0,10.0,62.0,PM25,SEDANG,ispu_2024-2025.xls,,
2025-04-16,DKI2,52.0,72.0,33.0,18.0,20.0,17.0,72.0,PM25,SEDANG,ispu_2024-2025.xls,,
2025-04-17,DKI2,53.0,72.0,31.0,21.0,17.0,8.0,72.0,PM25,SEDANG,ispu_2024-2025.xls,,
2025-04-18,DKI2,58.0,73.0,30.0,21.0,14.0,33.0,73.0,PM25,SEDANG,ispu_2024-2025.xls,,
2025-04-19,DKI2,56.0,73.0,32.0,19.0,17.0,42.0,73.0,PM25,SEDANG,ispu_2024-2025.xls,,
2025-04-20,DKI2,41.0,57.0,32.0,15.0,21.0,31.0,57.0,PM25,SEDANG,ispu_2024-2025.xls,,
2025-04-21,DKI2,44.0,61.0,32.0,15.0,14.0,33.0,61.0,PM25,SEDANG,ispu_2024-2025.xls,,
2025-04-22,DKI2,53.0,78.0,34.0,21.0,21.0,35.0,78.0,PM25,SEDANG,ispu_2024-2025.xls,,
2025-04-23,DKI2,62.0,81.0,34.0,25.0,13.0,47.0,81.0,PM25,SEDANG,ispu_2024-2025.xls,,
2025-04-24,DKI2,24.0,50.0,30.0,13.0,14.0,38.0,50.0,PM25,BAIK,ispu_2024-2025.xls,,
2025-04-25,DKI2,53.0,77.0,34.0,22.0,19.0,42.0,77.0,PM25,SEDANG,ispu_2024-2025.xls,,
2025-04-26,DKI2,53.0,77.0,35.0,18.0,20.0,33.0,77.0,PM25,SEDANG,ispu_2024-2025.xls,,
2025-04-27,DKI2,56.0,89.0,31.0,17.0,22.0,31.0,89.0,PM25,SEDANG,ispu_2024-2025.xls,,
2025-04-28,DKI2,,,31.0,16.0,19.0,34.0,34.0,NO2,BAIK,ispu_2024-2025.xls,,
2025-04-29,DKI2,57.0,83.0,34.0,17.0,20.0,7.0,83.0,PM25,SEDANG,ispu_2024-2025.xls,,
2025-04-30,DKI2,60.0,84.0,35.0,16.0,23.0,,84.0,PM25,SEDANG,ispu_2024-2025.xls,,
2025-05-01,DKI2,60.0,88.0,35.0,16.0,25.0,5.0,88.0,PM25,SEDANG,ispu_2024-2025.xls,,
2025-05-02,DKI2,60.0,87.0,34.0,16.0,24.0,5.0,87.0,PM25,SEDANG,ispu_2024-2025.xls,,
2025-05-03,DKI2,62.0,89.0,38.0,17.0,21.0,8.0,89.0,PM25,SEDANG,ispu_2024-2025.xls,,
2025-05-04,DKI2,61.0,82.0,34.0,20.0,17.0,6.0,82.0,PM25,SEDANG,ispu_2024-2025.xls,,
2025-05-05,DKI2,66.0,97.0,38.0,22.0,16.0,12.0,97.0,PM25,SEDANG,ispu_2024-2025.xls,,
2025-05-06,DKI2,55.0,87.0,33.0,20.0,18.0,,87.0,PM25,SEDANG,ispu_2024-2025.xls,,
2025-05-07,DKI2,64.0,91.0,34.0,27.0,18.0,20.0,91.0,PM25,SEDANG,ispu_2024-2025.xls,,
2025-05-08,DKI2,71.0,105.0,35.0,26.0,17.0,15.0,105.0,PM25,TIDAK SEHAT,ispu_2024-2025.xls,,
2025-05-09,DKI2,57.0,83.0,33.0,19.0,22.0,9.0,83.0,PM25,SEDANG,ispu_2024-2025.xls,,
2025-05-10,DKI2,67.0,103.0,36.0,19.0,22.0,9.0,103.0,PM25,TIDAK SEHAT,ispu_2024-2025.xls,,
2025-05-11,DKI2,69.0,93.0,36.0,24.0,24.0,9.0,93.0,PM25,SEDANG,ispu_2024-2025.xls,,
2025-05-12,DKI2,44.0,63.0,34.0,18.0,14.0,15.0,63.0,PM25,SEDANG,ispu_2024-2025.xls,,
2025-05-13,DKI2,44.0,64.0,34.0,17.0,18.0,13.0,64.0,PM25,SEDANG,ispu_2024-2025.xls,,
2025-05-14,DKI2,57.0,79.0,35.0,19.0,22.0,12.0,79.0,PM25,SEDANG,ispu_2024-2025.xls,,
2025-05-15,DKI2,60.0,81.0,36.0,22.0,23.0,13.0,81.0,PM25,SEDANG,ispu_2024-2025.xls,,
2025-05-16,DKI2,58.0,81.0,36.0,20.0,22.0,8.0,81.0,PM25,SEDANG,ispu_2024-2025.xls,,
2025-05-17,DKI2,66.0,92.0,40.0,21.0,21.0,24.0,92.0,PM25,SEDANG,ispu_2024-2025.xls,,
2025-05-18,DKI2,63.0,85.0,36.0,29.0,19.0,31.0,85.0,PM25,SEDANG,ispu_2024-2025.xls,,
2025-05-19,DKI2,69.0,97.0,44.0,19.0,22.0,18.0,97.0,PM25,SEDANG,ispu_2024-2025.xls,,
2025-05-20,DKI2,70.0,92.0,41.0,23.0,17.0,31.0,92.0,PM25,SEDANG,ispu_2024-2025.xls,,
2025-05-21,DKI2,66.0,88.0,40.0,17.0,17.0,9.0,88.0,PM25,SEDANG,ispu_2024-2025.xls,,
2025-05-22,DKI2,60.0,78.0,34.0,19.0,14.0,18.0,78.0,PM25,SEDANG,ispu_2024-2025.xls,,
2025-05-23,DKI2,48.0,62.0,35.0,17.0,13.0,14.0,62.0,PM25,SEDANG,ispu_2024-2025.xls,,
2025-05-24,DKI2,39.0,56.0,34.0,21.0,14.0,25.0,56.0,PM25,SEDANG,ispu_2024-2025.xls,,
2025-05-25,DKI2,56.0,79.0,34.0,23.0,13.0,23.0,79.0,PM25,SEDANG,ispu_2024-2025.xls,,
2025-05-26,DKI2,54.0,67.0,33.0,23.0,11.0,23.0,67.0,PM25,SEDANG,ispu_2024-2025.xls,,
2025-05-27,DKI2,37.0,54.0,32.0,16.0,13.0,15.0,54.0,PM25,SEDANG,ispu_2024-2025.xls,,
2025-05-28,DKI2,60.0,87.0,37.0,21.0,20.0,24.0,87.0,PM25,SEDANG,ispu_2024-2025.xls,,
2025-05-29,DKI2,75.0,101.0,39.0,17.0,25.0,8.0,101.0,PM25,TIDAK SEHAT,ispu_2024-2025.xls,,
2025-05-30,DKI2,56.0,77.0,35.0,16.0,20.0,11.0,77.0,PM25,SEDANG,ispu_2024-2025.xls,,
2025-05-31,DKI2,72.0,101.0,36.0,19.0,22.0,7.0,101.0,PM25,TIDAK SEHAT,ispu_2024-2025.xls,,
2025-06-01,DKI2,68.0,88.0,37.0,19.0,18.0,11.0,88.0,PM25,SEDANG,ispu_2024-2025.xls,,
2025-06-02,DKI2,78.0,105.0,38.0,20.0,19.0,14.0,105.0,PM25,TIDAK SEHAT,ispu_2024-2025.xls,,
2025-06-03,DKI2,57.0,78.0,35.0,15.0,20.0,12.0,78.0,PM25,SEDANG,ispu_2024-2025.xls,,
2025-06-04,DKI2,77.0,109.0,36.0,22.0,22.0,10.0,109.0,PM25,TIDAK SEHAT,ispu_2024-2025.xls,,
2025-06-05,DKI2,86.0,129.0,37.0,25.0,23.0,13.0,129.0,PM25,TIDAK SEHAT,ispu_2024-2025.xls,,
2025-06-06,DKI2,66.0,87.0,37.0,16.0,23.0,8.0,87.0,PM25,SEDANG,ispu_2024-2025.xls,,
2025-06-07,DKI2,84.0,129.0,37.0,24.0,23.0,10.0,129.0,PM25,TIDAK SEHAT,ispu_2024-2025.xls,,
2025-06-08,DKI2,68.0,99.0,36.0,19.0,27.0,9.0,99.0,PM25,SEDANG,ispu_2024-2025.xls,,
2025-06-09,DKI2,70.0,97.0,39.0,18.0,22.0,10.0,97.0,PM25,SEDANG,ispu_2024-2025.xls,,
2025-06-10,DKI2,65.0,87.0,38.0,15.0,19.0,9.0,87.0,PM25,SEDANG,ispu_2024-2025.xls,,
2025-06-11,DKI2,64.0,86.0,37.0,19.0,19.0,13.0,86.0,PM25,SEDANG,ispu_2024-2025.xls,,
2025-06-12,DKI2,66.0,93.0,39.0,16.0,18.0,13.0,93.0,PM25,SEDANG,ispu_2024-2025.xls,,
2025-06-13,DKI2,79.0,115.0,41.0,17.0,19.0,9.0,115.0,PM25,TIDAK SEHAT,ispu_2024-2025.xls,,
2025-06-14,DKI2,69.0,106.0,37.0,17.0,18.0,8.0,106.0,PM25,TIDAK SEHAT,ispu_2024-2025.xls,,
2025-06-15,DKI2,60.0,72.0,43.0,18.0,12.0,21.0,72.0,PM25,SEDANG,ispu_2024-2025.xls,,
2025-06-16,DKI2,60.0,86.0,37.0,15.0,20.0,12.0,86.0,PM25,SEDANG,ispu_2024-2025.xls,,
2025-06-17,DKI2,51.0,73.0,41.0,16.0,19.0,14.0,73.0,PM25,SEDANG,ispu_2024-2025.xls,,
2025-06-18,DKI2,35.0,57.0,34.0,17.0,16.0,7.0,57.0,PM25,SEDANG,ispu_2024-2025.xls,,
2025-06-19,DKI2,52.0,70.0,36.0,26.0,10.0,31.0,70.0,PM25,SEDANG,ispu_2024-2025.xls,,
2025-06-20,DKI2,71.0,95.0,49.0,21.0,13.0,20.0,95.0,PM25,SEDANG,ispu_2024-2025.xls,,
2025-06-21,DKI2,43.0,64.0,36.0,15.0,20.0,7.0,64.0,PM25,SEDANG,ispu_2024-2025.xls,,
2025-06-22,DKI2,71.0,104.0,40.0,27.0,18.0,16.0,104.0,PM25,TIDAK SEHAT,ispu_2024-2025.xls,,
2025-06-23,DKI2,53.0,74.0,34.0,12.0,24.0,12.0,74.0,PM25,SEDANG,ispu_2024-2025.xls,,
2025-06-24,DKI2,72.0,103.0,41.0,16.0,20.0,9.0,103.0,PM25,TIDAK SEHAT,ispu_2024-2025.xls,,
2025-06-25,DKI2,76.0,113.0,38.0,23.0,28.0,13.0,113.0,PM25,TIDAK SEHAT,ispu_2024-2025.xls,,
2025-06-26,DKI2,87.0,120.0,47.0,24.0,20.0,16.0,120.0,PM25,TIDAK SEHAT,ispu_2024-2025.xls,,
2025-06-27,DKI2,68.0,91.0,37.0,16.0,25.0,8.0,91.0,PM25,SEDANG,ispu_2024-2025.xls,,
2025-06-28,DKI2,72.0,107.0,37.0,18.0,28.0,7.0,107.0,PM25,TIDAK SEHAT,ispu_2024-2025.xls,,
2025-06-29,DKI2,58.0,78.0,35.0,25.0,12.0,,78.0,PM25,SEDANG,ispu_2024-2025.xls,,
2025-06-30,DKI2,68.0,99.0,39.0,23.0,15.0,10.0,99.0,PM25,SEDANG,ispu_2024-2025.xls,,
2025-07-01,DKI2,37.0,51.0,36.0,13.0,17.0,13.0,51.0,PM25,SEDANG,ispu_2024-2025.xls,,
2025-07-02,DKI2,54.0,74.0,44.0,19.0,17.0,13.0,74.0,PM25,SEDANG,ispu_2024-2025.xls,,
2025-07-03,DKI2,55.0,75.0,36.0,20.0,17.0,9.0,75.0,PM25,SEDANG,ispu_2024-2025.xls,,
2025-07-04,DKI2,57.0,78.0,42.0,20.0,18.0,19.0,78.0,PM25,SEDANG,ispu_2024-2025.xls,,
2025-07-05,DKI2,59.0,83.0,38.0,20.0,21.0,12.0,83.0,PM25,SEDANG,ispu_2024-2025.xls,,
2025-07-06,DKI2,49.0,61.0,39.0,14.0,25.0,10.0,61.0,PM25,SEDANG,ispu_2024-2025.xls,,
2025-07-07,DKI2,44.0,,39.0,20.0,16.0,25.0,44.0,PM10,BAIK,ispu_2024-2025.xls,,
2025-07-08,DKI2,43.0,60.0,37.0,15.0,18.0,10.0,60.0,PM25,SEDANG,ispu_2024-2025.xls,,
2025-07-09,DKI2,54.0,74.0,35.0,19.0,19.0,9.0,74.0,PM25,SEDANG,ispu_2024-2025.xls,,
2025-07-10,DKI2,63.0,86.0,39.0,19.0,23.0,8.0,86.0,PM25,SEDANG,ispu_2024-2025.xls,,
2025-07-11,DKI2,64.0,92.0,43.0,15.0,26.0,7.0,92.0,PM25,SEDANG,ispu_2024-2025.xls,,
2025-07-12,DKI2,79.0,116.0,45.0,18.0,29.0,8.0,116.0,PM25,TIDAK SEHAT,ispu_2024-2025.xls,,
2025-07-13,DKI2,74.0,104.0,46.0,17.0,26.0,8.0,104.0,PM25,TIDAK SEHAT,ispu_2024-2025.xls,,
2025-07-14,DKI2,55.0,76.0,39.0,18.0,28.0,11.0,76.0,PM25,SEDANG,ispu_2024-2025.xls,,
2025-07-15,DKI2,70.0,96.0,37.0,23.0,21.0,11.0,96.0,PM25,SEDANG,ispu_2024-2025.xls,,
2025-07-16,DKI2,81.0,121.0,46.0,22.0,28.0,9.0,121.0,PM25,TIDAK SEHAT,ispu_2024-2025.xls,,
2025-07-17,DKI2,60.0,81.0,36.0,21.0,27.0,16.0,81.0,PM25,SEDANG,ispu_2024-2025.xls,,
2025-07-18,DKI2,71.0,100.0,39.0,18.0,27.0,16.0,100.0,PM25,SEDANG,ispu_2024-2025.xls,,
2025-07-19,DKI2,61.0,89.0,38.0,18.0,27.0,12.0,89.0,PM25,SEDANG,ispu_2024-2025.xls,,
2025-07-20,DKI2,71.0,101.0,40.0,18.0,30.0,12.0,101.0,PM25,TIDAK SEHAT,ispu_2024-2025.xls,,
2025-07-21,DKI2,66.0,94.0,37.0,16.0,28.0,13.0,94.0,PM25,SEDANG,ispu_2024-2025.xls,,
2025-07-22,DKI2,69.0,97.0,41.0,15.0,24.0,12.0,97.0,PM25,SEDANG,ispu_2024-2025.xls,,
2025-07-23,DKI2,74.0,108.0,45.0,17.0,26.0,9.0,108.0,PM25,TIDAK SEHAT,ispu_2024-2025.xls,,
2025-07-24,DKI2,79.0,117.0,47.0,18.0,26.0,9.0,117.0,PM25,TIDAK SEHAT,ispu_2024-2025.xls,,
2025-07-25,DKI2,76.0,111.0,46.0,16.0,26.0,9.0,111.0,PM25,TIDAK SEHAT,ispu_2024-2025.xls,,
2025-07-26,DKI2,,101.0,45.0,15.0,26.0,11.0,101.0,PM25,TIDAK SEHAT,ispu_2024-2025.xls,,
2025-07-27,DKI2,,107.0,41.0,15.0,29.0,12.0,107.0,PM25,TIDAK SEHAT,ispu_2024-2025.xls,,
2025-07-28,DKI2,,92.0,38.0,18.0,25.0,9.0,92.0,PM25,SEDANG,ispu_2024-2025.xls,,
2025-07-29,DKI2,,94.0,38.0,26.0,18.0,22.0,94.0,PM25,SEDANG,ispu_2024-2025.xls,,
2025-07-30,DKI2,,67.0,38.0,13.0,22.0,14.0,67.0,PM25,SEDANG,ispu_2024-2025.xls,,
2025-07-31,DKI2,,73.0,41.0,14.0,22.0,16.0,73.0,PM25,SEDANG,ispu_2024-2025.xls,,
2025-08-01,DKI2,,76.0,44.0,14.0,23.0,14.0,76.0,PM25,SEDANG,ispu_2024-2025.xls,,
2025-08-02,DKI2,,92.0,50.0,16.0,20.0,17.0,92.0,PM25,SEDANG,ispu_2024-2025.xls,,
2025-08-03,DKI2,,87.0,43.0,15.0,24.0,13.0,87.0,PM25,SEDANG,ispu_2024-2025.xls,,
2025-08-04,DKI2,,73.0,40.0,18.0,21.0,10.0,73.0,PM25,SEDANG,ispu_2024-2025.xls,,
2025-08-05,DKI2,,92.0,42.0,27.0,16.0,23.0,92.0,PM25,SEDANG,ispu_2024-2025.xls,,
2025-08-06,DKI2,,88.0,45.0,18.0,19.0,16.0,88.0,PM25,SEDANG,ispu_2024-2025.xls,,
2025-08-07,DKI2,,93.0,43.0,16.0,21.0,16.0,93.0,PM25,SEDANG,ispu_2024-2025.xls,,
2025-08-08,DKI2,,73.0,37.0,15.0,22.0,14.0,73.0,PM25,SEDANG,ispu_2024-2025.xls,,
2025-08-09,DKI2,,90.0,44.0,15.0,21.0,17.0,90.0,PM25,SEDANG,ispu_2024-2025.xls,,
2025-08-10,DKI2,,84.0,41.0,22.0,21.0,16.0,84.0,PM25,SEDANG,ispu_2024-2025.xls,,
2025-08-11,DKI2,,89.0,41.0,17.0,24.0,12.0,89.0,PM25,SEDANG,ispu_2024-2025.xls,,
2025-08-12,DKI2,,104.0,50.0,25.0,19.0,17.0,104.0,PM25,TIDAK SEHAT,ispu_2024-2025.xls,,
2025-08-13,DKI2,,89.0,41.0,33.0,14.0,29.0,89.0,PM25,SEDANG,ispu_2024-2025.xls,,
2025-08-14,DKI2,,87.0,42.0,19.0,17.0,15.0,87.0,PM25,SEDANG,ispu_2024-2025.xls,,
2025-08-15,DKI2,,89.0,46.0,22.0,21.0,20.0,89.0,PM25,SEDANG,ispu_2024-2025.xls,,
2025-08-16,DKI2,,99.0,42.0,18.0,23.0,14.0,99.0,PM25,SEDANG,ispu_2024-2025.xls,,
2025-08-17,DKI2,,99.0,43.0,15.0,27.0,14.0,99.0,PM25,SEDANG,ispu_2024-2025.xls,,
2025-08-18,DKI2,,79.0,45.0,13.0,23.0,15.0,79.0,PM25,SEDANG,ispu_2024-2025.xls,,
2025-08-19,DKI2,,65.0,38.0,17.0,12.0,21.0,65.0,PM25,SEDANG,ispu_2024-2025.xls,,
2025-08-20,DKI2,,97.0,44.0,22.0,19.0,11.0,97.0,PM25,SEDANG,ispu_2024-2025.xls,,
2025-08-21,DKI2,,86.0,52.0,26.0,18.0,35.0,86.0,PM25,SEDANG,ispu_2024-2025.xls,,
2025-08-22,DKI2,,88.0,45.0,17.0,29.0,13.0,88.0,PM25,SEDANG,ispu_2024-2025.xls,,
2025-08-23,DKI2,,93.0,50.0,16.0,24.0,16.0,93.0,PM25,SEDANG,ispu_2024-2025.xls,,
2025-08-24,DKI2,,76.0,47.0,14.0,19.0,19.0,76.0,PM25,SEDANG,ispu_2024-2025.xls,,
2025-08-25,DKI2,,111.0,50.0,21.0,20.0,13.0,111.0,PM25,TIDAK SEHAT,ispu_2024-2025.xls,,
2025-08-26,DKI2,,100.0,50.0,22.0,26.0,18.0,100.0,PM25,SEDANG,ispu_2024-2025.xls,,
2025-08-27,DKI2,,96.0,43.0,17.0,24.0,20.0,96.0,PM25,SEDANG,ispu_2024-2025.xls,,
2025-08-28,DKI2,,66.0,40.0,15.0,26.0,13.0,66.0,PM25,SEDANG,ispu_2024-2025.xls,,
2025-08-29,DKI2,,67.0,38.0,16.0,28.0,14.0,67.0,PM25,SEDANG,ispu_2024-2025.xls,,
2025-08-30,DKI2,,66.0,41.0,15.0,22.0,16.0,66.0,PM25,SEDANG,ispu_2024-2025.xls,,
2025-08-31,DKI2,,72.0,45.0,16.0,21.0,16.0,72.0,PM25,SEDANG,ispu_2024-2025.xls,,
2025-09-01,DKI2,,84.0,44.0,14.0,24.0,15.0,84.0,PM25,SEDANG,ispu_2024-2025.xls,,
2025-09-02,DKI2,,85.0,43.0,13.0,25.0,16.0,85.0,PM25,SEDANG,ispu_2024-2025.xls,,
2025-09-03,DKI2,,79.0,49.0,13.0,20.0,17.0,79.0,PM25,SEDANG,ispu_2024-2025.xls,,
2025-09-04,DKI2,,67.0,47.0,13.0,20.0,16.0,67.0,PM25,SEDANG,ispu_2024-2025.xls,,
2025-09-05,DKI2,,85.0,46.0,15.0,21.0,14.0,85.0,PM25,SEDANG,ispu_2024-2025.xls,,
2025-09-06,DKI2,,87.0,43.0,17.0,27.0,12.0,87.0,PM25,SEDANG,ispu_2024-2025.xls,,
2025-09-07,DKI2,,77.0,39.0,16.0,31.0,14.0,77.0,PM25,SEDANG,ispu_2024-2025.xls,,
2025-09-08,DKI2,,87.0,40.0,19.0,25.0,19.0,87.0,PM25,SEDANG,ispu_2024-2025.xls,,
2025-09-09,DKI2,,80.0,39.0,17.0,19.0,13.0,80.0,PM25,SEDANG,ispu_2024-2025.xls,,
2025-09-10,DKI2,,89.0,42.0,24.0,16.0,25.0,89.0,PM25,SEDANG,ispu_2024-2025.xls,,
2025-09-11,DKI2,,71.0,41.0,17.0,15.0,17.0,71.0,PM25,SEDANG,ispu_2024-2025.xls,,
2025-09-12,DKI2,,72.0,38.0,17.0,19.0,14.0,72.0,PM25,SEDANG,ispu_2024-2025.xls,,
2025-09-13,DKI2,,67.0,39.0,21.0,20.0,22.0,67.0,PM25,SEDANG,ispu_2024-2025.xls,,
2025-09-14,DKI2,,95.0,47.0,19.0,24.0,13.0,95.0,PM25,SEDANG,ispu_2024-2025.xls,,
2025-09-15,DKI2,,79.0,40.0,14.0,32.0,15.0,79.0,PM25,SEDANG,ispu_2024-2025.xls,,
2025-09-16,DKI2,,89.0,40.0,17.0,29.0,12.0,89.0,PM25,SEDANG,ispu_2024-2025.xls,,
2025-09-17,DKI2,,123.0,47.0,28.0,23.0,18.0,123.0,PM25,TIDAK SEHAT,ispu_2024-2025.xls,,
2025-09-18,DKI2,,70.0,46.0,18.0,13.0,14.0,70.0,PM25,SEDANG,ispu_2024-2025.xls,,
2025-09-19,DKI2,,101.0,49.0,22.0,17.0,18.0,101.0,PM25,TIDAK SEHAT,ispu_2024-2025.xls,,
2025-09-20,DKI2,,92.0,43.0,18.0,16.0,17.0,92.0,PM25,SEDANG,ispu_2024-2025.xls,,
2025-09-21,DKI2,,82.0,45.0,16.0,14.0,20.0,82.0,PM25,SEDANG,ispu_2024-2025.xls,,
2025-09-22,DKI2,,,43.0,20.0,18.0,24.0,43.0,SO2,BAIK,ispu_2024-2025.xls,,
2025-09-23,DKI2,,73.0,49.0,18.0,21.0,19.0,73.0,PM25,SEDANG,ispu_2024-2025.xls,,
2025-09-24,DKI2,,92.0,43.0,18.0,30.0,14.0,92.0,PM25,SEDANG,ispu_2024-2025.xls,,
2025-09-25,DKI2,,115.0,51.0,19.0,25.0,11.0,115.0,PM25,TIDAK SEHAT,ispu_2024-2025.xls,,
2025-09-26,DKI2,,86.0,46.0,16.0,27.0,13.0,86.0,PM25,SEDANG,ispu_2024-2025.xls,,
2025-09-27,DKI2,,84.0,51.0,17.0,22.0,13.0,84.0,PM25,SEDANG,ispu_2024-2025.xls,,
2025-09-28,DKI2,,72.0,43.0,13.0,19.0,18.0,72.0,PM25,SEDANG,ispu_2024-2025.xls,,
2025-09-29,DKI2,,79.0,44.0,17.0,20.0,14.0,79.0,PM25,SEDANG,ispu_2024-2025.xls,,
2025-09-30,DKI2,,91.0,47.0,31.0,9.0,33.0,91.0,PM25,SEDANG,ispu_2024-2025.xls,,
2025-10-01,DKI2,,66.0,48.0,22.0,15.0,31.0,66.0,PM25,SEDANG,ispu_2024-2025.xls,,
2025-10-02,DKI2,,63.0,48.0,14.0,13.0,22.0,63.0,PM25,SEDANG,ispu_2024-2025.xls,,
2025-10-03,DKI2,,65.0,47.0,19.0,16.0,20.0,65.0,PM25,SEDANG,ispu_2024-2025.xls,,
2025-10-04,DKI2,,83.0,44.0,18.0,25.0,12.0,83.0,PM25,SEDANG,ispu_2024-2025.xls,,
2025-10-05,DKI2,,102.0,50.0,22.0,22.0,15.0,102.0,PM25,TIDAK SEHAT,ispu_2024-2025.xls,,
2025-10-06,DKI2,,96.0,50.0,20.0,25.0,12.0,96.0,PM25,SEDANG,ispu_2024-2025.xls,,
2025-10-07,DKI2,,81.0,45.0,13.0,22.0,17.0,81.0,PM25,SEDANG,ispu_2024-2025.xls,,
2025-10-08,DKI2,,67.0,42.0,19.0,21.0,13.0,67.0,PM25,SEDANG,ispu_2024-2025.xls,,
2025-10-09,DKI2,,94.0,48.0,18.0,29.0,12.0,94.0,PM25,SEDANG,ispu_2024-2025.xls,,
2025-10-10,DKI2,,77.0,53.0,16.0,29.0,13.0,77.0,PM25,SEDANG,ispu_2024-2025.xls,,
2025-10-11,DKI2,,84.0,52.0,19.0,27.0,13.0,84.0,PM25,SEDANG,ispu_2024-2025.xls,,
2025-10-12,DKI2,,87.0,45.0,17.0,26.0,14.0,87.0,PM25,SEDANG,ispu_2024-2025.xls,,
2025-10-13,DKI2,,76.0,46.0,13.0,22.0,17.0,76.0,PM25,SEDANG,ispu_2024-2025.xls,,
2025-10-14,DKI2,,74.0,51.0,15.0,17.0,25.0,74.0,PM25,SEDANG,ispu_2024-2025.xls,,
2025-10-15,DKI2,,71.0,46.0,13.0,18.0,18.0,71.0,PM25,SEDANG,ispu_2024-2025.xls,,
2025-10-16,DKI2,,74.0,45.0,13.0,20.0,19.0,74.0,PM25,SEDANG,ispu_2024-2025.xls,,
2025-10-17,DKI2,,92.0,42.0,19.0,26.0,13.0,92.0,PM25,SEDANG,ispu_2024-2025.xls,,
2025-10-18,DKI2,,76.0,45.0,17.0,23.0,12.0,76.0,PM25,SEDANG,ispu_2024-2025.xls,,
2025-10-19,DKI2,,79.0,43.0,23.0,24.0,13.0,79.0,PM25,SEDANG,ispu_2024-2025.xls,,
2025-10-20,DKI2,,91.0,44.0,20.0,27.0,12.0,91.0,PM25,SEDANG,ispu_2024-2025.xls,,
2025-10-21,DKI2,,81.0,42.0,18.0,21.0,11.0,81.0,PM25,SEDANG,ispu_2024-2025.xls,,
2025-10-22,DKI2,,63.0,44.0,16.0,20.0,13.0,63.0,PM25,SEDANG,ispu_2024-2025.xls,,
2025-10-23,DKI2,,51.0,40.0,15.0,15.0,15.0,51.0,PM25,SEDANG,ispu_2024-2025.xls,,
2025-10-24,DKI2,,52.0,41.0,19.0,11.0,19.0,52.0,PM25,SEDANG,ispu_2024-2025.xls,,
2025-10-25,DKI2,,37.0,40.0,17.0,10.0,27.0,40.0,SO2,BAIK,ispu_2024-2025.xls,,
2025-10-26,DKI2,,56.0,43.0,18.0,16.0,24.0,56.0,PM25,SEDANG,ispu_2024-2025.xls,,
2025-10-27,DKI2,,64.0,46.0,21.0,20.0,26.0,64.0,PM25,SEDANG,ispu_2024-2025.xls,,
2025-10-28,DKI2,,65.0,42.0,24.0,19.0,18.0,65.0,PM25,SEDANG,ispu_2024-2025.xls,,
2025-10-29,DKI2,,79.0,47.0,20.0,19.0,22.0,79.0,PM25,SEDANG,ispu_2024-2025.xls,,
2025-10-30,DKI2,,67.0,42.0,22.0,22.0,19.0,67.0,PM25,SEDANG,ispu_2024-2025.xls,,
2025-10-31,DKI2,,71.0,45.0,28.0,24.0,40.0,71.0,PM25,SEDANG,ispu_2024-2025.xls,,
2025-11-01,DKI2,,65.0,45.0,21.0,30.0,20.0,65.0,PM25,SEDANG,ispu_2024-2025.xls,,
2025-11-02,DKI2,,67.0,48.0,19.0,22.0,15.0,67.0,PM25,SEDANG,ispu_2024-2025.xls,,
2025-11-03,DKI2,,76.0,47.0,21.0,19.0,12.0,76.0,PM25,SEDANG,ispu_2024-2025.xls,,
2025-11-04,DKI2,,85.0,52.0,28.0,19.0,25.0,85.0,PM25,SEDANG,ispu_2024-2025.xls,,
2025-11-05,DKI2,,70.0,49.0,18.0,14.0,18.0,70.0,PM25,SEDANG,ispu_2024-2025.xls,,
2025-11-06,DKI2,,36.0,41.0,13.0,14.0,18.0,41.0,SO2,BAIK,ispu_2024-2025.xls,,
2025-11-07,DKI2,,31.0,42.0,13.0,13.0,21.0,42.0,SO2,BAIK,ispu_2024-2025.xls,,
2025-11-08,DKI2,,32.0,42.0,13.0,11.0,19.0,42.0,SO2,BAIK,ispu_2024-2025.xls,,
2025-11-09,DKI2,,31.0,41.0,14.0,14.0,20.0,41.0,SO2,BAIK,ispu_2024-2025.xls,,
2025-11-10,DKI2,16.0,17.0,42.0,12.0,16.0,19.0,42.0,SO2,BAIK,ispu_2024-2025.xls,,
2025-11-11,DKI2,16.0,20.0,41.0,13.0,16.0,18.0,41.0,SO2,BAIK,ispu_2024-2025.xls,,
2025-11-12,DKI2,15.0,15.0,41.0,13.0,13.0,19.0,41.0,SO2,BAIK,ispu_2024-2025.xls,,
2025-11-13,DKI2,13.0,15.0,41.0,14.0,13.0,20.0,41.0,SO2,BAIK,ispu_2024-2025.xls,,
2025-11-14,DKI2,13.0,16.0,41.0,14.0,11.0,20.0,41.0,SO2,BAIK,ispu_2024-2025.xls,,
2025-11-15,DKI2,21.0,30.0,41.0,16.0,13.0,22.0,41.0,SO2,BAIK,ispu_2024-2025.xls,,
2025-11-16,DKI2,19.0,33.0,40.0,14.0,14.0,19.0,40.0,SO2,BAIK,ispu_2024-2025.xls,,
2025-11-17,DKI2,17.0,22.0,42.0,13.0,12.0,19.0,42.0,SO2,BAIK,ispu_2024-2025.xls,,
2025-11-18,DKI2,32.0,46.0,44.0,15.0,12.0,23.0,46.0,PM25,BAIK,ispu_2024-2025.xls,,
2025-11-19,DKI2,48.0,70.0,50.0,28.0,12.0,50.0,70.0,PM25,SEDANG,ispu_2024-2025.xls,,
2025-11-20,DKI2,20.0,31.0,43.0,15.0,13.0,16.0,43.0,SO2,BAIK,ispu_2024-2025.xls,,
2025-11-21,DKI2,18.0,22.0,42.0,15.0,14.0,21.0,42.0,SO2,BAIK,ispu_2024-2025.xls,,
2025-11-22,DKI2,39.0,59.0,46.0,18.0,23.0,22.0,59.0,PM25,SEDANG,ispu_2024-2025.xls,,
2025-11-23,DKI2,41.0,67.0,45.0,21.0,14.0,19.0,67.0,PM25,SEDANG,ispu_2024-2025.xls,,
2025-11-24,DKI2,24.0,37.0,42.0,16.0,14.0,19.0,42.0,SO2,BAIK,ispu_2024-2025.xls,,
2025-11-25,DKI2,20.0,36.0,42.0,15.0,16.0,17.0,42.0,SO2,BAIK,ispu_2024-2025.xls,,
2025-11-26,DKI2,25.0,50.0,42.0,15.0,14.0,18.0,50.0,PM25,BAIK,ispu_2024-2025.xls,,
2025-11-27,DKI2,38.0,59.0,46.0,16.0,22.0,15.0,59.0,PM25,SEDANG,ispu_2024-2025.xls,,
2025-11-28,DKI2,53.0,74.0,49.0,16.0,30.0,12.0,74.0,PM25,SEDANG,ispu_2024-2025.xls,,
2025-11-29,DKI2,51.0,69.0,52.0,16.0,27.0,13.0,69.0,PM25,SEDANG,ispu_2024-2025.xls,,
2025-11-30,DKI2,55.0,80.0,50.0,18.0,18.0,13.0,80.0,PM25,SEDANG,ispu_2024-2025.xls,,
2019-01-01,DKI3,21.0,,13.0,3.0,40.0,1.0,40.0,O3,BAIK,spku_2019.csv,,
2019-01-02,DKI3,20.0,,13.0,4.0,47.0,2.0,47.0,O3,BAIK,spku_2019.csv,,
2019-01-03,DKI3,23.0,,13.0,4.0,46.0,2.0,46.0,O3,BAIK,spku_2019.csv,,
2019-01-04,DKI3,42.0,,11.0,7.0,38.0,3.0,42.0,PM10,BAIK,spku_2019.csv,,
2019-01-05,DKI3,54.0,,11.0,10.0,40.0,3.0,54.0,PM10,SEDANG,spku_2019.csv,,
2019-01-06,DKI3,69.0,,10.0,22.0,,4.0,69.0,PM10,SEDANG,spku_2019.csv,,
2019-01-07,DKI3,71.0,,11.0,16.0,132.0,8.0,132.0,O3,TIDAK SEHAT,spku_2019.csv,,
2019-01-08,DKI3,40.0,,10.0,7.0,143.0,3.0,143.0,O3,TIDAK SEHAT,spku_2019.csv,,
2019-01-09,DKI3,55.0,,10.0,12.0,158.0,6.0,158.0,O3,TIDAK SEHAT,spku_2019.csv,,
2019-01-10,DKI3,49.0,,12.0,16.0,127.0,3.0,127.0,O3,TIDAK SEHAT,spku_2019.csv,,
2019-01-11,DKI3,54.0,,12.0,18.0,91.0,4.0,91.0,O3,SEDANG,spku_2019.csv,,
2019-01-12,DKI3,57.0,,,22.0,90.0,9.0,90.0,O3,SEDANG,spku_2019.csv,,
2019-01-13,DKI3,58.0,,,22.0,119.0,8.0,119.0,O3,TIDAK SEHAT,spku_2019.csv,,
2019-01-14,DKI3,46.0,,,22.0,67.0,11.0,67.0,O3,SEDANG,spku_2019.csv,,
2019-01-15,DKI3,72.0,,10.0,18.0,53.0,10.0,72.0,PM10,SEDANG,spku_2019.csv,,
2019-01-16,DKI3,31.0,,7.0,6.0,64.0,5.0,64.0,O3,SEDANG,spku_2019.csv,,
2019-01-17,DKI3,39.0,,7.0,8.0,58.0,4.0,58.0,O3,SEDANG,spku_2019.csv,,
2019-01-18,DKI3,20.0,,7.0,6.0,48.0,4.0,48.0,O3,BAIK,spku_2019.csv,,
2019-01-19,DKI3,44.0,,8.0,13.0,63.0,7.0,63.0,O3,SEDANG,spku_2019.csv,,
2019-01-20,DKI3,60.0,,11.0,25.0,82.0,12.0,82.0,O3,SEDANG,spku_2019.csv,,
2019-01-21,DKI3,52.0,,10.0,14.0,94.0,8.0,94.0,O3,SEDANG,spku_2019.csv,,
2019-01-22,DKI3,23.0,,9.0,12.0,92.0,8.0,92.0,O3,SEDANG,spku_2019.csv,,
2019-01-23,DKI3,40.0,,9.0,24.0,70.0,9.0,70.0,O3,SEDANG,spku_2019.csv,,
2019-01-24,DKI3,36.0,,9.0,13.0,81.0,9.0,81.0,O3,SEDANG,spku_2019.csv,,
2019-01-25,DKI3,32.0,,8.0,25.0,74.0,9.0,74.0,O3,SEDANG,spku_2019.csv,,
2019-01-26,DKI3,50.0,,9.0,33.0,67.0,8.0,67.0,O3,SEDANG,spku_2019.csv,,
2019-01-27,DKI3,56.0,,9.0,39.0,74.0,8.0,74.0,O3,SEDANG,spku_2019.csv,,
2019-01-28,DKI3,53.0,,9.0,25.0,77.0,6.0,77.0,O3,SEDANG,spku_2019.csv,,
2019-01-29,DKI3,46.0,,9.0,22.0,88.0,6.0,88.0,O3,SEDANG,spku_2019.csv,,
2019-01-30,DKI3,47.0,,10.0,32.0,67.0,9.0,67.0,O3,SEDANG,spku_2019.csv,,
2019-01-31,DKI3,56.0,,10.0,21.0,54.0,7.0,56.0,PM10,SEDANG,spku_2019.csv,,
2019-02-01,DKI3,41.0,,9.0,27.0,63.0,9.0,63.0,O3,SEDANG,spku_2019.csv,,
2019-02-02,DKI3,57.0,,9.0,42.0,79.0,10.0,79.0,O3,SEDANG,spku_2019.csv,,
2019-02-03,DKI3,55.0,,10.0,28.0,95.0,8.0,95.0,O3,SEDANG,spku_2019.csv,,
2019-02-04,DKI3,56.0,,9.0,20.0,86.0,7.0,86.0,O3,SEDANG,spku_2019.csv,,
2019-02-05,DKI3,57.0,,9.0,36.0,80.0,6.0,80.0,O3,SEDANG,spku_2019.csv,,
2019-02-06,DKI3,42.0,,9.0,14.0,75.0,6.0,75.0,O3,SEDANG,spku_2019.csv,,
2019-02-07,DKI3,55.0,,9.0,21.0,65.0,9.0,65.0,O3,SEDANG,spku_2019.csv,,
2019-02-08,DKI3,55.0,,10.0,15.0,94.0,18.0,94.0,O3,SEDANG,spku_2019.csv,,
2019-02-09,DKI3,58.0,,9.0,14.0,80.0,8.0,80.0,O3,SEDANG,spku_2019.csv,,
2019-02-10,DKI3,57.0,,9.0,15.0,81.0,6.0,81.0,O3,SEDANG,spku_2019.csv,,
2019-02-11,DKI3,34.0,,9.0,11.0,71.0,6.0,71.0,O3,SEDANG,spku_2019.csv,,
2019-02-12,DKI3,,,9.0,29.0,94.0,8.0,94.0,O3,SEDANG,spku_2019.csv,,
2019-02-13,DKI3,67.0,,9.0,43.0,71.0,13.0,71.0,O3,SEDANG,spku_2019.csv,,
2019-02-14,DKI3,53.0,,9.0,35.0,91.0,12.0,91.0,O3,SEDANG,spku_2019.csv,,
2019-02-15,DKI3,54.0,,9.0,17.0,89.0,12.0,89.0,O3,SEDANG,spku_2019.csv,,
2019-02-16,DKI3,42.0,,9.0,10.0,111.0,6.0,111.0,O3,TIDAK SEHAT,spku_2019.csv,,
2019-02-17,DKI3,55.0,,9.0,19.0,79.0,8.0,79.0,O3,SEDANG,spku_2019.csv,,
2019-02-18,DKI3,44.0,,12.0,14.0,88.0,8.0,88.0,O3,SEDANG,spku_2019.csv,,
2019-02-19,DKI3,70.0,,11.0,31.0,118.0,14.0,118.0,O3,TIDAK SEHAT,spku_2019.csv,,
2019-02-20,DKI3,58.0,,10.0,41.0,67.0,11.0,67.0,O3,SEDANG,spku_2019.csv,,
2019-02-21,DKI3,69.0,,9.0,29.0,86.0,13.0,86.0,O3,SEDANG,spku_2019.csv,,
2019-02-22,DKI3,48.0,,11.0,18.0,77.0,9.0,77.0,O3,SEDANG,spku_2019.csv,,
2019-02-23,DKI3,37.0,,9.0,13.0,95.0,13.0,95.0,O3,SEDANG,spku_2019.csv,,
2019-02-24,DKI3,56.0,,9.0,25.0,88.0,13.0,88.0,O3,SEDANG,spku_2019.csv,,
2019-02-25,DKI3,59.0,,9.0,32.0,115.0,12.0,115.0,O3,TIDAK SEHAT,spku_2019.csv,,
2019-02-26,DKI3,50.0,,10.0,21.0,88.0,13.0,88.0,O3,SEDANG,spku_2019.csv,,
2019-02-27,DKI3,64.0,,11.0,17.0,67.0,10.0,67.0,O3,SEDANG,spku_2019.csv,,
2019-02-28,DKI3,56.0,,11.0,12.0,91.0,5.0,91.0,O3,SEDANG,spku_2019.csv,,
2019-03-01,DKI3,52.0,,9.0,18.0,70.0,7.0,70.0,O3,SEDANG,spku_2019.csv,,
2019-03-02,DKI3,45.0,,10.0,25.0,62.0,11.0,62.0,O3,SEDANG,spku_2019.csv,,
2019-03-03,DKI3,53.0,,10.0,22.0,77.0,9.0,77.0,O3,SEDANG,spku_2019.csv,,
2019-03-04,DKI3,55.0,,11.0,20.0,104.0,13.0,104.0,O3,TIDAK SEHAT,spku_2019.csv,,
2019-03-05,DKI3,47.0,,10.0,17.0,79.0,11.0,79.0,O3,SEDANG,spku_2019.csv,,
2019-03-06,DKI3,54.0,,9.0,24.0,60.0,18.0,60.0,O3,SEDANG,spku_2019.csv,,
2019-03-07,DKI3,52.0,,10.0,23.0,83.0,14.0,83.0,O3,SEDANG,spku_2019.csv,,
2019-03-08,DKI3,78.0,,11.0,37.0,155.0,14.0,155.0,O3,TIDAK SEHAT,spku_2019.csv,,
2019-03-09,DKI3,63.0,,10.0,22.0,111.0,11.0,111.0,O3,TIDAK SEHAT,spku_2019.csv,,
2019-03-10,DKI3,54.0,,10.0,17.0,122.0,8.0,122.0,O3,TIDAK SEHAT,spku_2019.csv,,
2019-03-11,DKI3,54.0,,10.0,16.0,36.0,12.0,54.0,PM10,SEDANG,spku_2019.csv,,
2019-03-12,DKI3,40.0,,10.0,13.0,51.0,6.0,51.0,O3,SEDANG,spku_2019.csv,,
2019-03-13,DKI3,35.0,,10.0,14.0,102.0,8.0,102.0,O3,TIDAK SEHAT,spku_2019.csv,,
2019-03-14,DKI3,57.0,,11.0,52.0,72.0,18.0,72.0,O3,SEDANG,spku_2019.csv,,
2019-03-15,DKI3,71.0,,11.0,21.0,69.0,10.0,71.0,PM10,SEDANG,spku_2019.csv,,
2019-03-16,DKI3,55.0,,10.0,23.0,70.0,10.0,70.0,O3,SEDANG,spku_2019.csv,,
2019-03-17,DKI3,51.0,,9.0,13.0,59.0,6.0,59.0,O3,SEDANG,spku_2019.csv,,
2019-03-18,DKI3,52.0,,9.0,13.0,65.0,6.0,65.0,O3,SEDANG,spku_2019.csv,,
2019-03-19,DKI3,38.0,,9.0,14.0,68.0,5.0,68.0,O3,SEDANG,spku_2019.csv,,
2019-03-20,DKI3,36.0,,10.0,8.0,61.0,5.0,61.0,O3,SEDANG,spku_2019.csv,,
2019-03-21,DKI3,58.0,,9.0,18.0,38.0,6.0,58.0,PM10,SEDANG,spku_2019.csv,,
2019-03-22,DKI3,55.0,,10.0,24.0,40.0,5.0,55.0,PM10,SEDANG,spku_2019.csv,,
2019-03-23,DKI3,40.0,,9.0,8.0,39.0,4.0,40.0,PM10,BAIK,spku_2019.csv,,
2019-03-24,DKI3,36.0,,9.0,5.0,28.0,2.0,36.0,PM10,BAIK,spku_2019.csv,,
2019-03-25,DKI3,40.0,,9.0,12.0,26.0,6.0,40.0,PM10,BAIK,spku_2019.csv,,
2019-03-26,DKI3,71.0,,9.0,26.0,55.0,15.0,71.0,PM10,SEDANG,spku_2019.csv,,
2019-03-27,DKI3,47.0,,10.0,17.0,97.0,8.0,97.0,O3,SEDANG,spku_2019.csv,,
2019-03-28,DKI3,56.0,,10.0,19.0,83.0,12.0,83.0,O3,SEDANG,spku_2019.csv,,
2019-03-29,DKI3,59.0,,12.0,24.0,,11.0,59.0,PM10,SEDANG,spku_2019.csv,,
2019-03-30,DKI3,48.0,,10.0,20.0,,12.0,48.0,PM10,BAIK,spku_2019.csv,,
2019-03-31,DKI3,59.0,,11.0,20.0,136.0,10.0,136.0,O3,TIDAK SEHAT,spku_2019.csv,,
2019-04-01,DKI3,,,,,,,0.0, ,TIDAK ADA DATA,spku_2019.csv,,
2019-04-02,DKI3,72.0,,9.0,41.0,85.0,13.0,85.0,O3,SEDANG,spku_2019.csv,,
2019-04-03,DKI3,69.0,,11.0,44.0,75.0,12.0,75.0,O3,SEDANG,spku_2019.csv,,
2019-04-04,DKI3,61.0,,11.0,19.0,102.0,8.0,102.0,O3,TIDAK SEHAT,spku_2019.csv,,
2019-04-05,DKI3,52.0,,11.0,15.0,81.0,9.0,81.0,O3,SEDANG,spku_2019.csv,,
2019-04-06,DKI3,71.0,,10.0,28.0,99.0,14.0,99.0,O3,SEDANG,spku_2019.csv,,
2019-04-07,DKI3,72.0,,12.0,28.0,152.0,11.0,152.0,O3,TIDAK SEHAT,spku_2019.csv,,
2019-04-08,DKI3,50.0,,11.0,15.0,144.0,10.0,144.0,O3,TIDAK SEHAT,spku_2019.csv,,
2019-04-09,DKI3,51.0,,12.0,17.0,127.0,10.0,127.0,O3,TIDAK SEHAT,spku_2019.csv,,
2019-04-10,DKI3,64.0,,13.0,27.0,199.0,13.0,199.0,O3,TIDAK SEHAT,spku_2019.csv,,
2019-04-11,DKI3,62.0,,12.0,15.0,153.0,8.0,153.0,O3,TIDAK SEHAT,spku_2019.csv,,
2019-04-12,DKI3,55.0,,10.0,14.0,41.0,10.0,55.0,PM10,SEDANG,spku_2019.csv,,
2019-04-13,DKI3,55.0,,10.0,15.0,44.0,6.0,55.0,PM10,SEDANG,spku_2019.csv,,
2019-04-14,DKI3,38.0,,11.0,9.0,112.0,7.0,112.0,O3,TIDAK SEHAT,spku_2019.csv,,
2019-04-15,DKI3,54.0,,11.0,19.0,122.0,10.0,122.0,O3,TIDAK SEHAT,spku_2019.csv,,
2019-04-16,DKI3,51.0,,11.0,18.0,68.0,11.0,68.0,O3,SEDANG,spku_2019.csv,,
2019-04-17,DKI3,54.0,,10.0,36.0,,12.0,54.0,PM10,SEDANG,spku_2019.csv,,
2019-04-18,DKI3,70.0,,10.0,21.0,111.0,7.0,111.0,O3,TIDAK SEHAT,spku_2019.csv,,
2019-04-19,DKI3,49.0,,10.0,16.0,,8.0,49.0,PM10,BAIK,spku_2019.csv,,
2019-04-20,DKI3,31.0,,10.0,13.0,105.0,6.0,105.0,O3,TIDAK SEHAT,spku_2019.csv,,
2019-04-21,DKI3,60.0,,10.0,27.0,110.0,8.0,110.0,O3,TIDAK SEHAT,spku_2019.csv,,
2019-04-22,DKI3,59.0,,10.0,20.0,63.0,9.0,63.0,O3,SEDANG,spku_2019.csv,,
2019-04-23,DKI3,59.0,,11.0,12.0,73.0,8.0,73.0,O3,SEDANG,spku_2019.csv,,
2019-04-24,DKI3,52.0,,10.0,11.0,72.0,7.0,72.0,O3,SEDANG,spku_2019.csv,,
2019-04-25,DKI3,58.0,,9.0,40.0,85.0,11.0,85.0,O3,SEDANG,spku_2019.csv,,
2019-04-26,DKI3,38.0,,10.0,11.0,124.0,6.0,124.0,O3,TIDAK SEHAT,spku_2019.csv,,
2019-04-27,DKI3,45.0,,10.0,25.0,90.0,9.0,90.0,O3,SEDANG,spku_2019.csv,,
2019-04-28,DKI3,55.0,,10.0,37.0,73.0,11.0,73.0,O3,SEDANG,spku_2019.csv,,
2019-04-29,DKI3,49.0,,10.0,24.0,130.0,11.0,130.0,O3,TIDAK SEHAT,spku_2019.csv,,
2019-04-30,DKI3,49.0,,10.0,14.0,111.0,17.0,111.0,O3,TIDAK SEHAT,spku_2019.csv,,
2019-05-01,DKI3,53.0,,10.0,29.0,79.0,9.0,79.0,O3,SEDANG,spku_2019.csv,,
2019-05-02,DKI3,48.0,,10.0,18.0,23.0,5.0,48.0,PM10,BAIK,spku_2019.csv,,
2019-05-03,DKI3,49.0,,12.0,13.0,99.0,12.0,99.0,O3,SEDANG,spku_2019.csv,,
2019-05-04,DKI3,59.0,,,24.0,92.0,15.0,92.0,O3,SEDANG,spku_2019.csv,,
2019-05-05,DKI3,55.0,,10.0,19.0,73.0,9.0,73.0,O3,SEDANG,spku_2019.csv,,
2019-05-06,DKI3,50.0,,11.0,14.0,93.0,7.0,93.0,O3,SEDANG,spku_2019.csv,,
2019-05-07,DKI3,69.0,,11.0,27.0,89.0,9.0,89.0,O3,SEDANG,spku_2019.csv,,
2019-05-08,DKI3,77.0,,,34.0,132.0,11.0,132.0,O3,TIDAK SEHAT,spku_2019.csv,,
2019-05-09,DKI3,65.0,,11.0,24.0,149.0,22.0,149.0,O3,TIDAK SEHAT,spku_2019.csv,,
2019-05-10,DKI3,57.0,,10.0,17.0,,7.0,57.0,PM10,SEDANG,spku_2019.csv,,
2019-05-11,DKI3,52.0,,10.0,22.0,,12.0,52.0,PM10,SEDANG,spku_2019.csv,,
2019-05-12,DKI3,63.0,,10.0,23.0,,8.0,63.0,PM10,SEDANG,spku_2019.csv,,
2019-05-13,DKI3,61.0,,10.0,20.0,93.0,8.0,93.0,O3,SEDANG,spku_2019.csv,,
2019-05-14,DKI3,68.0,,12.0,17.0,80.0,11.0,80.0,O3,SEDANG,spku_2019.csv,,
2019-05-15,DKI3,67.0,,11.0,17.0,90.0,8.0,90.0,O3,SEDANG,spku_2019.csv,,
2019-05-16,DKI3,57.0,,11.0,17.0,111.0,9.0,111.0,O3,TIDAK SEHAT,spku_2019.csv,,
2019-05-17,DKI3,57.0,,11.0,17.0,88.0,14.0,88.0,O3,SEDANG,spku_2019.csv,,
2019-05-18,DKI3,54.0,,13.0,17.0,111.0,21.0,111.0,O3,TIDAK SEHAT,spku_2019.csv,,
2019-05-19,DKI3,86.0,,12.0,31.0,92.0,14.0,92.0,O3,SEDANG,spku_2019.csv,,
2019-05-20,DKI3,67.0,,14.0,12.0,85.0,9.0,85.0,O3,SEDANG,spku_2019.csv,,
2019-05-21,DKI3,67.0,,12.0,18.0,98.0,9.0,98.0,O3,SEDANG,spku_2019.csv,,
2019-05-22,DKI3,65.0,,14.0,15.0,99.0,9.0,99.0,O3,SEDANG,spku_2019.csv,,
2019-05-23,DKI3,56.0,,12.0,11.0,66.0,7.0,66.0,O3,SEDANG,spku_2019.csv,,
2019-05-24,DKI3,65.0,,13.0,17.0,64.0,12.0,65.0,PM10,SEDANG,spku_2019.csv,,
2019-05-25,DKI3,64.0,,12.0,21.0,104.0,13.0,104.0,O3,TIDAK SEHAT,spku_2019.csv,,
2019-05-26,DKI3,66.0,,12.0,19.0,88.0,10.0,88.0,O3,SEDANG,spku_2019.csv,,
2019-05-27,DKI3,71.0,,11.0,20.0,101.0,8.0,101.0,O3,TIDAK SEHAT,spku_2019.csv,,
2019-05-28,DKI3,67.0,,12.0,13.0,84.0,9.0,84.0,O3,SEDANG,spku_2019.csv,,
2019-05-29,DKI3,56.0,,12.0,12.0,86.0,7.0,86.0,O3,SEDANG,spku_2019.csv,,
2019-05-30,DKI3,53.0,,11.0,14.0,84.0,6.0,84.0,O3,SEDANG,spku_2019.csv,,
2019-05-31,DKI3,55.0,,11.0,13.0,89.0,6.0,89.0,O3,SEDANG,spku_2019.csv,,
2019-06-01,DKI3,57.0,,11.0,11.0,76.0,5.0,76.0,O3,SEDANG,spku_2019.csv,,
2019-06-02,DKI3,58.0,,11.0,23.0,101.0,9.0,101.0,O3,TIDAK SEHAT,spku_2019.csv,,
2019-06-03,DKI3,50.0,,11.0,12.0,89.0,6.0,89.0,O3,SEDANG,spku_2019.csv,,
2019-06-04,DKI3,75.0,,11.0,18.0,82.0,9.0,82.0,O3,SEDANG,spku_2019.csv,,
2019-06-05,DKI3,73.0,,11.0,20.0,65.0,9.0,73.0,PM10,SEDANG,spku_2019.csv,,
2019-06-06,DKI3,50.0,,11.0,10.0,75.0,7.0,75.0,O3,SEDANG,spku_2019.csv,,
2019-06-07,DKI3,,,,,,,0.0, ,TIDAK ADA DATA,spku_2019.csv,,
2019-06-08,DKI3,41.0,,10.0,8.0,52.0,,52.0,O3,SEDANG,spku_2019.csv,,
2019-06-09,DKI3,45.0,,11.0,13.0,86.0,,86.0,O3,SEDANG,spku_2019.csv,,
2019-06-10,DKI3,54.0,,11.0,17.0,86.0,,86.0,O3,SEDANG,spku_2019.csv,,
2019-06-11,DKI3,54.0,,7.0,17.0,69.0,,69.0,O3,SEDANG,spku_2019.csv,,
2019-06-12,DKI3,58.0,,10.0,14.0,101.0,,101.0,O3,TIDAK SEHAT,spku_2019.csv,,
2019-06-13,DKI3,67.0,,11.0,22.0,100.0,11.0,100.0,O3,SEDANG,spku_2019.csv,,
2019-06-14,DKI3,60.0,,11.0,20.0,98.0,14.0,98.0,O3,SEDANG,spku_2019.csv,,
2019-06-15,DKI3,54.0,,10.0,20.0,112.0,8.0,112.0,O3,TIDAK SEHAT,spku_2019.csv,,
2019-06-16,DKI3,66.0,,10.0,24.0,107.0,10.0,107.0,O3,TIDAK SEHAT,spku_2019.csv,,
2019-06-17,DKI3,60.0,,11.0,21.0,93.0,8.0,93.0,O3,SEDANG,spku_2019.csv,,
2019-06-18,DKI3,59.0,,13.0,10.0,74.0,9.0,74.0,O3,SEDANG,spku_2019.csv,,
2019-06-19,DKI3,64.0,,13.0,13.0,86.0,14.0,86.0,O3,SEDANG,spku_2019.csv,,
2019-06-20,DKI3,77.0,,12.0,34.0,79.0,16.0,79.0,O3,SEDANG,spku_2019.csv,,
2019-06-21,DKI3,72.0,,12.0,16.0,103.0,10.0,103.0,O3,TIDAK SEHAT,spku_2019.csv,,
2019-06-22,DKI3,76.0,,13.0,19.0,122.0,13.0,122.0,O3,TIDAK SEHAT,spku_2019.csv,,
2019-06-23,DKI3,71.0,,12.0,17.0,134.0,10.0,134.0,O3,TIDAK SEHAT,spku_2019.csv,,
2019-06-24,DKI3,79.0,,13.0,15.0,93.0,11.0,93.0,O3,SEDANG,spku_2019.csv,,
2019-06-25,DKI3,77.0,,13.0,22.0,82.0,11.0,82.0,O3,SEDANG,spku_2019.csv,,
2019-06-26,DKI3,70.0,,13.0,20.0,80.0,14.0,80.0,O3,SEDANG,spku_2019.csv,,
2019-06-27,DKI3,67.0,,13.0,15.0,142.0,11.0,142.0,O3,TIDAK SEHAT,spku_2019.csv,,
2019-06-28,DKI3,64.0,,13.0,13.0,143.0,17.0,143.0,O3,TIDAK SEHAT,spku_2019.csv,,
2019-06-29,DKI3,64.0,,14.0,13.0,106.0,17.0,106.0,O3,TIDAK SEHAT,spku_2019.csv,,
2019-06-30,DKI3,63.0,,14.0,16.0,83.0,12.0,83.0,O3,SEDANG,spku_2019.csv,,
2019-07-01,DKI3,59.0,,12.0,12.0,90.0,9.0,90.0,O3,SEDANG,spku_2019.csv,,
2019-07-02,DKI3,60.0,,12.0,11.0,81.0,11.0,81.0,O3,SEDANG,spku_2019.csv,,
2019-07-03,DKI3,63.0,,14.0,12.0,85.0,9.0,85.0,O3,SEDANG,spku_2019.csv,,
2019-07-04,DKI3,66.0,,12.0,19.0,78.0,12.0,78.0,O3,SEDANG,spku_2019.csv,,
2019-07-05,DKI3,58.0,,11.0,16.0,80.0,10.0,80.0,O3,SEDANG,spku_2019.csv,,
2019-07-06,DKI3,55.0,,11.0,14.0,82.0,10.0,82.0,O3,SEDANG,spku_2019.csv,,
2019-07-07,DKI3,55.0,,13.0,9.0,58.0,7.0,58.0,O3,SEDANG,spku_2019.csv,,
2019-07-08,DKI3,55.0,,14.0,13.0,84.0,9.0,84.0,O3,SEDANG,spku_2019.csv,,
2019-07-09,DKI3,53.0,,12.0,12.0,65.0,7.0,65.0,O3,SEDANG,spku_2019.csv,,
2019-07-10,DKI3,58.0,,14.0,14.0,91.0,15.0,91.0,O3,SEDANG,spku_2019.csv,,
2019-07-11,DKI3,65.0,,14.0,14.0,63.0,9.0,65.0,PM10,SEDANG,spku_2019.csv,,
2019-07-12,DKI3,58.0,,13.0,15.0,77.0,11.0,77.0,O3,SEDANG,spku_2019.csv,,
2019-07-13,DKI3,49.0,,12.0,11.0,88.0,10.0,88.0,O3,SEDANG,spku_2019.csv,,
2019-07-14,DKI3,74.0,,14.0,19.0,134.0,12.0,134.0,O3,TIDAK SEHAT,spku_2019.csv,,
2019-07-15,DKI3,67.0,,13.0,22.0,77.0,18.0,77.0,O3,SEDANG,spku_2019.csv,,
2019-07-16,DKI3,78.0,,12.0,15.0,83.0,10.0,83.0,O3,SEDANG,spku_2019.csv,,
2019-07-17,DKI3,64.0,,12.0,12.0,89.0,12.0,89.0,O3,SEDANG,spku_2019.csv,,
2019-07-18,DKI3,65.0,,13.0,13.0,87.0,11.0,87.0,O3,SEDANG,spku_2019.csv,,
2019-07-19,DKI3,63.0,,15.0,13.0,51.0,11.0,63.0,PM10,SEDANG,spku_2019.csv,,
2019-07-20,DKI3,67.0,,13.0,13.0,87.0,9.0,87.0,O3,SEDANG,spku_2019.csv,,
2019-07-21,DKI3,79.0,,13.0,14.0,90.0,9.0,90.0,O3,SEDANG,spku_2019.csv,,
2019-07-22,DKI3,71.0,,12.0,14.0,107.0,10.0,107.0,O3,TIDAK SEHAT,spku_2019.csv,,
2019-07-23,DKI3,75.0,,14.0,19.0,78.0,12.0,78.0,O3,SEDANG,spku_2019.csv,,
2019-07-24,DKI3,64.0,,13.0,14.0,92.0,11.0,92.0,O3,SEDANG,spku_2019.csv,,
2019-07-25,DKI3,76.0,,13.0,37.0,98.0,16.0,98.0,O3,SEDANG,spku_2019.csv,,
2019-07-26,DKI3,64.0,,14.0,11.0,96.0,9.0,96.0,O3,SEDANG,spku_2019.csv,,
2019-07-27,DKI3,62.0,,12.0,11.0,94.0,7.0,94.0,O3,SEDANG,spku_2019.csv,,
2019-07-28,DKI3,73.0,,13.0,15.0,104.0,9.0,104.0,O3,TIDAK SEHAT,spku_2019.csv,,
2019-07-29,DKI3,74.0,,11.0,17.0,129.0,9.0,129.0,O3,TIDAK SEHAT,spku_2019.csv,,
2019-07-30,DKI3,77.0,,12.0,26.0,81.0,15.0,81.0,O3,SEDANG,spku_2019.csv,,
2019-07-31,DKI3,71.0,,13.0,23.0,94.0,10.0,94.0,O3,SEDANG,spku_2019.csv,,
2019-08-01,DKI3,61.0,,12.0,17.0,86.0,14.0,86.0,O3,SEDANG,spku_2019.csv,,
2019-08-02,DKI3,62.0,,13.0,18.0,90.0,11.0,90.0,O3,SEDANG,spku_2019.csv,,
2019-08-03,DKI3,70.0,,13.0,20.0,86.0,9.0,86.0,O3,SEDANG,spku_2019.csv,,
2019-08-04,DKI3,61.0,,12.0,18.0,80.0,8.0,80.0,O3,SEDANG,spku_2019.csv,,
2019-08-05,DKI3,,,12.0,,,,12.0,SO2,BAIK,spku_2019.csv,,
2019-08-06,DKI3,62.0,,13.0,14.0,140.0,12.0,140.0,O3,TIDAK SEHAT,spku_2019.csv,,
2019-08-07,DKI3,61.0,,14.0,17.0,127.0,10.0,127.0,O3,TIDAK SEHAT,spku_2019.csv,,
2019-08-08,DKI3,63.0,,14.0,22.0,125.0,13.0,125.0,O3,TIDAK SEHAT,spku_2019.csv,,
2019-08-09,DKI3,60.0,,12.0,18.0,119.0,18.0,119.0,O3,TIDAK SEHAT,spku_2019.csv,,
2019-08-10,DKI3,64.0,,13.0,24.0,100.0,18.0,100.0,O3,SEDANG,spku_2019.csv,,
2019-08-11,DKI3,64.0,,13.0,21.0,72.0,8.0,72.0,O3,SEDANG,spku_2019.csv,,
2019-08-12,DKI3,62.0,,13.0,17.0,73.0,9.0,73.0,O3,SEDANG,spku_2019.csv,,
2019-08-13,DKI3,63.0,,12.0,21.0,57.0,9.0,63.0,PM10,SEDANG,spku_2019.csv,,
2019-08-14,DKI3,58.0,,13.0,19.0,64.0,7.0,64.0,O3,SEDANG,spku_2019.csv,,
2019-08-15,DKI3,64.0,,13.0,22.0,97.0,9.0,97.0,O3,SEDANG,spku_2019.csv,,
2019-08-16,DKI3,86.0,,13.0,48.0,86.0,11.0,86.0,PM10,SEDANG,spku_2019.csv,,
2019-08-17,DKI3,64.0,,12.0,22.0,119.0,12.0,119.0,O3,TIDAK SEHAT,spku_2019.csv,,
2019-08-18,DKI3,69.0,,12.0,25.0,101.0,8.0,101.0,O3,TIDAK SEHAT,spku_2019.csv,,
2019-08-19,DKI3,61.0,,13.0,25.0,178.0,10.0,178.0,O3,TIDAK SEHAT,spku_2019.csv,,
2019-08-20,DKI3,59.0,,13.0,18.0,160.0,8.0,160.0,O3,TIDAK SEHAT,spku_2019.csv,,
2019-08-21,DKI3,64.0,,13.0,20.0,76.0,11.0,76.0,O3,SEDANG,spku_2019.csv,,
2019-08-22,DKI3,56.0,,13.0,20.0,86.0,7.0,86.0,O3,SEDANG,spku_2019.csv,,
2019-08-23,DKI3,59.0,,11.0,25.0,125.0,9.0,125.0,O3,TIDAK SEHAT,spku_2019.csv,,
2019-08-24,DKI3,62.0,,14.0,20.0,127.0,8.0,127.0,O3,TIDAK SEHAT,spku_2019.csv,,
2019-08-25,DKI3,51.0,,13.0,17.0,127.0,10.0,127.0,O3,TIDAK SEHAT,spku_2019.csv,,
2019-08-26,DKI3,59.0,,12.0,17.0,125.0,8.0,125.0,O3,TIDAK SEHAT,spku_2019.csv,,
2019-08-27,DKI3,62.0,,12.0,18.0,94.0,16.0,94.0,O3,SEDANG,spku_2019.csv,,
2019-08-28,DKI3,63.0,,11.0,28.0,89.0,10.0,89.0,O3,SEDANG,spku_2019.csv,,
2019-08-29,DKI3,53.0,,12.0,28.0,82.0,12.0,82.0,O3,SEDANG,spku_2019.csv,,
2019-08-30,DKI3,58.0,,13.0,22.0,75.0,9.0,75.0,O3,SEDANG,spku_2019.csv,,
2019-08-31,DKI3,67.0,,13.0,30.0,78.0,15.0,78.0,O3,SEDANG,spku_2019.csv,,
2019-09-01,DKI3,58.0,,13.0,26.0,79.0,10.0,79.0,O3,SEDANG,spku_2019.csv,,
2019-09-02,DKI3,58.0,,12.0,19.0,103.0,9.0,103.0,O3,TIDAK SEHAT,spku_2019.csv,,
2019-09-03,DKI3,61.0,,13.0,18.0,141.0,11.0,141.0,O3,TIDAK SEHAT,spku_2019.csv,,
2019-09-04,DKI3,68.0,,12.0,24.0,132.0,13.0,132.0,O3,TIDAK SEHAT,spku_2019.csv,,
2019-09-05,DKI3,55.0,,14.0,26.0,111.0,12.0,111.0,O3,TIDAK SEHAT,spku_2019.csv,,
2019-09-06,DKI3,60.0,,12.0,20.0,127.0,9.0,127.0,O3,TIDAK SEHAT,spku_2019.csv,,
2019-09-07,DKI3,71.0,,13.0,26.0,78.0,15.0,78.0,O3,SEDANG,spku_2019.csv,,
2019-09-08,DKI3,52.0,,13.0,20.0,82.0,11.0,82.0,O3,SEDANG,spku_2019.csv,,
2019-09-09,DKI3,64.0,,12.0,20.0,106.0,11.0,106.0,O3,TIDAK SEHAT,spku_2019.csv,,
2019-09-10,DKI3,66.0,,13.0,21.0,73.0,11.0,73.0,O3,SEDANG,spku_2019.csv,,
2019-09-11,DKI3,63.0,,14.0,25.0,87.0,14.0,87.0,O3,SEDANG,spku_2019.csv,,
2019-09-12,DKI3,61.0,,13.0,25.0,106.0,15.0,106.0,O3,TIDAK SEHAT,spku_2019.csv,,
2019-09-13,DKI3,63.0,,12.0,23.0,99.0,10.0,99.0,O3,SEDANG,spku_2019.csv,,
2019-09-14,DKI3,61.0,,13.0,21.0,113.0,15.0,113.0,O3,TIDAK SEHAT,spku_2019.csv,,
2019-09-15,DKI3,57.0,,13.0,22.0,95.0,8.0,95.0,O3,SEDANG,spku_2019.csv,,
2019-09-16,DKI3,59.0,,11.0,24.0,65.0,10.0,65.0,O3,SEDANG,spku_2019.csv,,
2019-09-17,DKI3,59.0,,9.0,21.0,72.0,8.0,72.0,O3,SEDANG,spku_2019.csv,,
2019-09-18,DKI3,58.0,,13.0,22.0,132.0,8.0,132.0,O3,TIDAK SEHAT,spku_2019.csv,,
2019-09-19,DKI3,69.0,,13.0,25.0,88.0,12.0,88.0,O3,SEDANG,spku_2019.csv,,
2019-09-20,DKI3,60.0,,13.0,14.0,84.0,7.0,84.0,O3,SEDANG,spku_2019.csv,,
2019-09-21,DKI3,54.0,,13.0,6.0,106.0,5.0,106.0,O3,TIDAK SEHAT,spku_2019.csv,,
2019-09-22,DKI3,56.0,,14.0,8.0,134.0,8.0,134.0,O3,TIDAK SEHAT,spku_2019.csv,,
2019-09-23,DKI3,64.0,,13.0,10.0,75.0,7.0,75.0,O3,SEDANG,spku_2019.csv,,
2019-09-24,DKI3,66.0,,15.0,11.0,76.0,6.0,76.0,O3,SEDANG,spku_2019.csv,,
2019-09-25,DKI3,68.0,,13.0,15.0,159.0,8.0,159.0,O3,TIDAK SEHAT,spku_2019.csv,,
2019-09-26,DKI3,68.0,,13.0,15.0,69.0,9.0,69.0,O3,SEDANG,spku_2019.csv,,
2019-09-27,DKI3,59.0,,12.0,20.0,83.0,8.0,83.0,O3,SEDANG,spku_2019.csv,,
2019-09-28,DKI3,52.0,,13.0,12.0,81.0,9.0,81.0,O3,SEDANG,spku_2019.csv,,
2019-09-29,DKI3,63.0,,12.0,14.0,103.0,5.0,103.0,O3,TIDAK SEHAT,spku_2019.csv,,
2019-09-30,DKI3,52.0,,12.0,18.0,80.0,7.0,80.0,O3,SEDANG,spku_2019.csv,,
2019-10-01,DKI3,55.0,,12.0,20.0,76.0,12.0,76.0,O3,SEDANG,spku_2019.csv,,
2019-10-02,DKI3,73.0,,13.0,,106.0,11.0,106.0,O3,TIDAK SEHAT,spku_2019.csv,,
2019-10-03,DKI3,70.0,,13.0,19.0,81.0,10.0,81.0,O3,SEDANG,spku_2019.csv,,
2019-10-04,DKI3,61.0,,12.0,19.0,69.0,8.0,69.0,O3,SEDANG,spku_2019.csv,,
2019-10-05,DKI3,59.0,,13.0,14.0,71.0,7.0,71.0,O3,SEDANG,spku_2019.csv,,
2019-10-06,DKI3,53.0,,12.0,10.0,76.0,6.0,76.0,O3,SEDANG,spku_2019.csv,,
2019-10-07,DKI3,57.0,,11.0,15.0,85.0,11.0,85.0,O3,SEDANG,spku_2019.csv,,
2019-10-08,DKI3,59.0,,8.0,22.0,102.0,13.0,102.0,O3,TIDAK SEHAT,spku_2019.csv,,
2019-10-09,DKI3,50.0,,11.0,16.0,130.0,9.0,130.0,O3,TIDAK SEHAT,spku_2019.csv,,
2019-10-10,DKI3,58.0,,12.0,20.0,141.0,18.0,141.0,O3,TIDAK SEHAT,spku_2019.csv,,
2019-10-11,DKI3,56.0,,12.0,19.0,107.0,17.0,107.0,O3,TIDAK SEHAT,spku_2019.csv,,
2019-10-12,DKI3,68.0,,11.0,31.0,87.0,11.0,87.0,O3,SEDANG,spku_2019.csv,,
2019-10-13,DKI3,,,,,,,0.0, ,TIDAK ADA DATA,spku_2019.csv,,
2019-10-14,DKI3,,,,,,,0.0, ,TIDAK ADA DATA,spku_2019.csv,,
2019-10-15,DKI3,,,,,,,0.0, ,TIDAK ADA DATA,spku_2019.csv,,
2019-10-16,DKI3,56.0,,12.0,17.0,133.0,6.0,133.0,O3,TIDAK SEHAT,spku_2019.csv,,
2019-10-17,DKI3,58.0,,11.0,13.0,144.0,9.0,144.0,O3,TIDAK SEHAT,spku_2019.csv,,
2019-10-18,DKI3,51.0,,11.0,14.0,104.0,14.0,104.0,O3,TIDAK SEHAT,spku_2019.csv,,
2019-10-19,DKI3,58.0,,13.0,19.0,78.0,9.0,78.0,O3,SEDANG,spku_2019.csv,,
2019-10-20,DKI3,53.0,,11.0,22.0,88.0,9.0,88.0,O3,SEDANG,spku_2019.csv,,
2019-10-21,DKI3,55.0,,13.0,16.0,68.0,7.0,68.0,O3,SEDANG,spku_2019.csv,,
2019-10-22,DKI3,61.0,,12.0,13.0,73.0,7.0,73.0,O3,SEDANG,spku_2019.csv,,
2019-10-23,DKI3,56.0,,13.0,9.0,88.0,8.0,88.0,O3,SEDANG,spku_2019.csv,,
2019-10-24,DKI3,61.0,,14.0,18.0,129.0,8.0,129.0,O3,TIDAK SEHAT,spku_2019.csv,,
2019-10-25,DKI3,56.0,,13.0,19.0,113.0,9.0,113.0,O3,TIDAK SEHAT,spku_2019.csv,,
2019-10-26,DKI3,55.0,,14.0,19.0,107.0,11.0,107.0,O3,TIDAK SEHAT,spku_2019.csv,,
2019-10-27,DKI3,58.0,,14.0,23.0,91.0,7.0,91.0,O3,SEDANG,spku_2019.csv,,
2019-10-28,DKI3,52.0,,12.0,21.0,121.0,9.0,121.0,O3,TIDAK SEHAT,spku_2019.csv,,
2019-10-29,DKI3,55.0,,13.0,23.0,97.0,12.0,97.0,O3,SEDANG,spku_2019.csv,,
2019-10-30,DKI3,49.0,,13.0,21.0,142.0,12.0,142.0,O3,TIDAK SEHAT,spku_2019.csv,,
2019-10-31,DKI3,46.0,,15.0,17.0,120.0,11.0,120.0,O3,TIDAK SEHAT,spku_2019.csv,,
2019-11-01,DKI3,38.0,,12.0,16.0,80.0,5.0,80.0,O3,SEDANG,spku_2019.csv,,
2019-11-02,DKI3,32.0,,12.0,16.0,48.0,,48.0,O3,BAIK,spku_2019.csv,,
2019-11-03,DKI3,25.0,,12.0,11.0,82.0,,82.0,O3,SEDANG,spku_2019.csv,,
2019-11-04,DKI3,33.0,,12.0,14.0,91.0,8.0,91.0,O3,SEDANG,spku_2019.csv,,
2019-11-05,DKI3,54.0,,13.0,19.0,112.0,8.0,112.0,O3,TIDAK SEHAT,spku_2019.csv,,
2019-11-06,DKI3,51.0,,12.0,27.0,119.0,13.0,119.0,O3,TIDAK SEHAT,spku_2019.csv,,
2019-11-07,DKI3,61.0,,13.0,24.0,131.0,12.0,131.0,O3,TIDAK SEHAT,spku_2019.csv,,
2019-11-08,DKI3,69.0,,15.0,26.0,147.0,19.0,147.0,O3,TIDAK SEHAT,spku_2019.csv,,
2019-11-09,DKI3,76.0,,14.0,15.0,137.0,7.0,137.0,O3,TIDAK SEHAT,spku_2019.csv,,
2019-11-10,DKI3,61.0,,15.0,,148.0,15.0,148.0,O3,TIDAK SEHAT,spku_2019.csv,,
2019-11-11,DKI3,46.0,,12.0,,108.0,11.0,108.0,O3,TIDAK SEHAT,spku_2019.csv,,
2019-11-12,DKI3,59.0,,11.0,22.0,98.0,12.0,98.0,O3,SEDANG,spku_2019.csv,,
2019-11-13,DKI3,65.0,,12.0,34.0,64.0,12.0,65.0,PM10,SEDANG,spku_2019.csv,,
2019-11-14,DKI3,39.0,,12.0,24.0,46.0,8.0,46.0,O3,BAIK,spku_2019.csv,,
2019-11-15,DKI3,57.0,,13.0,25.0,90.0,11.0,90.0,O3,SEDANG,spku_2019.csv,,
2019-11-16,DKI3,38.0,,12.0,,81.0,6.0,81.0,O3,SEDANG,spku_2019.csv,,
2019-11-17,DKI3,46.0,,13.0,,99.0,9.0,99.0,O3,SEDANG,spku_2019.csv,,
2019-11-18,DKI3,55.0,,13.0,,77.0,7.0,77.0,O3,SEDANG,spku_2019.csv,,
2019-11-19,DKI3,54.0,,12.0,20.0,73.0,7.0,73.0,O3,SEDANG,spku_2019.csv,,
2019-11-20,DKI3,41.0,,11.0,18.0,134.0,12.0,134.0,O3,TIDAK SEHAT,spku_2019.csv,,
2019-11-21,DKI3,51.0,,12.0,20.0,102.0,14.0,102.0,O3,TIDAK SEHAT,spku_2019.csv,,
2019-11-22,DKI3,52.0,,11.0,27.0,80.0,8.0,80.0,O3,SEDANG,spku_2019.csv,,
2019-11-23,DKI3,63.0,,12.0,24.0,112.0,13.0,112.0,O3,TIDAK SEHAT,spku_2019.csv,,
2019-11-24,DKI3,57.0,,11.0,27.0,113.0,7.0,113.0,O3,TIDAK SEHAT,spku_2019.csv,,
2019-11-25,DKI3,53.0,,11.0,23.0,108.0,8.0,108.0,O3,TIDAK SEHAT,spku_2019.csv,,
2019-11-26,DKI3,58.0,,12.0,29.0,110.0,15.0,110.0,O3,TIDAK SEHAT,spku_2019.csv,,
2019-11-27,DKI3,,,,,,,0.0, ,TIDAK ADA DATA,spku_2019.csv,,
2019-11-28,DKI3,48.0,,9.0,28.0,106.0,9.0,106.0,O3,TIDAK SEHAT,spku_2019.csv,,
2019-11-29,DKI3,45.0,,8.0,25.0,107.0,11.0,107.0,O3,TIDAK SEHAT,spku_2019.csv,,
2019-11-30,DKI3,52.0,,8.0,26.0,88.0,8.0,88.0,O3,SEDANG,spku_2019.csv,,
2019-12-01,DKI3,34.0,,8.0,30.0,90.0,8.0,90.0,O3,SEDANG,spku_2019.csv,,
2019-12-02,DKI3,27.0,,11.0,21.0,91.0,6.0,91.0,O3,SEDANG,spku_2019.csv,,
2019-12-03,DKI3,51.0,,12.0,28.0,76.0,12.0,76.0,O3,SEDANG,spku_2019.csv,,
2019-12-04,DKI3,61.0,,12.0,29.0,82.0,9.0,82.0,O3,SEDANG,spku_2019.csv,,
2019-12-05,DKI3,39.0,,12.0,22.0,85.0,9.0,85.0,O3,SEDANG,spku_2019.csv,,
2019-12-06,DKI3,42.0,,12.0,25.0,68.0,6.0,68.0,O3,SEDANG,spku_2019.csv,,
2019-12-07,DKI3,42.0,,13.0,20.0,54.0,6.0,54.0,O3,SEDANG,spku_2019.csv,,
2019-12-08,DKI3,52.0,,11.0,,84.0,9.0,84.0,O3,SEDANG,spku_2019.csv,,
2019-12-09,DKI3,55.0,,12.0,,95.0,7.0,95.0,O3,SEDANG,spku_2019.csv,,
2019-12-10,DKI3,56.0,,13.0,,80.0,7.0,80.0,O3,SEDANG,spku_2019.csv,,
2019-12-11,DKI3,56.0,,15.0,,139.0,14.0,139.0,O3,TIDAK SEHAT,spku_2019.csv,,
2019-12-12,DKI3,52.0,,11.0,,87.0,13.0,87.0,O3,SEDANG,spku_2019.csv,,
2019-12-13,DKI3,57.0,,11.0,22.0,99.0,8.0,99.0,O3,SEDANG,spku_2019.csv,,
2019-12-14,DKI3,42.0,,11.0,23.0,94.0,6.0,94.0,O3,SEDANG,spku_2019.csv,,
2019-12-15,DKI3,28.0,,12.0,18.0,90.0,4.0,90.0,O3,SEDANG,spku_2019.csv,,
2019-12-16,DKI3,,,,,,,0.0, ,TIDAK ADA DATA,spku_2019.csv,,
2019-12-17,DKI3,52.0,,10.0,22.0,64.0,,64.0,O3,SEDANG,spku_2019.csv,,
2019-12-18,DKI3,30.0,,9.0,28.0,93.0,11.0,93.0,O3,SEDANG,spku_2019.csv,,
2019-12-19,DKI3,43.0,,9.0,30.0,90.0,10.0,90.0,O3,SEDANG,spku_2019.csv,,
2019-12-20,DKI3,54.0,,9.0,30.0,99.0,8.0,99.0,O3,SEDANG,spku_2019.csv,,
2019-12-21,DKI3,55.0,,9.0,35.0,100.0,7.0,100.0,O3,SEDANG,spku_2019.csv,,
2019-12-22,DKI3,,,9.0,24.0,76.0,11.0,76.0,O3,SEDANG,spku_2019.csv,,
2019-12-23,DKI3,45.0,,9.0,32.0,58.0,8.0,58.0,O3,SEDANG,spku_2019.csv,,
2019-12-24,DKI3,39.0,,12.0,34.0,81.0,9.0,81.0,O3,SEDANG,spku_2019.csv,,
2019-12-25,DKI3,35.0,,12.0,26.0,66.0,8.0,66.0,O3,SEDANG,spku_2019.csv,,
2019-12-26,DKI3,,,12.0,22.0,78.0,,78.0,O3,SEDANG,spku_2019.csv,,
2019-12-27,DKI3,42.0,,12.0,26.0,82.0,5.0,82.0,O3,SEDANG,spku_2019.csv,,
2019-12-28,DKI3,42.0,,12.0,34.0,61.0,10.0,61.0,O3,SEDANG,spku_2019.csv,,
2019-12-29,DKI3,51.0,,12.0,36.0,55.0,10.0,55.0,O3,SEDANG,spku_2019.csv,,
2019-12-30,DKI3,61.0,,12.0,55.0,76.0,8.0,76.0,O3,SEDANG,spku_2019.csv,,
2019-12-31,DKI3,52.0,,11.0,23.0,55.0,4.0,55.0,O3,SEDANG,spku_2019.csv,,
2020-01-01,DKI3,38.0,,11.0,25.0,41.0,,41.0,O3,BAIK,ispu_2020.xls,,
2020-01-02,DKI3,36.0,,11.0,39.0,44.0,,44.0,O3,BAIK,ispu_2020.xls,,
2020-01-03,DKI3,51.0,,11.0,27.0,51.0,,51.0,PM10,SEDANG,ispu_2020.xls,,
2020-01-04,DKI3,51.0,,11.0,18.0,51.0,,51.0,PM10,SEDANG,ispu_2020.xls,,
2020-01-05,DKI3,52.0,,12.0,25.0,57.0,4.0,57.0,O3,SEDANG,ispu_2020.xls,,
2020-01-06,DKI3,62.0,,11.0,39.0,46.0,7.0,62.0,PM10,SEDANG,ispu_2020.xls,,
2020-01-07,DKI3,38.0,,11.0,22.0,52.0,,52.0,O3,SEDANG,ispu_2020.xls,,
2020-01-08,DKI3,47.0,,10.0,20.0,44.0,5.0,47.0,PM10,BAIK,ispu_2020.xls,,
2020-01-09,DKI3,67.0,,11.0,58.0,46.0,13.0,67.0,PM10,SEDANG,ispu_2020.xls,,
2020-01-10,DKI3,31.0,,11.0,27.0,38.0,,38.0,O3,BAIK,ispu_2020.xls,,
2020-01-11,DKI3,26.0,,11.0,20.0,31.0,,31.0,O3,BAIK,ispu_2020.xls,,
2020-01-12,DKI3,30.0,,11.0,17.0,41.0,,41.0,O3,BAIK,ispu_2020.xls,,
2020-01-13,DKI3,42.0,,11.0,15.0,39.0,,42.0,PM10,BAIK,ispu_2020.xls,,
2020-01-14,DKI3,38.0,,11.0,14.0,40.0,,40.0,O3,BAIK,ispu_2020.xls,,
2020-01-15,DKI3,44.0,,11.0,16.0,63.0,6.0,63.0,O3,SEDANG,ispu_2020.xls,,
2020-01-16,DKI3,67.0,,11.0,41.0,78.0,12.0,78.0,O3,SEDANG,ispu_2020.xls,,
2020-01-17,DKI3,52.0,,12.0,40.0,119.0,12.0,119.0,O3,TIDAK SEHAT,ispu_2020.xls,,
2020-01-18,DKI3,44.0,,12.0,25.0,60.0,5.0,60.0,O3,SEDANG,ispu_2020.xls,,
2020-01-19,DKI3,76.0,,14.0,62.0,110.0,10.0,110.0,O3,TIDAK SEHAT,ispu_2020.xls,,
2020-01-20,DKI3,50.0,,12.0,20.0,65.0,6.0,65.0,O3,SEDANG,ispu_2020.xls,,
2020-01-21,DKI3,62.0,,12.0,41.0,50.0,15.0,62.0,PM10,SEDANG,ispu_2020.xls,,
2020-01-22,DKI3,58.0,,12.0,43.0,64.0,13.0,64.0,O3,SEDANG,ispu_2020.xls,,
2020-01-23,DKI3,53.0,,14.0,24.0,59.0,6.0,59.0,O3,SEDANG,ispu_2020.xls,,
2020-01-24,DKI3,50.0,,14.0,31.0,44.0,12.0,50.0,PM10,BAIK,ispu_2020.xls,,
2020-01-25,DKI3,40.0,,14.0,34.0,35.0,5.0,40.0,PM10,BAIK,ispu_2020.xls,,
2020-01-26,DKI3,45.0,,15.0,43.0,84.0,9.0,84.0,O3,SEDANG,ispu_2020.xls,,
2020-01-27,DKI3,36.0,,14.0,29.0,78.0,11.0,78.0,O3,SEDANG,ispu_2020.xls,,
2020-01-28,DKI3,62.0,,13.0,39.0,74.0,9.0,74.0,O3,SEDANG,ispu_2020.xls,,
2020-01-29,DKI3,70.0,,13.0,42.0,79.0,10.0,79.0,O3,SEDANG,ispu_2020.xls,,
2020-01-30,DKI3,37.0,,13.0,17.0,65.0,,65.0,O3,SEDANG,ispu_2020.xls,,
2020-01-31,DKI3,45.0,,14.0,27.0,54.0,8.0,54.0,O3,SEDANG,ispu_2020.xls,,
2020-02-01,DKI3,44.0,,15.0,39.0,38.0,10.0,44.0,PM10,BAIK,ispu_2020.xls,,
2020-02-02,DKI3,38.0,,15.0,35.0,45.0,8.0,45.0,O3,BAIK,ispu_2020.xls,,
2020-02-03,DKI3,41.0,,15.0,50.0,37.0,8.0,50.0,CO,BAIK,ispu_2020.xls,,
2020-02-04,DKI3,40.0,,15.0,53.0,38.0,,53.0,CO,SEDANG,ispu_2020.xls,,
2020-02-05,DKI3,67.0,,14.0,57.0,49.0,12.0,67.0,PM10,SEDANG,ispu_2020.xls,,
2020-02-06,DKI3,55.0,,14.0,26.0,45.0,8.0,55.0,PM10,SEDANG,ispu_2020.xls,,
2020-02-07,DKI3,51.0,,14.0,28.0,50.0,7.0,51.0,PM10,SEDANG,ispu_2020.xls,,
2020-02-08,DKI3,26.0,,14.0,20.0,48.0,10.0,48.0,O3,BAIK,ispu_2020.xls,,
2020-02-09,DKI3,46.0,,14.0,35.0,46.0,11.0,46.0,PM10,BAIK,ispu_2020.xls,,
2020-02-10,DKI3,44.0,,15.0,27.0,52.0,,52.0,O3,SEDANG,ispu_2020.xls,,
2020-02-11,DKI3,53.0,,16.0,26.0,45.0,9.0,53.0,PM10,SEDANG,ispu_2020.xls,,
2020-02-12,DKI3,48.0,,16.0,19.0,126.0,6.0,126.0,O3,TIDAK SEHAT,ispu_2020.xls,,
2020-02-13,DKI3,55.0,,16.0,23.0,68.0,9.0,68.0,O3,SEDANG,ispu_2020.xls,,
2020-02-14,DKI3,57.0,,15.0,36.0,56.0,8.0,57.0,PM10,SEDANG,ispu_2020.xls,,
2020-02-15,DKI3,62.0,,15.0,46.0,108.0,8.0,108.0,O3,TIDAK SEHAT,ispu_2020.xls,,
2020-02-16,DKI3,52.0,,17.0,35.0,55.0,15.0,55.0,O3,SEDANG,ispu_2020.xls,,
2020-02-17,DKI3,38.0,,16.0,30.0,59.0,10.0,59.0,O3,SEDANG,ispu_2020.xls,,
2020-02-18,DKI3,51.0,,16.0,47.0,58.0,11.0,58.0,O3,SEDANG,ispu_2020.xls,,
2020-02-19,DKI3,53.0,,16.0,28.0,35.0,6.0,53.0,PM10,SEDANG,ispu_2020.xls,,
2020-02-20,DKI3,43.0,,15.0,21.0,35.0,7.0,43.0,PM10,BAIK,ispu_2020.xls,,
2020-02-21,DKI3,33.0,,15.0,25.0,38.0,7.0,38.0,O3,BAIK,ispu_2020.xls,,
2020-02-22,DKI3,55.0,,14.0,75.0,41.0,11.0,75.0,CO,SEDANG,ispu_2020.xls,,
2020-02-23,DKI3,39.0,,13.0,37.0,38.0,,39.0,PM10,BAIK,ispu_2020.xls,,
2020-02-24,DKI3,32.0,,14.0,21.0,39.0,,39.0,O3,BAIK,ispu_2020.xls,,
2020-02-25,DKI3,31.0,,13.0,25.0,44.0,,44.0,O3,BAIK,ispu_2020.xls,,
2020-02-26,DKI3,49.0,,15.0,27.0,49.0,6.0,49.0,PM10,BAIK,ispu_2020.xls,,
2020-02-27,DKI3,48.0,,16.0,40.0,38.0,10.0,48.0,PM10,BAIK,ispu_2020.xls,,
2020-02-28,DKI3,50.0,,15.0,33.0,48.0,13.0,50.0,PM10,BAIK,ispu_2020.xls,,
2020-02-29,DKI3,51.0,,16.0,52.0,45.0,10.0,52.0,CO,SEDANG,ispu_2020.xls,,
2020-04-01,DKI3,51.0,,18.0,35.0,62.0,7.0,62.0,O3,SEDANG,ispu_2020.xls,,
2020-04-02,DKI3,55.0,,19.0,22.0,44.0,6.0,55.0,PM10,SEDANG,ispu_2020.xls,,
2020-04-03,DKI3,54.0,,17.0,22.0,35.0,3.0,54.0,PM10,SEDANG,ispu_2020.xls,,
2020-04-04,DKI3,59.0,,19.0,25.0,65.0,7.0,65.0,O3,SEDANG,ispu_2020.xls,,
2020-04-05,DKI3,51.0,,19.0,19.0,81.0,3.0,81.0,O3,SEDANG,ispu_2020.xls,,
2020-04-06,DKI3,52.0,,17.0,29.0,33.0,6.0,52.0,PM10,SEDANG,ispu_2020.xls,,
2020-04-07,DKI3,40.0,,17.0,23.0,24.0,4.0,40.0,PM10,BAIK,ispu_2020.xls,,
2020-04-08,DKI3,26.0,,18.0,13.0,40.0,3.0,40.0,O3,BAIK,ispu_2020.xls,,
2020-04-09,DKI3,50.0,,17.0,19.0,53.0,6.0,53.0,O3,SEDANG,ispu_2020.xls,,
2020-04-10,DKI3,53.0,,17.0,26.0,72.0,8.0,72.0,O3,SEDANG,ispu_2020.xls,,
2020-04-11,DKI3,45.0,,18.0,18.0,64.0,4.0,64.0,O3,SEDANG,ispu_2020.xls,,
2020-04-12,DKI3,60.0,,17.0,31.0,71.0,4.0,71.0,O3,SEDANG,ispu_2020.xls,,
2020-04-13,DKI3,48.0,,17.0,17.0,67.0,5.0,67.0,O3,SEDANG,ispu_2020.xls,,
2020-04-14,DKI3,40.0,,17.0,22.0,73.0,6.0,73.0,O3,SEDANG,ispu_2020.xls,,
2020-04-15,DKI3,39.0,,19.0,19.0,65.0,6.0,65.0,O3,SEDANG,ispu_2020.xls,,
2020-04-16,DKI3,37.0,,18.0,17.0,55.0,5.0,55.0,O3,SEDANG,ispu_2020.xls,,
2020-04-17,DKI3,51.0,,17.0,19.0,92.0,5.0,92.0,O3,SEDANG,ispu_2020.xls,,
2020-04-18,DKI3,36.0,,18.0,15.0,66.0,4.0,66.0,O3,SEDANG,ispu_2020.xls,,
2020-04-19,DKI3,56.0,,19.0,20.0,85.0,8.0,85.0,O3,SEDANG,ispu_2020.xls,,
2020-04-20,DKI3,62.0,,18.0,20.0,89.0,9.0,89.0,O3,SEDANG,ispu_2020.xls,,
2020-04-21,DKI3,50.0,,19.0,17.0,53.0,7.0,53.0,O3,SEDANG,ispu_2020.xls,,
2020-04-22,DKI3,58.0,,19.0,26.0,75.0,8.0,75.0,O3,SEDANG,ispu_2020.xls,,
2020-04-23,DKI3,51.0,,17.0,17.0,60.0,5.0,60.0,O3,SEDANG,ispu_2020.xls,,
2020-04-24,DKI3,39.0,,18.0,22.0,40.0,6.0,40.0,O3,BAIK,ispu_2020.xls,,
2020-04-25,DKI3,46.0,,19.0,29.0,55.0,5.0,55.0,O3,SEDANG,ispu_2020.xls,,
2020-04-26,DKI3,62.0,,18.0,23.0,71.0,5.0,71.0,O3,SEDANG,ispu_2020.xls,,
2020-04-27,DKI3,38.0,,18.0,18.0,53.0,3.0,53.0,O3,SEDANG,ispu_2020.xls,,
2020-04-28,DKI3,38.0,,19.0,22.0,79.0,5.0,79.0,O3,SEDANG,ispu_2020.xls,,
2020-04-29,DKI3,45.0,,18.0,19.0,70.0,7.0,70.0,O3,SEDANG,ispu_2020.xls,,
2020-04-30,DKI3,65.0,,19.0,37.0,77.0,10.0,77.0,O3,SEDANG,ispu_2020.xls,,
2020-05-01,DKI3,55.0,,18.0,21.0,58.0,4.0,58.0,O3,SEDANG,ispu_2020.xls,,
2020-05-02,DKI3,25.0,,19.0,12.0,46.0,5.0,46.0,O3,BAIK,ispu_2020.xls,,
2020-05-03,DKI3,62.0,,20.0,35.0,49.0,8.0,62.0,PM10,SEDANG,ispu_2020.xls,,
2020-05-04,DKI3,40.0,,19.0,14.0,35.0,5.0,40.0,PM10,BAIK,ispu_2020.xls,,
2020-05-05,DKI3,53.0,,18.0,18.0,50.0,5.0,53.0,PM10,SEDANG,ispu_2020.xls,,
2020-05-06,DKI3,38.0,,18.0,13.0,47.0,5.0,47.0,O3,BAIK,ispu_2020.xls,,
2020-05-07,DKI3,33.0,,18.0,16.0,68.0,3.0,68.0,O3,SEDANG,ispu_2020.xls,,
2020-05-08,DKI3,66.0,,17.0,18.0,65.0,5.0,66.0,PM10,SEDANG,ispu_2020.xls,,
2020-05-09,DKI3,57.0,,17.0,20.0,60.0,8.0,60.0,O3,SEDANG,ispu_2020.xls,,
2020-05-10,DKI3,67.0,,17.0,26.0,68.0,7.0,68.0,O3,SEDANG,ispu_2020.xls,,
2020-05-11,DKI3,43.0,,17.0,18.0,62.0,6.0,62.0,O3,SEDANG,ispu_2020.xls,,
2020-05-12,DKI3,44.0,,17.0,20.0,63.0,5.0,63.0,O3,SEDANG,ispu_2020.xls,,
2020-05-13,DKI3,44.0,,18.0,17.0,69.0,4.0,69.0,O3,SEDANG,ispu_2020.xls,,
2020-05-14,DKI3,57.0,,17.0,17.0,64.0,6.0,64.0,O3,SEDANG,ispu_2020.xls,,
2020-05-15,DKI3,59.0,,17.0,18.0,58.0,6.0,59.0,PM10,SEDANG,ispu_2020.xls,,
2020-05-16,DKI3,56.0,,17.0,17.0,63.0,6.0,63.0,O3,SEDANG,ispu_2020.xls,,
2020-05-17,DKI3,60.0,,17.0,18.0,77.0,6.0,77.0,O3,SEDANG,ispu_2020.xls,,
2020-05-18,DKI3,52.0,,17.0,15.0,75.0,4.0,75.0,O3,SEDANG,ispu_2020.xls,,
2020-05-19,DKI3,26.0,,18.0,15.0,59.0,5.0,59.0,O3,SEDANG,ispu_2020.xls,,
2020-05-20,DKI3,34.0,,18.0,14.0,67.0,5.0,67.0,O3,SEDANG,ispu_2020.xls,,
2020-05-21,DKI3,21.0,,19.0,14.0,46.0,5.0,46.0,O3,BAIK,ispu_2020.xls,,
2020-05-22,DKI3,48.0,,19.0,16.0,55.0,5.0,55.0,O3,SEDANG,ispu_2020.xls,,
2020-05-23,DKI3,37.0,,18.0,15.0,54.0,4.0,54.0,O3,SEDANG,ispu_2020.xls,,
2020-05-24,DKI3,57.0,,17.0,26.0,28.0,6.0,57.0,PM10,SEDANG,ispu_2020.xls,,
2020-05-25,DKI3,30.0,,18.0,15.0,30.0,4.0,30.0,PM10,BAIK,ispu_2020.xls,,
2020-05-26,DKI3,37.0,,18.0,18.0,40.0,5.0,40.0,O3,BAIK,ispu_2020.xls,,
2020-05-27,DKI3,37.0,,18.0,12.0,75.0,2.0,75.0,O3,SEDANG,ispu_2020.xls,,
2020-05-28,DKI3,39.0,,17.0,15.0,78.0,5.0,78.0,O3,SEDANG,ispu_2020.xls,,
2020-05-29,DKI3,54.0,,17.0,16.0,82.0,5.0,82.0,O3,SEDANG,ispu_2020.xls,,
2020-05-30,DKI3,44.0,,17.0,36.0,55.0,8.0,55.0,O3,SEDANG,ispu_2020.xls,,
2020-05-31,DKI3,54.0,,17.0,28.0,51.0,5.0,54.0,PM10,SEDANG,ispu_2020.xls,,
2020-06-06,DKI3,52.0,,17.0,22.0,59.0,5.0,59.0,O3,SEDANG,ispu_2020.xls,duplicate_station_date_source,
2020-07-01,DKI3,63.0,,13.0,15.0,71.0,6.0,71.0,O3,SEDANG,ispu_2020.xls,,
2020-07-02,DKI3,68.0,,14.0,20.0,59.0,11.0,68.0,PM10,SEDANG,ispu_2020.xls,,
2020-07-03,DKI3,58.0,,14.0,23.0,88.0,10.0,88.0,O3,SEDANG,ispu_2020.xls,,
2020-07-04,DKI3,48.0,,13.0,16.0,71.0,6.0,71.0,O3,SEDANG,ispu_2020.xls,,
2020-07-05,DKI3,57.0,,15.0,16.0,48.0,8.0,57.0,PM10,SEDANG,ispu_2020.xls,,
2020-07-06,DKI3,53.0,,15.0,16.0,56.0,7.0,56.0,O3,SEDANG,ispu_2020.xls,,
2020-07-07,DKI3,51.0,,15.0,15.0,61.0,12.0,61.0,O3,SEDANG,ispu_2020.xls,,
2020-07-08,DKI3,56.0,,15.0,15.0,73.0,9.0,73.0,O3,SEDANG,ispu_2020.xls,,
2020-07-09,DKI3,49.0,,14.0,14.0,64.0,6.0,64.0,O3,SEDANG,ispu_2020.xls,,
2020-07-10,DKI3,65.0,,15.0,21.0,113.0,10.0,113.0,O3,TIDAK SEHAT,ispu_2020.xls,,
2020-07-11,DKI3,71.0,,16.0,20.0,111.0,10.0,111.0,O3,TIDAK SEHAT,ispu_2020.xls,,
2020-07-12,DKI3,64.0,,15.0,24.0,78.0,8.0,78.0,O3,SEDANG,ispu_2020.xls,,
2020-07-13,DKI3,64.0,,15.0,20.0,71.0,13.0,71.0,O3,SEDANG,ispu_2020.xls,,
2020-07-14,DKI3,66.0,,16.0,15.0,59.0,9.0,66.0,PM10,SEDANG,ispu_2020.xls,,
2020-07-15,DKI3,61.0,,16.0,14.0,51.0,7.0,61.0,PM10,SEDANG,ispu_2020.xls,,
2020-07-16,DKI3,50.0,,17.0,13.0,37.0,8.0,50.0,PM10,BAIK,ispu_2020.xls,,
2020-07-17,DKI3,,,20.0,17.0,58.0,14.0,58.0,O3,SEDANG,ispu_2020.xls,,
2020-07-18,DKI3,,,19.0,17.0,69.0,6.0,69.0,O3,SEDANG,ispu_2020.xls,,
2020-07-19,DKI3,,,18.0,21.0,72.0,9.0,72.0,O3,SEDANG,ispu_2020.xls,,
2020-07-20,DKI3,,,20.0,14.0,69.0,6.0,69.0,O3,SEDANG,ispu_2020.xls,,
2020-07-21,DKI3,,,22.0,24.0,82.0,11.0,82.0,O3,SEDANG,ispu_2020.xls,,
2020-07-22,DKI3,,,19.0,20.0,69.0,13.0,69.0,O3,SEDANG,ispu_2020.xls,,
2020-07-23,DKI3,,,19.0,14.0,68.0,6.0,68.0,O3,SEDANG,ispu_2020.xls,,
2020-07-24,DKI3,67.0,,18.0,17.0,89.0,8.0,89.0,O3,SEDANG,ispu_2020.xls,,
2020-07-25,DKI3,63.0,,17.0,13.0,77.0,6.0,77.0,O3,SEDANG,ispu_2020.xls,,
2020-07-26,DKI3,56.0,,18.0,11.0,79.0,9.0,79.0,O3,SEDANG,ispu_2020.xls,,
2020-07-27,DKI3,56.0,,19.0,12.0,73.0,8.0,73.0,O3,SEDANG,ispu_2020.xls,,
2020-07-28,DKI3,64.0,,19.0,16.0,95.0,9.0,95.0,O3,SEDANG,ispu_2020.xls,,
2020-07-29,DKI3,64.0,,20.0,16.0,111.0,12.0,111.0,O3,TIDAK SEHAT,ispu_2020.xls,,
2020-07-30,DKI3,67.0,,18.0,14.0,136.0,8.0,136.0,O3,TIDAK SEHAT,ispu_2020.xls,,
2020-07-31,DKI3,53.0,,19.0,13.0,70.0,8.0,70.0,O3,SEDANG,ispu_2020.xls,,
2020-08-01,DKI3,60.0,,20.0,13.0,77.0,8.0,77.0,O3,SEDANG,ispu_2020.xls,,
2020-08-02,DKI3,73.0,,20.0,21.0,76.0,10.0,76.0,O3,SEDANG,ispu_2020.xls,,
2020-08-03,DKI3,66.0,,20.0,17.0,78.0,9.0,78.0,O3,SEDANG,ispu_2020.xls,,
2020-08-04,DKI3,59.0,,19.0,12.0,84.0,6.0,84.0,O3,SEDANG,ispu_2020.xls,,
2020-08-05,DKI3,68.0,,19.0,15.0,62.0,9.0,68.0,PM10,SEDANG,ispu_2020.xls,,
2020-08-06,DKI3,74.0,,19.0,21.0,103.0,8.0,103.0,O3,TIDAK SEHAT,ispu_2020.xls,,
2020-08-07,DKI3,67.0,,19.0,18.0,91.0,9.0,91.0,O3,SEDANG,ispu_2020.xls,,
2020-08-08,DKI3,62.0,,19.0,17.0,63.0,8.0,63.0,O3,SEDANG,ispu_2020.xls,,
2020-08-09,DKI3,52.0,,19.0,17.0,69.0,8.0,69.0,O3,SEDANG,ispu_2020.xls,,
2020-08-10,DKI3,53.0,,20.0,19.0,76.0,8.0,76.0,O3,SEDANG,ispu_2020.xls,,
2020-08-11,DKI3,61.0,,20.0,19.0,55.0,9.0,61.0,PM10,SEDANG,ispu_2020.xls,,
2020-08-12,DKI3,60.0,,22.0,29.0,67.0,11.0,67.0,O3,SEDANG,ispu_2020.xls,,
2020-08-13,DKI3,55.0,,21.0,19.0,57.0,9.0,57.0,O3,SEDANG,ispu_2020.xls,,
2020-08-14,DKI3,38.0,,21.0,21.0,51.0,13.0,51.0,O3,SEDANG,ispu_2020.xls,,
2020-08-15,DKI3,43.0,,21.0,24.0,50.0,8.0,50.0,O3,BAIK,ispu_2020.xls,,
2020-08-16,DKI3,46.0,,21.0,20.0,68.0,6.0,68.0,O3,SEDANG,ispu_2020.xls,,
2020-08-17,DKI3,48.0,,21.0,16.0,53.0,5.0,53.0,O3,SEDANG,ispu_2020.xls,,
2020-08-18,DKI3,56.0,,22.0,19.0,71.0,9.0,71.0,O3,SEDANG,ispu_2020.xls,,
2020-08-19,DKI3,60.0,,22.0,29.0,82.0,10.0,82.0,O3,SEDANG,ispu_2020.xls,,
2020-08-20,DKI3,57.0,,22.0,18.0,64.0,8.0,64.0,O3,SEDANG,ispu_2020.xls,,
2020-08-21,DKI3,46.0,,23.0,10.0,55.0,6.0,55.0,O3,SEDANG,ispu_2020.xls,,
2020-08-22,DKI3,56.0,,24.0,20.0,55.0,11.0,56.0,PM10,SEDANG,ispu_2020.xls,,
2020-08-23,DKI3,65.0,,25.0,26.0,80.0,13.0,80.0,O3,SEDANG,ispu_2020.xls,,
2020-08-24,DKI3,55.0,,27.0,17.0,52.0,8.0,55.0,PM10,SEDANG,ispu_2020.xls,,
2020-08-25,DKI3,54.0,,25.0,12.0,58.0,6.0,58.0,O3,SEDANG,ispu_2020.xls,,
2020-08-26,DKI3,49.0,,25.0,9.0,73.0,7.0,73.0,O3,SEDANG,ispu_2020.xls,,
2020-08-27,DKI3,51.0,,24.0,10.0,65.0,5.0,65.0,O3,SEDANG,ispu_2020.xls,,
2020-08-28,DKI3,58.0,,25.0,13.0,58.0,9.0,58.0,PM10,SEDANG,ispu_2020.xls,,
2020-08-29,DKI3,50.0,,25.0,11.0,61.0,8.0,61.0,O3,SEDANG,ispu_2020.xls,,
2020-08-30,DKI3,55.0,,26.0,15.0,70.0,10.0,70.0,O3,SEDANG,ispu_2020.xls,,
2020-08-31,DKI3,56.0,,26.0,13.0,86.0,8.0,86.0,O3,SEDANG,ispu_2020.xls,,
2020-09-01,DKI3,53.0,,26.0,10.0,59.0,6.0,86.0,PM25,SEDANG,ispu_2020.xls,,
2020-09-02,DKI3,57.0,,26.0,13.0,65.0,12.0,93.0,PM25,SEDANG,ispu_2020.xls,,
2020-09-03,DKI3,54.0,,25.0,14.0,75.0,6.0,88.0,PM25,SEDANG,ispu_2020.xls,,
2020-09-04,DKI3,56.0,,25.0,16.0,54.0,6.0,88.0,PM25,SEDANG,ispu_2020.xls,,
2020-09-05,DKI3,54.0,,25.0,16.0,121.0,6.0,121.0,O3,TIDAK SEHAT,ispu_2020.xls,,
2020-09-06,DKI3,51.0,,25.0,17.0,108.0,7.0,108.0,O3,TIDAK SEHAT,ispu_2020.xls,,
2020-09-07,DKI3,61.0,,27.0,19.0,78.0,8.0,103.0,PM25,TIDAK SEHAT,ispu_2020.xls,,
2020-09-08,DKI3,53.0,,28.0,13.0,61.0,7.0,85.0,PM25,SEDANG,ispu_2020.xls,,
2020-09-09,DKI3,54.0,,28.0,11.0,62.0,9.0,97.0,PM25,SEDANG,ispu_2020.xls,,
2020-09-10,DKI3,45.0,,26.0,9.0,70.0,6.0,79.0,PM25,SEDANG,ispu_2020.xls,,
2020-09-11,DKI3,59.0,,27.0,20.0,89.0,8.0,101.0,PM25,TIDAK SEHAT,ispu_2020.xls,,
2020-09-12,DKI3,56.0,,25.0,13.0,98.0,7.0,101.0,PM25,TIDAK SEHAT,ispu_2020.xls,,
2020-09-13,DKI3,54.0,,25.0,13.0,98.0,6.0,98.0,O3,SEDANG,ispu_2020.xls,,
2020-09-14,DKI3,54.0,,26.0,14.0,83.0,9.0,87.0,PM25,SEDANG,ispu_2020.xls,,
2020-09-15,DKI3,52.0,,24.0,16.0,80.0,7.0,87.0,PM25,SEDANG,ispu_2020.xls,,
2020-09-16,DKI3,45.0,,26.0,17.0,84.0,5.0,84.0,O3,SEDANG,ispu_2020.xls,,
2020-09-17,DKI3,43.0,,25.0,12.0,83.0,9.0,83.0,O3,SEDANG,ispu_2020.xls,,
2020-09-18,DKI3,56.0,,26.0,17.0,70.0,8.0,94.0,PM25,SEDANG,ispu_2020.xls,,
2020-09-19,DKI3,56.0,,26.0,16.0,65.0,6.0,97.0,PM25,SEDANG,ispu_2020.xls,,
2020-09-20,DKI3,56.0,,26.0,16.0,48.0,6.0,87.0,PM25,SEDANG,ispu_2020.xls,,
2020-09-21,DKI3,36.0,,27.0,22.0,75.0,5.0,75.0,O3,SEDANG,ispu_2020.xls,,
2020-09-22,DKI3,33.0,,26.0,15.0,60.0,5.0,60.0,PM25,SEDANG,ispu_2020.xls,,
2020-09-23,DKI3,37.0,,28.0,17.0,125.0,9.0,125.0,O3,TIDAK SEHAT,ispu_2020.xls,,
2020-09-24,DKI3,51.0,,29.0,16.0,128.0,8.0,128.0,O3,TIDAK SEHAT,ispu_2020.xls,,
2020-09-25,DKI3,52.0,,30.0,17.0,114.0,7.0,114.0,O3,TIDAK SEHAT,ispu_2020.xls,,
2020-09-26,DKI3,60.0,,30.0,18.0,85.0,6.0,105.0,PM25,TIDAK SEHAT,ispu_2020.xls,,
2020-09-27,DKI3,58.0,,31.0,19.0,86.0,9.0,96.0,PM25,SEDANG,ispu_2020.xls,,
2020-09-28,DKI3,36.0,,31.0,15.0,68.0,6.0,68.0,O3,SEDANG,ispu_2020.xls,,
2020-09-29,DKI3,42.0,,34.0,13.0,92.0,5.0,92.0,O3,SEDANG,ispu_2020.xls,,
2020-09-30,DKI3,50.0,,34.0,12.0,82.0,5.0,82.0,O3,SEDANG,ispu_2020.xls,,
2020-10-01,DKI3,52.0,,32.0,15.0,62.0,9.0,83.0,PM25,SEDANG,ispu_2020.xls,anomaly_ispu_transition_2020,
2020-10-02,DKI3,52.0,,35.0,16.0,74.0,7.0,89.0,PM25,SEDANG,ispu_2020.xls,anomaly_ispu_transition_2020,
2020-10-03,DKI3,40.0,,32.0,17.0,73.0,7.0,73.0,O3,SEDANG,ispu_2020.xls,anomaly_ispu_transition_2020,
2020-10-04,DKI3,43.0,,33.0,19.0,91.0,6.0,91.0,O3,SEDANG,ispu_2020.xls,anomaly_ispu_transition_2020,
2020-10-05,DKI3,26.0,,32.0,11.0,72.0,4.0,72.0,O3,SEDANG,ispu_2020.xls,anomaly_ispu_transition_2020,
2020-10-06,DKI3,33.0,,34.0,8.0,76.0,4.0,76.0,O3,SEDANG,ispu_2020.xls,anomaly_ispu_transition_2020,
2020-10-07,DKI3,36.0,,33.0,12.0,89.0,10.0,89.0,O3,SEDANG,ispu_2020.xls,anomaly_ispu_transition_2020,
2020-10-08,DKI3,36.0,,35.0,11.0,107.0,7.0,107.0,O3,TIDAK SEHAT,ispu_2020.xls,anomaly_ispu_transition_2020,
2020-10-09,DKI3,47.0,,32.0,14.0,88.0,9.0,88.0,O3,SEDANG,ispu_2020.xls,anomaly_ispu_transition_2020,
2020-10-10,DKI3,38.0,,32.0,21.0,72.0,8.0,72.0,O3,SEDANG,ispu_2020.xls,anomaly_ispu_transition_2020,
2020-10-11,DKI3,29.0,,32.0,15.0,87.0,5.0,87.0,O3,SEDANG,ispu_2020.xls,anomaly_ispu_transition_2020,
2020-10-12,DKI3,43.0,,34.0,20.0,62.0,7.0,89.0,PM25,SEDANG,ispu_2020.xls,anomaly_ispu_transition_2020,
2020-10-13,DKI3,52.0,,35.0,30.0,92.0,15.0,105.0,PM25,TIDAK SEHAT,ispu_2020.xls,anomaly_ispu_transition_2020,
2020-10-14,DKI3,56.0,,34.0,25.0,94.0,12.0,94.0,O3,SEDANG,ispu_2020.xls,anomaly_ispu_transition_2020,
2020-10-15,DKI3,62.0,,35.0,19.0,97.0,6.0,103.0,PM25,TIDAK SEHAT,ispu_2020.xls,anomaly_ispu_transition_2020,
2020-10-16,DKI3,55.0,,35.0,16.0,83.0,6.0,88.0,PM25,SEDANG,ispu_2020.xls,anomaly_ispu_transition_2020,
2020-10-17,DKI3,46.0,,34.0,17.0,86.0,9.0,86.0,O3,SEDANG,ispu_2020.xls,anomaly_ispu_transition_2020,
2020-10-18,DKI3,45.0,,36.0,16.0,67.0,12.0,75.0,PM25,SEDANG,ispu_2020.xls,anomaly_ispu_transition_2020,
2020-10-19,DKI3,43.0,,35.0,13.0,57.0,6.0,73.0,PM25,SEDANG,ispu_2020.xls,anomaly_ispu_transition_2020,
2020-10-20,DKI3,46.0,,37.0,17.0,63.0,11.0,80.0,PM25,SEDANG,ispu_2020.xls,anomaly_ispu_transition_2020,
2020-10-21,DKI3,44.0,,35.0,15.0,99.0,11.0,99.0,O3,SEDANG,ispu_2020.xls,anomaly_ispu_transition_2020,
2020-10-22,DKI3,46.0,,37.0,24.0,50.0,10.0,71.0,PM25,SEDANG,ispu_2020.xls,anomaly_ispu_transition_2020,
2020-10-23,DKI3,39.0,,37.0,10.0,32.0,5.0,65.0,PM25,SEDANG,ispu_2020.xls,anomaly_ispu_transition_2020,
2020-10-24,DKI3,39.0,,38.0,10.0,100.0,5.0,100.0,O3,SEDANG,ispu_2020.xls,anomaly_ispu_transition_2020,
2020-10-25,DKI3,36.0,,39.0,13.0,73.0,11.0,73.0,O3,SEDANG,ispu_2020.xls,anomaly_ispu_transition_2020,
2020-10-26,DKI3,41.0,,41.0,14.0,61.0,10.0,80.0,PM25,SEDANG,ispu_2020.xls,anomaly_ispu_transition_2020,
2020-10-27,DKI3,32.0,,37.0,21.0,44.0,8.0,63.0,PM25,SEDANG,ispu_2020.xls,anomaly_ispu_transition_2020,
2020-10-28,DKI3,45.0,,39.0,29.0,66.0,13.0,75.0,PM25,SEDANG,ispu_2020.xls,anomaly_ispu_transition_2020,
2020-10-29,DKI3,36.0,,38.0,16.0,54.0,7.0,54.0,O3,SEDANG,ispu_2020.xls,anomaly_ispu_transition_2020,
2020-10-30,DKI3,50.0,,40.0,21.0,44.0,9.0,50.0,PM10,BAIK,ispu_2020.xls,anomaly_ispu_transition_2020,
2020-10-31,DKI3,29.0,,6.0,10.0,62.0,63.0,63.0,NO2,SEDANG,ispu_2020.xls,anomaly_ispu_transition_2020,
2020-11-11,DKI3,37.0,,82.0,38.0,32.0,58.0,11.0,PM25,SEDANG,ispu_2020.xls,duplicate_station_date_source|anomaly_ispu_transition_2020,
2020-11-13,DKI3,52.0,,74.0,44.0,13.0,53.0,8.0,PM25,SEDANG,ispu_2020.xls,anomaly_ispu_transition_2020,
2020-11-14,DKI3,52.0,,91.0,46.0,15.0,88.0,6.0,PM25,SEDANG,ispu_2020.xls,anomaly_ispu_transition_2020,
2020-11-15,DKI3,45.0,,68.0,44.0,10.0,56.0,9.0,PM25,SEDANG,ispu_2020.xls,anomaly_ispu_transition_2020,
2020-11-16,DKI3,53.0,,87.0,48.0,14.0,43.0,10.0,PM25,SEDANG,ispu_2020.xls,anomaly_ispu_transition_2020,
2020-11-17,DKI3,54.0,,99.0,44.0,20.0,107.0,9.0,O3,TIDAK SEHAT,ispu_2020.xls,anomaly_ispu_transition_2020,
2020-11-18,DKI3,25.0,,89.0,53.0,14.0,74.0,11.0,PM25,SEDANG,ispu_2020.xls,anomaly_ispu_transition_2020,
2020-11-19,DKI3,25.0,,98.0,43.0,34.0,81.0,12.0,PM25,SEDANG,ispu_2020.xls,anomaly_ispu_transition_2020,
2020-11-20,DKI3,49.0,,85.0,46.0,16.0,48.0,8.0,PM25,SEDANG,ispu_2020.xls,anomaly_ispu_transition_2020,
2020-11-21,DKI3,36.0,,81.0,44.0,26.0,56.0,9.0,PM25,SEDANG,ispu_2020.xls,anomaly_ispu_transition_2020,
2020-11-22,DKI3,70.0,,72.0,42.0,30.0,43.0,10.0,PM25,SEDANG,ispu_2020.xls,anomaly_ispu_transition_2020,
2020-11-23,DKI3,56.0,,102.0,46.0,17.0,64.0,10.0,PM25,TIDAK SEHAT,ispu_2020.xls,anomaly_ispu_transition_2020,
2020-11-24,DKI3,68.0,,95.0,44.0,15.0,59.0,6.0,PM25,SEDANG,ispu_2020.xls,anomaly_ispu_transition_2020,
2020-11-25,DKI3,55.0,,74.0,43.0,15.0,32.0,12.0,PM25,SEDANG,ispu_2020.xls,anomaly_ispu_transition_2020,
2020-11-26,DKI3,55.0,,76.0,45.0,14.0,40.0,11.0,PM25,SEDANG,ispu_2020.xls,anomaly_ispu_transition_2020,
2020-11-27,DKI3,51.0,,71.0,43.0,8.0,44.0,8.0,PM25,SEDANG,ispu_2020.xls,anomaly_ispu_transition_2020,
2020-11-28,DKI3,51.0,,66.0,44.0,8.0,40.0,8.0,PM25,SEDANG,ispu_2020.xls,anomaly_ispu_transition_2020,
2020-11-29,DKI3,37.0,,17.0,43.0,8.0,22.0,5.0,SO2,BAIK,ispu_2020.xls,anomaly_ispu_transition_2020,
2020-11-30,DKI3,28.0,,16.0,42.0,6.0,14.0,3.0,SO2,BAIK,ispu_2020.xls,anomaly_ispu_transition_2020,
2020-12-01,DKI3,47.0,,43.0,15.0,17.0,5.0,75.0,PM25,SEDANG,ispu_2020.xls,anomaly_ispu_transition_2020,
2020-12-02,DKI3,51.0,,43.0,7.0,27.0,4.0,72.0,PM25,SEDANG,ispu_2020.xls,anomaly_ispu_transition_2020,
2020-12-03,DKI3,42.0,,43.0,11.0,28.0,6.0,54.0,PM25,SEDANG,ispu_2020.xls,anomaly_ispu_transition_2020,
2020-12-04,DKI3,46.0,,50.0,6.0,30.0,8.0,64.0,PM25,SEDANG,ispu_2020.xls,anomaly_ispu_transition_2020,
2020-12-05,DKI3,31.0,,46.0,4.0,24.0,2.0,46.0,SO2,BAIK,ispu_2020.xls,anomaly_ispu_transition_2020,
2020-12-06,DKI3,33.0,,46.0,4.0,14.0,3.0,46.0,SO2,BAIK,ispu_2020.xls,anomaly_ispu_transition_2020,
2020-12-07,DKI3,22.0,,44.0,6.0,20.0,1.0,44.0,SO2,BAIK,ispu_2020.xls,anomaly_ispu_transition_2020,
2020-12-08,DKI3,37.0,,44.0,7.0,16.0,3.0,44.0,SO2,BAIK,ispu_2020.xls,anomaly_ispu_transition_2020,
2020-12-09,DKI3,31.0,,44.0,7.0,16.0,,44.0,SO2,BAIK,ispu_2020.xls,anomaly_ispu_transition_2020,
2020-12-10,DKI3,29.0,,46.0,5.0,27.0,4.0,46.0,SO2,BAIK,ispu_2020.xls,anomaly_ispu_transition_2020,
2020-12-11,DKI3,34.0,,51.0,12.0,38.0,5.0,55.0,PM25,SEDANG,ispu_2020.xls,anomaly_ispu_transition_2020,
2020-12-12,DKI3,38.0,,51.0,7.0,23.0,6.0,51.0,PM25,SEDANG,ispu_2020.xls,anomaly_ispu_transition_2020,
2020-12-13,DKI3,,,,,,,0.0,,TIDAK ADA DATA,ispu_2020.xls,anomaly_ispu_transition_2020,
2020-12-14,DKI3,,,,,,,0.0,,TIDAK ADA DATA,ispu_2020.xls,anomaly_ispu_transition_2020,
2020-12-15,DKI3,45.0,,,,,5.0,75.0,PM25,SEDANG,ispu_2020.xls,anomaly_ispu_transition_2020,
2020-12-16,DKI3,32.0,,,13.0,12.0,5.0,56.0,PM25,SEDANG,ispu_2020.xls,,
2020-12-17,DKI3,28.0,,,16.0,31.0,6.0,45.0,PM25,BAIK,ispu_2020.xls,,
2020-12-18,DKI3,32.0,,,10.0,36.0,2.0,36.0,O3,BAIK,ispu_2020.xls,,
2020-12-19,DKI3,39.0,,,12.0,33.0,3.0,53.0,PM25,SEDANG,ispu_2020.xls,,
2020-12-20,DKI3,36.0,,,13.0,36.0,3.0,36.0,PM10,BAIK,ispu_2020.xls,,
2020-12-21,DKI3,25.0,,,12.0,27.0,5.0,27.0,O3,BAIK,ispu_2020.xls,,
2020-12-22,DKI3,40.0,,24.0,10.0,20.0,3.0,61.0,PM25,SEDANG,ispu_2020.xls,,
2020-12-23,DKI3,68.0,,15.0,25.0,29.0,5.0,106.0,PM25,TIDAK SEHAT,ispu_2020.xls,,
2020-12-24,DKI3,52.0,,16.0,9.0,42.0,6.0,69.0,PM25,SEDANG,ispu_2020.xls,,
2020-12-25,DKI3,39.0,,14.0,7.0,28.0,3.0,53.0,PM25,SEDANG,ispu_2020.xls,,
2020-12-26,DKI3,37.0,,13.0,5.0,27.0,2.0,52.0,PM25,SEDANG,ispu_2020.xls,,
2020-12-27,DKI3,44.0,,15.0,8.0,48.0,4.0,59.0,PM25,SEDANG,ispu_2020.xls,,
2020-12-28,DKI3,45.0,,14.0,12.0,53.0,4.0,57.0,PM25,SEDANG,ispu_2020.xls,,
2020-12-29,DKI3,25.0,,13.0,4.0,21.0,2.0,25.0,PM10,BAIK,ispu_2020.xls,,
2020-12-30,DKI3,39.0,,13.0,6.0,18.0,3.0,39.0,PM10,BAIK,ispu_2020.xls,,
2020-12-31,DKI3,41.0,,10.0,9.0,24.0,27.0,41.0,PM10,BAIK,ispu_2020.xls,,
2021-01-01,DKI3,43.0,56.0,15.0,10.0,33.0,5.0,56.0,PM25,SEDANG,ispu_2021.csv,,
2021-01-02,DKI3,58.0,86.0,15.0,22.0,38.0,5.0,86.0,PM25,SEDANG,ispu_2021.csv,,
2021-01-03,DKI3,64.0,93.0,14.0,20.0,35.0,5.0,93.0,PM25,SEDANG,ispu_2021.csv,,
2021-01-04,DKI3,50.0,67.0,13.0,15.0,17.0,4.0,67.0,PM25,SEDANG,ispu_2021.csv,,
2021-01-05,DKI3,59.0,89.0,15.0,19.0,42.0,7.0,89.0,PM25,SEDANG,ispu_2021.csv,,
2021-01-06,DKI3,52.0,81.0,18.0,28.0,52.0,11.0,81.0,PM25,SEDANG,ispu_2021.csv,,
2021-01-07,DKI3,22.0,52.0,16.0,12.0,44.0,5.0,52.0,PM25,SEDANG,ispu_2021.csv,,
2021-01-08,DKI3,26.0,68.0,21.0,22.0,40.0,9.0,68.0,PM25,SEDANG,ispu_2021.csv,,
2021-01-09,DKI3,25.0,77.0,17.0,32.0,31.0,8.0,77.0,PM25,SEDANG,ispu_2021.csv,,
2021-01-10,DKI3,15.0,33.0,16.0,7.0,23.0,4.0,33.0,PM25,BAIK,ispu_2021.csv,,
2021-01-11,DKI3,,72.0,17.0,15.0,56.0,4.0,72.0,PM25,SEDANG,ispu_2021.csv,,
2021-01-12,DKI3,,58.0,18.0,9.0,37.0,4.0,58.0,PM25,SEDANG,ispu_2021.csv,,
2021-01-13,DKI3,26.0,47.0,16.0,6.0,39.0,3.0,47.0,PM25,BAIK,ispu_2021.csv,,
2021-01-14,DKI3,29.0,78.0,20.0,14.0,40.0,8.0,78.0,PM25,SEDANG,ispu_2021.csv,,
2021-01-15,DKI3,24.0,82.0,19.0,16.0,64.0,6.0,82.0,PM25,SEDANG,ispu_2021.csv,,
2021-01-16,DKI3,70.0,92.0,19.0,16.0,60.0,7.0,92.0,PM25,SEDANG,ispu_2021.csv,,
2021-01-17,DKI3,58.0,86.0,22.0,11.0,43.0,9.0,86.0,PM25,SEDANG,ispu_2021.csv,,
2021-01-18,DKI3,51.0,64.0,21.0,7.0,38.0,5.0,64.0,PM25,SEDANG,ispu_2021.csv,,
2021-01-19,DKI3,42.0,56.0,19.0,7.0,37.0,6.0,56.0,PM25,SEDANG,ispu_2021.csv,,
2021-01-20,DKI3,46.0,,17.0,17.0,41.0,10.0,46.0,PM10,BAIK,ispu_2021.csv,,
2021-01-21,DKI3,52.0,,18.0,19.0,44.0,9.0,52.0,PM10,SEDANG,ispu_2021.csv,,
2021-01-22,DKI3,84.0,112.0,20.0,33.0,57.0,10.0,112.0,PM25,TIDAK SEHAT,ispu_2021.csv,,
2021-01-23,DKI3,89.0,126.0,19.0,42.0,64.0,13.0,126.0,PM25,TIDAK SEHAT,ispu_2021.csv,,
2021-01-24,DKI3,64.0,90.0,19.0,31.0,34.0,10.0,90.0,PM25,SEDANG,ispu_2021.csv,,
2021-01-25,DKI3,60.0,95.0,18.0,23.0,67.0,8.0,95.0,PM25,SEDANG,ispu_2021.csv,,
2021-01-26,DKI3,54.0,79.0,18.0,15.0,50.0,7.0,79.0,PM25,SEDANG,ispu_2021.csv,,
2021-01-27,DKI3,33.0,37.0,17.0,5.0,30.0,4.0,37.0,PM25,BAIK,ispu_2021.csv,,
2021-01-28,DKI3,26.0,49.0,16.0,9.0,26.0,5.0,49.0,PM25,BAIK,ispu_2021.csv,,
2021-01-29,DKI3,28.0,16.0,17.0,9.0,48.0,4.0,48.0,O3,BAIK,ispu_2021.csv,,
2021-01-30,DKI3,46.0,13.0,16.0,10.0,41.0,4.0,46.0,PM10,BAIK,ispu_2021.csv,,
2021-01-31,DKI3,38.0,13.0,17.0,7.0,39.0,,39.0,O3,BAIK,ispu_2021.csv,,
2021-02-01,DKI3,73.0,110.0,28.0,18.0,26.0,18.0,110.0,PM25,TIDAK SEHAT,ispu_2021.csv,,
2021-02-02,DKI3,53.0,70.0,25.0,10.0,27.0,14.0,70.0,PM25,SEDANG,ispu_2021.csv,,
2021-02-03,DKI3,32.0,53.0,27.0,6.0,24.0,9.0,53.0,PM25,SEDANG,ispu_2021.csv,,
2021-02-04,DKI3,29.0,54.0,26.0,11.0,24.0,13.0,54.0,PM25,SEDANG,ispu_2021.csv,,
2021-02-05,DKI3,27.0,51.0,24.0,10.0,24.0,12.0,51.0,PM25,SEDANG,ispu_2021.csv,,
2021-02-06,DKI3,34.0,53.0,24.0,8.0,32.0,12.0,53.0,PM25,SEDANG,ispu_2021.csv,,
2021-02-07,DKI3,33.0,50.0,24.0,9.0,30.0,13.0,50.0,PM25,BAIK,ispu_2021.csv,,
2021-02-08,DKI3,26.0,42.0,24.0,9.0,35.0,12.0,42.0,PM25,BAIK,ispu_2021.csv,,
2021-02-09,DKI3,33.0,53.0,25.0,9.0,23.0,12.0,53.0,PM25,SEDANG,ispu_2021.csv,,
2021-02-10,DKI3,50.0,64.0,24.0,11.0,23.0,10.0,64.0,PM25,SEDANG,ispu_2021.csv,,
2021-02-11,DKI3,38.0,57.0,23.0,6.0,18.0,7.0,57.0,PM25,SEDANG,ispu_2021.csv,,
2021-02-12,DKI3,63.0,98.0,25.0,13.0,20.0,8.0,98.0,PM25,SEDANG,ispu_2021.csv,,
2021-02-13,DKI3,59.0,89.0,26.0,12.0,30.0,13.0,89.0,PM25,SEDANG,ispu_2021.csv,,
2021-02-14,DKI3,55.0,73.0,25.0,11.0,35.0,13.0,73.0,PM25,SEDANG,ispu_2021.csv,,
2021-02-15,DKI3,40.0,62.0,24.0,9.0,32.0,12.0,62.0,PM25,SEDANG,ispu_2021.csv,,
2021-02-16,DKI3,36.0,51.0,24.0,9.0,34.0,15.0,51.0,PM25,SEDANG,ispu_2021.csv,,
2021-02-17,DKI3,46.0,67.0,26.0,15.0,28.0,18.0,67.0,PM25,SEDANG,ispu_2021.csv,,
2021-02-18,DKI3,53.0,70.0,28.0,8.0,26.0,12.0,70.0,PM25,SEDANG,ispu_2021.csv,,
2021-02-19,DKI3,28.0,51.0,25.0,13.0,23.0,14.0,51.0,PM25,SEDANG,ispu_2021.csv,,
2021-02-20,DKI3,45.0,59.0,25.0,13.0,29.0,15.0,59.0,PM25,SEDANG,ispu_2021.csv,,
2021-02-21,DKI3,29.0,42.0,24.0,7.0,30.0,9.0,42.0,PM25,BAIK,ispu_2021.csv,,
2021-02-22,DKI3,68.0,103.0,26.0,22.0,30.0,14.0,103.0,PM25,TIDAK SEHAT,ispu_2021.csv,,
2021-02-23,DKI3,66.0,90.0,26.0,12.0,29.0,16.0,90.0,PM25,SEDANG,ispu_2021.csv,,
2021-02-24,DKI3,,,,,,,0.0,,TIDAK ADA DATA,ispu_2021.csv,,
2021-02-25,DKI3,27.0,54.0,25.0,6.0,24.0,7.0,54.0,PM25,SEDANG,ispu_2021.csv,,
2021-02-26,DKI3,41.0,61.0,25.0,10.0,40.0,16.0,61.0,PM25,SEDANG,ispu_2021.csv,,
2021-02-27,DKI3,50.0,73.0,27.0,10.0,41.0,16.0,73.0,PM25,SEDANG,ispu_2021.csv,,
2021-02-28,DKI3,64.0,94.0,25.0,13.0,27.0,15.0,94.0,PM25,SEDANG,ispu_2021.csv,,
2021-03-01,DKI3,62.0,97.0,28.0,13.0,21.0,14.0,97.0,PM25,SEDANG,ispu_2021.csv,,
2021-03-02,DKI3,54.0,71.0,26.0,13.0,41.0,14.0,71.0,PM25,SEDANG,ispu_2021.csv,,
2021-03-03,DKI3,57.0,83.0,27.0,18.0,38.0,20.0,83.0,PM25,SEDANG,ispu_2021.csv,,
2021-03-04,DKI3,56.0,77.0,29.0,13.0,28.0,19.0,77.0,PM25,SEDANG,ispu_2021.csv,,
2021-03-05,DKI3,54.0,77.0,31.0,11.0,39.0,20.0,77.0,PM25,SEDANG,ispu_2021.csv,,
2021-03-06,DKI3,54.0,80.0,27.0,17.0,34.0,18.0,80.0,PM25,SEDANG,ispu_2021.csv,,
2021-03-07,DKI3,64.0,93.0,28.0,18.0,31.0,19.0,93.0,PM25,SEDANG,ispu_2021.csv,,
2021-03-08,DKI3,53.0,77.0,28.0,11.0,18.0,10.0,77.0,PM25,SEDANG,ispu_2021.csv,,
2021-03-09,DKI3,41.0,63.0,30.0,7.0,19.0,10.0,63.0,PM25,SEDANG,ispu_2021.csv,,
2021-03-10,DKI3,60.0,89.0,28.0,14.0,25.0,14.0,89.0,PM25,SEDANG,ispu_2021.csv,,
2021-03-11,DKI3,29.0,52.0,26.0,7.0,28.0,11.0,52.0,PM25,SEDANG,ispu_2021.csv,,
2021-03-12,DKI3,66.0,99.0,29.0,13.0,29.0,15.0,99.0,PM25,SEDANG,ispu_2021.csv,,
2021-03-13,DKI3,53.0,72.0,29.0,7.0,23.0,9.0,72.0,PM25,SEDANG,ispu_2021.csv,,
2021-03-14,DKI3,52.0,73.0,28.0,10.0,16.0,10.0,73.0,PM25,SEDANG,ispu_2021.csv,,
2021-03-15,DKI3,51.0,76.0,28.0,9.0,25.0,10.0,76.0,PM25,SEDANG,ispu_2021.csv,,
2021-03-16,DKI3,59.0,88.0,40.0,8.0,41.0,18.0,88.0,PM25,SEDANG,ispu_2021.csv,,
2021-03-17,DKI3,71.0,106.0,32.0,11.0,39.0,19.0,106.0,PM25,TIDAK SEHAT,ispu_2021.csv,,
2021-03-18,DKI3,61.0,99.0,35.0,7.0,42.0,18.0,99.0,PM25,SEDANG,ispu_2021.csv,,
2021-03-19,DKI3,59.0,87.0,33.0,7.0,39.0,14.0,87.0,PM25,SEDANG,ispu_2021.csv,,
2021-03-20,DKI3,65.0,106.0,31.0,12.0,45.0,17.0,106.0,PM25,TIDAK SEHAT,ispu_2021.csv,,
2021-03-21,DKI3,81.0,118.0,27.0,15.0,37.0,16.0,118.0,PM25,TIDAK SEHAT,ispu_2021.csv,,
2021-03-22,DKI3,62.0,93.0,26.0,15.0,36.0,10.0,93.0,PM25,SEDANG,ispu_2021.csv,,
2021-03-23,DKI3,51.0,77.0,26.0,9.0,27.0,8.0,77.0,PM25,SEDANG,ispu_2021.csv,,
2021-03-24,DKI3,43.0,64.0,26.0,6.0,27.0,8.0,64.0,PM25,SEDANG,ispu_2021.csv,,
2021-03-25,DKI3,38.0,62.0,26.0,7.0,28.0,9.0,62.0,PM25,SEDANG,ispu_2021.csv,,
2021-03-26,DKI3,55.0,79.0,27.0,13.0,39.0,11.0,79.0,PM25,SEDANG,ispu_2021.csv,,
2021-03-27,DKI3,51.0,73.0,30.0,11.0,56.0,19.0,73.0,PM25,SEDANG,ispu_2021.csv,,
2021-03-28,DKI3,47.0,63.0,27.0,10.0,43.0,17.0,63.0,PM25,SEDANG,ispu_2021.csv,,
2021-03-29,DKI3,51.0,19.0,26.0,14.0,48.0,21.0,51.0,PM10,SEDANG,ispu_2021.csv,,
2021-03-30,DKI3,59.0,24.0,29.0,10.0,33.0,20.0,59.0,PM10,SEDANG,ispu_2021.csv,,
2021-03-31,DKI3,56.0,22.0,12.0,18.0,32.0,25.0,56.0,PM10,SEDANG,ispu_2021.csv,,
2021-04-01,DKI3,28.0,52.0,26.0,5.0,35.0,7.0,52.0,PM25,SEDANG,ispu_2021.csv,,
2021-04-02,DKI3,51.0,70.0,33.0,8.0,37.0,10.0,70.0,PM25,SEDANG,ispu_2021.csv,,
2021-04-03,DKI3,30.0,52.0,27.0,7.0,,14.0,52.0,PM25,SEDANG,ispu_2021.csv,,
2021-04-04,DKI3,68.0,103.0,29.0,28.0,,28.0,103.0,PM25,TIDAK SEHAT,ispu_2021.csv,,
2021-04-05,DKI3,61.0,85.0,30.0,11.0,,17.0,85.0,PM25,SEDANG,ispu_2021.csv,,
2021-04-06,DKI3,35.0,51.0,32.0,3.0,34.0,5.0,51.0,PM25,SEDANG,ispu_2021.csv,,
2021-04-07,DKI3,25.0,35.0,27.0,3.0,,4.0,35.0,PM25,BAIK,ispu_2021.csv,,
2021-04-08,DKI3,31.0,52.0,28.0,5.0,,7.0,52.0,PM25,SEDANG,ispu_2021.csv,,
2021-04-09,DKI3,55.0,76.0,26.0,8.0,,10.0,76.0,PM25,SEDANG,ispu_2021.csv,,
2021-04-10,DKI3,64.0,101.0,25.0,16.0,,18.0,101.0,PM25,TIDAK SEHAT,ispu_2021.csv,,
2021-04-11,DKI3,62.0,89.0,25.0,14.0,,21.0,89.0,PM25,SEDANG,ispu_2021.csv,,
2021-04-12,DKI3,,69.0,27.0,15.0,,16.0,69.0,PM25,SEDANG,ispu_2021.csv,,
2021-04-13,DKI3,47.0,65.0,31.0,11.0,,18.0,65.0,PM25,SEDANG,ispu_2021.csv,,
2021-04-14,DKI3,48.0,67.0,31.0,10.0,,19.0,67.0,PM25,SEDANG,ispu_2021.csv,,
2021-04-15,DKI3,48.0,69.0,26.0,16.0,33.0,19.0,69.0,PM25,SEDANG,ispu_2021.csv,,
2021-04-16,DKI3,52.0,72.0,27.0,14.0,32.0,22.0,72.0,PM25,SEDANG,ispu_2021.csv,,
2021-04-17,DKI3,61.0,93.0,,12.0,39.0,20.0,93.0,PM25,SEDANG,ispu_2021.csv,,
2021-04-18,DKI3,55.0,82.0,,8.0,,14.0,82.0,PM25,SEDANG,ispu_2021.csv,,
2021-04-19,DKI3,,92.0,22.0,9.0,36.0,18.0,92.0,PM25,SEDANG,ispu_2021.csv,,
2021-04-20,DKI3,50.0,75.0,19.0,7.0,32.0,14.0,75.0,PM25,SEDANG,ispu_2021.csv,,
2021-04-21,DKI3,58.0,93.0,19.0,13.0,27.0,17.0,93.0,PM25,SEDANG,ispu_2021.csv,,
2021-04-22,DKI3,57.0,83.0,20.0,8.0,39.0,14.0,83.0,PM25,SEDANG,ispu_2021.csv,,
2021-04-23,DKI3,70.0,100.0,20.0,11.0,32.0,16.0,100.0,PM25,SEDANG,ispu_2021.csv,,
2021-04-24,DKI3,57.0,73.0,19.0,9.0,41.0,15.0,73.0,PM25,SEDANG,ispu_2021.csv,,
2021-04-25,DKI3,59.0,88.0,19.0,13.0,27.0,19.0,88.0,PM25,SEDANG,ispu_2021.csv,,
2021-04-26,DKI3,57.0,84.0,19.0,10.0,26.0,16.0,84.0,PM25,SEDANG,ispu_2021.csv,,
2021-04-27,DKI3,64.0,104.0,13.0,9.0,34.0,16.0,104.0,PM25,TIDAK SEHAT,ispu_2021.csv,,
2021-04-28,DKI3,51.0,80.0,11.0,9.0,32.0,16.0,80.0,PM25,SEDANG,ispu_2021.csv,,
2021-04-29,DKI3,39.0,23.0,10.0,12.0,26.0,17.0,39.0,PM10,BAIK,ispu_2021.csv,,
2021-04-30,DKI3,54.0,23.0,12.0,10.0,,18.0,54.0,PM10,SEDANG,ispu_2021.csv,,
2021-05-01,DKI3,66.0,102.0,13.0,15.0,,20.0,102.0,PM25,TIDAK SEHAT,ispu_2021.csv,,
2021-05-02,DKI3,55.0,77.0,13.0,13.0,,17.0,77.0,PM25,SEDANG,ispu_2021.csv,,
2021-05-03,DKI3,55.0,83.0,12.0,9.0,25.0,16.0,83.0,PM25,SEDANG,ispu_2021.csv,,
2021-05-04,DKI3,65.0,108.0,13.0,18.0,,19.0,108.0,PM25,TIDAK SEHAT,ispu_2021.csv,,
2021-05-05,DKI3,61.0,102.0,23.0,13.0,35.0,20.0,102.0,PM25,TIDAK SEHAT,ispu_2021.csv,,
2021-05-06,DKI3,39.0,66.0,20.0,9.0,60.0,15.0,66.0,PM25,SEDANG,ispu_2021.csv,,
2021-05-07,DKI3,39.0,69.0,19.0,15.0,151.0,20.0,151.0,O3,TIDAK SEHAT,ispu_2021.csv,,
2021-05-08,DKI3,50.0,76.0,20.0,8.0,71.0,15.0,76.0,PM25,SEDANG,ispu_2021.csv,,
2021-05-09,DKI3,35.0,58.0,17.0,6.0,47.0,13.0,58.0,PM25,SEDANG,ispu_2021.csv,,
2021-05-10,DKI3,46.0,76.0,22.0,8.0,66.0,13.0,76.0,PM25,SEDANG,ispu_2021.csv,,
2021-05-11,DKI3,,89.0,26.0,8.0,34.0,13.0,89.0,PM25,SEDANG,ispu_2021.csv,,
2021-05-12,DKI3,,96.0,21.0,10.0,29.0,15.0,96.0,PM25,SEDANG,ispu_2021.csv,,
2021-05-13,DKI3,,94.0,19.0,11.0,25.0,14.0,94.0,PM25,SEDANG,ispu_2021.csv,,
2021-05-14,DKI3,,77.0,18.0,6.0,26.0,10.0,77.0,PM25,SEDANG,ispu_2021.csv,,
2021-05-15,DKI3,,79.0,21.0,8.0,33.0,14.0,79.0,PM25,SEDANG,ispu_2021.csv,,
2021-05-16,DKI3,,68.0,18.0,7.0,29.0,10.0,68.0,PM25,SEDANG,ispu_2021.csv,,
2021-05-17,DKI3,,65.0,18.0,7.0,24.0,11.0,65.0,PM25,SEDANG,ispu_2021.csv,,
2021-05-18,DKI3,,58.0,43.0,6.0,25.0,4.0,58.0,PM25,SEDANG,ispu_2021.csv,,
2021-05-19,DKI3,,86.0,49.0,11.0,29.0,1.0,86.0,PM25,SEDANG,ispu_2021.csv,,
2021-05-20,DKI3,,81.0,37.0,7.0,29.0,11.0,81.0,PM25,SEDANG,ispu_2021.csv,,
2021-05-21,DKI3,49.0,74.0,47.0,8.0,26.0,14.0,74.0,PM25,SEDANG,ispu_2021.csv,,
2021-05-22,DKI3,53.0,73.0,45.0,10.0,25.0,15.0,73.0,PM25,SEDANG,ispu_2021.csv,,
2021-05-23,DKI3,60.0,85.0,49.0,12.0,31.0,19.0,85.0,PM25,SEDANG,ispu_2021.csv,,
2021-05-24,DKI3,76.0,112.0,45.0,13.0,,17.0,112.0,PM25,TIDAK SEHAT,ispu_2021.csv,,
2021-05-25,DKI3,51.0,60.0,45.0,7.0,27.0,13.0,60.0,PM25,SEDANG,ispu_2021.csv,,
2021-05-26,DKI3,58.0,82.0,47.0,8.0,29.0,16.0,82.0,PM25,SEDANG,ispu_2021.csv,,
2021-05-27,DKI3,51.0,68.0,51.0,5.0,23.0,11.0,68.0,PM25,SEDANG,ispu_2021.csv,,
2021-05-28,DKI3,62.0,86.0,48.0,8.0,,16.0,86.0,PM25,SEDANG,ispu_2021.csv,,
2021-05-29,DKI3,58.0,23.0,45.0,8.0,19.0,16.0,58.0,PM10,SEDANG,ispu_2021.csv,,
2021-05-30,DKI3,44.0,24.0,45.0,9.0,,14.0,45.0,SO2,BAIK,ispu_2021.csv,,
2021-05-31,DKI3,57.0,21.0,9.0,20.0,,37.0,57.0,PM10,SEDANG,ispu_2021.csv,,
2021-06-01,DKI3,73.0,105.0,43.0,12.0,,22.0,105.0,PM25,TIDAK SEHAT,ispu_2021.csv,,
2021-06-02,DKI3,62.0,81.0,45.0,8.0,,17.0,81.0,PM25,SEDANG,ispu_2021.csv,,
2021-06-03,DKI3,58.0,78.0,49.0,8.0,,16.0,78.0,PM25,SEDANG,ispu_2021.csv,,
2021-06-04,DKI3,59.0,86.0,48.0,6.0,,15.0,86.0,PM25,SEDANG,ispu_2021.csv,,
2021-06-05,DKI3,58.0,87.0,44.0,8.0,23.0,15.0,87.0,PM25,SEDANG,ispu_2021.csv,,
2021-06-06,DKI3,63.0,95.0,45.0,11.0,26.0,19.0,95.0,PM25,SEDANG,ispu_2021.csv,,
2021-06-07,DKI3,55.0,78.0,47.0,7.0,24.0,14.0,78.0,PM25,SEDANG,ispu_2021.csv,,
2021-06-08,DKI3,54.0,82.0,48.0,7.0,34.0,15.0,82.0,PM25,SEDANG,ispu_2021.csv,,
2021-06-09,DKI3,59.0,88.0,48.0,8.0,26.0,16.0,88.0,PM25,SEDANG,ispu_2021.csv,,
2021-06-10,DKI3,67.0,97.0,48.0,14.0,26.0,22.0,97.0,PM25,SEDANG,ispu_2021.csv,,
2021-06-11,DKI3,60.0,86.0,47.0,9.0,30.0,17.0,86.0,PM25,SEDANG,ispu_2021.csv,,
2021-06-12,DKI3,53.0,73.0,49.0,6.0,35.0,13.0,73.0,PM25,SEDANG,ispu_2021.csv,,
2021-06-13,DKI3,49.0,71.0,49.0,6.0,32.0,12.0,71.0,PM25,SEDANG,ispu_2021.csv,,
2021-06-14,DKI3,59.0,88.0,49.0,7.0,23.0,15.0,88.0,PM25,SEDANG,ispu_2021.csv,,
2021-06-15,DKI3,73.0,114.0,52.0,9.0,24.0,21.0,114.0,PM25,TIDAK SEHAT,ispu_2021.csv,,
2021-06-16,DKI3,63.0,89.0,51.0,10.0,21.0,17.0,89.0,PM25,SEDANG,ispu_2021.csv,,
2021-06-17,DKI3,66.0,99.0,50.0,14.0,21.0,19.0,99.0,PM25,SEDANG,ispu_2021.csv,,
2021-06-18,DKI3,62.0,87.0,48.0,10.0,25.0,21.0,87.0,PM25,SEDANG,ispu_2021.csv,,
2021-06-19,DKI3,63.0,93.0,50.0,7.0,18.0,22.0,93.0,PM25,SEDANG,ispu_2021.csv,,
2021-06-20,DKI3,80.0,111.0,52.0,7.0,24.0,29.0,111.0,PM25,TIDAK SEHAT,ispu_2021.csv,,
2021-06-21,DKI3,53.0,64.0,48.0,4.0,22.0,17.0,64.0,PM25,SEDANG,ispu_2021.csv,,
2021-06-22,DKI3,34.0,56.0,50.0,5.0,24.0,15.0,56.0,PM25,SEDANG,ispu_2021.csv,,
2021-06-23,DKI3,59.0,89.0,52.0,9.0,29.0,23.0,89.0,PM25,SEDANG,ispu_2021.csv,,
2021-06-24,DKI3,69.0,106.0,51.0,9.0,26.0,19.0,106.0,PM25,TIDAK SEHAT,ispu_2021.csv,,
2021-06-25,DKI3,85.0,127.0,51.0,11.0,27.0,22.0,127.0,PM25,TIDAK SEHAT,ispu_2021.csv,,
2021-06-26,DKI3,58.0,80.0,51.0,5.0,25.0,15.0,80.0,PM25,SEDANG,ispu_2021.csv,,
2021-06-27,DKI3,72.0,110.0,50.0,9.0,29.0,15.0,110.0,PM25,TIDAK SEHAT,ispu_2021.csv,,
2021-06-28,DKI3,58.0,81.0,50.0,6.0,26.0,14.0,81.0,PM25,SEDANG,ispu_2021.csv,,
2021-06-29,DKI3,71.0,30.0,52.0,8.0,25.0,19.0,71.0,PM10,SEDANG,ispu_2021.csv,,
2021-06-30,DKI3,79.0,26.0,49.0,10.0,23.0,19.0,79.0,PM10,SEDANG,ispu_2021.csv,,
2021-07-01,DKI3,64.0,92.0,48.0,8.0,22.0,18.0,92.0,PM25,SEDANG,ispu_2021.csv,,
2021-07-02,DKI3,60.0,84.0,47.0,7.0,23.0,18.0,84.0,PM25,SEDANG,ispu_2021.csv,,
2021-07-03,DKI3,80.0,124.0,45.0,10.0,28.0,17.0,124.0,PM25,TIDAK SEHAT,ispu_2021.csv,,
2021-07-04,DKI3,86.0,132.0,44.0,9.0,28.0,14.0,132.0,PM25,TIDAK SEHAT,ispu_2021.csv,,
2021-07-05,DKI3,67.0,105.0,46.0,7.0,38.0,15.0,105.0,PM25,TIDAK SEHAT,ispu_2021.csv,,
2021-07-06,DKI3,68.0,102.0,44.0,7.0,32.0,16.0,102.0,PM25,TIDAK SEHAT,ispu_2021.csv,,
2021-07-07,DKI3,73.0,109.0,48.0,8.0,31.0,17.0,109.0,PM25,TIDAK SEHAT,ispu_2021.csv,,
2021-07-08,DKI3,71.0,110.0,50.0,6.0,33.0,16.0,110.0,PM25,TIDAK SEHAT,ispu_2021.csv,,
2021-07-09,DKI3,79.0,119.0,51.0,7.0,34.0,17.0,119.0,PM25,TIDAK SEHAT,ispu_2021.csv,,
2021-07-10,DKI3,67.0,97.0,51.0,4.0,31.0,14.0,97.0,PM25,SEDANG,ispu_2021.csv,,
2021-07-11,DKI3,60.0,80.0,47.0,5.0,21.0,14.0,80.0,PM25,SEDANG,ispu_2021.csv,,
2021-07-12,DKI3,50.0,,47.0,4.0,14.0,11.0,50.0,PM10,BAIK,ispu_2021.csv,,
2021-07-13,DKI3,62.0,99.0,50.0,8.0,25.0,18.0,99.0,PM25,SEDANG,ispu_2021.csv,,
2021-07-14,DKI3,66.0,94.0,45.0,6.0,23.0,15.0,94.0,PM25,SEDANG,ispu_2021.csv,,
2021-07-15,DKI3,80.0,126.0,49.0,9.0,28.0,23.0,126.0,PM25,TIDAK SEHAT,ispu_2021.csv,,
2021-07-16,DKI3,84.0,123.0,49.0,7.0,29.0,16.0,123.0,PM25,TIDAK SEHAT,ispu_2021.csv,,
2021-07-17,DKI3,70.0,102.0,49.0,5.0,31.0,14.0,102.0,PM25,TIDAK SEHAT,ispu_2021.csv,,
2021-07-18,DKI3,79.0,121.0,49.0,5.0,33.0,16.0,121.0,PM25,TIDAK SEHAT,ispu_2021.csv,,
2021-07-19,DKI3,80.0,122.0,48.0,4.0,33.0,17.0,122.0,PM25,TIDAK SEHAT,ispu_2021.csv,,
2021-07-20,DKI3,77.0,110.0,45.0,5.0,25.0,18.0,110.0,PM25,TIDAK SEHAT,ispu_2021.csv,,
2021-07-21,DKI3,54.0,81.0,45.0,4.0,19.0,13.0,81.0,PM25,SEDANG,ispu_2021.csv,,
2021-07-22,DKI3,57.0,79.0,49.0,5.0,22.0,20.0,79.0,PM25,SEDANG,ispu_2021.csv,,
2021-07-23,DKI3,63.0,91.0,46.0,5.0,38.0,16.0,91.0,PM25,SEDANG,ispu_2021.csv,,
2021-07-24,DKI3,51.0,73.0,45.0,4.0,29.0,12.0,73.0,PM25,SEDANG,ispu_2021.csv,,
2021-07-25,DKI3,68.0,102.0,47.0,6.0,32.0,17.0,102.0,PM25,TIDAK SEHAT,ispu_2021.csv,,
2021-07-26,DKI3,69.0,103.0,49.0,6.0,28.0,17.0,103.0,PM25,TIDAK SEHAT,ispu_2021.csv,,
2021-07-27,DKI3,64.0,96.0,50.0,11.0,30.0,15.0,96.0,PM25,SEDANG,ispu_2021.csv,,
2021-07-28,DKI3,76.0,124.0,49.0,18.0,26.0,20.0,124.0,PM25,TIDAK SEHAT,ispu_2021.csv,,
2021-07-29,DKI3,73.0,28.0,47.0,17.0,26.0,18.0,73.0,PM10,SEDANG,ispu_2021.csv,,
2021-07-30,DKI3,75.0,29.0,51.0,14.0,43.0,21.0,75.0,PM10,SEDANG,ispu_2021.csv,,
2021-07-31,DKI3,57.0,26.0,9.0,18.0,31.0,29.0,57.0,PM10,SEDANG,ispu_2021.csv,,
2021-08-01,DKI3,51.0,66.0,44.0,9.0,31.0,11.0,66.0,PM25,SEDANG,ispu_2021.csv,,
2021-08-02,DKI3,48.0,65.0,47.0,10.0,29.0,12.0,65.0,PM25,SEDANG,ispu_2021.csv,,
2021-08-03,DKI3,45.0,66.0,48.0,9.0,30.0,13.0,66.0,PM25,SEDANG,ispu_2021.csv,,
2021-08-04,DKI3,56.0,82.0,51.0,8.0,27.0,14.0,82.0,PM25,SEDANG,ispu_2021.csv,,
2021-08-05,DKI3,52.0,82.0,51.0,11.0,23.0,15.0,82.0,PM25,SEDANG,ispu_2021.csv,,
2021-08-06,DKI3,52.0,77.0,42.0,16.0,19.0,18.0,77.0,PM25,SEDANG,ispu_2021.csv,,
2021-08-07,DKI3,59.0,84.0,45.0,10.0,23.0,14.0,84.0,PM25,SEDANG,ispu_2021.csv,,
2021-08-08,DKI3,57.0,84.0,47.0,9.0,26.0,13.0,84.0,PM25,SEDANG,ispu_2021.csv,,
2021-08-09,DKI3,53.0,69.0,45.0,7.0,25.0,10.0,69.0,PM25,SEDANG,ispu_2021.csv,,
2021-08-10,DKI3,36.0,54.0,41.0,6.0,27.0,12.0,54.0,PM25,SEDANG,ispu_2021.csv,,
2021-08-11,DKI3,61.0,88.0,44.0,12.0,30.0,14.0,88.0,PM25,SEDANG,ispu_2021.csv,,
2021-08-12,DKI3,54.0,73.0,46.0,7.0,32.0,11.0,73.0,PM25,SEDANG,ispu_2021.csv,,
2021-08-13,DKI3,61.0,91.0,46.0,11.0,29.0,16.0,91.0,PM25,SEDANG,ispu_2021.csv,,
2021-08-14,DKI3,69.0,102.0,45.0,14.0,29.0,16.0,102.0,PM25,TIDAK SEHAT,ispu_2021.csv,,
2021-08-15,DKI3,57.0,84.0,45.0,12.0,22.0,15.0,84.0,PM25,SEDANG,ispu_2021.csv,,
2021-08-16,DKI3,53.0,79.0,48.0,9.0,24.0,15.0,79.0,PM25,SEDANG,ispu_2021.csv,,
2021-08-17,DKI3,60.0,88.0,45.0,11.0,30.0,13.0,88.0,PM25,SEDANG,ispu_2021.csv,,
2021-08-18,DKI3,58.0,86.0,43.0,10.0,35.0,11.0,86.0,PM25,SEDANG,ispu_2021.csv,,
2021-08-19,DKI3,68.0,104.0,45.0,14.0,27.0,14.0,104.0,PM25,TIDAK SEHAT,ispu_2021.csv,,
2021-08-20,DKI3,57.0,83.0,46.0,10.0,29.0,14.0,83.0,PM25,SEDANG,ispu_2021.csv,,
2021-08-21,DKI3,53.0,80.0,44.0,10.0,33.0,15.0,80.0,PM25,SEDANG,ispu_2021.csv,,
2021-08-22,DKI3,58.0,88.0,49.0,14.0,29.0,18.0,88.0,PM25,SEDANG,ispu_2021.csv,,
2021-08-23,DKI3,66.0,100.0,46.0,13.0,31.0,17.0,100.0,PM25,SEDANG,ispu_2021.csv,,
2021-08-24,DKI3,66.0,100.0,46.0,11.0,32.0,15.0,100.0,PM25,SEDANG,ispu_2021.csv,,
2021-08-25,DKI3,57.0,81.0,44.0,10.0,33.0,11.0,81.0,PM25,SEDANG,ispu_2021.csv,,
2021-08-26,DKI3,54.0,82.0,46.0,9.0,30.0,15.0,82.0,PM25,SEDANG,ispu_2021.csv,,
2021-08-27,DKI3,62.0,92.0,47.0,9.0,31.0,13.0,92.0,PM25,SEDANG,ispu_2021.csv,,
2021-08-28,DKI3,63.0,94.0,46.0,10.0,42.0,17.0,94.0,PM25,SEDANG,ispu_2021.csv,,
2021-08-29,DKI3,67.0,28.0,46.0,12.0,35.0,15.0,67.0,PM10,SEDANG,ispu_2021.csv,,
2021-08-30,DKI3,87.0,27.0,46.0,16.0,38.0,17.0,87.0,PM10,SEDANG,ispu_2021.csv,,
2021-08-31,DKI3,64.0,27.0,10.0,19.0,38.0,32.0,64.0,PM10,SEDANG,ispu_2021.csv,,
2021-09-01,DKI3,57.0,83.0,46.0,13.0,32.0,14.0,83.0,PM25,SEDANG,ispu_2021.csv,,
2021-09-02,DKI3,65.0,99.0,46.0,15.0,29.0,16.0,99.0,PM25,SEDANG,ispu_2021.csv,,
2021-09-03,DKI3,56.0,86.0,45.0,9.0,39.0,13.0,86.0,PM25,SEDANG,ispu_2021.csv,,
2021-09-04,DKI3,53.0,77.0,45.0,9.0,30.0,13.0,77.0,PM25,SEDANG,ispu_2021.csv,,
2021-09-05,DKI3,61.0,93.0,46.0,11.0,36.0,14.0,93.0,PM25,SEDANG,ispu_2021.csv,,
2021-09-06,DKI3,73.0,108.0,48.0,13.0,29.0,15.0,108.0,PM25,TIDAK SEHAT,ispu_2021.csv,,
2021-09-07,DKI3,60.0,84.0,48.0,11.0,26.0,15.0,84.0,PM25,SEDANG,ispu_2021.csv,,
2021-09-08,DKI3,60.0,82.0,48.0,12.0,29.0,15.0,82.0,PM25,SEDANG,ispu_2021.csv,,
2021-09-09,DKI3,48.0,61.0,46.0,9.0,31.0,12.0,61.0,PM25,SEDANG,ispu_2021.csv,,
2021-09-10,DKI3,49.0,71.0,49.0,9.0,36.0,15.0,71.0,PM25,SEDANG,ispu_2021.csv,,
2021-09-11,DKI3,61.0,89.0,50.0,10.0,43.0,16.0,89.0,PM25,SEDANG,ispu_2021.csv,,
2021-09-12,DKI3,55.0,78.0,47.0,9.0,30.0,13.0,78.0,PM25,SEDANG,ispu_2021.csv,,
2021-09-13,DKI3,51.0,65.0,47.0,8.0,26.0,11.0,65.0,PM25,SEDANG,ispu_2021.csv,,
2021-09-14,DKI3,32.0,51.0,46.0,7.0,21.0,11.0,51.0,PM25,SEDANG,ispu_2021.csv,,
2021-09-15,DKI3,53.0,81.0,50.0,17.0,24.0,22.0,81.0,PM25,SEDANG,ispu_2021.csv,,
2021-09-16,DKI3,51.0,72.0,50.0,10.0,27.0,15.0,72.0,PM25,SEDANG,ispu_2021.csv,,
2021-09-17,DKI3,47.0,72.0,49.0,7.0,29.0,13.0,72.0,PM25,SEDANG,ispu_2021.csv,,
2021-09-18,DKI3,55.0,80.0,50.0,9.0,27.0,15.0,80.0,PM25,SEDANG,ispu_2021.csv,,
2021-09-19,DKI3,56.0,81.0,48.0,10.0,31.0,12.0,81.0,PM25,SEDANG,ispu_2021.csv,,
2021-09-20,DKI3,45.0,59.0,49.0,7.0,33.0,10.0,59.0,PM25,SEDANG,ispu_2021.csv,,
2021-09-21,DKI3,54.0,78.0,50.0,9.0,35.0,15.0,78.0,PM25,SEDANG,ispu_2021.csv,,
2021-09-22,DKI3,57.0,78.0,49.0,14.0,26.0,18.0,78.0,PM25,SEDANG,ispu_2021.csv,,
2021-09-23,DKI3,57.0,82.0,51.0,10.0,29.0,16.0,82.0,PM25,SEDANG,ispu_2021.csv,,
2021-09-24,DKI3,55.0,77.0,52.0,8.0,27.0,15.0,77.0,PM25,SEDANG,ispu_2021.csv,,
2021-09-25,DKI3,54.0,75.0,50.0,11.0,22.0,16.0,75.0,PM25,SEDANG,ispu_2021.csv,,
2021-09-26,DKI3,54.0,74.0,50.0,10.0,27.0,13.0,74.0,PM25,SEDANG,ispu_2021.csv,,
2021-09-27,DKI3,48.0,71.0,49.0,12.0,26.0,16.0,71.0,PM25,SEDANG,ispu_2021.csv,,
2021-09-28,DKI3,46.0,,49.0,10.0,32.0,13.0,49.0,SO2,BAIK,ispu_2021.csv,,
2021-09-29,DKI3,61.0,26.0,49.0,13.0,31.0,22.0,61.0,PM10,SEDANG,ispu_2021.csv,,
2021-09-30,DKI3,67.0,27.0,49.0,16.0,40.0,19.0,67.0,PM10,SEDANG,ispu_2021.csv,,
2021-10-01,DKI3,58.0,77.0,49.0,9.0,35.0,11.0,77.0,PM25,SEDANG,ispu_2021.csv,,
2021-10-02,DKI3,64.0,100.0,50.0,12.0,28.0,27.0,100.0,PM25,SEDANG,ispu_2021.csv,,
2021-10-03,DKI3,54.0,76.0,50.0,8.0,32.0,14.0,76.0,PM25,SEDANG,ispu_2021.csv,,
2021-10-04,DKI3,52.0,72.0,50.0,9.0,36.0,11.0,72.0,PM25,SEDANG,ispu_2021.csv,,
2021-10-05,DKI3,42.0,65.0,51.0,7.0,36.0,10.0,65.0,PM25,SEDANG,ispu_2021.csv,,
2021-10-06,DKI3,48.0,67.0,51.0,6.0,34.0,11.0,67.0,PM25,SEDANG,ispu_2021.csv,,
2021-10-07,DKI3,44.0,62.0,50.0,7.0,28.0,11.0,62.0,PM25,SEDANG,ispu_2021.csv,,
2021-10-08,DKI3,,,,,,,0.0,,TIDAK ADA DATA,ispu_2021.csv,,
2021-10-09,DKI3,45.0,63.0,51.0,7.0,38.0,11.0,63.0,PM25,SEDANG,ispu_2021.csv,,
2021-10-10,DKI3,55.0,77.0,51.0,9.0,40.0,14.0,77.0,PM25,SEDANG,ispu_2021.csv,,
2021-10-11,DKI3,58.0,79.0,51.0,10.0,39.0,12.0,79.0,PM25,SEDANG,ispu_2021.csv,,
2021-10-12,DKI3,47.0,65.0,51.0,8.0,37.0,11.0,65.0,PM25,SEDANG,ispu_2021.csv,,
2021-10-13,DKI3,52.0,71.0,52.0,9.0,38.0,15.0,71.0,PM25,SEDANG,ispu_2021.csv,,
2021-10-14,DKI3,61.0,88.0,51.0,12.0,32.0,17.0,88.0,PM25,SEDANG,ispu_2021.csv,,
2021-10-15,DKI3,72.0,107.0,52.0,14.0,40.0,19.0,107.0,PM25,TIDAK SEHAT,ispu_2021.csv,,
2021-10-16,DKI3,64.0,92.0,51.0,15.0,35.0,18.0,92.0,PM25,SEDANG,ispu_2021.csv,,
2021-10-17,DKI3,65.0,95.0,51.0,15.0,39.0,18.0,95.0,PM25,SEDANG,ispu_2021.csv,,
2021-10-18,DKI3,51.0,66.0,50.0,11.0,24.0,15.0,66.0,PM25,SEDANG,ispu_2021.csv,,
2021-10-19,DKI3,45.0,61.0,50.0,15.0,18.0,17.0,61.0,PM25,SEDANG,ispu_2021.csv,,
2021-10-20,DKI3,36.0,52.0,51.0,10.0,29.0,12.0,52.0,PM25,SEDANG,ispu_2021.csv,,
2021-10-21,DKI3,53.0,74.0,53.0,11.0,29.0,15.0,74.0,PM25,SEDANG,ispu_2021.csv,,
2021-10-22,DKI3,58.0,82.0,51.0,15.0,,17.0,82.0,PM25,SEDANG,ispu_2021.csv,,
2021-10-23,DKI3,59.0,87.0,52.0,13.0,39.0,21.0,87.0,PM25,SEDANG,ispu_2021.csv,,
2021-10-24,DKI3,68.0,102.0,51.0,17.0,47.0,18.0,102.0,PM25,TIDAK SEHAT,ispu_2021.csv,,
2021-10-25,DKI3,62.0,90.0,51.0,13.0,38.0,15.0,90.0,PM25,SEDANG,ispu_2021.csv,,
2021-10-26,DKI3,51.0,71.0,51.0,13.0,30.0,15.0,71.0,PM25,SEDANG,ispu_2021.csv,,
2021-10-27,DKI3,45.0,64.0,52.0,8.0,33.0,13.0,64.0,PM25,SEDANG,ispu_2021.csv,,
2021-10-28,DKI3,47.0,60.0,51.0,14.0,15.0,18.0,60.0,PM25,SEDANG,ispu_2021.csv,,
2021-10-29,DKI3,37.0,31.0,52.0,17.0,13.0,18.0,52.0,SO2,SEDANG,ispu_2021.csv,,
2021-10-30,DKI3,48.0,31.0,51.0,12.0,39.0,18.0,51.0,SO2,SEDANG,ispu_2021.csv,,
2021-10-31,DKI3,45.0,27.0,,28.0,39.0,,45.0,PM10,BAIK,ispu_2021.csv,,
2021-11-01,DKI3,50.0,71.0,51.0,17.0,27.0,20.0,71.0,PM25,SEDANG,ispu_2021.csv,,
2021-11-02,DKI3,50.0,63.0,51.0,16.0,18.0,18.0,63.0,PM25,SEDANG,ispu_2021.csv,,
2021-11-03,DKI3,40.0,62.0,51.0,13.0,37.0,18.0,62.0,PM25,SEDANG,ispu_2021.csv,,
2021-11-04,DKI3,52.0,74.0,52.0,16.0,36.0,19.0,74.0,PM25,SEDANG,ispu_2021.csv,,
2021-11-05,DKI3,52.0,71.0,52.0,17.0,22.0,19.0,71.0,PM25,SEDANG,ispu_2021.csv,,
2021-11-06,DKI3,55.0,75.0,52.0,13.0,42.0,20.0,75.0,PM25,SEDANG,ispu_2021.csv,,
2021-11-07,DKI3,44.0,61.0,51.0,10.0,24.0,16.0,61.0,PM25,SEDANG,ispu_2021.csv,,
2021-11-08,DKI3,33.0,52.0,52.0,17.0,25.0,16.0,52.0,PM25,SEDANG,ispu_2021.csv,,
2021-11-09,DKI3,67.0,95.0,51.0,21.0,,24.0,95.0,PM25,SEDANG,ispu_2021.csv,,
2021-11-10,DKI3,51.0,62.0,51.0,8.0,14.0,11.0,62.0,PM25,SEDANG,ispu_2021.csv,,
2021-11-11,DKI3,47.0,61.0,51.0,12.0,12.0,14.0,61.0,PM25,SEDANG,ispu_2021.csv,,
2021-11-12,DKI3,44.0,61.0,47.0,10.0,30.0,12.0,61.0,PM25,SEDANG,ispu_2021.csv,,
2021-11-13,DKI3,43.0,65.0,47.0,13.0,40.0,18.0,65.0,PM25,SEDANG,ispu_2021.csv,,
2021-11-14,DKI3,40.0,56.0,47.0,11.0,,11.0,56.0,PM25,SEDANG,ispu_2021.csv,,
2021-11-15,DKI3,29.0,53.0,47.0,8.0,,10.0,53.0,PM25,SEDANG,ispu_2021.csv,,
2021-11-16,DKI3,53.0,82.0,47.0,11.0,24.0,11.0,82.0,PM25,SEDANG,ispu_2021.csv,,
2021-11-17,DKI3,47.0,66.0,49.0,9.0,28.0,11.0,66.0,PM25,SEDANG,ispu_2021.csv,,
2021-11-18,DKI3,55.0,71.0,43.0,9.0,,18.0,71.0,PM25,SEDANG,ispu_2021.csv,,
2021-11-19,DKI3,20.0,28.0,41.0,3.0,28.0,5.0,41.0,SO2,BAIK,ispu_2021.csv,,
2021-11-20,DKI3,37.0,53.0,43.0,6.0,31.0,8.0,53.0,PM25,SEDANG,ispu_2021.csv,,
2021-11-21,DKI3,52.0,76.0,41.0,14.0,29.0,13.0,76.0,PM25,SEDANG,ispu_2021.csv,,
2021-11-22,DKI3,29.0,41.0,42.0,4.0,27.0,6.0,42.0,SO2,BAIK,ispu_2021.csv,,
2021-11-23,DKI3,24.0,30.0,41.0,3.0,29.0,4.0,41.0,SO2,BAIK,ispu_2021.csv,,
2021-11-24,DKI3,35.0,55.0,42.0,5.0,34.0,7.0,55.0,PM25,SEDANG,ispu_2021.csv,,
2021-11-25,DKI3,63.0,83.0,42.0,12.0,27.0,11.0,83.0,PM25,SEDANG,ispu_2021.csv,,
2021-11-26,DKI3,51.0,71.0,41.0,17.0,,10.0,71.0,PM25,SEDANG,ispu_2021.csv,,
2021-11-27,DKI3,31.0,41.0,41.0,8.0,,13.0,41.0,PM25,BAIK,ispu_2021.csv,,
2021-11-28,DKI3,16.0,25.0,41.0,4.0,34.0,6.0,41.0,SO2,BAIK,ispu_2021.csv,,
2021-11-29,DKI3,29.0,30.0,42.0,7.0,19.0,8.0,42.0,SO2,BAIK,ispu_2021.csv,,
2021-11-30,DKI3,46.0,31.0,43.0,10.0,35.0,11.0,46.0,PM10,BAIK,ispu_2021.csv,,
2021-12-01,DKI3,53.0,70.0,43.0,12.0,32.0,15.0,70.0,PM25,SEDANG,ispu_2021.csv,,
2021-12-02,DKI3,35.0,55.0,42.0,7.0,29.0,9.0,55.0,PM25,SEDANG,ispu_2021.csv,,
2021-12-03,DKI3,54.0,67.0,43.0,9.0,32.0,11.0,67.0,PM25,SEDANG,ispu_2021.csv,,
2021-12-04,DKI3,50.0,65.0,45.0,10.0,26.0,13.0,65.0,PM25,SEDANG,ispu_2021.csv,,
2021-12-05,DKI3,51.0,66.0,43.0,15.0,27.0,12.0,66.0,PM25,SEDANG,ispu_2021.csv,,
2021-12-06,DKI3,62.0,91.0,47.0,17.0,42.0,18.0,91.0,PM25,SEDANG,ispu_2021.csv,,
2021-12-07,DKI3,20.0,28.0,44.0,7.0,32.0,10.0,44.0,SO2,BAIK,ispu_2021.csv,,
2021-12-08,DKI3,39.0,62.0,45.0,17.0,45.0,13.0,62.0,PM25,SEDANG,ispu_2021.csv,,
2021-12-09,DKI3,46.0,60.0,46.0,11.0,51.0,16.0,60.0,PM25,SEDANG,ispu_2021.csv,,
2021-12-10,DKI3,51.0,65.0,47.0,12.0,,15.0,65.0,PM25,SEDANG,ispu_2021.csv,,
2021-12-11,DKI3,38.0,55.0,45.0,8.0,47.0,12.0,55.0,PM25,SEDANG,ispu_2021.csv,,
2021-12-12,DKI3,48.0,63.0,43.0,13.0,,13.0,63.0,PM25,SEDANG,ispu_2021.csv,,
2021-12-13,DKI3,53.0,68.0,44.0,11.0,23.0,10.0,68.0,PM25,SEDANG,ispu_2021.csv,,
2021-12-14,DKI3,40.0,,44.0,7.0,37.0,11.0,44.0,SO2,BAIK,ispu_2021.csv,,
2021-12-15,DKI3,54.0,80.0,43.0,16.0,,16.0,80.0,PM25,SEDANG,ispu_2021.csv,,
2021-12-16,DKI3,47.0,68.0,43.0,11.0,,15.0,68.0,PM25,SEDANG,ispu_2021.csv,,
2021-12-17,DKI3,39.0,59.0,43.0,13.0,,16.0,59.0,PM25,SEDANG,ispu_2021.csv,,
2021-12-18,DKI3,35.0,58.0,35.0,10.0,33.0,12.0,58.0,PM25,SEDANG,ispu_2021.csv,,
2021-12-19,DKI3,57.0,90.0,34.0,20.0,48.0,23.0,90.0,PM25,SEDANG,ispu_2021.csv,,
2021-12-20,DKI3,54.0,74.0,34.0,13.0,43.0,15.0,74.0,PM25,SEDANG,ispu_2021.csv,,
2021-12-21,DKI3,49.0,72.0,34.0,14.0,39.0,18.0,72.0,PM25,SEDANG,ispu_2021.csv,,
2021-12-22,DKI3,56.0,82.0,34.0,21.0,44.0,24.0,82.0,PM25,SEDANG,ispu_2021.csv,,
2021-12-23,DKI3,56.0,78.0,34.0,12.0,44.0,17.0,78.0,PM25,SEDANG,ispu_2021.csv,,
2021-12-24,DKI3,33.0,53.0,34.0,9.0,31.0,10.0,53.0,PM25,SEDANG,ispu_2021.csv,,
2021-12-25,DKI3,54.0,77.0,33.0,18.0,31.0,13.0,77.0,PM25,SEDANG,ispu_2021.csv,,
2021-12-26,DKI3,39.0,59.0,33.0,14.0,36.0,12.0,59.0,PM25,SEDANG,ispu_2021.csv,,
2021-12-27,DKI3,75.0,116.0,35.0,23.0,38.0,21.0,116.0,PM25,TIDAK SEHAT,ispu_2021.csv,,
2021-12-28,DKI3,51.0,74.0,,13.0,17.0,18.0,74.0,PM25,SEDANG,ispu_2021.csv,,
2021-12-29,DKI3,47.0,54.0,21.0,12.0,20.0,9.0,54.0,PM25,SEDANG,ispu_2021.csv,,
2021-12-30,DKI3,60.0,53.0,21.0,15.0,19.0,13.0,60.0,PM10,SEDANG,ispu_2021.csv,,
2021-12-31,DKI3,64.0,52.0,21.0,44.0,17.0,,64.0,PM10,SEDANG,ispu_2021.csv,,
2022-01-13,DKI3,37.1,54.7,25.2,10.7,15.1,9.7,54.7,,,rendahemisi_2022.csv,from_hourly_scrape,12.0
2022-01-14,DKI3,45.1,60.9,25.6,11.5,17.2,10.8,60.9,,,rendahemisi_2022.csv,from_hourly_scrape,12.0
2022-01-15,DKI3,53.7,68.8,28.4,10.9,18.5,13.2,68.8,,,rendahemisi_2022.csv,from_hourly_scrape,12.0
2022-01-17,DKI3,67.7,93.0,25.8,15.8,19.2,11.0,93.0,,,rendahemisi_2022.csv,from_hourly_scrape,10.0
2022-01-18,DKI3,58.1,71.7,26.2,9.4,16.6,8.2,71.7,,,rendahemisi_2022.csv,from_hourly_scrape,14.0
2022-01-19,DKI3,46.5,61.3,26.3,11.2,15.4,10.3,61.3,,,rendahemisi_2022.csv,from_hourly_scrape,15.0
2022-01-20,DKI3,42.1,58.7,30.6,7.8,16.8,9.5,58.7,,,rendahemisi_2022.csv,from_hourly_scrape,19.0
2022-01-21,DKI3,33.9,53.8,24.2,7.9,10.5,6.2,53.8,,,rendahemisi_2022.csv,from_hourly_scrape,13.0
2022-01-22,DKI3,53.6,68.3,27.7,11.5,14.6,9.7,68.3,,,rendahemisi_2022.csv,from_hourly_scrape,13.0
2022-01-23,DKI3,54.6,73.4,28.0,10.2,15.6,9.0,73.4,,,rendahemisi_2022.csv,from_hourly_scrape,16.0
2022-01-24,DKI3,56.1,73.2,25.3,10.6,9.4,5.9,73.2,,,rendahemisi_2022.csv,from_hourly_scrape,9.0
2022-01-25,DKI3,39.0,56.3,25.0,6.7,9.3,3.0,56.3,,,rendahemisi_2022.csv,from_hourly_scrape,7.0
2022-01-26,DKI3,37.0,54.1,25.2,7.1,11.4,4.7,54.1,,,rendahemisi_2022.csv,from_hourly_scrape,12.0
2022-01-27,DKI3,57.2,75.2,26.3,14.0,16.8,6.8,75.2,,,rendahemisi_2022.csv,from_hourly_scrape,12.0
2022-01-28,DKI3,60.5,82.2,27.1,12.2,15.8,8.7,82.2,,,rendahemisi_2022.csv,from_hourly_scrape,17.0
2022-01-29,DKI3,63.8,87.1,24.5,23.6,11.4,5.6,87.1,,,rendahemisi_2022.csv,from_hourly_scrape,19.0
2022-01-30,DKI3,73.4,108.5,24.0,17.6,19.3,13.2,108.5,,,rendahemisi_2022.csv,from_hourly_scrape,19.0
2022-01-31,DKI3,71.1,97.0,24.0,17.0,15.6,10.2,97.0,,,rendahemisi_2022.csv,from_hourly_scrape,14.0
2022-02-01,DKI3,64.1,88.4,25.0,13.4,13.8,10.7,88.4,,,rendahemisi_2022.csv,from_hourly_scrape,12.0
2022-02-02,DKI3,68.0,93.2,24.6,20.1,13.4,9.1,93.2,,,rendahemisi_2022.csv,from_hourly_scrape,9.0
2022-02-03,DKI3,58.5,83.0,26.6,19.4,16.2,10.9,83.0,,,rendahemisi_2022.csv,from_hourly_scrape,20.0
2022-02-04,DKI3,57.1,75.0,26.2,12.2,21.6,11.2,75.0,,,rendahemisi_2022.csv,from_hourly_scrape,20.0
2022-02-05,DKI3,43.3,58.8,27.7,10.0,14.6,8.6,58.8,,,rendahemisi_2022.csv,from_hourly_scrape,21.0
2022-02-06,DKI3,36.4,51.5,32.8,6.4,14.0,5.0,51.5,,,rendahemisi_2022.csv,from_hourly_scrape,5.0
2022-02-07,DKI3,39.1,58.3,30.4,9.7,10.9,5.7,58.3,,,rendahemisi_2022.csv,from_hourly_scrape,19.0
2022-02-08,DKI3,49.2,71.5,28.4,16.2,11.6,13.2,71.5,,,rendahemisi_2022.csv,from_hourly_scrape,20.0
2022-02-09,DKI3,64.5,89.0,27.1,27.8,12.1,13.8,89.0,,,rendahemisi_2022.csv,from_hourly_scrape,21.0
2022-02-10,DKI3,33.0,41.7,27.0,5.8,14.0,4.2,41.7,,,rendahemisi_2022.csv,from_hourly_scrape,16.0
2022-02-11,DKI3,54.2,82.7,27.5,16.0,9.8,6.2,82.7,,,rendahemisi_2022.csv,from_hourly_scrape,16.0
2022-02-12,DKI3,55.7,69.3,29.0,7.7,18.7,6.4,69.3,,,rendahemisi_2022.csv,from_hourly_scrape,19.0
2022-02-13,DKI3,66.8,94.6,28.7,17.1,18.4,9.0,94.6,,,rendahemisi_2022.csv,from_hourly_scrape,21.0
2022-02-14,DKI3,69.8,88.4,28.3,20.5,13.4,12.1,88.4,,,rendahemisi_2022.csv,from_hourly_scrape,18.0
2022-02-15,DKI3,73.4,108.8,49.1,22.8,13.7,11.0,108.8,,,rendahemisi_2022.csv,from_hourly_scrape,17.0
2022-02-16,DKI3,54.9,72.6,35.6,11.5,21.9,14.6,72.6,,,rendahemisi_2022.csv,from_hourly_scrape,20.0
2022-02-17,DKI3,48.1,67.2,33.5,11.9,31.6,14.3,67.2,,,rendahemisi_2022.csv,from_hourly_scrape,14.0
2022-02-23,DKI3,50.7,61.4,34.1,7.4,14.4,7.9,61.4,,,rendahemisi_2022.csv,from_hourly_scrape,10.0
2022-02-24,DKI3,40.0,57.5,33.0,6.0,15.0,6.0,57.5,,,rendahemisi_2022.csv,from_hourly_scrape,1.0
2022-02-25,DKI3,48.3,61.7,30.0,8.5,6.7,5.0,61.7,,,rendahemisi_2022.csv,from_hourly_scrape,19.0
2022-02-26,DKI3,40.9,54.8,28.4,7.2,7.7,4.8,54.8,,,rendahemisi_2022.csv,from_hourly_scrape,20.0
2022-02-27,DKI3,32.5,43.0,28.9,7.5,7.6,4.2,43.0,,,rendahemisi_2022.csv,from_hourly_scrape,14.0
2022-02-28,DKI3,24.0,30.1,28.7,4.8,8.0,2.3,30.1,,,rendahemisi_2022.csv,from_hourly_scrape,21.0
2022-03-01,DKI3,23.7,26.4,28.0,5.6,7.5,2.7,28.0,,,rendahemisi_2022.csv,from_hourly_scrape,20.0
2022-03-02,DKI3,23.2,27.3,28.8,5.0,6.8,1.7,28.8,,,rendahemisi_2022.csv,from_hourly_scrape,19.0
2022-03-03,DKI3,27.4,33.0,29.0,4.9,9.0,2.0,33.0,,,rendahemisi_2022.csv,from_hourly_scrape,20.0
2022-03-04,DKI3,33.0,49.5,29.0,5.4,11.3,3.0,49.5,,,rendahemisi_2022.csv,from_hourly_scrape,21.0
2022-03-05,DKI3,43.2,59.6,29.8,11.1,9.8,4.1,59.6,,,rendahemisi_2022.csv,from_hourly_scrape,19.0
2022-03-06,DKI3,37.6,54.3,29.0,14.9,6.1,4.4,54.3,,,rendahemisi_2022.csv,from_hourly_scrape,16.0
2022-03-07,DKI3,28.4,45.6,29.1,8.3,8.9,4.8,45.6,,,rendahemisi_2022.csv,from_hourly_scrape,18.0
2022-03-08,DKI3,47.0,63.2,29.3,9.6,13.0,9.0,63.2,,,rendahemisi_2022.csv,from_hourly_scrape,20.0
2022-03-09,DKI3,53.9,63.2,29.2,12.3,19.4,7.2,63.2,,,rendahemisi_2022.csv,from_hourly_scrape,19.0
2022-03-10,DKI3,58.3,80.5,25.3,19.1,21.9,13.2,80.5,,,rendahemisi_2022.csv,from_hourly_scrape,19.0
2022-03-11,DKI3,61.2,81.6,24.4,20.8,24.3,17.6,81.6,,,rendahemisi_2022.csv,from_hourly_scrape,20.0
2022-03-12,DKI3,52.0,64.3,24.0,11.4,15.2,5.9,64.3,,,rendahemisi_2022.csv,from_hourly_scrape,19.0
2022-03-13,DKI3,44.3,58.7,24.5,13.5,9.7,5.5,58.7,,,rendahemisi_2022.csv,from_hourly_scrape,17.0
2022-03-14,DKI3,54.9,72.5,25.0,16.4,12.7,8.5,72.5,,,rendahemisi_2022.csv,from_hourly_scrape,19.0
2022-03-16,DKI3,34.6,59.8,24.7,14.5,12.9,6.8,59.8,,,rendahemisi_2022.csv,from_hourly_scrape,14.0
2022-03-17,DKI3,73.1,110.2,24.6,21.9,18.5,14.6,110.2,,,rendahemisi_2022.csv,from_hourly_scrape,21.0
2022-03-18,DKI3,67.8,84.0,24.7,18.4,17.7,11.5,84.0,,,rendahemisi_2022.csv,from_hourly_scrape,21.0
2022-03-19,DKI3,57.7,68.2,25.0,14.3,15.9,9.3,68.2,,,rendahemisi_2022.csv,from_hourly_scrape,9.0
2022-03-20,DKI3,53.5,68.8,24.0,13.3,8.3,4.6,68.8,,,rendahemisi_2022.csv,from_hourly_scrape,18.0
2022-03-21,DKI3,42.3,49.4,24.0,6.3,7.7,4.1,49.4,,,rendahemisi_2022.csv,from_hourly_scrape,19.0
2022-03-22,DKI3,48.6,61.1,29.2,8.1,6.6,4.5,61.1,,,rendahemisi_2022.csv,from_hourly_scrape,17.0
2022-03-23,DKI3,46.7,56.3,29.5,6.9,7.3,4.5,56.3,,,rendahemisi_2022.csv,from_hourly_scrape,15.0
2022-03-25,DKI3,80.5,110.7,36.1,17.5,23.5,14.1,110.7,,,rendahemisi_2022.csv,from_hourly_scrape,11.0
2022-03-26,DKI3,67.0,85.5,34.2,13.9,20.5,14.3,85.5,,,rendahemisi_2022.csv,from_hourly_scrape,17.0
2022-03-28,DKI3,40.1,53.2,31.2,9.1,17.2,8.9,53.2,,,rendahemisi_2022.csv,from_hourly_scrape,16.0
2022-03-29,DKI3,57.6,76.4,31.7,13.9,19.3,11.1,76.4,,,rendahemisi_2022.csv,from_hourly_scrape,21.0
2022-03-30,DKI3,72.6,97.4,34.7,13.7,18.5,13.0,97.4,,,rendahemisi_2022.csv,from_hourly_scrape,15.0
2022-03-31,DKI3,80.2,106.2,37.1,15.5,18.6,16.6,106.2,,,rendahemisi_2022.csv,from_hourly_scrape,8.0
2022-04-01,DKI3,64.0,77.1,33.1,16.1,11.6,11.0,77.1,,,rendahemisi_2022.csv,from_hourly_scrape,22.0
2022-04-02,DKI3,58.8,69.3,32.6,11.0,12.4,7.0,69.3,,,rendahemisi_2022.csv,from_hourly_scrape,20.0
2022-04-03,DKI3,51.1,58.6,29.2,8.6,8.5,4.4,58.6,,,rendahemisi_2022.csv,from_hourly_scrape,16.0
2022-04-04,DKI3,37.7,51.6,29.6,9.8,8.2,5.4,51.6,,,rendahemisi_2022.csv,from_hourly_scrape,22.0
2022-04-05,DKI3,41.4,55.1,31.2,8.3,13.7,9.0,55.1,,,rendahemisi_2022.csv,from_hourly_scrape,21.0
2022-04-06,DKI3,45.8,52.5,29.3,10.7,15.1,8.5,52.5,,,rendahemisi_2022.csv,from_hourly_scrape,23.0
2022-04-07,DKI3,44.0,54.2,28.8,13.2,13.9,7.6,54.2,,,rendahemisi_2022.csv,from_hourly_scrape,22.0
2022-04-08,DKI3,51.2,65.9,27.7,12.1,14.2,9.0,65.9,,,rendahemisi_2022.csv,from_hourly_scrape,19.0
2022-04-09,DKI3,48.5,73.4,26.2,10.3,15.4,7.5,73.4,,,rendahemisi_2022.csv,from_hourly_scrape,20.0
2022-04-10,DKI3,59.2,95.4,27.6,20.7,24.4,12.3,95.4,,,rendahemisi_2022.csv,from_hourly_scrape,20.0
2022-04-11,DKI3,58.9,90.2,30.3,12.3,27.8,14.2,90.2,,,rendahemisi_2022.csv,from_hourly_scrape,21.0
2022-04-12,DKI3,61.5,94.2,29.5,15.0,33.4,13.8,94.2,,,rendahemisi_2022.csv,from_hourly_scrape,21.0
2022-04-13,DKI3,67.2,105.0,29.1,18.4,41.8,14.3,105.0,,,rendahemisi_2022.csv,from_hourly_scrape,17.0
2022-04-14,DKI3,59.0,84.7,28.0,9.7,45.2,10.5,84.7,,,rendahemisi_2022.csv,from_hourly_scrape,21.0
2022-04-15,DKI3,53.4,82.4,27.9,11.8,31.6,13.0,82.4,,,rendahemisi_2022.csv,from_hourly_scrape,20.0
2022-04-16,DKI3,61.1,98.2,28.2,13.0,33.6,12.4,98.2,,,rendahemisi_2022.csv,from_hourly_scrape,20.0
2022-04-17,DKI3,67.6,109.2,28.8,20.1,31.6,13.3,109.2,,,rendahemisi_2022.csv,from_hourly_scrape,19.0
2022-04-18,DKI3,62.6,97.0,28.7,13.0,27.7,11.5,97.0,,,rendahemisi_2022.csv,from_hourly_scrape,19.0
2022-04-19,DKI3,48.2,65.8,27.6,10.0,25.1,8.9,65.8,,,rendahemisi_2022.csv,from_hourly_scrape,16.0
2022-04-20,DKI3,58.1,81.5,29.8,18.3,21.2,11.8,81.5,,,rendahemisi_2022.csv,from_hourly_scrape,19.0
2022-04-22,DKI3,65.7,97.2,32.7,25.6,11.9,12.1,97.2,,,rendahemisi_2022.csv,from_hourly_scrape,15.0
2022-04-23,DKI3,52.9,72.5,29.4,21.3,14.7,12.6,72.5,,,rendahemisi_2022.csv,from_hourly_scrape,20.0
2022-04-24,DKI3,61.6,90.5,29.0,18.0,23.8,15.4,90.5,,,rendahemisi_2022.csv,from_hourly_scrape,20.0
2022-04-25,DKI3,56.6,83.6,30.8,10.4,24.0,9.2,83.6,,,rendahemisi_2022.csv,from_hourly_scrape,19.0
2022-04-26,DKI3,49.8,64.3,31.1,9.0,17.6,9.1,64.3,,,rendahemisi_2022.csv,from_hourly_scrape,20.0
2022-04-27,DKI3,44.0,68.8,32.0,11.2,12.0,8.0,68.8,,,rendahemisi_2022.csv,from_hourly_scrape,21.0
2022-04-28,DKI3,40.9,51.7,30.7,10.4,12.7,8.3,51.7,,,rendahemisi_2022.csv,from_hourly_scrape,7.0
2022-04-29,DKI3,32.6,52.9,28.3,7.9,10.6,3.9,52.9,,,rendahemisi_2022.csv,from_hourly_scrape,21.0
2022-04-30,DKI3,45.1,68.6,29.0,10.3,14.6,5.6,68.6,,,rendahemisi_2022.csv,from_hourly_scrape,20.0
2022-05-01,DKI3,58.1,92.4,29.9,18.3,14.6,11.0,92.4,,,rendahemisi_2022.csv,from_hourly_scrape,20.0
2022-05-02,DKI3,59.6,84.7,30.1,13.5,17.6,9.5,84.7,,,rendahemisi_2022.csv,from_hourly_scrape,20.0
2022-05-03,DKI3,32.7,51.9,29.3,9.3,18.1,8.4,51.9,,,rendahemisi_2022.csv,from_hourly_scrape,18.0
2022-05-04,DKI3,46.2,72.7,29.4,10.8,17.5,7.7,72.7,,,rendahemisi_2022.csv,from_hourly_scrape,19.0
2022-05-05,DKI3,50.1,72.1,29.2,12.6,20.6,9.2,72.1,,,rendahemisi_2022.csv,from_hourly_scrape,20.0
2022-05-06,DKI3,37.7,59.0,29.0,6.3,19.2,5.7,59.0,,,rendahemisi_2022.csv,from_hourly_scrape,20.0
2022-05-07,DKI3,51.9,84.5,29.0,11.5,19.9,8.3,84.5,,,rendahemisi_2022.csv,from_hourly_scrape,21.0
2022-05-08,DKI3,64.1,94.9,30.9,12.4,18.9,9.0,94.9,,,rendahemisi_2022.csv,from_hourly_scrape,18.0
2022-05-09,DKI3,46.2,66.8,30.3,8.0,16.4,6.4,66.8,,,rendahemisi_2022.csv,from_hourly_scrape,20.0
2022-05-10,DKI3,48.2,69.9,29.8,12.6,19.1,10.8,69.9,,,rendahemisi_2022.csv,from_hourly_scrape,20.0
2022-05-11,DKI3,45.4,66.4,29.4,9.9,21.4,9.4,66.4,,,rendahemisi_2022.csv,from_hourly_scrape,18.0
2022-05-12,DKI3,58.9,85.4,31.8,13.0,15.6,10.2,85.4,,,rendahemisi_2022.csv,from_hourly_scrape,20.0
2022-05-13,DKI3,36.6,52.0,28.4,5.0,15.1,4.1,52.0,,,rendahemisi_2022.csv,from_hourly_scrape,22.0
2022-05-14,DKI3,46.9,79.1,29.8,9.4,19.8,7.3,79.1,,,rendahemisi_2022.csv,from_hourly_scrape,22.0
2022-05-15,DKI3,68.4,103.5,30.1,14.1,23.3,13.1,103.5,,,rendahemisi_2022.csv,from_hourly_scrape,23.0
2022-05-16,DKI3,57.2,87.0,29.3,15.6,20.7,9.9,87.0,,,rendahemisi_2022.csv,from_hourly_scrape,22.0
2022-05-17,DKI3,59.3,86.7,31.7,15.5,19.1,12.5,86.7,,,rendahemisi_2022.csv,from_hourly_scrape,15.0
2022-05-18,DKI3,52.0,73.4,30.2,12.6,22.9,11.9,73.4,,,rendahemisi_2022.csv,from_hourly_scrape,20.0
2022-05-19,DKI3,53.2,85.3,30.0,14.0,23.8,12.1,85.3,,,rendahemisi_2022.csv,from_hourly_scrape,16.0
2022-05-20,DKI3,62.8,92.0,31.1,17.9,27.0,16.1,92.0,,,rendahemisi_2022.csv,from_hourly_scrape,16.0
2022-05-21,DKI3,51.1,75.7,32.3,13.5,24.1,13.2,75.7,,,rendahemisi_2022.csv,from_hourly_scrape,16.0
2022-05-22,DKI3,51.4,75.8,33.5,10.2,24.6,12.2,75.8,,,rendahemisi_2022.csv,from_hourly_scrape,19.0
2022-05-23,DKI3,59.5,92.0,33.0,13.4,18.0,11.8,92.0,,,rendahemisi_2022.csv,from_hourly_scrape,21.0
2022-05-24,DKI3,54.0,76.2,33.9,9.1,18.2,10.5,76.2,,,rendahemisi_2022.csv,from_hourly_scrape,21.0
2022-05-25,DKI3,59.2,92.1,33.2,13.6,15.6,14.9,92.1,,,rendahemisi_2022.csv,from_hourly_scrape,19.0
2022-05-26,DKI3,58.6,84.8,31.7,12.6,14.1,13.7,84.8,,,rendahemisi_2022.csv,from_hourly_scrape,21.0
2022-05-27,DKI3,71.8,132.4,35.4,20.7,21.2,16.2,132.4,,,rendahemisi_2022.csv,from_hourly_scrape,18.0
2022-05-28,DKI3,,101.9,34.9,12.8,30.5,14.2,101.9,,,rendahemisi_2022.csv,from_hourly_scrape,20.0
2022-05-29,DKI3,,93.2,35.5,19.3,19.2,13.9,93.2,,,rendahemisi_2022.csv,from_hourly_scrape,20.0
2022-05-30,DKI3,,74.9,35.2,13.6,12.1,7.5,74.9,,,rendahemisi_2022.csv,from_hourly_scrape,21.0
2022-05-31,DKI3,,79.2,35.2,19.5,12.6,7.4,79.2,,,rendahemisi_2022.csv,from_hourly_scrape,19.0
2022-06-01,DKI3,,60.8,34.4,12.0,13.9,5.3,60.8,,,rendahemisi_2022.csv,from_hourly_scrape,20.0
2022-06-02,DKI3,,64.3,33.0,8.7,19.3,7.7,64.3,,,rendahemisi_2022.csv,from_hourly_scrape,21.0
2022-06-03,DKI3,30.3,59.9,32.1,13.8,19.2,11.2,59.9,,,rendahemisi_2022.csv,from_hourly_scrape,19.0
2022-06-04,DKI3,52.4,79.3,34.2,14.7,24.1,10.3,79.3,,,rendahemisi_2022.csv,from_hourly_scrape,19.0
2022-06-05,DKI3,55.4,77.6,33.2,9.6,31.8,9.8,77.6,,,rendahemisi_2022.csv,from_hourly_scrape,20.0
2022-06-06,DKI3,56.2,85.7,33.0,14.5,28.6,12.0,85.7,,,rendahemisi_2022.csv,from_hourly_scrape,20.0
2022-06-07,DKI3,45.0,66.2,32.6,12.4,24.2,10.4,66.2,,,rendahemisi_2022.csv,from_hourly_scrape,19.0
2022-06-08,DKI3,61.8,91.8,31.1,16.9,14.9,13.8,91.8,,,rendahemisi_2022.csv,from_hourly_scrape,20.0
2022-06-09,DKI3,55.4,74.8,30.2,17.7,11.8,11.6,74.8,,,rendahemisi_2022.csv,from_hourly_scrape,20.0
2022-06-10,DKI3,41.4,67.9,31.8,15.5,17.3,10.6,67.9,,,rendahemisi_2022.csv,from_hourly_scrape,19.0
2022-06-11,DKI3,40.0,68.8,30.9,11.1,22.6,10.4,68.8,,,rendahemisi_2022.csv,from_hourly_scrape,20.0
2022-06-12,DKI3,51.8,81.0,30.0,14.0,17.6,9.0,81.0,,,rendahemisi_2022.csv,from_hourly_scrape,20.0
2022-06-13,DKI3,52.2,76.5,29.3,14.9,19.6,10.1,76.5,,,rendahemisi_2022.csv,from_hourly_scrape,21.0
2022-06-14,DKI3,51.4,79.7,29.6,21.1,23.7,12.0,79.7,,,rendahemisi_2022.csv,from_hourly_scrape,19.0
2022-06-17,DKI3,90.6,129.2,33.0,24.4,18.9,14.1,129.2,,,rendahemisi_2022.csv,from_hourly_scrape,10.0
2022-06-20,DKI3,71.3,110.0,32.6,14.0,29.4,10.4,110.0,,,rendahemisi_2022.csv,from_hourly_scrape,8.0
2022-06-22,DKI3,70.5,112.5,37.1,14.2,26.3,12.9,112.5,,,rendahemisi_2022.csv,from_hourly_scrape,15.0
2022-06-23,DKI3,65.7,100.7,36.3,11.6,27.3,11.7,100.7,,,rendahemisi_2022.csv,from_hourly_scrape,19.0
2022-06-24,DKI3,69.5,109.1,36.4,14.9,26.1,14.5,109.1,,,rendahemisi_2022.csv,from_hourly_scrape,19.0
2022-06-25,DKI3,72.3,104.9,33.3,19.0,26.8,14.8,104.9,,,rendahemisi_2022.csv,from_hourly_scrape,19.0
2022-06-26,DKI3,65.4,98.0,33.6,16.0,27.4,12.7,98.0,,,rendahemisi_2022.csv,from_hourly_scrape,18.0
2022-06-27,DKI3,63.5,91.8,34.0,16.8,31.5,12.5,91.8,,,rendahemisi_2022.csv,from_hourly_scrape,6.0
2022-06-28,DKI3,55.8,77.3,32.9,10.5,36.8,10.0,77.3,,,rendahemisi_2022.csv,from_hourly_scrape,21.0
2022-06-30,DKI3,57.0,80.4,38.0,9.0,38.0,9.4,80.4,,,rendahemisi_2022.csv,from_hourly_scrape,5.0
2022-07-01,DKI3,61.9,91.1,36.1,10.7,36.0,11.3,91.1,,,rendahemisi_2022.csv,from_hourly_scrape,15.0
2022-07-02,DKI3,75.6,118.9,36.3,13.7,35.8,14.1,118.9,,,rendahemisi_2022.csv,from_hourly_scrape,15.0
2022-07-03,DKI3,75.8,105.5,36.3,12.3,39.3,11.3,105.5,,,rendahemisi_2022.csv,from_hourly_scrape,21.0
2022-07-04,DKI3,62.3,76.9,37.7,8.4,25.0,8.1,76.9,,,rendahemisi_2022.csv,from_hourly_scrape,20.0
2022-07-06,DKI3,69.8,99.8,34.8,15.6,21.7,16.5,99.8,,,rendahemisi_2022.csv,from_hourly_scrape,18.0
2022-07-07,DKI3,88.6,133.3,34.7,27.3,23.4,14.9,133.3,,,rendahemisi_2022.csv,from_hourly_scrape,19.0
2022-07-09,DKI3,38.8,59.9,33.9,6.1,29.3,5.9,59.9,,,rendahemisi_2022.csv,from_hourly_scrape,14.0
2022-07-10,DKI3,45.3,65.2,34.6,7.5,30.6,6.2,65.2,,,rendahemisi_2022.csv,from_hourly_scrape,20.0
2022-07-11,DKI3,54.4,81.6,36.6,8.8,29.4,8.0,81.6,,,rendahemisi_2022.csv,from_hourly_scrape,20.0
2022-07-12,DKI3,70.6,105.0,38.3,11.0,34.2,13.2,105.0,,,rendahemisi_2022.csv,from_hourly_scrape,20.0
2022-07-13,DKI3,66.6,97.9,36.8,11.8,29.1,12.6,97.9,,,rendahemisi_2022.csv,from_hourly_scrape,18.0
2022-07-14,DKI3,59.2,83.1,39.0,17.7,19.0,12.7,83.1,,,rendahemisi_2022.csv,from_hourly_scrape,21.0
2022-07-15,DKI3,54.2,76.5,38.8,9.3,23.7,11.1,76.5,,,rendahemisi_2022.csv,from_hourly_scrape,21.0
2022-07-16,DKI3,34.9,51.0,33.7,10.1,19.1,9.8,51.0,,,rendahemisi_2022.csv,from_hourly_scrape,14.0
2022-07-17,DKI3,47.4,73.5,36.4,19.7,13.2,11.8,73.5,,,rendahemisi_2022.csv,from_hourly_scrape,20.0
2022-07-18,DKI3,72.8,111.4,38.6,26.4,25.1,12.2,111.4,,,rendahemisi_2022.csv,from_hourly_scrape,20.0
2022-07-19,DKI3,68.0,97.6,37.7,12.0,38.2,13.8,97.6,,,rendahemisi_2022.csv,from_hourly_scrape,21.0
2022-07-20,DKI3,73.9,107.6,37.9,13.9,33.5,12.9,107.6,,,rendahemisi_2022.csv,from_hourly_scrape,19.0
2022-07-21,DKI3,66.2,96.3,38.0,10.5,37.2,11.0,96.3,,,rendahemisi_2022.csv,from_hourly_scrape,21.0
2022-07-22,DKI3,69.0,97.5,39.2,11.4,33.9,13.0,97.5,,,rendahemisi_2022.csv,from_hourly_scrape,20.0
2022-07-23,DKI3,61.0,74.6,40.6,8.2,27.9,10.4,74.6,,,rendahemisi_2022.csv,from_hourly_scrape,20.0
2022-07-24,DKI3,53.4,65.4,37.2,9.5,27.4,10.2,65.4,,,rendahemisi_2022.csv,from_hourly_scrape,19.0
2022-07-25,DKI3,48.8,62.6,36.1,9.8,30.8,7.9,62.6,,,rendahemisi_2022.csv,from_hourly_scrape,21.0
2022-07-26,DKI3,59.2,84.8,38.4,11.7,31.8,12.3,84.8,,,rendahemisi_2022.csv,from_hourly_scrape,20.0
2022-07-27,DKI3,68.7,94.7,40.4,10.3,39.5,11.5,94.7,,,rendahemisi_2022.csv,from_hourly_scrape,21.0
2022-07-28,DKI3,79.8,113.8,39.8,14.3,29.6,18.0,113.8,,,rendahemisi_2022.csv,from_hourly_scrape,20.0
2022-07-29,DKI3,66.9,84.3,40.5,8.9,30.3,9.8,84.3,,,rendahemisi_2022.csv,from_hourly_scrape,14.0
2022-07-30,DKI3,65.9,88.0,39.2,10.8,29.0,13.0,88.0,,,rendahemisi_2022.csv,from_hourly_scrape,20.0
2022-07-31,DKI3,78.6,106.3,37.1,11.6,32.5,10.8,106.3,,,rendahemisi_2022.csv,from_hourly_scrape,18.0
2022-08-01,DKI3,68.4,,36.6,9.3,34.1,8.2,68.4,,,rendahemisi_2022.csv,from_hourly_scrape,19.0
2022-08-02,DKI3,68.0,90.7,37.6,11.2,30.1,11.3,90.7,,,rendahemisi_2022.csv,from_hourly_scrape,18.0
2022-08-03,DKI3,83.6,113.0,36.6,13.7,36.6,12.8,113.0,,,rendahemisi_2022.csv,from_hourly_scrape,20.0
2022-08-04,DKI3,73.2,94.0,35.8,10.5,33.7,8.8,94.0,,,rendahemisi_2022.csv,from_hourly_scrape,15.0
2022-08-05,DKI3,59.2,80.4,34.5,16.3,22.7,12.4,80.4,,,rendahemisi_2022.csv,from_hourly_scrape,21.0
2022-08-06,DKI3,67.1,91.7,35.9,14.3,26.1,12.4,91.7,,,rendahemisi_2022.csv,from_hourly_scrape,19.0
2022-08-07,DKI3,67.4,87.9,37.8,11.4,34.4,10.8,87.9,,,rendahemisi_2022.csv,from_hourly_scrape,20.0
2022-08-08,DKI3,53.0,62.0,36.1,8.5,33.0,7.2,62.0,,,rendahemisi_2022.csv,from_hourly_scrape,8.0
2022-08-09,DKI3,55.8,71.5,36.9,9.5,34.5,10.3,71.5,,,rendahemisi_2022.csv,from_hourly_scrape,24.0
2022-08-10,DKI3,65.3,93.4,35.9,12.9,34.7,12.3,93.4,,,rendahemisi_2022.csv,from_hourly_scrape,22.0
2022-08-11,DKI3,61.5,81.8,37.6,13.5,27.4,12.0,81.8,,,rendahemisi_2022.csv,from_hourly_scrape,21.0
2022-08-12,DKI3,58.7,73.3,36.6,12.5,27.4,11.0,73.3,,,rendahemisi_2022.csv,from_hourly_scrape,23.0
2022-08-13,DKI3,55.0,69.2,34.3,12.2,27.5,10.7,69.2,,,rendahemisi_2022.csv,from_hourly_scrape,13.0
2022-08-14,DKI3,57.6,77.9,36.1,11.0,27.7,10.9,77.9,,,rendahemisi_2022.csv,from_hourly_scrape,19.0
2022-08-15,DKI3,51.2,63.2,36.7,9.2,24.4,9.3,63.2,,,rendahemisi_2022.csv,from_hourly_scrape,9.0
2022-08-16,DKI3,54.0,70.8,37.2,11.9,25.0,11.3,70.8,,,rendahemisi_2022.csv,from_hourly_scrape,21.0
2022-08-17,DKI3,54.7,63.5,34.8,12.3,24.5,10.7,63.5,,,rendahemisi_2022.csv,from_hourly_scrape,13.0
2022-08-18,DKI3,56.8,74.6,37.8,8.9,27.0,9.0,74.6,,,rendahemisi_2022.csv,from_hourly_scrape,20.0
2022-08-19,DKI3,61.3,78.3,40.3,8.7,26.7,10.8,78.3,,,rendahemisi_2022.csv,from_hourly_scrape,19.0
2022-08-20,DKI3,62.0,78.0,40.3,8.7,27.0,11.0,78.0,,,rendahemisi_2022.csv,from_hourly_scrape,3.0
2022-08-21,DKI3,54.9,68.2,39.3,7.8,28.4,7.8,68.2,,,rendahemisi_2022.csv,from_hourly_scrape,11.0
2022-08-22,DKI3,51.0,65.8,37.7,9.4,30.8,8.4,65.8,,,rendahemisi_2022.csv,from_hourly_scrape,19.0
2022-08-23,DKI3,72.6,93.8,39.7,15.2,27.1,14.5,93.8,,,rendahemisi_2022.csv,from_hourly_scrape,19.0
2022-08-24,DKI3,66.2,91.0,39.3,10.5,32.4,10.0,91.0,,,rendahemisi_2022.csv,from_hourly_scrape,20.0
2022-08-25,DKI3,61.8,77.3,39.8,6.9,35.2,7.6,77.3,,,rendahemisi_2022.csv,from_hourly_scrape,20.0
2022-08-26,DKI3,47.1,99.9,51.8,12.6,30.1,21.4,99.9,,,rendahemisi_2022.csv,from_hourly_scrape,18.0
2022-08-27,DKI3,73.9,99.0,40.4,14.4,35.3,14.2,99.0,,,rendahemisi_2022.csv,from_hourly_scrape,13.0
2022-08-28,DKI3,63.6,70.8,40.3,10.3,41.5,10.5,70.8,,,rendahemisi_2022.csv,from_hourly_scrape,6.0
2022-08-29,DKI3,53.6,66.2,40.2,10.6,30.4,12.2,66.2,,,rendahemisi_2022.csv,from_hourly_scrape,20.0
2022-08-30,DKI3,50.1,65.1,39.4,8.0,35.1,7.4,65.1,,,rendahemisi_2022.csv,from_hourly_scrape,17.0
2022-09-02,DKI3,72.2,90.5,42.2,12.5,19.0,13.9,90.5,,,rendahemisi_2022.csv,from_hourly_scrape,17.0
2022-09-03,DKI3,62.1,82.4,38.2,15.7,15.6,8.1,82.4,,,rendahemisi_2022.csv,from_hourly_scrape,18.0
2022-09-04,DKI3,39.8,52.9,38.6,6.2,18.8,5.7,52.9,,,rendahemisi_2022.csv,from_hourly_scrape,17.0
2022-09-05,DKI3,58.4,78.4,40.6,11.4,28.3,12.1,78.4,,,rendahemisi_2022.csv,from_hourly_scrape,18.0
2022-09-06,DKI3,57.6,70.5,38.6,6.9,30.7,7.5,70.5,,,rendahemisi_2022.csv,from_hourly_scrape,17.0
2022-09-07,DKI3,55.4,69.7,36.2,9.9,25.2,9.9,69.7,,,rendahemisi_2022.csv,from_hourly_scrape,19.0
2022-09-08,DKI3,59.2,76.8,35.8,13.2,21.8,12.9,76.8,,,rendahemisi_2022.csv,from_hourly_scrape,18.0
2022-09-09,DKI3,56.6,70.7,38.3,16.9,18.6,13.2,70.7,,,rendahemisi_2022.csv,from_hourly_scrape,19.0
2022-09-13,DKI3,51.1,67.8,43.3,9.7,31.5,10.5,67.8,,,rendahemisi_2022.csv,from_hourly_scrape,10.0
2022-09-14,DKI3,51.1,68.7,42.6,10.1,31.8,9.7,68.7,,,rendahemisi_2022.csv,from_hourly_scrape,21.0
2022-09-15,DKI3,72.5,104.6,44.0,18.9,28.1,11.2,104.6,,,rendahemisi_2022.csv,from_hourly_scrape,17.0
2022-09-17,DKI3,54.6,79.5,41.0,9.2,32.0,10.2,79.5,,,rendahemisi_2022.csv,from_hourly_scrape,11.0
2022-09-18,DKI3,65.7,92.9,41.0,11.9,27.5,11.4,92.9,,,rendahemisi_2022.csv,from_hourly_scrape,23.0
2022-09-19,DKI3,68.3,89.4,42.0,10.7,35.6,9.9,89.4,,,rendahemisi_2022.csv,from_hourly_scrape,20.0
2022-09-20,DKI3,62.0,78.2,41.8,9.8,31.5,9.6,78.2,,,rendahemisi_2022.csv,from_hourly_scrape,20.0
2022-09-21,DKI3,63.1,83.6,40.9,12.9,28.7,13.1,83.6,,,rendahemisi_2022.csv,from_hourly_scrape,21.0
2022-09-22,DKI3,62.3,81.3,40.2,11.1,28.3,10.6,81.3,,,rendahemisi_2022.csv,from_hourly_scrape,19.0
2022-09-23,DKI3,57.2,70.0,42.0,11.9,28.1,11.2,70.0,,,rendahemisi_2022.csv,from_hourly_scrape,19.0
2022-10-01,DKI3,63.9,77.3,47.8,9.2,21.1,12.5,77.3,,,rendahemisi_2022.csv,from_hourly_scrape,16.0
2022-10-02,DKI3,46.6,57.4,40.9,10.8,20.4,9.9,57.4,,,rendahemisi_2022.csv,from_hourly_scrape,18.0
2022-10-03,DKI3,50.7,63.3,42.3,10.5,19.8,8.4,63.3,,,rendahemisi_2022.csv,from_hourly_scrape,23.0
2022-10-04,DKI3,45.5,54.5,44.4,9.0,23.0,9.2,54.5,,,rendahemisi_2022.csv,from_hourly_scrape,22.0
2022-10-05,DKI3,46.5,55.1,42.2,11.5,25.0,13.1,55.1,,,rendahemisi_2022.csv,from_hourly_scrape,24.0
2022-10-06,DKI3,54.6,64.9,43.5,12.4,23.0,10.2,64.9,,,rendahemisi_2022.csv,from_hourly_scrape,17.0
2022-10-10,DKI3,55.2,71.2,46.1,11.2,27.2,11.4,71.2,,,rendahemisi_2022.csv,from_hourly_scrape,12.0
2022-10-11,DKI3,69.7,97.4,47.8,17.7,30.3,18.4,97.4,,,rendahemisi_2022.csv,from_hourly_scrape,18.0
2022-10-12,DKI3,44.3,71.8,53.4,14.4,25.6,20.6,71.8,,,rendahemisi_2022.csv,from_hourly_scrape,19.0
2022-10-13,DKI3,52.2,60.4,46.0,10.6,25.1,14.2,60.4,,,rendahemisi_2022.csv,from_hourly_scrape,19.0
2022-10-14,DKI3,43.7,53.4,43.2,10.2,23.0,9.0,53.4,,,rendahemisi_2022.csv,from_hourly_scrape,21.0
2022-10-15,DKI3,52.5,58.8,42.7,7.1,29.5,7.5,58.8,,,rendahemisi_2022.csv,from_hourly_scrape,21.0
2022-10-16,DKI3,48.1,57.7,40.3,11.2,28.6,11.3,57.7,,,rendahemisi_2022.csv,from_hourly_scrape,19.0
2022-10-17,DKI3,56.0,64.4,41.8,8.0,30.5,7.8,64.4,,,rendahemisi_2022.csv,from_hourly_scrape,21.0
2022-10-18,DKI3,52.5,67.3,40.4,10.8,30.4,10.0,67.3,,,rendahemisi_2022.csv,from_hourly_scrape,19.0
2022-10-19,DKI3,51.2,65.0,40.4,14.4,22.0,12.4,65.0,,,rendahemisi_2022.csv,from_hourly_scrape,20.0
2022-10-20,DKI3,53.5,64.6,41.4,16.7,20.7,12.4,64.6,,,rendahemisi_2022.csv,from_hourly_scrape,19.0
2022-10-22,DKI3,53.9,67.9,43.9,12.4,15.7,6.4,67.9,,,rendahemisi_2022.csv,from_hourly_scrape,14.0
2022-10-23,DKI3,55.1,65.7,43.5,9.3,17.3,6.8,65.7,,,rendahemisi_2022.csv,from_hourly_scrape,22.0
2022-10-24,DKI3,39.2,53.5,40.6,6.0,10.8,4.2,53.5,,,rendahemisi_2022.csv,from_hourly_scrape,15.0
2022-10-25,DKI3,28.7,45.6,39.4,4.9,10.3,2.9,45.6,,,rendahemisi_2022.csv,from_hourly_scrape,19.0
2022-10-29,DKI3,43.1,53.8,43.0,5.6,19.9,5.8,53.8,,,rendahemisi_2022.csv,from_hourly_scrape,16.0
2022-10-30,DKI3,39.8,54.7,42.8,5.3,26.0,5.0,54.7,,,rendahemisi_2022.csv,from_hourly_scrape,22.0
2022-10-31,DKI3,37.5,52.2,41.7,5.4,27.0,5.0,52.2,,,rendahemisi_2022.csv,from_hourly_scrape,23.0
2022-11-01,DKI3,35.0,56.7,45.5,7.9,25.7,10.9,56.7,,,rendahemisi_2022.csv,from_hourly_scrape,15.0
2022-11-02,DKI3,54.4,65.6,45.6,7.9,33.5,9.3,65.6,,,rendahemisi_2022.csv,from_hourly_scrape,17.0
2022-11-03,DKI3,45.2,61.0,44.5,9.4,29.3,10.4,61.0,,,rendahemisi_2022.csv,from_hourly_scrape,20.0
2022-11-04,DKI3,52.3,92.9,46.9,11.8,22.7,10.8,92.9,,,rendahemisi_2022.csv,from_hourly_scrape,12.0
2022-11-05,DKI3,37.8,68.8,44.0,11.8,25.2,11.8,68.8,,,rendahemisi_2022.csv,from_hourly_scrape,20.0
2022-11-09,DKI3,39.6,74.5,46.4,11.8,16.9,9.5,74.5,,,rendahemisi_2022.csv,from_hourly_scrape,13.0
2022-11-10,DKI3,45.2,75.8,47.7,10.0,10.3,5.8,75.8,,,rendahemisi_2022.csv,from_hourly_scrape,12.0
2022-11-11,DKI3,36.2,64.3,45.9,8.8,10.6,4.8,64.3,,,rendahemisi_2022.csv,from_hourly_scrape,17.0
2022-11-12,DKI3,30.9,60.0,46.0,7.1,17.1,5.4,60.0,,,rendahemisi_2022.csv,from_hourly_scrape,16.0
2022-11-13,DKI3,36.6,60.4,46.6,8.2,17.8,6.2,60.4,,,rendahemisi_2022.csv,from_hourly_scrape,21.0
2022-11-14,DKI3,44.4,64.5,46.4,9.2,23.3,7.1,64.5,,,rendahemisi_2022.csv,from_hourly_scrape,19.0
2022-11-15,DKI3,57.2,94.6,46.1,18.1,17.9,13.4,94.6,,,rendahemisi_2022.csv,from_hourly_scrape,14.0
2022-11-16,DKI3,49.8,79.4,50.8,10.1,15.1,6.9,79.4,,,rendahemisi_2022.csv,from_hourly_scrape,18.0
2022-11-18,DKI3,24.2,44.6,50.2,4.6,16.8,3.2,50.2,,,rendahemisi_2022.csv,from_hourly_scrape,12.0
2022-11-19,DKI3,38.0,58.7,47.7,8.0,12.8,4.3,58.7,,,rendahemisi_2022.csv,from_hourly_scrape,18.0
2022-11-20,DKI3,43.4,55.0,46.0,4.2,14.5,1.3,55.0,,,rendahemisi_2022.csv,from_hourly_scrape,13.0
2022-11-21,DKI3,36.1,60.9,42.9,5.6,13.1,3.9,60.9,,,rendahemisi_2022.csv,from_hourly_scrape,13.0
2022-11-22,DKI3,41.8,70.6,44.4,6.0,12.6,4.7,70.6,,,rendahemisi_2022.csv,from_hourly_scrape,23.0
2022-11-23,DKI3,49.6,71.9,46.5,6.5,12.2,4.9,71.9,,,rendahemisi_2022.csv,from_hourly_scrape,22.0
2022-11-24,DKI3,32.9,48.6,47.5,4.3,16.1,3.6,48.6,,,rendahemisi_2022.csv,from_hourly_scrape,17.0
2022-11-25,DKI3,41.8,69.0,46.8,8.6,17.0,8.1,69.0,,,rendahemisi_2022.csv,from_hourly_scrape,21.0
2022-11-26,DKI3,75.8,120.4,47.8,13.4,23.3,19.8,120.4,,,rendahemisi_2022.csv,from_hourly_scrape,20.0
2022-11-27,DKI3,72.4,104.0,46.8,13.4,23.2,17.7,104.0,,,rendahemisi_2022.csv,from_hourly_scrape,18.0
2022-11-29,DKI3,38.2,66.0,43.2,9.6,24.9,10.7,66.0,,,rendahemisi_2022.csv,from_hourly_scrape,12.0
2022-11-30,DKI3,43.1,71.0,43.9,7.3,27.1,9.5,71.0,,,rendahemisi_2022.csv,from_hourly_scrape,22.0
2022-12-01,DKI3,53.0,81.0,42.0,9.0,24.0,12.0,81.0,PM25,SEDANG,ispu_2023.csv,,
2022-12-02,DKI3,55.0,92.0,43.0,11.0,24.0,13.0,92.0,PM25,SEDANG,ispu_2023.csv,,
2022-12-03,DKI3,54.0,74.0,47.0,8.0,29.0,11.0,74.0,PM25,SEDANG,ispu_2023.csv,,
2022-12-04,DKI3,44.0,71.0,43.0,10.0,24.0,12.0,71.0,PM25,SEDANG,ispu_2023.csv,,
2022-12-05,DKI3,45.0,76.0,45.0,9.0,29.0,10.0,76.0,PM25,SEDANG,ispu_2023.csv,,
2022-12-06,DKI3,51.0,81.0,45.0,10.0,28.0,12.0,81.0,PM25,SEDANG,ispu_2023.csv,,
2022-12-07,DKI3,45.0,72.0,45.0,10.0,27.0,13.0,72.0,PM25,SEDANG,ispu_2023.csv,,
2022-12-08,DKI3,51.0,75.0,44.0,8.0,32.0,9.0,75.0,PM25,SEDANG,ispu_2023.csv,,
2022-12-09,DKI3,59.0,94.0,48.0,10.0,25.0,12.0,94.0,PM25,SEDANG,ispu_2023.csv,,
2022-12-10,DKI3,35.0,54.0,43.0,9.0,13.0,6.0,54.0,PM25,SEDANG,ispu_2023.csv,,
2022-12-11,DKI3,44.0,68.0,44.0,8.0,15.0,9.0,68.0,PM25,SEDANG,ispu_2023.csv,,
2022-12-12,DKI3,32.0,57.0,45.0,5.0,18.0,4.0,57.0,PM25,SEDANG,ispu_2023.csv,,
2022-12-13,DKI3,45.0,71.0,48.0,9.0,13.0,7.0,71.0,PM25,SEDANG,ispu_2023.csv,,
2022-12-14,DKI3,46.0,71.0,48.0,8.0,11.0,7.0,71.0,PM25,SEDANG,ispu_2023.csv,,
2022-12-15,DKI3,28.0,53.0,48.0,5.0,15.0,4.0,53.0,PM25,SEDANG,ispu_2023.csv,,
2022-12-16,DKI3,46.0,73.0,50.0,8.0,14.0,7.0,73.0,PM25,SEDANG,ispu_2023.csv,,
2022-12-17,DKI3,54.0,81.0,49.0,17.0,12.0,,81.0,PM25,SEDANG,ispu_2023.csv,,
2022-12-18,DKI3,51.0,80.0,50.0,9.0,17.0,12.0,80.0,PM25,SEDANG,ispu_2023.csv,,
2022-12-19,DKI3,57.0,87.0,50.0,12.0,18.0,13.0,87.0,PM25,SEDANG,ispu_2023.csv,,
2022-12-20,DKI3,72.0,105.0,49.0,19.0,18.0,12.0,105.0,PM25,TIDAK SEHAT,ispu_2023.csv,,
2022-12-21,DKI3,57.0,86.0,53.0,7.0,27.0,11.0,86.0,PM25,SEDANG,ispu_2023.csv,,
2022-12-22,DKI3,36.0,57.0,49.0,6.0,13.0,7.0,57.0,PM25,SEDANG,ispu_2023.csv,,
2022-12-23,DKI3,21.0,33.0,50.0,4.0,16.0,3.0,50.0,SO2,BAIK,ispu_2023.csv,,
2022-12-24,DKI3,58.0,92.0,51.0,10.0,17.0,11.0,92.0,PM25,SEDANG,ispu_2023.csv,,
2022-12-25,DKI3,42.0,51.0,50.0,5.0,16.0,5.0,51.0,PM25,SEDANG,ispu_2023.csv,,
2022-12-26,DKI3,36.0,57.0,51.0,7.0,14.0,6.0,57.0,PM25,SEDANG,ispu_2023.csv,,
2022-12-27,DKI3,17.0,26.0,48.0,4.0,11.0,2.0,48.0,SO2,BAIK,ispu_2023.csv,,
2022-12-28,DKI3,46.0,66.0,49.0,8.0,8.0,5.0,66.0,PM25,SEDANG,ispu_2023.csv,,
2022-12-29,DKI3,15.0,50.0,50.0,4.0,13.0,,50.0,PM25,BAIK,ispu_2023.csv,,
2022-12-30,DKI3,36.0,51.0,51.0,8.0,13.0,5.0,51.0,PM25,SEDANG,ispu_2023.csv,,
2022-12-31,DKI3,48.0,49.0,,24.0,14.0,,49.0,PM25,BAIK,ispu_2023.csv,,
2023-01-01,DKI3,26.0,43.0,51.0,5.0,16.0,2.0,51.0,SO2,SEDANG,ispu_2023.csv,,
2023-01-02,DKI3,23.0,40.0,51.0,5.0,16.0,3.0,51.0,SO2,SEDANG,ispu_2023.csv,,
2023-01-03,DKI3,25.0,32.0,53.0,4.0,15.0,,53.0,SO2,SEDANG,ispu_2023.csv,,
2023-01-04,DKI3,30.0,44.0,53.0,5.0,15.0,4.0,53.0,SO2,SEDANG,ispu_2023.csv,,
2023-01-05,DKI3,40.0,59.0,53.0,10.0,18.0,7.0,59.0,PM25,SEDANG,ispu_2023.csv,,
2023-01-06,DKI3,50.0,73.0,51.0,10.0,11.0,7.0,73.0,PM25,SEDANG,ispu_2023.csv,,
2023-01-07,DKI3,49.0,66.0,51.0,6.0,10.0,4.0,66.0,PM25,SEDANG,ispu_2023.csv,,
2023-01-08,DKI3,45.0,62.0,51.0,6.0,10.0,3.0,62.0,PM25,SEDANG,ispu_2023.csv,,
2023-01-09,DKI3,46.0,71.0,51.0,9.0,10.0,6.0,71.0,PM25,SEDANG,ispu_2023.csv,,
2023-01-10,DKI3,50.0,70.0,50.0,8.0,10.0,6.0,70.0,PM25,SEDANG,ispu_2023.csv,,
2023-01-11,DKI3,,,,,,,,-,TIDAK ADA DATA,ispu_2023.csv,,
2023-01-12,DKI3,43.0,74.0,54.0,9.0,24.0,3.0,74.0,PM25,SEDANG,ispu_2023.csv,,
2023-01-13,DKI3,56.0,80.0,55.0,10.0,36.0,5.0,80.0,PM25,SEDANG,ispu_2023.csv,,
2023-01-14,DKI3,49.0,70.0,54.0,13.0,24.0,3.0,70.0,PM25,SEDANG,ispu_2023.csv,,
2023-01-15,DKI3,49.0,66.0,55.0,9.0,15.0,2.0,66.0,PM25,SEDANG,ispu_2023.csv,,
2023-01-16,DKI3,39.0,57.0,54.0,7.0,10.0,2.0,57.0,PM25,SEDANG,ispu_2023.csv,,
2023-01-17,DKI3,51.0,76.0,55.0,8.0,8.0,,76.0,PM25,SEDANG,ispu_2023.csv,,
2023-01-18,DKI3,57.0,87.0,57.0,9.0,8.0,3.0,87.0,PM25,SEDANG,ispu_2023.csv,,
2023-01-19,DKI3,43.0,65.0,57.0,9.0,6.0,4.0,65.0,PM25,SEDANG,ispu_2023.csv,,
2023-01-20,DKI3,57.0,79.0,55.0,9.0,9.0,3.0,79.0,PM25,SEDANG,ispu_2023.csv,,
2023-01-21,DKI3,45.0,69.0,54.0,9.0,9.0,2.0,69.0,PM25,SEDANG,ispu_2023.csv,,
2023-01-22,DKI3,45.0,63.0,52.0,7.0,7.0,2.0,63.0,PM25,SEDANG,ispu_2023.csv,,
2023-01-23,DKI3,28.0,53.0,53.0,6.0,9.0,1.0,53.0,PM25,SEDANG,ispu_2023.csv,,
2023-01-24,DKI3,22.0,31.0,52.0,5.0,9.0,0.0,52.0,SO2,SEDANG,ispu_2023.csv,,
2023-01-25,DKI3,25.0,27.0,53.0,5.0,9.0,1.0,53.0,SO2,SEDANG,ispu_2023.csv,,
2023-01-26,DKI3,40.0,64.0,56.0,9.0,12.0,2.0,64.0,PM25,SEDANG,ispu_2023.csv,,
2023-01-27,DKI3,59.0,75.0,56.0,8.0,10.0,2.0,75.0,PM25,SEDANG,ispu_2023.csv,,
2023-01-28,DKI3,50.0,67.0,56.0,9.0,9.0,3.0,67.0,PM25,SEDANG,ispu_2023.csv,,
2023-01-29,DKI3,54.0,43.0,55.0,11.0,10.0,3.0,55.0,SO2,SEDANG,ispu_2023.csv,,
2023-01-30,DKI3,58.0,44.0,54.0,9.0,15.0,2.0,58.0,PM10,SEDANG,ispu_2023.csv,,
2023-01-31,DKI3,65.0,55.0,16.0,22.0,16.0,15.0,65.0,PM10,SEDANG,ispu_2023.csv,,
2023-02-01,DKI3,55.0,69.0,55.0,8.0,12.0,2.0,69.0,PM25,SEDANG,ispu_2023.csv,,
2023-02-02,DKI3,52.0,72.0,53.0,12.0,9.0,3.0,72.0,PM25,SEDANG,ispu_2023.csv,,
2023-02-03,DKI3,24.0,50.0,63.0,6.0,11.0,3.0,63.0,SO2,SEDANG,ispu_2023.csv,,
2023-02-04,DKI3,3.0,65.0,89.0,11.0,9.0,11.0,89.0,SO2,SEDANG,ispu_2023.csv,,
2023-02-05,DKI3,10.0,62.0,79.0,10.0,12.0,8.0,79.0,SO2,SEDANG,ispu_2023.csv,,
2023-02-06,DKI3,30.0,49.0,54.0,7.0,12.0,1.0,54.0,SO2,SEDANG,ispu_2023.csv,,
2023-02-07,DKI3,11.0,50.0,62.0,8.0,10.0,3.0,62.0,SO2,SEDANG,ispu_2023.csv,,
2023-02-08,DKI3,,,,,,,,-,TIDAK ADA DATA,ispu_2023.csv,,
2023-02-09,DKI3,37.0,51.0,53.0,8.0,8.0,3.0,53.0,SO2,SEDANG,ispu_2023.csv,,
2023-02-10,DKI3,24.0,40.0,53.0,7.0,11.0,1.0,53.0,SO2,SEDANG,ispu_2023.csv,,
2023-02-11,DKI3,29.0,41.0,52.0,7.0,9.0,2.0,52.0,SO2,SEDANG,ispu_2023.csv,,
2023-02-12,DKI3,23.0,32.0,52.0,7.0,10.0,2.0,52.0,SO2,SEDANG,ispu_2023.csv,,
2023-02-13,DKI3,24.0,31.0,53.0,8.0,8.0,3.0,53.0,SO2,SEDANG,ispu_2023.csv,,
2023-02-14,DKI3,24.0,34.0,52.0,7.0,9.0,2.0,52.0,SO2,SEDANG,ispu_2023.csv,,
2023-02-15,DKI3,20.0,33.0,53.0,6.0,9.0,1.0,53.0,SO2,SEDANG,ispu_2023.csv,,
2023-02-16,DKI3,30.0,48.0,54.0,7.0,6.0,1.0,54.0,SO2,SEDANG,ispu_2023.csv,,
2023-02-17,DKI3,30.0,41.0,53.0,7.0,9.0,1.0,53.0,SO2,SEDANG,ispu_2023.csv,,
2023-02-18,DKI3,49.0,69.0,14.0,9.0,16.0,3.0,69.0,PM25,SEDANG,ispu_2023.csv,,
2023-02-19,DKI3,51.0,73.0,13.0,9.0,14.0,3.0,73.0,PM25,SEDANG,ispu_2023.csv,,
2023-02-20,DKI3,42.0,56.0,13.0,7.0,7.0,,56.0,PM25,SEDANG,ispu_2023.csv,,
2023-02-21,DKI3,33.0,45.0,13.0,6.0,6.0,,45.0,PM25,BAIK,ispu_2023.csv,,
2023-02-22,DKI3,29.0,44.0,13.0,6.0,9.0,1.0,44.0,PM25,BAIK,ispu_2023.csv,,
2023-02-23,DKI3,37.0,57.0,13.0,8.0,11.0,3.0,57.0,PM25,SEDANG,ispu_2023.csv,,
2023-02-24,DKI3,22.0,49.0,14.0,8.0,15.0,5.0,49.0,PM25,BAIK,ispu_2023.csv,,
2023-02-25,DKI3,46.0,61.0,14.0,7.0,18.0,5.0,61.0,PM25,SEDANG,ispu_2023.csv,,
2023-02-26,DKI3,33.0,49.0,14.0,6.0,17.0,3.0,49.0,PM25,BAIK,ispu_2023.csv,,
2023-02-27,DKI3,28.0,45.0,13.0,6.0,21.0,3.0,45.0,PM25,BAIK,ispu_2023.csv,,
2023-02-28,DKI3,46.0,63.0,14.0,7.0,17.0,4.0,63.0,PM25,SEDANG,ispu_2023.csv,,
2023-03-01,DKI3,30.0,38.0,13.0,7.0,11.0,3.0,38.0,2,BAIK,ispu_2023.csv,,
2023-03-02,DKI3,23.0,29.0,13.0,7.0,9.0,2.0,29.0,2,BAIK,ispu_2023.csv,,
2023-03-03,DKI3,34.0,52.0,14.0,7.0,11.0,2.0,52.0,2,SEDANG,ispu_2023.csv,,
2023-03-04,DKI3,40.0,60.0,14.0,7.0,14.0,3.0,60.0,2,SEDANG,ispu_2023.csv,,
2023-03-05,DKI3,38.0,46.0,14.0,6.0,10.0,2.0,46.0,2,BAIK,ispu_2023.csv,,
2023-03-06,DKI3,39.0,55.0,14.0,6.0,7.0,,55.0,2,SEDANG,ispu_2023.csv,,
2023-03-07,DKI3,48.0,70.0,14.0,7.0,11.0,,70.0,2,SEDANG,ispu_2023.csv,,
2023-03-08,DKI3,60.0,87.0,15.0,7.0,11.0,4.0,87.0,2,SEDANG,ispu_2023.csv,,
2023-03-09,DKI3,62.0,82.0,15.0,7.0,20.0,7.0,82.0,2,SEDANG,ispu_2023.csv,,
2023-03-10,DKI3,51.0,79.0,34.0,11.0,20.0,14.0,79.0,2,SEDANG,ispu_2023.csv,,
2023-03-11,DKI3,40.0,65.0,35.0,12.0,26.0,10.0,65.0,2,SEDANG,ispu_2023.csv,,
2023-03-12,DKI3,62.0,96.0,38.0,19.0,20.0,22.0,96.0,2,SEDANG,ispu_2023.csv,,
2023-03-13,DKI3,55.0,88.0,39.0,17.0,27.0,11.0,88.0,2,SEDANG,ispu_2023.csv,,
2023-03-14,DKI3,58.0,81.0,40.0,15.0,17.0,11.0,81.0,2,SEDANG,ispu_2023.csv,,
2023-03-15,DKI3,36.0,56.0,35.0,10.0,21.0,7.0,56.0,2,SEDANG,ispu_2023.csv,,
2023-03-16,DKI3,66.0,98.0,37.0,34.0,18.0,27.0,98.0,2,SEDANG,ispu_2023.csv,,
2023-03-17,DKI3,64.0,90.0,35.0,22.0,21.0,20.0,90.0,2,SEDANG,ispu_2023.csv,,
2023-03-18,DKI3,49.0,64.0,37.0,13.0,30.0,11.0,64.0,2,SEDANG,ispu_2023.csv,,
2023-03-19,DKI3,49.0,72.0,35.0,17.0,25.0,10.0,72.0,2,SEDANG,ispu_2023.csv,,
2023-03-20,DKI3,55.0,83.0,38.0,13.0,26.0,12.0,83.0,2,SEDANG,ispu_2023.csv,,
2023-03-21,DKI3,52.0,70.0,36.0,19.0,24.0,25.0,70.0,2,SEDANG,ispu_2023.csv,,
2023-03-22,DKI3,52.0,71.0,35.0,8.0,26.0,11.0,71.0,2,SEDANG,ispu_2023.csv,,
2023-03-23,DKI3,55.0,77.0,36.0,12.0,21.0,12.0,77.0,2,SEDANG,ispu_2023.csv,,
2023-03-24,DKI3,57.0,87.0,35.0,11.0,25.0,13.0,87.0,2,SEDANG,ispu_2023.csv,,
2023-03-25,DKI3,62.0,88.0,36.0,12.0,21.0,13.0,88.0,2,SEDANG,ispu_2023.csv,,
2023-03-26,DKI3,,66.0,35.0,9.0,15.0,14.0,66.0,2,SEDANG,ispu_2023.csv,,
2023-03-27,DKI3,,55.0,33.0,12.0,12.0,13.0,55.0,2,SEDANG,ispu_2023.csv,,
2023-03-28,DKI3,,73.0,38.0,12.0,10.0,18.0,73.0,2,SEDANG,ispu_2023.csv,,
2023-03-29,DKI3,70.0,46.0,37.0,15.0,12.0,34.0,70.0,1,SEDANG,ispu_2023.csv,,
2023-03-30,DKI3,53.0,52.0,38.0,11.0,11.0,19.0,53.0,1,SEDANG,ispu_2023.csv,,
2023-03-31,DKI3,40.0,49.0,11.0,26.0,10.0,10.0,49.0,2,BAIK,ispu_2023.csv,,
2023-04-01,DKI3,26.0,33.0,35.0,3.0,13.0,,35.0,SO2,BAIK,ispu_2023.csv,,
2023-04-02,DKI3,35.0,56.0,34.0,5.0,10.0,6.0,56.0,PM25,SEDANG,ispu_2023.csv,,
2023-04-03,DKI3,52.0,71.0,36.0,9.0,12.0,15.0,71.0,PM25,SEDANG,ispu_2023.csv,,
2023-04-04,DKI3,51.0,69.0,35.0,6.0,11.0,8.0,69.0,PM25,SEDANG,ispu_2023.csv,,
2023-04-05,DKI3,52.0,71.0,39.0,9.0,14.0,12.0,71.0,PM25,SEDANG,ispu_2023.csv,,
2023-04-06,DKI3,56.0,76.0,36.0,7.0,17.0,12.0,76.0,PM25,SEDANG,ispu_2023.csv,,
2023-04-07,DKI3,47.0,60.0,39.0,7.0,13.0,7.0,60.0,PM25,SEDANG,ispu_2023.csv,,
2023-04-08,DKI3,57.0,82.0,38.0,8.0,25.0,8.0,82.0,PM25,SEDANG,ispu_2023.csv,,
2023-04-09,DKI3,51.0,66.0,37.0,8.0,14.0,11.0,66.0,PM25,SEDANG,ispu_2023.csv,,
2023-04-10,DKI3,50.0,57.0,35.0,6.0,8.0,5.0,57.0,PM25,SEDANG,ispu_2023.csv,,
2023-04-11,DKI3,26.0,47.0,33.0,3.0,7.0,,47.0,PM25,BAIK,ispu_2023.csv,,
2023-04-12,DKI3,28.0,53.0,34.0,3.0,6.0,,53.0,PM25,SEDANG,ispu_2023.csv,,
2023-04-13,DKI3,40.0,60.0,50.0,4.0,9.0,7.0,60.0,PM25,SEDANG,ispu_2023.csv,,
2023-04-14,DKI3,50.0,63.0,51.0,5.0,11.0,11.0,63.0,PM25,SEDANG,ispu_2023.csv,,
2023-04-15,DKI3,45.0,58.0,50.0,6.0,9.0,13.0,58.0,PM25,SEDANG,ispu_2023.csv,,
2023-04-16,DKI3,46.0,60.0,49.0,6.0,15.0,10.0,60.0,PM25,SEDANG,ispu_2023.csv,,
2023-04-17,DKI3,41.0,63.0,48.0,5.0,15.0,8.0,63.0,PM25,SEDANG,ispu_2023.csv,,
2023-04-18,DKI3,47.0,64.0,51.0,7.0,21.0,12.0,64.0,PM25,SEDANG,ispu_2023.csv,,
2023-04-19,DKI3,51.0,68.0,48.0,9.0,23.0,12.0,68.0,PM25,SEDANG,ispu_2023.csv,,
2023-04-20,DKI3,43.0,61.0,49.0,9.0,24.0,11.0,61.0,PM25,SEDANG,ispu_2023.csv,,
2023-04-21,DKI3,51.0,,50.0,10.0,22.0,11.0,51.0,PM10,SEDANG,ispu_2023.csv,,
2023-04-22,DKI3,43.0,,50.0,19.0,21.0,10.0,50.0,SO2,BAIK,ispu_2023.csv,,
2023-04-23,DKI3,42.0,,50.0,8.0,21.0,6.0,50.0,SO2,BAIK,ispu_2023.csv,,
2023-04-24,DKI3,45.0,,51.0,24.0,18.0,14.0,51.0,SO2,SEDANG,ispu_2023.csv,,
2023-04-25,DKI3,29.0,,50.0,10.0,19.0,9.0,50.0,SO2,BAIK,ispu_2023.csv,,
2023-04-26,DKI3,44.0,,51.0,26.0,19.0,19.0,51.0,SO2,SEDANG,ispu_2023.csv,,
2023-04-27,DKI3,49.0,,50.0,12.0,23.0,14.0,50.0,SO2,BAIK,ispu_2023.csv,,
2023-04-28,DKI3,61.0,,50.0,11.0,16.0,14.0,61.0,PM10,SEDANG,ispu_2023.csv,,
2023-04-29,DKI3,64.0,46.0,50.0,9.0,18.0,12.0,64.0,PM10,SEDANG,ispu_2023.csv,,
2023-04-30,DKI3,64.0,50.0,50.0,12.0,26.0,14.0,64.0,PM10,SEDANG,ispu_2023.csv,,
2023-05-01,DKI3,56.0,80.0,50.0,12.0,21.0,10.0,80.0,PM25,SEDANG,ispu_2023.csv,,
2023-05-02,DKI3,76.0,106.0,51.0,23.0,,21.0,106.0,PM25,TIDAK SEHAT,ispu_2023.csv,,
2023-05-03,DKI3,52.0,69.0,50.0,9.0,14.0,12.0,69.0,PM25,SEDANG,ispu_2023.csv,,
2023-05-04,DKI3,34.0,50.0,49.0,9.0,19.0,12.0,50.0,PM25,BAIK,ispu_2023.csv,,
2023-05-05,DKI3,47.0,72.0,50.0,17.0,22.0,15.0,72.0,PM25,SEDANG,ispu_2023.csv,,
2023-05-06,DKI3,47.0,67.0,50.0,9.0,26.0,12.0,67.0,PM25,SEDANG,ispu_2023.csv,,
2023-05-07,DKI3,54.0,75.0,49.0,18.0,23.0,19.0,75.0,PM25,SEDANG,ispu_2023.csv,,
2023-05-08,DKI3,62.0,86.0,50.0,14.0,29.0,13.0,86.0,PM25,SEDANG,ispu_2023.csv,,
2023-05-09,DKI3,47.0,68.0,50.0,16.0,27.0,16.0,68.0,PM25,SEDANG,ispu_2023.csv,,
2023-05-10,DKI3,73.0,103.0,51.0,12.0,24.0,16.0,103.0,PM25,TIDAK SEHAT,ispu_2023.csv,,
2023-05-11,DKI3,65.0,94.0,51.0,9.0,16.0,15.0,94.0,PM25,SEDANG,ispu_2023.csv,,
2023-05-12,DKI3,35.0,51.0,52.0,2.0,16.0,10.0,52.0,SO2,SEDANG,ispu_2023.csv,,
2023-05-13,DKI3,54.0,78.0,51.0,8.0,19.0,17.0,78.0,PM25,SEDANG,ispu_2023.csv,,
2023-05-14,DKI3,,57.0,50.0,6.0,22.0,13.0,57.0,PM25,SEDANG,ispu_2023.csv,,
2023-05-15,DKI3,54.0,74.0,50.0,9.0,25.0,12.0,74.0,PM25,SEDANG,ispu_2023.csv,,
2023-05-16,DKI3,64.0,80.0,51.0,6.0,31.0,11.0,80.0,PM25,SEDANG,ispu_2023.csv,,
2023-05-17,DKI3,58.0,83.0,51.0,7.0,28.0,14.0,83.0,PM25,SEDANG,ispu_2023.csv,,
2023-05-18,DKI3,62.0,85.0,51.0,6.0,26.0,11.0,85.0,PM25,SEDANG,ispu_2023.csv,,
2023-05-19,DKI3,77.0,107.0,51.0,6.0,22.0,16.0,107.0,PM25,TIDAK SEHAT,ispu_2023.csv,,
2023-05-20,DKI3,74.0,95.0,53.0,7.0,25.0,15.0,95.0,PM25,SEDANG,ispu_2023.csv,,
2023-05-21,DKI3,67.0,90.0,51.0,11.0,24.0,12.0,90.0,PM25,SEDANG,ispu_2023.csv,,
2023-05-22,DKI3,58.0,76.0,49.0,16.0,24.0,12.0,76.0,PM25,SEDANG,ispu_2023.csv,,
2023-05-23,DKI3,67.0,91.0,51.0,16.0,27.0,13.0,91.0,PM25,SEDANG,ispu_2023.csv,,
2023-05-24,DKI3,86.0,114.0,52.0,18.0,22.0,23.0,114.0,PM25,TIDAK SEHAT,ispu_2023.csv,,
2023-05-25,DKI3,75.0,103.0,52.0,10.0,25.0,16.0,103.0,PM25,TIDAK SEHAT,ispu_2023.csv,,
2023-05-26,DKI3,69.0,88.0,51.0,7.0,32.0,13.0,88.0,PM25,SEDANG,ispu_2023.csv,,
2023-05-27,DKI3,75.0,101.0,51.0,8.0,27.0,13.0,101.0,PM25,TIDAK SEHAT,ispu_2023.csv,,
2023-05-28,DKI3,79.0,100.0,51.0,6.0,25.0,16.0,100.0,PM25,SEDANG,ispu_2023.csv,,
2023-05-29,DKI3,78.0,38.0,51.0,11.0,20.0,19.0,78.0,PM10,SEDANG,ispu_2023.csv,,
2023-05-30,DKI3,84.0,39.0,50.0,3.0,23.0,18.0,84.0,PM10,SEDANG,ispu_2023.csv,,
2023-05-31,DKI3,66.0,37.0,26.0,31.0,23.0,21.0,66.0,PM10,SEDANG,ispu_2023.csv,,
2023-06-01,DKI3,59.0,74.0,51.0,7.0,30.0,12.0,74.0,PM25,SEDANG,ispu_2023.csv,,
2023-06-02,DKI3,74.0,99.0,51.0,8.0,24.0,14.0,99.0,PM25,SEDANG,ispu_2023.csv,,
2023-06-03,DKI3,75.0,101.0,51.0,4.0,29.0,13.0,101.0,PM25,TIDAK SEHAT,ispu_2023.csv,,
2023-06-04,DKI3,64.0,80.0,50.0,3.0,26.0,10.0,80.0,PM25,SEDANG,ispu_2023.csv,,
2023-06-05,DKI3,58.0,72.0,51.0,4.0,26.0,13.0,72.0,PM25,SEDANG,ispu_2023.csv,,
2023-06-06,DKI3,57.0,65.0,50.0,4.0,23.0,11.0,65.0,PM25,SEDANG,ispu_2023.csv,,
2023-06-07,DKI3,52.0,64.0,50.0,6.0,21.0,14.0,64.0,PM25,SEDANG,ispu_2023.csv,,
2023-06-08,DKI3,62.0,77.0,51.0,4.0,22.0,14.0,77.0,PM25,SEDANG,ispu_2023.csv,,
2023-06-09,DKI3,65.0,84.0,51.0,4.0,21.0,21.0,84.0,PM25,SEDANG,ispu_2023.csv,,
2023-06-10,DKI3,57.0,72.0,50.0,3.0,23.0,10.0,72.0,PM25,SEDANG,ispu_2023.csv,,
2023-06-11,DKI3,73.0,97.0,51.0,5.0,28.0,15.0,97.0,PM25,SEDANG,ispu_2023.csv,,
2023-06-12,DKI3,62.0,,51.0,5.0,24.0,12.0,62.0,PM10,SEDANG,ispu_2023.csv,,
2023-06-13,DKI3,64.0,82.0,52.0,7.0,23.0,14.0,82.0,PM25,SEDANG,ispu_2023.csv,,
2023-06-14,DKI3,68.0,86.0,52.0,7.0,25.0,12.0,86.0,PM25,SEDANG,ispu_2023.csv,,
2023-06-15,DKI3,61.0,78.0,52.0,10.0,20.0,18.0,78.0,PM25,SEDANG,ispu_2023.csv,,
2023-06-16,DKI3,70.0,87.0,52.0,6.0,16.0,15.0,87.0,PM25,SEDANG,ispu_2023.csv,,
2023-06-17,DKI3,55.0,69.0,52.0,6.0,15.0,16.0,69.0,PM25,SEDANG,ispu_2023.csv,,
2023-06-18,DKI3,71.0,97.0,53.0,16.0,20.0,20.0,97.0,PM25,SEDANG,ispu_2023.csv,,
2023-06-19,DKI3,52.0,62.0,52.0,8.0,20.0,10.0,62.0,PM25,SEDANG,ispu_2023.csv,,
2023-06-20,DKI3,53.0,62.0,53.0,18.0,16.0,23.0,62.0,PM25,SEDANG,ispu_2023.csv,,
2023-06-21,DKI3,63.0,83.0,52.0,11.0,25.0,11.0,83.0,PM25,SEDANG,ispu_2023.csv,,
2023-06-22,DKI3,75.0,99.0,53.0,16.0,22.0,14.0,99.0,PM25,SEDANG,ispu_2023.csv,,
2023-06-23,DKI3,59.0,76.0,53.0,10.0,24.0,11.0,76.0,PM25,SEDANG,ispu_2023.csv,,
2023-06-24,DKI3,62.0,74.0,54.0,11.0,25.0,15.0,74.0,PM25,SEDANG,ispu_2023.csv,,
2023-06-25,DKI3,65.0,80.0,53.0,12.0,29.0,14.0,80.0,PM25,SEDANG,ispu_2023.csv,,
2023-06-26,DKI3,55.0,64.0,53.0,15.0,25.0,13.0,64.0,PM25,SEDANG,ispu_2023.csv,,
2023-06-27,DKI3,58.0,71.0,53.0,11.0,26.0,11.0,71.0,PM25,SEDANG,ispu_2023.csv,,
2023-06-28,DKI3,44.0,57.0,53.0,10.0,24.0,13.0,57.0,PM25,SEDANG,ispu_2023.csv,,
2023-06-29,DKI3,37.0,37.0,52.0,7.0,22.0,8.0,52.0,SO2,SEDANG,ispu_2023.csv,,
2023-06-30,DKI3,41.0,36.0,52.0,6.0,29.0,7.0,52.0,SO2,SEDANG,ispu_2023.csv,,
2023-07-01,DKI3,61.0,79.0,53.0,9.0,21.0,13.0,79.0,PM25,SEDANG,ispu_2023.csv,,
2023-07-02,DKI3,62.0,79.0,52.0,10.0,24.0,11.0,79.0,PM25,SEDANG,ispu_2023.csv,,
2023-07-03,DKI3,57.0,75.0,53.0,8.0,29.0,12.0,75.0,PM25,SEDANG,ispu_2023.csv,,
2023-07-04,DKI3,62.0,73.0,52.0,9.0,25.0,13.0,73.0,PM25,SEDANG,ispu_2023.csv,,
2023-07-05,DKI3,,,,,,,0.0,,TIDAK ADA DATA,ispu_2023.csv,,
2023-07-06,DKI3,76.0,107.0,52.0,12.0,28.0,16.0,107.0,PM25,TIDAK SEHAT,ispu_2023.csv,,
2023-07-07,DKI3,78.0,97.0,53.0,6.0,21.0,13.0,97.0,PM25,SEDANG,ispu_2023.csv,,
2023-07-08,DKI3,59.0,66.0,52.0,10.0,19.0,17.0,66.0,PM25,SEDANG,ispu_2023.csv,,
2023-07-09,DKI3,47.0,57.0,52.0,9.0,15.0,13.0,57.0,PM25,SEDANG,ispu_2023.csv,,
2023-07-10,DKI3,54.0,67.0,53.0,5.0,20.0,10.0,67.0,PM25,SEDANG,ispu_2023.csv,,
2023-07-11,DKI3,65.0,81.0,54.0,10.0,22.0,16.0,81.0,PM25,SEDANG,ispu_2023.csv,,
2023-07-12,DKI3,67.0,88.0,53.0,9.0,27.0,14.0,88.0,PM25,SEDANG,ispu_2023.csv,,
2023-07-13,DKI3,65.0,79.0,52.0,5.0,37.0,10.0,79.0,PM25,SEDANG,ispu_2023.csv,,
2023-07-14,DKI3,65.0,78.0,53.0,7.0,30.0,11.0,78.0,PM25,SEDANG,ispu_2023.csv,,
2023-07-15,DKI3,54.0,63.0,53.0,6.0,25.0,9.0,63.0,PM25,SEDANG,ispu_2023.csv,,
2023-07-16,DKI3,56.0,65.0,53.0,6.0,22.0,9.0,65.0,PM25,SEDANG,ispu_2023.csv,,
2023-07-17,DKI3,53.0,68.0,53.0,6.0,30.0,9.0,68.0,PM25,SEDANG,ispu_2023.csv,,
2023-07-18,DKI3,70.0,85.0,54.0,7.0,26.0,12.0,85.0,PM25,SEDANG,ispu_2023.csv,,
2023-07-19,DKI3,64.0,77.0,53.0,6.0,26.0,10.0,77.0,PM25,SEDANG,ispu_2023.csv,,
2023-07-20,DKI3,59.0,70.0,52.0,7.0,31.0,9.0,70.0,PM25,SEDANG,ispu_2023.csv,,
2023-07-21,DKI3,72.0,91.0,54.0,10.0,32.0,16.0,91.0,PM25,SEDANG,ispu_2023.csv,,
2023-07-22,DKI3,86.0,108.0,54.0,10.0,36.0,13.0,108.0,PM25,TIDAK SEHAT,ispu_2023.csv,,
2023-07-23,DKI3,72.0,85.0,53.0,8.0,24.0,15.0,85.0,PM25,SEDANG,ispu_2023.csv,,
2023-07-24,DKI3,72.0,84.0,53.0,7.0,27.0,10.0,84.0,PM25,SEDANG,ispu_2023.csv,,
2023-07-25,DKI3,76.0,96.0,54.0,5.0,23.0,15.0,96.0,PM25,SEDANG,ispu_2023.csv,,
2023-07-26,DKI3,75.0,83.0,53.0,7.0,25.0,13.0,83.0,PM25,SEDANG,ispu_2023.csv,,
2023-07-27,DKI3,84.0,100.0,53.0,7.0,28.0,21.0,100.0,PM25,SEDANG,ispu_2023.csv,,
2023-07-28,DKI3,82.0,95.0,53.0,6.0,31.0,18.0,95.0,PM25,SEDANG,ispu_2023.csv,,
2023-07-29,DKI3,65.0,42.0,53.0,7.0,27.0,13.0,65.0,PM10,SEDANG,ispu_2023.csv,,
2023-07-30,DKI3,71.0,42.0,53.0,8.0,28.0,12.0,71.0,PM10,SEDANG,ispu_2023.csv,,
2023-07-31,DKI3,63.0,39.0,18.0,16.0,27.0,24.0,63.0,PM10,SEDANG,ispu_2023.csv,,
2023-08-01,DKI3,64.0,73.0,55.0,10.0,21.0,14.0,73.0,PM25,SEDANG,ispu_2023.csv,,
2023-08-02,DKI3,64.0,75.0,54.0,9.0,22.0,12.0,75.0,PM25,SEDANG,ispu_2023.csv,,
2023-08-03,DKI3,70.0,82.0,53.0,7.0,22.0,12.0,82.0,PM25,SEDANG,ispu_2023.csv,,
2023-08-04,DKI3,70.0,83.0,53.0,8.0,21.0,11.0,83.0,PM25,SEDANG,ispu_2023.csv,,
2023-08-05,DKI3,66.0,77.0,53.0,6.0,26.0,10.0,77.0,PM25,SEDANG,ispu_2023.csv,,
2023-08-06,DKI3,69.0,78.0,53.0,5.0,24.0,10.0,78.0,PM25,SEDANG,ispu_2023.csv,,
2023-08-07,DKI3,88.0,113.0,53.0,6.0,30.0,16.0,113.0,PM25,TIDAK SEHAT,ispu_2023.csv,,
2023-08-08,DKI3,76.0,89.0,53.0,6.0,24.0,14.0,89.0,PM25,SEDANG,ispu_2023.csv,,
2023-08-09,DKI3,64.0,72.0,53.0,8.0,27.0,9.0,72.0,PM25,SEDANG,ispu_2023.csv,,
2023-08-10,DKI3,66.0,76.0,53.0,8.0,31.0,9.0,76.0,PM25,SEDANG,ispu_2023.csv,,
2023-08-11,DKI3,74.0,89.0,53.0,9.0,29.0,14.0,89.0,PM25,SEDANG,ispu_2023.csv,,
2023-08-12,DKI3,77.0,96.0,53.0,8.0,27.0,14.0,96.0,PM25,SEDANG,ispu_2023.csv,,
2023-08-13,DKI3,69.0,84.0,53.0,8.0,25.0,11.0,84.0,PM25,SEDANG,ispu_2023.csv,,
2023-08-14,DKI3,60.0,74.0,53.0,8.0,28.0,8.0,74.0,PM25,SEDANG,ispu_2023.csv,,
2023-08-15,DKI3,75.0,90.0,54.0,9.0,27.0,16.0,90.0,PM25,SEDANG,ispu_2023.csv,,
2023-08-16,DKI3,69.0,82.0,54.0,9.0,31.0,11.0,82.0,PM25,SEDANG,ispu_2023.csv,,
2023-08-17,DKI3,66.0,76.0,54.0,7.0,23.0,13.0,76.0,PM25,SEDANG,ispu_2023.csv,,
2023-08-18,DKI3,54.0,59.0,53.0,7.0,22.0,6.0,59.0,PM25,SEDANG,ispu_2023.csv,,
2023-08-19,DKI3,64.0,77.0,53.0,7.0,28.0,13.0,77.0,PM25,SEDANG,ispu_2023.csv,,
2023-08-20,DKI3,68.0,82.0,53.0,6.0,26.0,9.0,82.0,PM25,SEDANG,ispu_2023.csv,,
2023-08-21,DKI3,65.0,78.0,53.0,6.0,24.0,10.0,78.0,PM25,SEDANG,ispu_2023.csv,,
2023-08-22,DKI3,70.0,87.0,53.0,6.0,24.0,13.0,87.0,PM25,SEDANG,ispu_2023.csv,,
2023-08-23,DKI3,65.0,78.0,53.0,7.0,28.0,8.0,78.0,PM25,SEDANG,ispu_2023.csv,,
2023-08-24,DKI3,71.0,88.0,54.0,7.0,29.0,12.0,88.0,PM25,SEDANG,ispu_2023.csv,,
2023-08-25,DKI3,64.0,85.0,54.0,6.0,33.0,9.0,85.0,PM25,SEDANG,ispu_2023.csv,,
2023-08-26,DKI3,65.0,87.0,53.0,6.0,30.0,9.0,87.0,PM25,SEDANG,ispu_2023.csv,,
2023-08-27,DKI3,65.0,89.0,53.0,7.0,30.0,10.0,89.0,PM25,SEDANG,ispu_2023.csv,,
2023-08-28,DKI3,,75.0,53.0,8.0,33.0,8.0,75.0,PM25,SEDANG,ispu_2023.csv,,
2023-08-29,DKI3,64.0,45.0,54.0,9.0,22.0,13.0,64.0,PM10,SEDANG,ispu_2023.csv,,
2023-08-30,DKI3,69.0,44.0,54.0,11.0,24.0,11.0,69.0,PM10,SEDANG,ispu_2023.csv,,
2023-08-31,DKI3,68.0,44.0,22.0,27.0,30.0,32.0,68.0,PM10,SEDANG,ispu_2023.csv,,
2023-09-01,DKI3,66.0,88.0,54.0,8.0,44.0,12.0,88.0,PM25,SEDANG,ispu_2023.csv,,
2023-09-02,DKI3,72.0,91.0,54.0,8.0,31.0,22.0,91.0,PM25,SEDANG,ispu_2023.csv,,
2023-09-03,DKI3,59.0,80.0,54.0,8.0,38.0,8.0,80.0,PM25,SEDANG,ispu_2023.csv,,
2023-09-04,DKI3,54.0,69.0,54.0,9.0,36.0,6.0,69.0,PM25,SEDANG,ispu_2023.csv,,
2023-09-05,DKI3,60.0,82.0,54.0,10.0,33.0,9.0,82.0,PM25,SEDANG,ispu_2023.csv,,
2023-09-06,DKI3,60.0,81.0,55.0,10.0,33.0,9.0,81.0,PM25,SEDANG,ispu_2023.csv,,
2023-09-07,DKI3,71.0,93.0,55.0,10.0,35.0,15.0,93.0,PM25,SEDANG,ispu_2023.csv,,
2023-09-08,DKI3,67.0,87.0,55.0,9.0,32.0,12.0,87.0,PM25,SEDANG,ispu_2023.csv,,
2023-09-09,DKI3,61.0,78.0,54.0,6.0,28.0,8.0,78.0,PM25,SEDANG,ispu_2023.csv,,
2023-09-10,DKI3,57.0,68.0,54.0,7.0,28.0,6.0,68.0,PM25,SEDANG,ispu_2023.csv,,
2023-09-11,DKI3,59.0,72.0,54.0,6.0,30.0,5.0,72.0,PM25,SEDANG,ispu_2023.csv,,
2023-09-12,DKI3,57.0,70.0,54.0,7.0,21.0,5.0,70.0,PM25,SEDANG,ispu_2023.csv,,
2023-09-13,DKI3,56.0,83.0,54.0,5.0,26.0,6.0,83.0,PM25,SEDANG,ispu_2023.csv,,
2023-09-14,DKI3,54.0,68.0,54.0,7.0,29.0,7.0,68.0,PM25,SEDANG,ispu_2023.csv,,
2023-09-15,DKI3,58.0,77.0,54.0,8.0,28.0,7.0,77.0,PM25,SEDANG,ispu_2023.csv,,
2023-09-16,DKI3,61.0,86.0,54.0,9.0,31.0,9.0,86.0,PM25,SEDANG,ispu_2023.csv,,
2023-09-17,DKI3,61.0,74.0,54.0,8.0,28.0,10.0,74.0,PM25,SEDANG,ispu_2023.csv,,
2023-09-18,DKI3,54.0,72.0,54.0,8.0,25.0,13.0,72.0,PM25,SEDANG,ispu_2023.csv,,
2023-09-19,DKI3,59.0,81.0,54.0,9.0,32.0,13.0,81.0,PM25,SEDANG,ispu_2023.csv,,
2023-09-20,DKI3,62.0,80.0,53.0,9.0,29.0,15.0,80.0,PM25,SEDANG,ispu_2023.csv,,
2023-09-21,DKI3,59.0,72.0,53.0,9.0,31.0,11.0,72.0,PM25,SEDANG,ispu_2023.csv,,
2023-09-22,DKI3,57.0,70.0,54.0,8.0,22.0,11.0,70.0,PM25,SEDANG,ispu_2023.csv,,
2023-09-23,DKI3,52.0,70.0,54.0,9.0,34.0,10.0,70.0,PM25,SEDANG,ispu_2023.csv,,
2023-09-24,DKI3,54.0,65.0,54.0,9.0,33.0,7.0,65.0,PM25,SEDANG,ispu_2023.csv,,
2023-09-25,DKI3,55.0,72.0,54.0,9.0,35.0,6.0,72.0,PM25,SEDANG,ispu_2023.csv,,
2023-09-26,DKI3,53.0,66.0,55.0,9.0,30.0,9.0,66.0,PM25,SEDANG,ispu_2023.csv,,
2023-09-27,DKI3,59.0,74.0,55.0,10.0,30.0,10.0,74.0,PM25,SEDANG,ispu_2023.csv,,
2023-09-28,DKI3,56.0,73.0,54.0,9.0,28.0,8.0,73.0,PM25,SEDANG,ispu_2023.csv,,
2023-09-29,DKI3,62.0,47.0,56.0,9.0,24.0,9.0,62.0,PM10,SEDANG,ispu_2023.csv,,
2023-09-30,DKI3,,,,,,,0.0,,TIDAK ADA DATA,ispu_2023.csv,,
2023-10-01,DKI3,70.0,91.0,54.0,7.0,36.0,5.0,91.0,PM25,SEDANG,ispu_2023.csv,,
2023-10-02,DKI3,66.0,84.0,55.0,7.0,32.0,5.0,84.0,PM25,SEDANG,ispu_2023.csv,,
2023-10-03,DKI3,56.0,68.0,54.0,8.0,32.0,4.0,68.0,PM25,SEDANG,ispu_2023.csv,,
2023-10-04,DKI3,60.0,74.0,55.0,6.0,32.0,5.0,74.0,PM25,SEDANG,ispu_2023.csv,,
2023-10-05,DKI3,64.0,79.0,55.0,5.0,26.0,4.0,79.0,PM25,SEDANG,ispu_2023.csv,,
2023-10-06,DKI3,59.0,80.0,54.0,5.0,28.0,4.0,80.0,PM25,SEDANG,ispu_2023.csv,,
2023-10-07,DKI3,66.0,88.0,54.0,4.0,28.0,3.0,88.0,PM25,SEDANG,ispu_2023.csv,,
2023-10-08,DKI3,,81.0,55.0,5.0,26.0,3.0,81.0,PM25,SEDANG,ispu_2023.csv,,
2023-10-09,DKI3,56.0,71.0,54.0,6.0,25.0,2.0,71.0,PM25,SEDANG,ispu_2023.csv,,
2023-10-10,DKI3,55.0,66.0,55.0,5.0,27.0,1.0,66.0,PM25,SEDANG,ispu_2023.csv,,
2023-10-11,DKI3,63.0,76.0,54.0,4.0,25.0,3.0,76.0,PM25,SEDANG,ispu_2023.csv,,
2023-10-12,DKI3,,80.0,54.0,4.0,25.0,5.0,80.0,PM25,SEDANG,ispu_2023.csv,,
2023-10-13,DKI3,67.0,93.0,54.0,5.0,32.0,2.0,93.0,PM25,SEDANG,ispu_2023.csv,,
2023-10-14,DKI3,59.0,78.0,54.0,5.0,34.0,3.0,78.0,PM25,SEDANG,ispu_2023.csv,,
2023-10-15,DKI3,57.0,72.0,54.0,6.0,28.0,2.0,72.0,PM25,SEDANG,ispu_2023.csv,,
2023-10-16,DKI3,59.0,78.0,55.0,7.0,27.0,3.0,78.0,PM25,SEDANG,ispu_2023.csv,,
2023-10-17,DKI3,72.0,91.0,55.0,5.0,30.0,2.0,91.0,PM25,SEDANG,ispu_2023.csv,,
2023-10-18,DKI3,70.0,94.0,55.0,8.0,31.0,4.0,94.0,PM25,SEDANG,ispu_2023.csv,,
2023-10-19,DKI3,63.0,77.0,55.0,7.0,32.0,3.0,77.0,PM25,SEDANG,ispu_2023.csv,,
2023-10-20,DKI3,56.0,73.0,55.0,6.0,31.0,2.0,73.0,PM25,SEDANG,ispu_2023.csv,,
2023-10-21,DKI3,64.0,80.0,55.0,5.0,28.0,4.0,80.0,PM25,SEDANG,ispu_2023.csv,,
2023-10-22,DKI3,62.0,84.0,55.0,5.0,37.0,3.0,84.0,PM25,SEDANG,ispu_2023.csv,,
2023-10-23,DKI3,70.0,86.0,55.0,7.0,33.0,3.0,86.0,PM25,SEDANG,ispu_2023.csv,,
2023-10-24,DKI3,65.0,89.0,55.0,8.0,34.0,4.0,89.0,PM25,SEDANG,ispu_2023.csv,,
2023-10-25,DKI3,59.0,69.0,56.0,4.0,36.0,3.0,69.0,PM25,SEDANG,ispu_2023.csv,,
2023-10-26,DKI3,63.0,78.0,55.0,4.0,32.0,3.0,78.0,PM25,SEDANG,ispu_2023.csv,,
2023-10-27,DKI3,63.0,79.0,55.0,5.0,36.0,2.0,79.0,PM25,SEDANG,ispu_2023.csv,,
2023-10-28,DKI3,67.0,81.0,54.0,5.0,31.0,2.0,81.0,PM25,SEDANG,ispu_2023.csv,,
2023-10-29,DKI3,63.0,47.0,55.0,8.0,28.0,48.0,63.0,PM10,SEDANG,ispu_2023.csv,,
2023-10-30,DKI3,60.0,45.0,55.0,6.0,36.0,38.0,60.0,PM10,SEDANG,ispu_2023.csv,,
2023-10-31,DKI3,66.0,45.0,22.0,25.0,40.0,33.0,66.0,PM10,SEDANG,ispu_2023.csv,,
2023-11-01,DKI3,59.0,70.0,55.0,2.0,33.0,3.0,70.0,PM25,SEDANG,ispu_2023.csv,,
2023-11-02,DKI3,55.0,68.0,55.0,1.0,33.0,4.0,68.0,PM25,SEDANG,ispu_2023.csv,,
2023-11-03,DKI3,63.0,72.0,55.0,1.0,35.0,4.0,72.0,PM25,SEDANG,ispu_2023.csv,,
2023-11-04,DKI3,63.0,75.0,55.0,2.0,31.0,6.0,75.0,PM25,SEDANG,ispu_2023.csv,,
2023-11-05,DKI3,45.0,51.0,54.0,2.0,22.0,2.0,54.0,SO2,SEDANG,ispu_2023.csv,,
2023-11-06,DKI3,44.0,60.0,54.0,,17.0,5.0,60.0,PM25,SEDANG,ispu_2023.csv,,
2023-11-07,DKI3,68.0,84.0,54.0,,28.0,4.0,84.0,PM25,SEDANG,ispu_2023.csv,,
2023-11-08,DKI3,64.0,75.0,55.0,11.0,26.0,5.0,75.0,PM25,SEDANG,ispu_2023.csv,,
2023-11-09,DKI3,62.0,72.0,56.0,12.0,35.0,3.0,72.0,PM25,SEDANG,ispu_2023.csv,,
2023-11-10,DKI3,63.0,70.0,55.0,12.0,35.0,5.0,70.0,PM25,SEDANG,ispu_2023.csv,,
2023-11-11,DKI3,63.0,64.0,54.0,10.0,26.0,8.0,64.0,PM25,SEDANG,ispu_2023.csv,,
2023-11-12,DKI3,53.0,56.0,53.0,12.0,30.0,6.0,56.0,PM25,SEDANG,ispu_2023.csv,,
2023-11-13,DKI3,52.0,59.0,54.0,13.0,27.0,10.0,59.0,PM25,SEDANG,ispu_2023.csv,,
2023-11-14,DKI3,52.0,64.0,55.0,12.0,27.0,9.0,64.0,PM25,SEDANG,ispu_2023.csv,,
2023-11-15,DKI3,41.0,62.0,55.0,12.0,25.0,7.0,62.0,PM25,SEDANG,ispu_2023.csv,,
2023-11-16,DKI3,52.0,78.0,56.0,13.0,31.0,12.0,78.0,PM25,SEDANG,ispu_2023.csv,,
2023-11-17,DKI3,51.0,72.0,55.0,14.0,32.0,12.0,72.0,PM25,SEDANG,ispu_2023.csv,,
2023-11-18,DKI3,51.0,76.0,55.0,12.0,23.0,10.0,76.0,PM25,SEDANG,ispu_2023.csv,,
2023-11-19,DKI3,45.0,68.0,55.0,13.0,27.0,10.0,68.0,PM25,SEDANG,ispu_2023.csv,,
2023-11-20,DKI3,48.0,66.0,55.0,11.0,29.0,8.0,66.0,PM25,SEDANG,ispu_2023.csv,,
2023-11-21,DKI3,50.0,73.0,55.0,12.0,25.0,13.0,73.0,PM25,SEDANG,ispu_2023.csv,,
2023-11-22,DKI3,44.0,63.0,55.0,13.0,32.0,10.0,63.0,PM25,SEDANG,ispu_2023.csv,,
2023-11-23,DKI3,51.0,82.0,56.0,14.0,31.0,16.0,82.0,PM25,SEDANG,ispu_2023.csv,,
2023-11-24,DKI3,66.0,101.0,55.0,12.0,22.0,21.0,101.0,PM25,TIDAK SEHAT,ispu_2023.csv,,
2023-11-25,DKI3,56.0,75.0,56.0,12.0,16.0,15.0,75.0,PM25,SEDANG,ispu_2023.csv,,
2023-11-26,DKI3,46.0,62.0,56.0,13.0,19.0,16.0,62.0,PM25,SEDANG,ispu_2023.csv,,
2023-11-27,DKI3,54.0,77.0,56.0,13.0,27.0,16.0,77.0,PM25,SEDANG,ispu_2023.csv,,
2023-11-28,DKI3,55.0,80.0,57.0,13.0,24.0,14.0,80.0,PM25,SEDANG,ispu_2023.csv,,
2023-11-29,DKI3,56.0,44.0,56.0,13.0,18.0,12.0,56.0,PM10,SEDANG,ispu_2023.csv,,
2023-11-30,DKI3,37.0,43.0,55.0,13.0,21.0,8.0,55.0,SO2,SEDANG,ispu_2023.csv,,
2024-01-01,DKI3,65.0,89.0,14.0,54.0,13.0,,89.0,PM25,SEDANG,ispu_2024-2025.xls,,
2024-01-02,DKI3,52.0,73.0,14.0,38.0,17.0,,73.0,PM25,SEDANG,ispu_2024-2025.xls,,
2024-01-03,DKI3,47.0,57.0,14.0,31.0,9.0,,57.0,PM25,SEDANG,ispu_2024-2025.xls,,
2024-01-04,DKI3,54.0,73.0,14.0,34.0,13.0,,73.0,PM25,SEDANG,ispu_2024-2025.xls,,
2024-01-05,DKI3,39.0,58.0,15.0,46.0,14.0,,58.0,PM25,SEDANG,ispu_2024-2025.xls,,
2024-01-06,DKI3,45.0,67.0,15.0,34.0,22.0,3.0,67.0,PM25,SEDANG,ispu_2024-2025.xls,,
2024-01-07,DKI3,54.0,70.0,15.0,70.0,14.0,24.0,70.0,PM25,SEDANG,ispu_2024-2025.xls,,
2024-01-08,DKI3,51.0,72.0,15.0,68.0,20.0,15.0,72.0,PM25,SEDANG,ispu_2024-2025.xls,,
2024-01-09,DKI3,55.0,67.0,15.0,46.0,13.0,22.0,67.0,PM25,SEDANG,ispu_2024-2025.xls,,
2024-01-10,DKI3,47.0,67.0,34.0,11.0,20.0,42.0,67.0,PM25,SEDANG,ispu_2024-2025.xls,,
2024-01-11,DKI3,58.0,80.0,35.0,15.0,17.0,43.0,80.0,PM25,SEDANG,ispu_2024-2025.xls,,
2024-01-12,DKI3,37.0,48.0,43.0,8.0,3.0,56.0,56.0,,SEDANG,ispu_2024-2025.xls,,
2024-01-13,DKI3,50.0,66.0,44.0,7.0,11.0,55.0,66.0,PM25,SEDANG,ispu_2024-2025.xls,,
2024-01-14,DKI3,42.0,52.0,43.0,10.0,10.0,57.0,57.0,,SEDANG,ispu_2024-2025.xls,,
2024-01-15,DKI3,57.0,78.0,43.0,17.0,5.0,54.0,78.0,PM25,SEDANG,ispu_2024-2025.xls,,
2024-01-16,DKI3,47.0,60.0,44.0,7.0,6.0,57.0,60.0,PM25,SEDANG,ispu_2024-2025.xls,,
2024-01-17,DKI3,50.0,65.0,46.0,8.0,5.0,,65.0,PM25,SEDANG,ispu_2024-2025.xls,,
2024-01-18,DKI3,56.0,76.0,49.0,13.0,6.0,23.0,76.0,PM25,SEDANG,ispu_2024-2025.xls,,
2024-01-19,DKI3,32.0,34.0,45.0,6.0,9.0,76.0,76.0,,SEDANG,ispu_2024-2025.xls,,
2024-01-20,DKI3,32.0,45.0,44.0,7.0,8.0,66.0,66.0,,SEDANG,ispu_2024-2025.xls,,
2024-01-21,DKI3,51.0,65.0,45.0,9.0,8.0,79.0,79.0,,SEDANG,ispu_2024-2025.xls,,
2024-01-22,DKI3,27.0,34.0,45.0,5.0,8.0,56.0,56.0,,SEDANG,ispu_2024-2025.xls,,
2024-01-23,DKI3,,52.0,46.0,6.0,9.0,51.0,52.0,PM25,SEDANG,ispu_2024-2025.xls,,
2024-01-24,DKI3,46.0,65.0,46.0,8.0,9.0,38.0,65.0,PM25,SEDANG,ispu_2024-2025.xls,,
2024-01-25,DKI3,37.0,55.0,47.0,7.0,11.0,28.0,55.0,PM25,SEDANG,ispu_2024-2025.xls,,
2024-01-26,DKI3,43.0,62.0,50.0,7.0,15.0,14.0,62.0,PM25,SEDANG,ispu_2024-2025.xls,,
2024-01-27,DKI3,40.0,52.0,48.0,8.0,12.0,10.0,52.0,PM25,SEDANG,ispu_2024-2025.xls,,
2024-01-28,DKI3,40.0,62.0,48.0,12.0,12.0,18.0,62.0,PM25,SEDANG,ispu_2024-2025.xls,,
2024-01-29,DKI3,33.0,44.0,47.0,14.0,12.0,24.0,47.0,SO2,BAIK,ispu_2024-2025.xls,,
2024-01-30,DKI3,58.0,46.0,48.0,22.0,12.0,33.0,58.0,PM10,SEDANG,ispu_2024-2025.xls,,
2024-01-31,DKI3,37.0,47.0,7.0,26.0,17.0,17.0,47.0,PM25,BAIK,ispu_2024-2025.xls,,
2024-02-01,DKI3,52.0,71.0,48.0,16.0,16.0,21.0,71.0,PM25,SEDANG,ispu_2024-2025.xls,,
2024-02-02,DKI3,39.0,53.0,47.0,12.0,10.0,33.0,53.0,PM25,SEDANG,ispu_2024-2025.xls,,
2024-02-03,DKI3,33.0,45.0,48.0,9.0,9.0,33.0,48.0,SO2,BAIK,ispu_2024-2025.xls,,
2024-02-04,DKI3,31.0,49.0,48.0,5.0,7.0,17.0,49.0,PM25,BAIK,ispu_2024-2025.xls,,
2024-02-05,DKI3,52.0,74.0,49.0,14.0,12.0,40.0,74.0,PM25,SEDANG,ispu_2024-2025.xls,,
2024-02-06,DKI3,61.0,74.0,50.0,16.0,9.0,37.0,74.0,PM25,SEDANG,ispu_2024-2025.xls,,
2024-02-07,DKI3,35.0,52.0,48.0,9.0,9.0,28.0,52.0,PM25,SEDANG,ispu_2024-2025.xls,,
2024-02-08,DKI3,56.0,75.0,50.0,22.0,8.0,80.0,80.0,,SEDANG,ispu_2024-2025.xls,,
2024-02-09,DKI3,49.0,67.0,54.0,9.0,16.0,17.0,67.0,PM25,SEDANG,ispu_2024-2025.xls,,
2024-02-10,DKI3,52.0,63.0,51.0,7.0,21.0,8.0,63.0,PM25,SEDANG,ispu_2024-2025.xls,,
2024-02-11,DKI3,50.0,68.0,50.0,19.0,14.0,52.0,68.0,PM25,SEDANG,ispu_2024-2025.xls,,
2024-02-12,DKI3,50.0,64.0,50.0,12.0,15.0,19.0,64.0,PM25,SEDANG,ispu_2024-2025.xls,,
2024-02-13,DKI3,57.0,72.0,52.0,14.0,18.0,187.0,187.0,,TIDAK SEHAT,ispu_2024-2025.xls,,
2024-02-14,DKI3,43.0,55.0,51.0,10.0,20.0,202.0,202.0,,SANGAT TIDAK SEHAT,ispu_2024-2025.xls,,
2024-02-15,DKI3,41.0,63.0,51.0,13.0,16.0,,63.0,PM25,SEDANG,ispu_2024-2025.xls,,
2024-02-16,DKI3,64.0,87.0,53.0,19.0,12.0,22.0,87.0,PM25,SEDANG,ispu_2024-2025.xls,,
2024-02-17,DKI3,53.0,70.0,52.0,16.0,10.0,12.0,70.0,PM25,SEDANG,ispu_2024-2025.xls,,
2024-02-18,DKI3,47.0,63.0,50.0,14.0,15.0,8.0,63.0,PM25,SEDANG,ispu_2024-2025.xls,,
2024-02-19,DKI3,50.0,67.0,49.0,17.0,19.0,12.0,67.0,PM25,SEDANG,ispu_2024-2025.xls,,
2024-02-20,DKI3,65.0,93.0,50.0,15.0,21.0,13.0,93.0,PM25,SEDANG,ispu_2024-2025.xls,,
2024-02-21,DKI3,58.0,79.0,49.0,14.0,20.0,17.0,79.0,PM25,SEDANG,ispu_2024-2025.xls,,
2024-02-22,DKI3,59.0,71.0,48.0,12.0,8.0,17.0,71.0,PM25,SEDANG,ispu_2024-2025.xls,,
2024-02-23,DKI3,44.0,59.0,49.0,7.0,15.0,14.0,59.0,PM25,SEDANG,ispu_2024-2025.xls,,
2024-02-24,DKI3,44.0,62.0,49.0,6.0,13.0,29.0,62.0,PM25,SEDANG,ispu_2024-2025.xls,,
2024-02-25,DKI3,37.0,50.0,50.0,7.0,9.0,16.0,50.0,PM25,BAIK,ispu_2024-2025.xls,,
2024-02-26,DKI3,41.0,56.0,49.0,10.0,12.0,29.0,56.0,PM25,SEDANG,ispu_2024-2025.xls,,
2024-02-27,DKI3,64.0,88.0,50.0,20.0,14.0,19.0,88.0,PM25,SEDANG,ispu_2024-2025.xls,,
2024-02-28,DKI3,47.0,62.0,50.0,10.0,11.0,21.0,62.0,PM25,SEDANG,ispu_2024-2025.xls,,
2024-02-29,DKI3,54.0,13.0,50.0,12.0,12.0,41.0,54.0,PM10,SEDANG,ispu_2024-2025.xls,,
2024-03-01,DKI3,46.0,66.0,50.0,14.0,15.0,28.0,66.0,PM25,SEDANG,ispu_2024-2025.xls,,
2024-03-02,DKI3,48.0,64.0,50.0,11.0,9.0,20.0,64.0,PM25,SEDANG,ispu_2024-2025.xls,,
2024-03-03,DKI3,48.0,57.0,50.0,12.0,5.0,20.0,57.0,PM25,SEDANG,ispu_2024-2025.xls,,
2024-03-04,DKI3,43.0,56.0,50.0,14.0,13.0,61.0,61.0,,SEDANG,ispu_2024-2025.xls,,
2024-03-05,DKI3,44.0,56.0,50.0,9.0,13.0,62.0,62.0,,SEDANG,ispu_2024-2025.xls,,
2024-03-06,DKI3,48.0,61.0,50.0,8.0,9.0,58.0,61.0,PM25,SEDANG,ispu_2024-2025.xls,,
2024-03-07,DKI3,38.0,52.0,50.0,6.0,10.0,52.0,52.0,PM25,SEDANG,ispu_2024-2025.xls,,
2024-03-08,DKI3,23.0,28.0,49.0,3.0,13.0,34.0,49.0,SO2,BAIK,ispu_2024-2025.xls,,
2024-03-09,DKI3,29.0,25.0,50.0,4.0,12.0,40.0,50.0,SO2,BAIK,ispu_2024-2025.xls,,
2024-03-10,DKI3,54.0,73.0,51.0,21.0,11.0,91.0,91.0,,SEDANG,ispu_2024-2025.xls,,
2024-03-11,DKI3,51.0,63.0,51.0,20.0,,79.0,79.0,,SEDANG,ispu_2024-2025.xls,,
2024-03-12,DKI3,41.0,55.0,52.0,7.0,15.0,38.0,55.0,PM25,SEDANG,ispu_2024-2025.xls,,
2024-03-13,DKI3,54.0,68.0,51.0,9.0,16.0,44.0,68.0,PM25,SEDANG,ispu_2024-2025.xls,,
2024-03-14,DKI3,,65.0,51.0,11.0,12.0,43.0,65.0,PM25,SEDANG,ispu_2024-2025.xls,,
2024-03-15,DKI3,23.0,40.0,51.0,8.0,10.0,62.0,62.0,,SEDANG,ispu_2024-2025.xls,,
2024-03-16,DKI3,16.0,26.0,51.0,4.0,12.0,53.0,53.0,,SEDANG,ispu_2024-2025.xls,,
2024-03-17,DKI3,18.0,21.0,51.0,5.0,10.0,58.0,58.0,,SEDANG,ispu_2024-2025.xls,,
2024-03-18,DKI3,22.0,40.0,51.0,5.0,11.0,51.0,51.0,SO2,SEDANG,ispu_2024-2025.xls,,
2024-03-19,DKI3,43.0,63.0,51.0,9.0,10.0,75.0,75.0,,SEDANG,ispu_2024-2025.xls,,
2024-03-20,DKI3,41.0,62.0,51.0,7.0,10.0,49.0,62.0,PM25,SEDANG,ispu_2024-2025.xls,,
2024-03-21,DKI3,50.0,68.0,51.0,8.0,13.0,62.0,68.0,PM25,SEDANG,ispu_2024-2025.xls,,
2024-03-22,DKI3,38.0,53.0,51.0,9.0,14.0,40.0,53.0,PM25,SEDANG,ispu_2024-2025.xls,,
2024-03-23,DKI3,59.0,99.0,51.0,27.0,21.0,106.0,106.0,,TIDAK SEHAT,ispu_2024-2025.xls,,
2024-03-24,DKI3,54.0,73.0,51.0,10.0,25.0,31.0,73.0,PM25,SEDANG,ispu_2024-2025.xls,,
2024-03-25,DKI3,44.0,61.0,51.0,8.0,23.0,29.0,61.0,PM25,SEDANG,ispu_2024-2025.xls,,
2024-03-26,DKI3,44.0,68.0,51.0,13.0,19.0,54.0,68.0,PM25,SEDANG,ispu_2024-2025.xls,,
2024-03-27,DKI3,57.0,84.0,52.0,15.0,18.0,37.0,84.0,PM25,SEDANG,ispu_2024-2025.xls,,
2024-03-28,DKI3,63.0,90.0,51.0,23.0,18.0,72.0,90.0,PM25,SEDANG,ispu_2024-2025.xls,,
2024-03-29,DKI3,56.0,16.0,51.0,13.0,20.0,29.0,56.0,PM10,SEDANG,ispu_2024-2025.xls,,
2024-03-30,DKI3,45.0,16.0,51.0,14.0,15.0,48.0,51.0,SO2,SEDANG,ispu_2024-2025.xls,,
2024-03-31,DKI3,49.0,12.0,27.0,34.0,17.0,13.0,49.0,PM10,BAIK,ispu_2024-2025.xls,,
2024-04-01,DKI3,55.0,83.0,51.0,20.0,17.0,43.0,83.0,PM25,SEDANG,ispu_2024-2025.xls,,
2024-04-02,DKI3,56.0,81.0,51.0,16.0,25.0,31.0,81.0,PM25,SEDANG,ispu_2024-2025.xls,,
2024-04-03,DKI3,59.0,80.0,51.0,16.0,31.0,20.0,80.0,PM25,SEDANG,ispu_2024-2025.xls,,
2024-04-04,DKI3,35.0,56.0,51.0,17.0,16.0,52.0,56.0,PM25,SEDANG,ispu_2024-2025.xls,,
2024-04-05,DKI3,61.0,96.0,52.0,30.0,10.0,78.0,96.0,PM25,SEDANG,ispu_2024-2025.xls,,
2024-04-06,DKI3,62.0,92.0,52.0,19.0,16.0,65.0,92.0,PM25,SEDANG,ispu_2024-2025.xls,,
2024-04-07,DKI3,52.0,69.0,52.0,11.0,19.0,31.0,69.0,PM25,SEDANG,ispu_2024-2025.xls,,
2024-04-08,DKI3,47.0,69.0,52.0,12.0,25.0,32.0,69.0,PM25,SEDANG,ispu_2024-2025.xls,,
2024-04-09,DKI3,54.0,84.0,52.0,11.0,22.0,43.0,84.0,PM25,SEDANG,ispu_2024-2025.xls,,
2024-04-10,DKI3,56.0,82.0,51.0,24.0,17.0,38.0,82.0,PM25,SEDANG,ispu_2024-2025.xls,,
2024-04-11,DKI3,20.0,50.0,54.0,11.0,12.0,47.0,54.0,SO2,SEDANG,ispu_2024-2025.xls,,
2024-04-12,DKI3,34.0,55.0,54.0,6.0,14.0,18.0,55.0,PM25,SEDANG,ispu_2024-2025.xls,,
2024-04-13,DKI3,34.0,57.0,55.0,18.0,10.0,52.0,57.0,PM25,SEDANG,ispu_2024-2025.xls,,
2024-04-14,DKI3,32.0,55.0,54.0,7.0,14.0,19.0,55.0,PM25,SEDANG,ispu_2024-2025.xls,,
2024-04-15,DKI3,28.0,52.0,54.0,11.0,11.0,34.0,54.0,SO2,SEDANG,ispu_2024-2025.xls,,
2024-04-16,DKI3,36.0,58.0,54.0,9.0,10.0,41.0,58.0,PM25,SEDANG,ispu_2024-2025.xls,,
2024-04-17,DKI3,48.0,72.0,54.0,11.0,14.0,24.0,72.0,PM25,SEDANG,ispu_2024-2025.xls,,
2024-04-18,DKI3,39.0,59.0,54.0,12.0,15.0,34.0,59.0,PM25,SEDANG,ispu_2024-2025.xls,,
2024-04-19,DKI3,35.0,58.0,54.0,11.0,15.0,33.0,58.0,PM25,SEDANG,ispu_2024-2025.xls,,
2024-04-20,DKI3,54.0,79.0,54.0,20.0,12.0,60.0,79.0,PM25,SEDANG,ispu_2024-2025.xls,,
2024-04-21,DKI3,50.0,68.0,54.0,13.0,11.0,43.0,68.0,PM25,SEDANG,ispu_2024-2025.xls,,
2024-04-22,DKI3,54.0,74.0,55.0,18.0,11.0,64.0,74.0,PM25,SEDANG,ispu_2024-2025.xls,,
2024-04-23,DKI3,57.0,81.0,54.0,14.0,11.0,39.0,81.0,PM25,SEDANG,ispu_2024-2025.xls,,
2024-04-24,DKI3,43.0,63.0,54.0,14.0,15.0,37.0,63.0,PM25,SEDANG,ispu_2024-2025.xls,,
2024-04-25,DKI3,46.0,63.0,54.0,13.0,16.0,23.0,63.0,PM25,SEDANG,ispu_2024-2025.xls,,
2024-04-26,DKI3,40.0,60.0,54.0,9.0,14.0,28.0,60.0,PM25,SEDANG,ispu_2024-2025.xls,,
2024-04-27,DKI3,48.0,63.0,54.0,14.0,9.0,63.0,63.0,PM25,SEDANG,ispu_2024-2025.xls,,
2024-04-28,DKI3,50.0,68.0,54.0,16.0,11.0,68.0,68.0,PM25,SEDANG,ispu_2024-2025.xls,,
2024-04-29,DKI3,55.0,13.0,54.0,11.0,14.0,27.0,55.0,PM10,SEDANG,ispu_2024-2025.xls,,
2024-04-30,DKI3,57.0,16.0,54.0,9.0,14.0,24.0,57.0,PM10,SEDANG,ispu_2024-2025.xls,,
2024-05-01,DKI3,45.0,62.0,54.0,8.0,13.0,20.0,62.0,PM25,SEDANG,ispu_2024-2025.xls,,
2024-05-02,DKI3,58.0,77.0,54.0,11.0,15.0,24.0,77.0,PM25,SEDANG,ispu_2024-2025.xls,,
2024-05-03,DKI3,61.0,76.0,54.0,11.0,17.0,25.0,76.0,PM25,SEDANG,ispu_2024-2025.xls,,
2024-05-04,DKI3,52.0,73.0,55.0,12.0,19.0,29.0,73.0,PM25,SEDANG,ispu_2024-2025.xls,,
2024-05-05,DKI3,,73.0,55.0,19.0,17.0,67.0,73.0,PM25,SEDANG,ispu_2024-2025.xls,,
2024-05-06,DKI3,,72.0,55.0,13.0,16.0,50.0,72.0,PM25,SEDANG,ispu_2024-2025.xls,,
2024-05-07,DKI3,64.0,84.0,55.0,12.0,17.0,34.0,84.0,PM25,SEDANG,ispu_2024-2025.xls,,
2024-05-08,DKI3,71.0,94.0,55.0,13.0,19.0,32.0,94.0,PM25,SEDANG,ispu_2024-2025.xls,,
2024-05-09,DKI3,67.0,90.0,56.0,13.0,15.0,39.0,90.0,PM25,SEDANG,ispu_2024-2025.xls,,
2024-05-10,DKI3,63.0,80.0,55.0,9.0,15.0,31.0,80.0,PM25,SEDANG,ispu_2024-2025.xls,,
2024-05-11,DKI3,63.0,75.0,55.0,8.0,13.0,27.0,75.0,PM25,SEDANG,ispu_2024-2025.xls,,
2024-05-12,DKI3,64.0,74.0,55.0,14.0,11.0,38.0,74.0,PM25,SEDANG,ispu_2024-2025.xls,,
2024-05-13,DKI3,52.0,67.0,55.0,8.0,14.0,22.0,67.0,PM25,SEDANG,ispu_2024-2025.xls,,
2024-05-14,DKI3,63.0,73.0,55.0,13.0,11.0,28.0,73.0,PM25,SEDANG,ispu_2024-2025.xls,,
2024-05-15,DKI3,67.0,74.0,55.0,17.0,10.0,45.0,74.0,PM25,SEDANG,ispu_2024-2025.xls,,
2024-05-16,DKI3,69.0,85.0,55.0,10.0,15.0,20.0,85.0,PM25,SEDANG,ispu_2024-2025.xls,,
2024-05-17,DKI3,56.0,71.0,55.0,10.0,18.0,29.0,71.0,PM25,SEDANG,ispu_2024-2025.xls,,
2024-05-18,DKI3,60.0,72.0,55.0,11.0,16.0,38.0,72.0,PM25,SEDANG,ispu_2024-2025.xls,,
2024-05-19,DKI3,57.0,72.0,56.0,11.0,18.0,36.0,72.0,PM25,SEDANG,ispu_2024-2025.xls,,
2024-05-20,DKI3,69.0,84.0,56.0,15.0,15.0,41.0,84.0,PM25,SEDANG,ispu_2024-2025.xls,,
2024-05-21,DKI3,67.0,80.0,56.0,14.0,16.0,42.0,80.0,PM25,SEDANG,ispu_2024-2025.xls,,
2024-05-22,DKI3,68.0,81.0,56.0,10.0,16.0,37.0,81.0,PM25,SEDANG,ispu_2024-2025.xls,,
2024-05-23,DKI3,64.0,72.0,56.0,10.0,13.0,39.0,72.0,PM25,SEDANG,ispu_2024-2025.xls,,
2024-05-24,DKI3,65.0,70.0,56.0,13.0,12.0,44.0,70.0,PM25,SEDANG,ispu_2024-2025.xls,,
2024-05-25,DKI3,27.0,34.0,55.0,7.0,12.0,38.0,55.0,SO2,SEDANG,ispu_2024-2025.xls,,
2024-05-26,DKI3,61.0,70.0,56.0,15.0,12.0,65.0,70.0,PM25,SEDANG,ispu_2024-2025.xls,,
2024-05-27,DKI3,59.0,73.0,56.0,13.0,16.0,39.0,73.0,PM25,SEDANG,ispu_2024-2025.xls,,
2024-05-28,DKI3,70.0,82.0,55.0,20.0,14.0,36.0,82.0,PM25,SEDANG,ispu_2024-2025.xls,,
2024-05-29,DKI3,61.0,19.0,55.0,11.0,12.0,37.0,61.0,PM10,SEDANG,ispu_2024-2025.xls,,
2024-05-30,DKI3,61.0,19.0,55.0,12.0,14.0,38.0,61.0,PM10,SEDANG,ispu_2024-2025.xls,,
2024-05-31,DKI3,69.0,17.0,13.0,13.0,16.0,22.0,69.0,PM10,SEDANG,ispu_2024-2025.xls,,
2024-06-01,DKI3,73.0,84.0,55.0,17.0,15.0,36.0,84.0,PM25,SEDANG,ispu_2024-2025.xls,,
2024-06-02,DKI3,59.0,61.0,55.0,16.0,15.0,39.0,61.0,PM25,SEDANG,ispu_2024-2025.xls,,
2024-06-03,DKI3,54.0,57.0,55.0,12.0,12.0,32.0,57.0,PM25,SEDANG,ispu_2024-2025.xls,,
2024-06-04,DKI3,56.0,64.0,55.0,15.0,12.0,39.0,64.0,PM25,SEDANG,ispu_2024-2025.xls,,
2024-06-05,DKI3,68.0,78.0,55.0,17.0,14.0,41.0,78.0,PM25,SEDANG,ispu_2024-2025.xls,,
2024-06-06,DKI3,51.0,58.0,56.0,10.0,17.0,34.0,58.0,PM25,SEDANG,ispu_2024-2025.xls,,
2024-06-07,DKI3,66.0,75.0,56.0,12.0,19.0,34.0,75.0,PM25,SEDANG,ispu_2024-2025.xls,,
2024-06-08,DKI3,67.0,78.0,56.0,16.0,16.0,38.0,78.0,PM25,SEDANG,ispu_2024-2025.xls,,
2024-06-09,DKI3,71.0,76.0,56.0,13.0,15.0,28.0,76.0,PM25,SEDANG,ispu_2024-2025.xls,,
2024-06-10,DKI3,65.0,71.0,55.0,17.0,13.0,45.0,71.0,PM25,SEDANG,ispu_2024-2025.xls,,
2024-06-11,DKI3,59.0,59.0,55.0,15.0,14.0,36.0,59.0,SO2,SEDANG,ispu_2024-2025.xls,,
2024-06-12,DKI3,53.0,57.0,56.0,16.0,12.0,52.0,57.0,PM25,SEDANG,ispu_2024-2025.xls,,
2024-06-13,DKI3,38.0,70.0,56.0,12.0,7.0,53.0,70.0,PM25,SEDANG,ispu_2024-2025.xls,,
2024-06-14,DKI3,53.0,80.0,57.0,15.0,10.0,91.0,91.0,PM25,SEDANG,ispu_2024-2025.xls,,
2024-06-15,DKI3,44.0,68.0,57.0,11.0,10.0,36.0,68.0,SO2,SEDANG,ispu_2024-2025.xls,,
2024-06-16,DKI3,38.0,67.0,56.0,12.0,14.0,35.0,67.0,PM25,SEDANG,ispu_2024-2025.xls,,
2024-06-17,DKI3,53.0,81.0,57.0,10.0,15.0,34.0,81.0,PM25,SEDANG,ispu_2024-2025.xls,,
2024-06-18,DKI3,92.0,141.0,56.0,26.0,11.0,78.0,141.0,PM25,TIDAK SEHAT,ispu_2024-2025.xls,,
2024-06-19,DKI3,68.0,106.0,56.0,15.0,11.0,51.0,106.0,PM25,TIDAK SEHAT,ispu_2024-2025.xls,,
2024-06-20,DKI3,54.0,88.0,57.0,8.0,17.0,31.0,88.0,PM25,SEDANG,ispu_2024-2025.xls,,
2024-06-21,DKI3,64.0,105.0,58.0,12.0,18.0,37.0,105.0,PM25,TIDAK SEHAT,ispu_2024-2025.xls,,
2024-06-22,DKI3,62.0,101.0,57.0,12.0,16.0,38.0,101.0,PM25,TIDAK SEHAT,ispu_2024-2025.xls,,
2024-06-23,DKI3,58.0,92.0,58.0,10.0,14.0,35.0,92.0,PM25,SEDANG,ispu_2024-2025.xls,,
2024-06-24,DKI3,,101.0,58.0,12.0,14.0,37.0,101.0,PM25,TIDAK SEHAT,ispu_2024-2025.xls,,
2024-06-25,DKI3,62.0,98.0,57.0,12.0,13.0,43.0,98.0,PM25,SEDANG,ispu_2024-2025.xls,,
2024-06-26,DKI3,50.0,71.0,57.0,13.0,8.0,76.0,76.0,PM25,SEDANG,ispu_2024-2025.xls,,
2024-06-27,DKI3,52.0,75.0,57.0,9.0,11.0,40.0,75.0,PM25,SEDANG,ispu_2024-2025.xls,,
2024-06-28,DKI3,50.0,69.0,57.0,18.0,7.0,63.0,69.0,PM25,SEDANG,ispu_2024-2025.xls,,
2024-06-29,DKI3,60.0,11.0,59.0,18.0,7.0,83.0,83.0,PM10,SEDANG,ispu_2024-2025.xls,,
2024-06-30,DKI3,27.0,10.0,57.0,9.0,10.0,47.0,57.0,PM10,SEDANG,ispu_2024-2025.xls,,
2024-07-01,DKI3,56.0,89.0,57.0,13.0,13.0,41.0,89.0,PM25,SEDANG,ispu_2024-2025.xls,,
2024-07-02,DKI3,35.0,67.0,57.0,10.0,11.0,37.0,67.0,PM25,SEDANG,ispu_2024-2025.xls,,
2024-07-03,DKI3,71.0,106.0,58.0,21.0,12.0,77.0,106.0,PM25,TIDAK SEHAT,ispu_2024-2025.xls,,
2024-07-04,DKI3,46.0,71.0,57.0,15.0,12.0,62.0,71.0,PM25,SEDANG,ispu_2024-2025.xls,,
2024-07-05,DKI3,52.0,69.0,58.0,12.0,9.0,57.0,69.0,PM25,SEDANG,ispu_2024-2025.xls,,
2024-07-06,DKI3,28.0,50.0,57.0,8.0,6.0,61.0,61.0,,SEDANG,ispu_2024-2025.xls,,
2024-07-07,DKI3,22.0,32.0,57.0,11.0,8.0,85.0,85.0,,SEDANG,ispu_2024-2025.xls,,
2024-07-08,DKI3,36.0,60.0,58.0,11.0,11.0,66.0,66.0,,SEDANG,ispu_2024-2025.xls,,
2024-07-09,DKI3,31.0,58.0,57.0,11.0,10.0,45.0,58.0,PM25,SEDANG,ispu_2024-2025.xls,,
2024-07-10,DKI3,51.0,77.0,58.0,7.0,12.0,24.0,77.0,PM25,SEDANG,ispu_2024-2025.xls,,
2024-07-11,DKI3,64.0,101.0,58.0,13.0,11.0,31.0,101.0,PM25,TIDAK SEHAT,ispu_2024-2025.xls,,
2024-07-12,DKI3,61.0,98.0,58.0,12.0,17.0,32.0,98.0,PM25,SEDANG,ispu_2024-2025.xls,,
2024-07-13,DKI3,68.0,111.0,59.0,19.0,17.0,65.0,111.0,PM25,TIDAK SEHAT,ispu_2024-2025.xls,,
2024-07-14,DKI3,61.0,92.0,58.0,12.0,17.0,33.0,92.0,PM25,SEDANG,ispu_2024-2025.xls,,
2024-07-15,DKI3,57.0,90.0,58.0,11.0,17.0,29.0,90.0,PM25,SEDANG,ispu_2024-2025.xls,,
2024-07-16,DKI3,54.0,86.0,58.0,9.0,22.0,27.0,86.0,PM25,SEDANG,ispu_2024-2025.xls,,
2024-07-17,DKI3,59.0,93.0,58.0,11.0,17.0,29.0,93.0,PM25,SEDANG,ispu_2024-2025.xls,,
2024-07-18,DKI3,59.0,88.0,58.0,9.0,18.0,26.0,88.0,PM25,SEDANG,ispu_2024-2025.xls,,
2024-07-19,DKI3,53.0,82.0,58.0,8.0,19.0,24.0,82.0,PM25,SEDANG,ispu_2024-2025.xls,,
2024-07-20,DKI3,58.0,89.0,58.0,9.0,19.0,28.0,89.0,PM25,SEDANG,ispu_2024-2025.xls,,
2024-07-21,DKI3,52.0,81.0,58.0,8.0,20.0,25.0,81.0,PM25,SEDANG,ispu_2024-2025.xls,,
2024-07-22,DKI3,51.0,78.0,58.0,8.0,20.0,25.0,78.0,PM25,SEDANG,ispu_2024-2025.xls,,
2024-07-23,DKI3,55.0,83.0,59.0,8.0,23.0,25.0,83.0,PM25,SEDANG,ispu_2024-2025.xls,,
2024-07-24,DKI3,54.0,82.0,60.0,7.0,22.0,30.0,82.0,PM25,SEDANG,ispu_2024-2025.xls,,
2024-07-25,DKI3,45.0,73.0,58.0,7.0,20.0,34.0,73.0,PM25,SEDANG,ispu_2024-2025.xls,,
2024-07-26,DKI3,52.0,76.0,58.0,8.0,15.0,38.0,76.0,PM25,SEDANG,ispu_2024-2025.xls,,
2024-07-27,DKI3,60.0,91.0,59.0,9.0,19.0,32.0,91.0,PM25,SEDANG,ispu_2024-2025.xls,,
2024-07-28,DKI3,62.0,99.0,59.0,9.0,21.0,32.0,99.0,PM25,SEDANG,ispu_2024-2025.xls,,
2024-07-29,DKI3,54.0,15.0,59.0,8.0,22.0,33.0,59.0,SO2,SEDANG,ispu_2024-2025.xls,,
2024-07-30,DKI3,55.0,16.0,59.0,8.0,21.0,32.0,59.0,SO2,SEDANG,ispu_2024-2025.xls,,
2024-07-31,DKI3,62.0,16.0,28.0,26.0,21.0,28.0,62.0,PM10,SEDANG,ispu_2024-2025.xls,,
2024-08-01,DKI3,60.0,99.0,59.0,10.0,18.0,40.0,99.0,PM25,SEDANG,ispu_2024-2025.xls,,
2024-08-02,DKI3,45.0,73.0,58.0,10.0,11.0,44.0,73.0,PM25,SEDANG,ispu_2024-2025.xls,,
2024-08-03,DKI3,33.0,60.0,58.0,12.0,5.0,53.0,60.0,PM25,SEDANG,ispu_2024-2025.xls,,
2024-08-04,DKI3,45.0,65.0,58.0,14.0,4.0,59.0,65.0,PM25,SEDANG,ispu_2024-2025.xls,,
2024-08-05,DKI3,46.0,72.0,58.0,10.0,5.0,41.0,72.0,PM25,SEDANG,ispu_2024-2025.xls,,
2024-08-06,DKI3,53.0,80.0,58.0,10.0,6.0,38.0,80.0,PM25,SEDANG,ispu_2024-2025.xls,,
2024-08-07,DKI3,57.0,92.0,58.0,9.0,7.0,33.0,92.0,PM25,SEDANG,ispu_2024-2025.xls,,
2024-08-08,DKI3,69.0,112.0,59.0,14.0,9.0,48.0,112.0,PM25,TIDAK SEHAT,ispu_2024-2025.xls,,
2024-08-09,DKI3,62.0,94.0,59.0,11.0,16.0,46.0,94.0,PM25,SEDANG,ispu_2024-2025.xls,,
2024-08-10,DKI3,54.0,84.0,59.0,9.0,19.0,31.0,84.0,PM25,SEDANG,ispu_2024-2025.xls,,
2024-08-11,DKI3,51.0,76.0,58.0,7.0,19.0,19.0,76.0,PM25,SEDANG,ispu_2024-2025.xls,,
2024-08-12,DKI3,43.0,74.0,59.0,7.0,22.0,29.0,74.0,PM25,SEDANG,ispu_2024-2025.xls,,
2024-08-13,DKI3,64.0,95.0,61.0,12.0,27.0,47.0,95.0,PM25,SEDANG,ispu_2024-2025.xls,,
2024-08-14,DKI3,62.0,96.0,61.0,11.0,32.0,40.0,96.0,PM25,SEDANG,ispu_2024-2025.xls,,
2024-08-15,DKI3,63.0,93.0,60.0,11.0,29.0,45.0,93.0,PM25,SEDANG,ispu_2024-2025.xls,,
2024-08-16,DKI3,58.0,94.0,60.0,10.0,32.0,44.0,94.0,PM25,SEDANG,ispu_2024-2025.xls,,
2024-08-17,DKI3,69.0,104.0,62.0,13.0,38.0,50.0,104.0,PM25,TIDAK SEHAT,ispu_2024-2025.xls,,
2024-08-18,DKI3,66.0,104.0,61.0,11.0,36.0,38.0,104.0,PM25,TIDAK SEHAT,ispu_2024-2025.xls,,
2024-08-19,DKI3,56.0,85.0,60.0,8.0,35.0,36.0,85.0,PM25,SEDANG,ispu_2024-2025.xls,,
2024-08-20,DKI3,64.0,103.0,62.0,11.0,32.0,50.0,103.0,PM25,TIDAK SEHAT,ispu_2024-2025.xls,,
2024-08-21,DKI3,63.0,103.0,63.0,12.0,29.0,58.0,103.0,PM25,TIDAK SEHAT,ispu_2024-2025.xls,,
2024-08-22,DKI3,62.0,89.0,63.0,9.0,31.0,48.0,89.0,PM25,SEDANG,ispu_2024-2025.xls,,
2024-08-23,DKI3,60.0,88.0,60.0,9.0,29.0,48.0,88.0,PM25,SEDANG,ispu_2024-2025.xls,,
2024-08-24,DKI3,59.0,92.0,60.0,9.0,32.0,32.0,92.0,PM25,SEDANG,ispu_2024-2025.xls,,
2024-08-25,DKI3,55.0,82.0,60.0,8.0,33.0,30.0,82.0,PM25,SEDANG,ispu_2024-2025.xls,,
2024-08-26,DKI3,60.0,90.0,60.0,12.0,26.0,50.0,90.0,PM25,SEDANG,ispu_2024-2025.xls,,
2024-08-27,DKI3,65.0,98.0,61.0,12.0,30.0,50.0,98.0,PM25,SEDANG,ispu_2024-2025.xls,,
2024-08-28,DKI3,54.0,80.0,61.0,8.0,37.0,39.0,80.0,PM25,SEDANG,ispu_2024-2025.xls,,
2024-08-29,DKI3,61.0,14.0,61.0,10.0,33.0,46.0,61.0,PM10,SEDANG,ispu_2024-2025.xls,,
2024-08-30,DKI3,59.0,15.0,61.0,11.0,32.0,50.0,61.0,SO2,SEDANG,ispu_2024-2025.xls,,
2024-08-31,DKI3,47.0,14.0,19.0,22.0,32.0,38.0,47.0,PM10,BAIK,ispu_2024-2025.xls,,
2024-09-01,DKI3,54.0,79.0,61.0,9.0,33.0,45.0,79.0,PM25,SEDANG,ispu_2024-2025.xls,,
2024-09-02,DKI3,57.0,84.0,61.0,8.0,32.0,46.0,84.0,PM25,SEDANG,ispu_2024-2025.xls,,
2024-09-03,DKI3,51.0,72.0,60.0,8.0,29.0,42.0,72.0,PM25,SEDANG,ispu_2024-2025.xls,,
2024-09-04,DKI3,46.0,71.0,61.0,7.0,31.0,38.0,71.0,PM25,SEDANG,ispu_2024-2025.xls,,
2024-09-05,DKI3,51.0,66.0,61.0,7.0,23.0,41.0,66.0,PM25,SEDANG,ispu_2024-2025.xls,,
2024-09-06,DKI3,48.0,70.0,61.0,8.0,27.0,39.0,70.0,PM25,SEDANG,ispu_2024-2025.xls,,
2024-09-07,DKI3,56.0,74.0,61.0,7.0,26.0,38.0,74.0,PM25,SEDANG,ispu_2024-2025.xls,,
2024-09-08,DKI3,48.0,70.0,61.0,6.0,23.0,34.0,70.0,PM25,SEDANG,ispu_2024-2025.xls,,
2024-09-09,DKI3,44.0,61.0,61.0,6.0,24.0,34.0,61.0,PM25,SEDANG,ispu_2024-2025.xls,,
2024-09-10,DKI3,53.0,65.0,60.0,14.0,17.0,71.0,71.0,,SEDANG,ispu_2024-2025.xls,,
2024-09-11,DKI3,34.0,,60.0,8.0,20.0,44.0,60.0,SO2,SEDANG,ispu_2024-2025.xls,,
2024-09-12,DKI3,55.0,80.0,61.0,11.0,28.0,52.0,80.0,PM25,SEDANG,ispu_2024-2025.xls,,
2024-09-13,DKI3,51.0,68.0,60.0,10.0,26.0,51.0,68.0,PM25,SEDANG,ispu_2024-2025.xls,,
2024-09-14,DKI3,53.0,70.0,60.0,8.0,32.0,47.0,70.0,PM25,SEDANG,ispu_2024-2025.xls,,
2024-09-15,DKI3,51.0,74.0,61.0,8.0,33.0,44.0,74.0,PM25,SEDANG,ispu_2024-2025.xls,,
2024-09-16,DKI3,59.0,84.0,61.0,9.0,28.0,44.0,84.0,PM25,SEDANG,ispu_2024-2025.xls,,
2024-09-17,DKI3,53.0,77.0,62.0,8.0,35.0,40.0,77.0,PM25,SEDANG,ispu_2024-2025.xls,,
2024-09-18,DKI3,42.0,66.0,61.0,7.0,34.0,36.0,66.0,PM25,SEDANG,ispu_2024-2025.xls,,
2024-09-19,DKI3,52.0,75.0,61.0,7.0,38.0,38.0,75.0,PM25,SEDANG,ispu_2024-2025.xls,,
2024-09-20,DKI3,56.0,84.0,62.0,9.0,36.0,53.0,84.0,PM25,SEDANG,ispu_2024-2025.xls,,
2024-09-21,DKI3,59.0,86.0,61.0,10.0,40.0,52.0,86.0,PM25,SEDANG,ispu_2024-2025.xls,,
2024-09-22,DKI3,62.0,98.0,61.0,10.0,32.0,51.0,98.0,PM25,SEDANG,ispu_2024-2025.xls,,
2024-09-23,DKI3,54.0,84.0,61.0,11.0,25.0,51.0,84.0,PM25,SEDANG,ispu_2024-2025.xls,,
2024-09-24,DKI3,53.0,74.0,61.0,11.0,20.0,50.0,74.0,PM25,SEDANG,ispu_2024-2025.xls,,
2024-09-25,DKI3,56.0,81.0,61.0,13.0,26.0,57.0,81.0,PM25,SEDANG,ispu_2024-2025.xls,,
2024-09-26,DKI3,40.0,61.0,61.0,15.0,21.0,68.0,68.0,,SEDANG,ispu_2024-2025.xls,,
2024-09-27,DKI3,48.0,66.0,61.0,13.0,21.0,65.0,66.0,PM25,SEDANG,ispu_2024-2025.xls,,
2024-09-28,DKI3,52.0,81.0,62.0,12.0,21.0,54.0,81.0,PM25,SEDANG,ispu_2024-2025.xls,,
2024-09-29,DKI3,51.0,12.0,61.0,10.0,22.0,50.0,61.0,SO2,SEDANG,ispu_2024-2025.xls,,
2024-09-30,DKI3,44.0,13.0,61.0,9.0,22.0,43.0,61.0,SO2,SEDANG,ispu_2024-2025.xls,,
2024-10-01,DKI3,62.0,91.0,62.0,13.0,25.0,61.0,91.0,PM25,SEDANG,ispu_2024-2025.xls,,
2024-10-02,DKI3,52.0,84.0,62.0,10.0,29.0,53.0,84.0,PM25,SEDANG,ispu_2024-2025.xls,,
2024-10-03,DKI3,49.0,81.0,63.0,11.0,23.0,56.0,81.0,PM25,SEDANG,ispu_2024-2025.xls,,
2024-10-04,DKI3,50.0,75.0,63.0,10.0,25.0,52.0,75.0,PM25,SEDANG,ispu_2024-2025.xls,,
2024-10-05,DKI3,39.0,69.0,62.0,10.0,27.0,48.0,69.0,PM25,SEDANG,ispu_2024-2025.xls,,
2024-10-06,DKI3,39.0,67.0,62.0,9.0,28.0,41.0,67.0,PM25,SEDANG,ispu_2024-2025.xls,,
2024-10-07,DKI3,78.0,115.0,63.0,19.0,23.0,70.0,115.0,PM25,TIDAK SEHAT,ispu_2024-2025.xls,,
2024-10-08,DKI3,46.0,72.0,63.0,8.0,28.0,47.0,72.0,PM25,SEDANG,ispu_2024-2025.xls,,
2024-10-09,DKI3,53.0,78.0,62.0,9.0,29.0,43.0,78.0,PM25,SEDANG,ispu_2024-2025.xls,,
2024-10-10,DKI3,45.0,73.0,62.0,8.0,30.0,46.0,73.0,PM25,SEDANG,ispu_2024-2025.xls,,
2024-10-11,DKI3,52.0,79.0,63.0,15.0,27.0,68.0,79.0,PM25,SEDANG,ispu_2024-2025.xls,,
2024-10-12,DKI3,54.0,83.0,64.0,12.0,26.0,59.0,83.0,PM25,SEDANG,ispu_2024-2025.xls,,
2024-10-13,DKI3,58.0,86.0,63.0,12.0,27.0,52.0,86.0,PM25,SEDANG,ispu_2024-2025.xls,,
2024-10-14,DKI3,77.0,108.0,63.0,17.0,29.0,63.0,108.0,PM25,TIDAK SEHAT,ispu_2024-2025.xls,,
2024-10-15,DKI3,50.0,72.0,63.0,9.0,33.0,44.0,72.0,PM25,SEDANG,ispu_2024-2025.xls,,
2024-10-16,DKI3,61.0,84.0,63.0,14.0,31.0,59.0,84.0,PM25,SEDANG,ispu_2024-2025.xls,,
2024-10-17,DKI3,37.0,64.0,64.0,8.0,36.0,45.0,64.0,PM25,SEDANG,ispu_2024-2025.xls,,
2024-10-18,DKI3,36.0,67.0,63.0,8.0,39.0,42.0,67.0,PM25,SEDANG,ispu_2024-2025.xls,,
2024-10-19,DKI3,60.0,94.0,64.0,12.0,36.0,63.0,94.0,PM25,SEDANG,ispu_2024-2025.xls,,
2024-10-20,DKI3,53.0,75.0,65.0,9.0,22.0,59.0,75.0,PM25,SEDANG,ispu_2024-2025.xls,,
2024-10-21,DKI3,33.0,69.0,63.0,7.0,28.0,35.0,69.0,PM25,SEDANG,ispu_2024-2025.xls,,
2024-10-22,DKI3,49.0,73.0,64.0,9.0,27.0,50.0,73.0,PM25,SEDANG,ispu_2024-2025.xls,,
2024-10-23,DKI3,43.0,72.0,64.0,7.0,36.0,46.0,72.0,PM25,SEDANG,ispu_2024-2025.xls,,
2024-10-24,DKI3,26.0,60.0,64.0,6.0,29.0,42.0,64.0,SO2,SEDANG,ispu_2024-2025.xls,,
2024-10-25,DKI3,53.0,69.0,64.0,9.0,25.0,58.0,69.0,PM25,SEDANG,ispu_2024-2025.xls,,
2024-10-26,DKI3,46.0,61.0,63.0,9.0,23.0,54.0,63.0,SO2,SEDANG,ispu_2024-2025.xls,,
2024-10-27,DKI3,44.0,72.0,66.0,8.0,29.0,52.0,72.0,PM25,SEDANG,ispu_2024-2025.xls,,
2024-10-28,DKI3,58.0,87.0,64.0,10.0,28.0,52.0,87.0,PM25,SEDANG,ispu_2024-2025.xls,,
2024-10-29,DKI3,45.0,11.0,64.0,10.0,28.0,54.0,64.0,SO2,SEDANG,ispu_2024-2025.xls,,
2024-10-30,DKI3,53.0,11.0,64.0,9.0,34.0,53.0,64.0,SO2,SEDANG,ispu_2024-2025.xls,,
2024-10-31,DKI3,51.0,11.0,24.0,26.0,31.0,41.0,51.0,PM10,SEDANG,ispu_2024-2025.xls,,
2024-11-01,DKI3,52.0,77.0,64.0,12.0,26.0,59.0,77.0,PM25,SEDANG,ispu_2024-2025.xls,,
2024-11-02,DKI3,58.0,84.0,65.0,13.0,24.0,71.0,84.0,PM25,SEDANG,ispu_2024-2025.xls,,
2024-11-03,DKI3,46.0,65.0,63.0,16.0,18.0,81.0,81.0,,SEDANG,ispu_2024-2025.xls,,
2024-11-04,DKI3,40.0,60.0,63.0,15.0,26.0,77.0,77.0,,SEDANG,ispu_2024-2025.xls,,
2024-11-05,DKI3,50.0,73.0,64.0,11.0,26.0,67.0,73.0,PM25,SEDANG,ispu_2024-2025.xls,,
2024-11-06,DKI3,35.0,55.0,64.0,10.0,23.0,60.0,64.0,SO2,SEDANG,ispu_2024-2025.xls,,
2024-11-07,DKI3,58.0,80.0,65.0,13.0,25.0,79.0,80.0,PM25,SEDANG,ispu_2024-2025.xls,,
2024-11-08,DKI3,59.0,83.0,64.0,12.0,31.0,58.0,83.0,PM25,SEDANG,ispu_2024-2025.xls,,
2024-11-09,DKI3,51.0,79.0,64.0,11.0,28.0,64.0,79.0,PM25,SEDANG,ispu_2024-2025.xls,,
2024-11-10,DKI3,41.0,63.0,64.0,13.0,22.0,67.0,67.0,,SEDANG,ispu_2024-2025.xls,,
2024-11-11,DKI3,46.0,62.0,64.0,15.0,19.0,66.0,66.0,,SEDANG,ispu_2024-2025.xls,,
2024-11-12,DKI3,30.0,51.0,63.0,13.0,19.0,82.0,82.0,,SEDANG,ispu_2024-2025.xls,,
2024-11-13,DKI3,54.0,73.0,65.0,16.0,16.0,85.0,85.0,,SEDANG,ispu_2024-2025.xls,,
2024-11-14,DKI3,74.0,102.0,68.0,16.0,16.0,92.0,102.0,PM25,TIDAK SEHAT,ispu_2024-2025.xls,,
2024-11-15,DKI3,70.0,102.0,67.0,13.0,24.0,71.0,102.0,PM25,TIDAK SEHAT,ispu_2024-2025.xls,,
2024-11-16,DKI3,67.0,87.0,65.0,14.0,22.0,64.0,87.0,PM25,SEDANG,ispu_2024-2025.xls,,
2024-11-17,DKI3,73.0,88.0,65.0,24.0,23.0,99.0,99.0,,SEDANG,ispu_2024-2025.xls,,
2024-11-18,DKI3,50.0,57.0,64.0,11.0,19.0,64.0,64.0,SO2,SEDANG,ispu_2024-2025.xls,,
2024-11-19,DKI3,40.0,56.0,65.0,12.0,17.0,69.0,69.0,,SEDANG,ispu_2024-2025.xls,,
2024-11-20,DKI3,35.0,51.0,66.0,11.0,26.0,72.0,72.0,,SEDANG,ispu_2024-2025.xls,,
2024-11-21,DKI3,44.0,60.0,65.0,11.0,22.0,66.0,66.0,,SEDANG,ispu_2024-2025.xls,,
2024-11-22,DKI3,49.0,61.0,65.0,10.0,18.0,58.0,65.0,SO2,SEDANG,ispu_2024-2025.xls,,
2024-11-23,DKI3,48.0,64.0,65.0,14.0,16.0,78.0,78.0,,SEDANG,ispu_2024-2025.xls,,
2024-11-24,DKI3,48.0,55.0,65.0,11.0,13.0,68.0,68.0,,SEDANG,ispu_2024-2025.xls,,
2024-11-25,DKI3,30.0,50.0,65.0,11.0,14.0,73.0,73.0,,SEDANG,ispu_2024-2025.xls,,
2024-11-26,DKI3,40.0,60.0,65.0,10.0,17.0,71.0,71.0,,SEDANG,ispu_2024-2025.xls,,
2024-11-27,DKI3,50.0,63.0,65.0,13.0,13.0,77.0,77.0,,SEDANG,ispu_2024-2025.xls,,
2024-11-28,DKI3,,,,,,,0.0,,TIDAK ADA DATA,ispu_2024-2025.xls,,
2024-11-29,DKI3,21.0,10.0,67.0,6.0,13.0,26.0,67.0,SO2,SEDANG,ispu_2024-2025.xls,,
2024-11-30,DKI3,35.0,10.0,67.0,7.0,10.0,34.0,67.0,SO2,SEDANG,ispu_2024-2025.xls,,
2024-12-01,DKI3,32.0,65.0,67.0,7.0,9.0,40.0,67.0,SO2,SEDANG,ispu_2024-2025.xls,,
2024-12-02,DKI3,19.0,52.0,67.0,6.0,9.0,33.0,67.0,SO2,SEDANG,ispu_2024-2025.xls,,
2024-12-03,DKI3,19.0,31.0,67.0,4.0,12.0,15.0,67.0,SO2,SEDANG,ispu_2024-2025.xls,,
2024-12-04,DKI3,30.0,45.0,67.0,7.0,10.0,22.0,67.0,SO2,SEDANG,ispu_2024-2025.xls,,
2024-12-05,DKI3,17.0,26.0,67.0,3.0,12.0,13.0,67.0,SO2,SEDANG,ispu_2024-2025.xls,,
2024-12-06,DKI3,26.0,47.0,68.0,4.0,11.0,17.0,68.0,SO2,SEDANG,ispu_2024-2025.xls,,
2024-12-07,DKI3,66.0,103.0,69.0,27.0,12.0,98.0,103.0,PM25,TIDAK SEHAT,ispu_2024-2025.xls,,
2024-12-08,DKI3,38.0,67.0,68.0,15.0,18.0,57.0,68.0,SO2,SEDANG,ispu_2024-2025.xls,,
2024-12-09,DKI3,42.0,69.0,69.0,11.0,11.0,29.0,69.0,PM25,SEDANG,ispu_2024-2025.xls,,
2024-12-10,DKI3,38.0,56.0,68.0,12.0,7.0,61.0,68.0,SO2,SEDANG,ispu_2024-2025.xls,,
2024-12-11,DKI3,14.0,26.0,68.0,3.0,11.0,15.0,68.0,SO2,SEDANG,ispu_2024-2025.xls,,
2024-12-12,DKI3,19.0,40.0,68.0,3.0,13.0,10.0,68.0,SO2,SEDANG,ispu_2024-2025.xls,,
2024-12-13,DKI3,21.0,52.0,69.0,4.0,13.0,14.0,69.0,SO2,SEDANG,ispu_2024-2025.xls,,
2024-12-14,DKI3,22.0,40.0,68.0,4.0,11.0,15.0,68.0,SO2,SEDANG,ispu_2024-2025.xls,,
2024-12-15,DKI3,18.0,40.0,68.0,6.0,10.0,21.0,68.0,SO2,SEDANG,ispu_2024-2025.xls,,
2024-12-16,DKI3,27.0,48.0,68.0,5.0,10.0,21.0,68.0,SO2,SEDANG,ispu_2024-2025.xls,,
2024-12-17,DKI3,27.0,37.0,68.0,6.0,10.0,30.0,68.0,SO2,SEDANG,ispu_2024-2025.xls,,
2024-12-18,DKI3,50.0,67.0,69.0,8.0,8.0,59.0,69.0,SO2,SEDANG,ispu_2024-2025.xls,,
2024-12-19,DKI3,18.0,35.0,68.0,5.0,8.0,27.0,68.0,SO2,SEDANG,ispu_2024-2025.xls,,
2024-12-20,DKI3,25.0,46.0,69.0,5.0,10.0,32.0,69.0,SO2,SEDANG,ispu_2024-2025.xls,,
2024-12-21,DKI3,23.0,53.0,26.0,5.0,11.0,30.0,53.0,PM25,SEDANG,ispu_2024-2025.xls,,
2024-12-22,DKI3,53.0,80.0,16.0,11.0,13.0,31.0,80.0,PM25,SEDANG,ispu_2024-2025.xls,,
2024-12-23,DKI3,52.0,78.0,12.0,15.0,11.0,45.0,78.0,PM25,SEDANG,ispu_2024-2025.xls,,
2024-12-24,DKI3,38.0,55.0,12.0,9.0,10.0,33.0,55.0,PM25,SEDANG,ispu_2024-2025.xls,,
2024-12-25,DKI3,52.0,79.0,12.0,11.0,11.0,52.0,79.0,PM25,SEDANG,ispu_2024-2025.xls,,
2024-12-26,DKI3,39.0,62.0,12.0,11.0,9.0,35.0,62.0,PM25,SEDANG,ispu_2024-2025.xls,,
2024-12-27,DKI3,53.0,83.0,12.0,10.0,11.0,36.0,83.0,PM25,SEDANG,ispu_2024-2025.xls,,
2024-12-28,DKI3,64.0,101.0,14.0,9.0,11.0,35.0,101.0,PM25,TIDAK SEHAT,ispu_2024-2025.xls,,
2024-12-29,DKI3,51.0,21.0,13.0,10.0,13.0,35.0,51.0,PM10,SEDANG,ispu_2024-2025.xls,,
2024-12-30,DKI3,35.0,10.0,13.0,5.0,12.0,13.0,35.0,PM10,BAIK,ispu_2024-2025.xls,,
2024-12-31,DKI3,29.0,11.0,6.0,13.0,10.0,18.0,29.0,PM10,BAIK,ispu_2024-2025.xls,,
2025-01-01,DKI3,49.0,73.0,,8.0,10.0,27.0,73.0,PM25,SEDANG,ispu_2024-2025.xls,,
2025-01-02,DKI3,28.0,60.0,,6.0,11.0,22.0,60.0,PM25,SEDANG,ispu_2024-2025.xls,,
2025-01-03,DKI3,38.0,69.0,,8.0,13.0,35.0,69.0,PM25,SEDANG,ispu_2024-2025.xls,,
2025-01-04,DKI3,34.0,62.0,13.0,5.0,10.0,23.0,62.0,PM25,SEDANG,ispu_2024-2025.xls,,
2025-01-05,DKI3,41.0,68.0,13.0,7.0,9.0,35.0,68.0,PM25,SEDANG,ispu_2024-2025.xls,,
2025-01-06,DKI3,51.0,79.0,16.0,13.0,13.0,46.0,79.0,PM25,SEDANG,ispu_2024-2025.xls,,
2025-01-07,DKI3,51.0,71.0,13.0,8.0,10.0,38.0,71.0,PM25,SEDANG,ispu_2024-2025.xls,,
2025-01-08,DKI3,31.0,54.0,13.0,5.0,12.0,19.0,54.0,PM25,SEDANG,ispu_2024-2025.xls,,
2025-01-09,DKI3,20.0,51.0,14.0,8.0,13.0,26.0,51.0,PM25,SEDANG,ispu_2024-2025.xls,,
2025-01-10,DKI3,53.0,77.0,19.0,15.0,16.0,43.0,77.0,PM25,SEDANG,ispu_2024-2025.xls,,
2025-01-11,DKI3,29.0,63.0,11.0,8.0,23.0,9.0,63.0,PM25,SEDANG,ispu_2024-2025.xls,,
2025-01-12,DKI3,37.0,64.0,9.0,8.0,13.0,11.0,64.0,PM25,SEDANG,ispu_2024-2025.xls,,
2025-01-13,DKI3,36.0,59.0,8.0,8.0,10.0,18.0,59.0,PM25,SEDANG,ispu_2024-2025.xls,,
2025-01-14,DKI3,28.0,52.0,14.0,6.0,10.0,10.0,52.0,PM25,SEDANG,ispu_2024-2025.xls,,
2025-01-15,DKI3,35.0,56.0,11.0,9.0,10.0,33.0,56.0,PM25,SEDANG,ispu_2024-2025.xls,,
2025-01-16,DKI3,34.0,60.0,11.0,6.0,10.0,19.0,60.0,PM25,SEDANG,ispu_2024-2025.xls,,
2025-01-17,DKI3,33.0,59.0,14.0,7.0,11.0,16.0,59.0,PM25,SEDANG,ispu_2024-2025.xls,,
2025-01-18,DKI3,21.0,40.0,12.0,7.0,11.0,9.0,40.0,PM25,BAIK,ispu_2024-2025.xls,,
2025-01-19,DKI3,19.0,40.0,12.0,6.0,11.0,17.0,40.0,PM25,BAIK,ispu_2024-2025.xls,,
2025-01-20,DKI3,23.0,41.0,13.0,7.0,12.0,12.0,41.0,PM25,BAIK,ispu_2024-2025.xls,,
2025-01-21,DKI3,40.0,58.0,13.0,14.0,11.0,56.0,58.0,PM25,SEDANG,ispu_2024-2025.xls,,
2025-01-22,DKI3,33.0,51.0,14.0,13.0,8.0,48.0,51.0,PM25,SEDANG,ispu_2024-2025.xls,,
2025-01-23,DKI3,57.0,90.0,23.0,20.0,13.0,81.0,90.0,PM25,SEDANG,ispu_2024-2025.xls,,
2025-01-24,DKI3,51.0,75.0,22.0,14.0,11.0,59.0,75.0,PM25,SEDANG,ispu_2024-2025.xls,,
2025-01-25,DKI3,31.0,57.0,20.0,11.0,9.0,51.0,57.0,PM25,SEDANG,ispu_2024-2025.xls,,
2025-01-26,DKI3,42.0,63.0,23.0,14.0,8.0,63.0,63.0,PM25,SEDANG,ispu_2024-2025.xls,,
2025-01-27,DKI3,26.0,54.0,20.0,6.0,9.0,18.0,54.0,PM25,SEDANG,ispu_2024-2025.xls,,
2025-01-28,DKI3,23.0,46.0,23.0,5.0,9.0,,46.0,PM25,BAIK,ispu_2024-2025.xls,,
2025-01-29,DKI3,25.0,40.0,24.0,10.0,9.0,27.0,40.0,PM25,BAIK,ispu_2024-2025.xls,,
2025-01-30,DKI3,23.0,38.0,22.0,8.0,17.0,,38.0,PM25,BAIK,ispu_2024-2025.xls,,
2025-01-31,DKI3,32.0,55.0,23.0,10.0,18.0,16.0,55.0,PM25,SEDANG,ispu_2024-2025.xls,,
2025-02-01,DKI3,33.0,57.0,25.0,9.0,19.0,14.0,57.0,PM25,SEDANG,ispu_2024-2025.xls,,
2025-02-02,DKI3,41.0,68.0,24.0,13.0,17.0,21.0,68.0,PM25,SEDANG,ispu_2024-2025.xls,,
2025-02-03,DKI3,41.0,64.0,27.0,13.0,17.0,21.0,64.0,PM25,SEDANG,ispu_2024-2025.xls,,
2025-02-04,DKI3,54.0,84.0,35.0,15.0,16.0,45.0,84.0,PM25,SEDANG,ispu_2024-2025.xls,,
2025-02-05,DKI3,31.0,44.0,33.0,5.0,14.0,9.0,44.0,PM25,BAIK,ispu_2024-2025.xls,,
2025-02-06,DKI3,25.0,50.0,36.0,6.0,15.0,7.0,50.0,PM25,BAIK,ispu_2024-2025.xls,,
2025-02-07,DKI3,31.0,58.0,37.0,12.0,18.0,40.0,58.0,PM25,SEDANG,ispu_2024-2025.xls,,
2025-02-08,DKI3,35.0,56.0,41.0,10.0,16.0,18.0,56.0,PM25,SEDANG,ispu_2024-2025.xls,,
2025-02-09,DKI3,45.0,60.0,44.0,12.0,15.0,25.0,60.0,PM25,SEDANG,ispu_2024-2025.xls,,
2025-02-10,DKI3,49.0,69.0,44.0,13.0,16.0,27.0,69.0,PM25,SEDANG,ispu_2024-2025.xls,,
2025-02-11,DKI3,46.0,66.0,44.0,12.0,19.0,21.0,66.0,PM25,SEDANG,ispu_2024-2025.xls,,
2025-02-12,DKI3,57.0,85.0,48.0,14.0,19.0,28.0,85.0,PM25,SEDANG,ispu_2024-2025.xls,,
2025-02-13,DKI3,53.0,78.0,50.0,12.0,14.0,39.0,78.0,PM25,SEDANG,ispu_2024-2025.xls,,
2025-02-14,DKI3,47.0,71.0,51.0,9.0,12.0,42.0,71.0,PM25,SEDANG,ispu_2024-2025.xls,,
2025-02-15,DKI3,35.0,60.0,49.0,7.0,10.0,25.0,60.0,PM25,SEDANG,ispu_2024-2025.xls,,
2025-02-16,DKI3,61.0,92.0,,,,,92.0,PM25,SEDANG,ispu_2024-2025.xls,,
2025-02-17,DKI3,53.0,75.0,52.0,13.0,7.0,52.0,75.0,PM25,SEDANG,ispu_2024-2025.xls,,
2025-02-18,DKI3,45.0,68.0,,,,,68.0,PM25,SEDANG,ispu_2024-2025.xls,,
2025-02-19,DKI3,59.0,82.0,,,,,82.0,PM25,SEDANG,ispu_2024-2025.xls,,
2025-02-20,DKI3,32.0,56.0,50.0,9.0,11.0,28.0,56.0,PM25,SEDANG,ispu_2024-2025.xls,,
2025-02-21,DKI3,45.0,64.0,55.0,9.0,14.0,20.0,64.0,PM25,SEDANG,ispu_2024-2025.xls,,
2025-02-22,DKI3,40.0,70.0,54.0,8.0,9.0,20.0,70.0,PM25,SEDANG,ispu_2024-2025.xls,,
2025-02-23,DKI3,46.0,67.0,59.0,12.0,12.0,42.0,67.0,PM25,SEDANG,ispu_2024-2025.xls,,
2025-02-24,DKI3,45.0,70.0,52.0,18.0,19.0,40.0,70.0,PM25,SEDANG,ispu_2024-2025.xls,,
2025-02-25,DKI3,41.0,67.0,53.0,14.0,11.0,47.0,67.0,PM25,SEDANG,ispu_2024-2025.xls,,
2025-02-26,DKI3,46.0,65.0,57.0,11.0,11.0,51.0,65.0,PM25,SEDANG,ispu_2024-2025.xls,,
2025-02-27,DKI3,63.0,94.0,57.0,20.0,16.0,45.0,94.0,PM25,SEDANG,ispu_2024-2025.xls,,
2025-02-28,DKI3,34.0,61.0,61.0,11.0,25.0,20.0,61.0,PM25,SEDANG,ispu_2024-2025.xls,,
2025-03-01,DKI3,26.0,58.0,58.0,11.0,20.0,24.0,58.0,PM25,SEDANG,ispu_2024-2025.xls,,
2025-03-02,DKI3,57.0,94.0,59.0,18.0,26.0,26.0,94.0,PM25,SEDANG,ispu_2024-2025.xls,,
2025-03-03,DKI3,24.0,53.0,59.0,10.0,24.0,14.0,59.0,SO2,SEDANG,ispu_2024-2025.xls,,
2025-03-04,DKI3,19.0,46.0,,,,,46.0,PM25,BAIK,ispu_2024-2025.xls,,
2025-03-05,DKI3,39.0,65.0,60.0,13.0,22.0,37.0,65.0,PM25,SEDANG,ispu_2024-2025.xls,,
2025-03-06,DKI3,59.0,99.0,60.0,19.0,23.0,59.0,99.0,PM25,SEDANG,ispu_2024-2025.xls,,
2025-03-07,DKI3,29.0,52.0,58.0,7.0,16.0,10.0,58.0,SO2,SEDANG,ispu_2024-2025.xls,,
2025-03-08,DKI3,42.0,72.0,60.0,9.0,17.0,25.0,72.0,PM25,SEDANG,ispu_2024-2025.xls,,
2025-03-09,DKI3,35.0,58.0,,,,,58.0,PM25,SEDANG,ispu_2024-2025.xls,,
2025-03-10,DKI3,42.0,67.0,,,,,67.0,PM25,SEDANG,ispu_2024-2025.xls,,
2025-03-11,DKI3,59.0,87.0,,,,,87.0,PM25,SEDANG,ispu_2024-2025.xls,,
2025-03-12,DKI3,40.0,64.0,59.0,16.0,22.0,46.0,64.0,PM25,SEDANG,ispu_2024-2025.xls,,
2025-03-13,DKI3,50.0,86.0,63.0,12.0,22.0,35.0,86.0,PM25,SEDANG,ispu_2024-2025.xls,,
2025-03-14,DKI3,40.0,63.0,58.0,11.0,12.0,32.0,63.0,PM25,SEDANG,ispu_2024-2025.xls,,
2025-03-15,DKI3,42.0,65.0,59.0,6.0,8.0,20.0,65.0,PM25,SEDANG,ispu_2024-2025.xls,,
2025-03-16,DKI3,32.0,53.0,58.0,8.0,8.0,,58.0,SO2,SEDANG,ispu_2024-2025.xls,,
2025-03-17,DKI3,39.0,70.0,57.0,11.0,7.0,37.0,70.0,PM25,SEDANG,ispu_2024-2025.xls,,
2025-03-18,DKI3,20.0,40.0,55.0,7.0,13.0,21.0,55.0,SO2,SEDANG,ispu_2024-2025.xls,,
2025-03-19,DKI3,23.0,39.0,17.0,6.0,17.0,15.0,39.0,PM25,BAIK,ispu_2024-2025.xls,,
2025-03-20,DKI3,35.0,56.0,26.0,7.0,15.0,35.0,56.0,PM25,SEDANG,ispu_2024-2025.xls,,
2025-03-21,DKI3,42.0,66.0,21.0,11.0,15.0,38.0,66.0,PM25,SEDANG,ispu_2024-2025.xls,,
2025-03-22,DKI3,56.0,87.0,19.0,11.0,13.0,27.0,87.0,PM25,SEDANG,ispu_2024-2025.xls,,
2025-03-23,DKI3,52.0,73.0,20.0,12.0,11.0,36.0,73.0,PM25,SEDANG,ispu_2024-2025.xls,,
2025-03-24,DKI3,43.0,65.0,21.0,12.0,15.0,24.0,65.0,PM25,SEDANG,ispu_2024-2025.xls,,
2025-03-25,DKI3,39.0,62.0,19.0,18.0,10.0,56.0,62.0,PM25,SEDANG,ispu_2024-2025.xls,,
2025-03-26,DKI3,56.0,84.0,21.0,16.0,15.0,34.0,84.0,PM25,SEDANG,ispu_2024-2025.xls,,
2025-03-27,DKI3,56.0,92.0,21.0,25.0,11.0,93.0,93.0,,SEDANG,ispu_2024-2025.xls,,
2025-03-28,DKI3,33.0,53.0,19.0,13.0,8.0,29.0,53.0,PM25,SEDANG,ispu_2024-2025.xls,,
2025-03-29,DKI3,17.0,26.0,18.0,4.0,10.0,9.0,26.0,PM25,BAIK,ispu_2024-2025.xls,,
2025-03-30,DKI3,31.0,28.0,18.0,8.0,8.0,36.0,36.0,,BAIK,ispu_2024-2025.xls,,
2025-03-31,DKI3,24.0,30.0,7.0,12.0,11.0,14.0,30.0,PM25,BAIK,ispu_2024-2025.xls,,
2025-04-01,DKI3,19.0,50.0,17.0,7.0,12.0,18.0,50.0,PM25,BAIK,ispu_2024-2025.xls,,
2025-04-02,DKI3,29.0,55.0,17.0,10.0,10.0,29.0,55.0,PM25,SEDANG,ispu_2024-2025.xls,,
2025-04-03,DKI3,21.0,54.0,17.0,10.0,19.0,46.0,54.0,PM25,SEDANG,ispu_2024-2025.xls,,
2025-04-04,DKI3,30.0,57.0,17.0,9.0,18.0,18.0,57.0,PM25,SEDANG,ispu_2024-2025.xls,,
2025-04-05,DKI3,42.0,68.0,23.0,9.0,19.0,17.0,68.0,PM25,SEDANG,ispu_2024-2025.xls,,
2025-04-06,DKI3,41.0,65.0,19.0,13.0,18.0,43.0,65.0,PM25,SEDANG,ispu_2024-2025.xls,,
2025-04-07,DKI3,26.0,53.0,19.0,13.0,21.0,32.0,53.0,PM25,SEDANG,ispu_2024-2025.xls,,
2025-04-08,DKI3,40.0,71.0,22.0,11.0,24.0,28.0,71.0,PM25,SEDANG,ispu_2024-2025.xls,,
2025-04-09,DKI3,49.0,78.0,22.0,12.0,21.0,25.0,78.0,PM25,SEDANG,ispu_2024-2025.xls,,
2025-04-10,DKI3,55.0,90.0,20.0,15.0,23.0,33.0,90.0,PM25,SEDANG,ispu_2024-2025.xls,,
2025-04-11,DKI3,41.0,70.0,19.0,17.0,23.0,40.0,70.0,PM25,SEDANG,ispu_2024-2025.xls,,
2025-04-12,DKI3,44.0,73.0,19.0,23.0,18.0,54.0,73.0,PM25,SEDANG,ispu_2024-2025.xls,,
2025-04-13,DKI3,35.0,61.0,19.0,13.0,20.0,25.0,61.0,PM25,SEDANG,ispu_2024-2025.xls,,
2025-04-14,DKI3,24.0,40.0,19.0,8.0,11.0,30.0,40.0,PM25,BAIK,ispu_2024-2025.xls,,
2025-04-15,DKI3,35.0,61.0,24.0,9.0,15.0,25.0,61.0,PM25,SEDANG,ispu_2024-2025.xls,,
2025-04-16,DKI3,51.0,72.0,22.0,19.0,23.0,57.0,72.0,PM25,SEDANG,ispu_2024-2025.xls,,
2025-04-17,DKI3,,,,,,,0.0,,TIDAK ADA DATA,ispu_2024-2025.xls,,
2025-04-18,DKI3,63.0,96.0,21.0,19.0,18.0,38.0,96.0,PM25,SEDANG,ispu_2024-2025.xls,,
2025-04-19,DKI3,40.0,70.0,22.0,14.0,16.0,39.0,70.0,PM25,SEDANG,ispu_2024-2025.xls,,
2025-04-20,DKI3,32.0,61.0,22.0,9.0,21.0,15.0,61.0,PM25,SEDANG,ispu_2024-2025.xls,,
2025-04-21,DKI3,,57.0,27.0,8.0,13.0,33.0,57.0,PM25,SEDANG,ispu_2024-2025.xls,,
2025-04-22,DKI3,62.0,95.0,24.0,16.0,15.0,52.0,95.0,PM25,SEDANG,ispu_2024-2025.xls,,
2025-04-23,DKI3,59.0,84.0,23.0,18.0,11.0,74.0,84.0,PM25,SEDANG,ispu_2024-2025.xls,,
2025-04-24,DKI3,38.0,53.0,22.0,6.0,14.0,27.0,53.0,PM25,SEDANG,ispu_2024-2025.xls,,
2025-04-25,DKI3,40.0,60.0,22.0,13.0,14.0,58.0,60.0,PM25,SEDANG,ispu_2024-2025.xls,,
2025-04-26,DKI3,47.0,75.0,28.0,13.0,22.0,43.0,75.0,PM25,SEDANG,ispu_2024-2025.xls,,
2025-04-27,DKI3,44.0,70.0,24.0,14.0,25.0,38.0,70.0,PM25,SEDANG,ispu_2024-2025.xls,,
2025-04-28,DKI3,35.0,66.0,25.0,10.0,27.0,22.0,66.0,PM25,SEDANG,ispu_2024-2025.xls,,
2025-04-29,DKI3,43.0,70.0,26.0,11.0,27.0,22.0,70.0,PM25,SEDANG,ispu_2024-2025.xls,,
2025-04-30,DKI3,47.0,79.0,27.0,10.0,29.0,20.0,79.0,PM25,SEDANG,ispu_2024-2025.xls,,
2025-05-01,DKI3,53.0,84.0,27.0,12.0,30.0,21.0,84.0,PM25,SEDANG,ispu_2024-2025.xls,,
2025-05-02,DKI3,53.0,83.0,27.0,12.0,29.0,24.0,83.0,PM25,SEDANG,ispu_2024-2025.xls,,
2025-05-03,DKI3,51.0,77.0,30.0,11.0,27.0,22.0,77.0,PM25,SEDANG,ispu_2024-2025.xls,,
2025-05-04,DKI3,42.0,60.0,25.0,16.0,20.0,39.0,60.0,PM25,SEDANG,ispu_2024-2025.xls,,
2025-05-05,DKI3,64.0,97.0,28.0,20.0,20.0,50.0,97.0,PM25,SEDANG,ispu_2024-2025.xls,,
2025-05-06,DKI3,51.0,81.0,27.0,11.0,28.0,18.0,81.0,PM25,SEDANG,ispu_2024-2025.xls,,
2025-05-07,DKI3,48.0,77.0,26.0,19.0,,44.0,77.0,PM25,SEDANG,ispu_2024-2025.xls,,
2025-05-08,DKI3,60.0,94.0,28.0,19.0,20.0,42.0,94.0,PM25,SEDANG,ispu_2024-2025.xls,,
2025-05-09,DKI3,45.0,66.0,25.0,12.0,18.0,26.0,66.0,PM25,SEDANG,ispu_2024-2025.xls,,
2025-05-10,DKI3,42.0,75.0,30.0,10.0,26.0,21.0,75.0,PM25,SEDANG,ispu_2024-2025.xls,,
2025-05-11,DKI3,61.0,84.0,26.0,23.0,15.0,73.0,84.0,PM25,SEDANG,ispu_2024-2025.xls,,
2025-05-12,DKI3,41.0,64.0,28.0,10.0,12.0,33.0,64.0,PM25,SEDANG,ispu_2024-2025.xls,,
2025-05-13,DKI3,48.0,71.0,27.0,9.0,12.0,34.0,71.0,PM25,SEDANG,ispu_2024-2025.xls,,
2025-05-14,DKI3,43.0,65.0,29.0,13.0,22.0,32.0,65.0,PM25,SEDANG,ispu_2024-2025.xls,,
2025-05-15,DKI3,45.0,66.0,28.0,12.0,27.0,27.0,66.0,PM25,SEDANG,ispu_2024-2025.xls,,
2025-05-16,DKI3,49.0,72.0,28.0,15.0,21.0,32.0,72.0,PM25,SEDANG,ispu_2024-2025.xls,,
2025-05-17,DKI3,52.0,71.0,30.0,14.0,16.0,53.0,71.0,PM25,SEDANG,ispu_2024-2025.xls,,
2025-05-18,DKI3,44.0,62.0,30.0,16.0,13.0,67.0,67.0,NO2,SEDANG,ispu_2024-2025.xls,,
2025-05-19,DKI3,40.0,64.0,34.0,11.0,19.0,34.0,64.0,PM25,SEDANG,ispu_2024-2025.xls,,
2025-05-20,DKI3,57.0,80.0,37.0,15.0,16.0,64.0,80.0,PM25,SEDANG,ispu_2024-2025.xls,,
2025-05-21,DKI3,67.0,101.0,34.0,18.0,15.0,51.0,101.0,PM25,TIDAK SEHAT,ispu_2024-2025.xls,,
2025-05-22,DKI3,70.0,96.0,32.0,20.0,16.0,59.0,96.0,PM25,SEDANG,ispu_2024-2025.xls,,
2025-05-23,DKI3,43.0,59.0,30.0,10.0,15.0,50.0,59.0,PM25,SEDANG,ispu_2024-2025.xls,,
2025-05-24,DKI3,28.0,42.0,28.0,10.0,11.0,43.0,43.0,NO2,BAIK,ispu_2024-2025.xls,,
2025-05-25,DKI3,52.0,71.0,34.0,17.0,11.0,66.0,71.0,PM25,SEDANG,ispu_2024-2025.xls,,
2025-05-26,DKI3,87.0,109.0,30.0,22.0,12.0,50.0,109.0,PM25,TIDAK SEHAT,ispu_2024-2025.xls,,
2025-05-27,DKI3,56.0,67.0,30.0,10.0,10.0,29.0,67.0,PM25,SEDANG,ispu_2024-2025.xls,,
2025-05-28,DKI3,61.0,88.0,33.0,15.0,15.0,68.0,88.0,PM25,SEDANG,ispu_2024-2025.xls,,
2025-05-29,DKI3,58.0,87.0,39.0,13.0,31.0,50.0,87.0,PM25,SEDANG,ispu_2024-2025.xls,,
2025-05-30,DKI3,42.0,65.0,32.0,12.0,27.0,34.0,65.0,PM25,SEDANG,ispu_2024-2025.xls,,
2025-05-31,DKI3,55.0,84.0,33.0,14.0,22.0,48.0,84.0,PM25,SEDANG,ispu_2024-2025.xls,,
2025-06-01,DKI3,49.0,80.0,33.0,10.0,22.0,23.0,80.0,PM25,SEDANG,ispu_2024-2025.xls,,
2025-06-02,DKI3,68.0,98.0,38.0,14.0,22.0,40.0,98.0,PM25,SEDANG,ispu_2024-2025.xls,,
2025-06-03,DKI3,56.0,89.0,36.0,14.0,26.0,50.0,89.0,PM25,SEDANG,ispu_2024-2025.xls,,
2025-06-04,DKI3,93.0,133.0,33.0,26.0,21.0,59.0,133.0,PM25,TIDAK SEHAT,ispu_2024-2025.xls,,
2025-06-05,DKI3,56.0,90.0,34.0,13.0,26.0,36.0,90.0,PM25,SEDANG,ispu_2024-2025.xls,,
2025-06-06,DKI3,60.0,98.0,35.0,15.0,27.0,38.0,98.0,PM25,SEDANG,ispu_2024-2025.xls,,
2025-06-07,DKI3,64.0,105.0,35.0,17.0,24.0,39.0,105.0,PM25,TIDAK SEHAT,ispu_2024-2025.xls,,
2025-06-08,DKI3,55.0,82.0,35.0,14.0,24.0,39.0,82.0,PM25,SEDANG,ispu_2024-2025.xls,,
2025-06-09,DKI3,59.0,99.0,39.0,15.0,27.0,49.0,99.0,PM25,SEDANG,ispu_2024-2025.xls,,
2025-06-10,DKI3,58.0,95.0,41.0,12.0,25.0,40.0,95.0,PM25,SEDANG,ispu_2024-2025.xls,,
2025-06-11,DKI3,,74.0,37.0,14.0,23.0,43.0,74.0,PM25,SEDANG,ispu_2024-2025.xls,,
2025-06-12,DKI3,55.0,84.0,40.0,12.0,21.0,47.0,84.0,PM25,SEDANG,ispu_2024-2025.xls,,
2025-06-13,DKI3,53.0,85.0,40.0,11.0,22.0,35.0,85.0,PM25,SEDANG,ispu_2024-2025.xls,,
2025-06-14,DKI3,48.0,82.0,39.0,9.0,23.0,26.0,82.0,PM25,SEDANG,ispu_2024-2025.xls,,
2025-06-15,DKI3,54.0,78.0,38.0,13.0,12.0,53.0,78.0,PM25,SEDANG,ispu_2024-2025.xls,,
2025-06-16,DKI3,58.0,84.0,38.0,16.0,17.0,53.0,84.0,PM25,SEDANG,ispu_2024-2025.xls,,
2025-06-17,DKI3,26.0,59.0,37.0,9.0,22.0,29.0,59.0,PM25,SEDANG,ispu_2024-2025.xls,,
2025-06-18,DKI3,24.0,51.0,34.0,10.0,14.0,40.0,51.0,PM25,SEDANG,ispu_2024-2025.xls,,
2025-06-19,DKI3,51.0,72.0,41.0,26.0,10.0,103.0,103.0,NO2,TIDAK SEHAT,ispu_2024-2025.xls,,
2025-06-20,DKI3,69.0,96.0,44.0,22.0,18.0,83.0,96.0,PM25,SEDANG,ispu_2024-2025.xls,,
2025-06-21,DKI3,32.0,61.0,38.0,10.0,22.0,34.0,61.0,PM25,SEDANG,ispu_2024-2025.xls,,
2025-06-22,DKI3,59.0,88.0,41.0,20.0,20.0,60.0,88.0,PM25,SEDANG,ispu_2024-2025.xls,,
2025-06-23,DKI3,51.0,74.0,41.0,8.0,22.0,26.0,74.0,PM25,SEDANG,ispu_2024-2025.xls,,
2025-06-24,DKI3,63.0,90.0,43.0,14.0,17.0,53.0,90.0,PM25,SEDANG,ispu_2024-2025.xls,,
2025-06-25,DKI3,65.0,97.0,40.0,18.0,21.0,61.0,97.0,PM25,SEDANG,ispu_2024-2025.xls,,
2025-06-26,DKI3,52.0,72.0,40.0,17.0,20.0,65.0,72.0,PM25,SEDANG,ispu_2024-2025.xls,,
2025-06-27,DKI3,59.0,91.0,42.0,13.0,23.0,42.0,91.0,PM25,SEDANG,ispu_2024-2025.xls,,
2025-06-28,DKI3,69.0,103.0,43.0,16.0,25.0,44.0,103.0,PM25,TIDAK SEHAT,ispu_2024-2025.xls,,
2025-06-29,DKI3,53.0,68.0,38.0,19.0,12.0,57.0,68.0,PM25,SEDANG,ispu_2024-2025.xls,,
2025-06-30,DKI3,79.0,89.0,41.0,24.0,15.0,59.0,89.0,PM25,SEDANG,ispu_2024-2025.xls,,
2025-07-01,DKI3,24.0,52.0,40.0,8.0,17.0,29.0,52.0,PM25,SEDANG,ispu_2024-2025.xls,,
2025-07-02,DKI3,43.0,61.0,40.0,16.0,16.0,58.0,61.0,PM25,SEDANG,ispu_2024-2025.xls,,
2025-07-03,DKI3,41.0,60.0,40.0,12.0,21.0,52.0,60.0,PM25,SEDANG,ispu_2024-2025.xls,,
2025-07-04,DKI3,29.0,56.0,39.0,11.0,24.0,45.0,56.0,PM25,SEDANG,ispu_2024-2025.xls,,
2025-07-05,DKI3,40.0,72.0,42.0,12.0,23.0,53.0,72.0,PM25,SEDANG,ispu_2024-2025.xls,,
2025-07-06,DKI3,27.0,55.0,41.0,9.0,26.0,34.0,55.0,PM25,SEDANG,ispu_2024-2025.xls,,
2025-07-07,DKI3,28.0,54.0,43.0,12.0,19.0,63.0,63.0,NO2,SEDANG,ispu_2024-2025.xls,,
2025-07-08,DKI3,28.0,49.0,42.0,10.0,18.0,59.0,59.0,NO2,SEDANG,ispu_2024-2025.xls,,
2025-07-09,DKI3,38.0,60.0,42.0,11.0,20.0,47.0,60.0,PM25,SEDANG,ispu_2024-2025.xls,,
2025-07-10,DKI3,35.0,61.0,45.0,11.0,25.0,47.0,61.0,PM25,SEDANG,ispu_2024-2025.xls,,
2025-07-11,DKI3,46.0,,49.0,11.0,32.0,47.0,49.0,SO2,BAIK,ispu_2024-2025.xls,,
2025-07-12,DKI3,77.0,105.0,50.0,16.0,31.0,60.0,105.0,PM25,TIDAK SEHAT,ispu_2024-2025.xls,,
2025-07-13,DKI3,62.0,86.0,51.0,11.0,28.0,41.0,86.0,PM25,SEDANG,ispu_2024-2025.xls,,
2025-07-14,DKI3,47.0,69.0,47.0,12.0,21.0,52.0,69.0,PM25,SEDANG,ispu_2024-2025.xls,,
2025-07-15,DKI3,58.0,77.0,45.0,14.0,21.0,52.0,77.0,PM25,SEDANG,ispu_2024-2025.xls,,
2025-07-16,DKI3,52.0,71.0,47.0,20.0,21.0,86.0,86.0,NO2,SEDANG,ispu_2024-2025.xls,,
2025-07-17,DKI3,35.0,59.0,45.0,13.0,25.0,57.0,59.0,PM25,SEDANG,ispu_2024-2025.xls,,
2025-07-18,DKI3,52.0,77.0,50.0,14.0,27.0,56.0,77.0,PM25,SEDANG,ispu_2024-2025.xls,,
2025-07-19,DKI3,42.0,67.0,49.0,10.0,27.0,44.0,67.0,PM25,SEDANG,ispu_2024-2025.xls,,
2025-07-20,DKI3,43.0,69.0,50.0,9.0,29.0,51.0,69.0,PM25,SEDANG,ispu_2024-2025.xls,,
2025-07-21,DKI3,36.0,67.0,54.0,9.0,30.0,44.0,67.0,PM25,SEDANG,ispu_2024-2025.xls,,
2025-07-22,DKI3,52.0,77.0,51.0,10.0,26.0,48.0,77.0,PM25,SEDANG,ispu_2024-2025.xls,,
2025-07-23,DKI3,56.0,80.0,51.0,11.0,28.0,49.0,80.0,PM25,SEDANG,ispu_2024-2025.xls,,
2025-07-24,DKI3,60.0,82.0,51.0,13.0,25.0,52.0,82.0,PM25,SEDANG,ispu_2024-2025.xls,,
2025-07-25,DKI3,51.0,76.0,51.0,11.0,26.0,46.0,76.0,PM25,SEDANG,ispu_2024-2025.xls,,
2025-07-26,DKI3,56.0,76.0,52.0,11.0,28.0,44.0,76.0,PM25,SEDANG,ispu_2024-2025.xls,,
2025-07-27,DKI3,64.0,84.0,52.0,12.0,29.0,44.0,84.0,PM25,SEDANG,ispu_2024-2025.xls,,
2025-07-28,DKI3,51.0,65.0,49.0,12.0,25.0,43.0,65.0,PM25,SEDANG,ispu_2024-2025.xls,,
2025-07-29,DKI3,40.0,59.0,50.0,11.0,20.0,45.0,59.0,PM25,SEDANG,ispu_2024-2025.xls,,
2025-07-30,DKI3,23.0,57.0,50.0,8.0,26.0,31.0,57.0,PM25,SEDANG,ispu_2024-2025.xls,,
2025-07-31,DKI3,32.0,59.0,51.0,7.0,23.0,35.0,59.0,PM25,SEDANG,ispu_2024-2025.xls,,
2025-08-01,DKI3,48.0,65.0,54.0,9.0,26.0,43.0,65.0,PM25,SEDANG,ispu_2024-2025.xls,,
2025-08-02,DKI3,55.0,74.0,54.0,12.0,24.0,55.0,74.0,PM25,SEDANG,ispu_2024-2025.xls,,
2025-08-03,DKI3,54.0,71.0,51.0,11.0,25.0,41.0,71.0,PM25,SEDANG,ispu_2024-2025.xls,,
2025-08-04,DKI3,36.0,53.0,50.0,10.0,25.0,36.0,53.0,PM25,SEDANG,ispu_2024-2025.xls,,
2025-08-05,DKI3,40.0,52.0,50.0,16.0,18.0,64.0,64.0,NO2,SEDANG,ispu_2024-2025.xls,,
2025-08-06,DKI3,50.0,52.0,50.0,15.0,28.0,56.0,56.0,NO2,SEDANG,ispu_2024-2025.xls,,
2025-08-07,DKI3,62.0,63.0,51.0,17.0,23.0,71.0,71.0,NO2,SEDANG,ispu_2024-2025.xls,,
2025-08-08,DKI3,48.0,51.0,51.0,10.0,23.0,53.0,53.0,NO2,SEDANG,ispu_2024-2025.xls,,
2025-08-09,DKI3,56.0,60.0,53.0,15.0,22.0,64.0,64.0,NO2,SEDANG,ispu_2024-2025.xls,,
2025-08-10,DKI3,33.0,50.0,52.0,11.0,23.0,47.0,52.0,SO2,SEDANG,ispu_2024-2025.xls,,
2025-08-11,DKI3,40.0,53.0,51.0,12.0,25.0,44.0,53.0,PM25,SEDANG,ispu_2024-2025.xls,,
2025-08-12,DKI3,54.0,56.0,50.0,17.0,21.0,54.0,56.0,PM25,SEDANG,ispu_2024-2025.xls,,
2025-08-13,DKI3,47.0,57.0,52.0,21.0,18.0,70.0,70.0,NO2,SEDANG,ispu_2024-2025.xls,,
2025-08-14,DKI3,44.0,59.0,51.0,11.0,19.0,40.0,59.0,PM25,SEDANG,ispu_2024-2025.xls,,
2025-08-15,DKI3,38.0,57.0,54.0,10.0,24.0,39.0,57.0,PM25,SEDANG,ispu_2024-2025.xls,,
2025-08-16,DKI3,56.0,71.0,54.0,14.0,23.0,63.0,71.0,PM25,SEDANG,ispu_2024-2025.xls,,
2025-08-17,DKI3,55.0,65.0,54.0,10.0,27.0,37.0,65.0,PM25,SEDANG,ispu_2024-2025.xls,,
2025-08-18,DKI3,50.0,64.0,55.0,8.0,25.0,30.0,64.0,PM25,SEDANG,ispu_2024-2025.xls,,
2025-08-19,DKI3,47.0,58.0,51.0,13.0,14.0,64.0,64.0,NO2,SEDANG,ispu_2024-2025.xls,,
2025-08-20,DKI3,61.0,107.0,55.0,15.0,24.0,60.0,107.0,PM25,TIDAK SEHAT,ispu_2024-2025.xls,,
2025-08-21,DKI3,39.0,70.0,52.0,21.0,12.0,99.0,99.0,NO2,SEDANG,ispu_2024-2025.xls,,
2025-08-22,DKI3,43.0,73.0,54.0,9.0,21.0,34.0,73.0,PM25,SEDANG,ispu_2024-2025.xls,,
2025-08-23,DKI3,61.0,103.0,54.0,18.0,20.0,80.0,103.0,PM25,TIDAK SEHAT,ispu_2024-2025.xls,,
2025-08-24,DKI3,44.0,82.0,53.0,13.0,19.0,57.0,82.0,PM25,SEDANG,ispu_2024-2025.xls,,
2025-08-25,DKI3,59.0,101.0,52.0,17.0,26.0,64.0,101.0,PM25,TIDAK SEHAT,ispu_2024-2025.xls,,
2025-08-26,DKI3,49.0,79.0,52.0,17.0,25.0,72.0,79.0,PM25,SEDANG,ispu_2024-2025.xls,,
2025-08-27,DKI3,65.0,110.0,53.0,15.0,24.0,61.0,110.0,PM25,TIDAK SEHAT,ispu_2024-2025.xls,,
2025-08-28,DKI3,23.0,64.0,53.0,7.0,21.0,44.0,64.0,PM25,SEDANG,ispu_2024-2025.xls,,
2025-08-29,DKI3,26.0,62.0,53.0,8.0,25.0,41.0,62.0,PM25,SEDANG,ispu_2024-2025.xls,,
2025-08-30,DKI3,21.0,59.0,53.0,8.0,23.0,46.0,59.0,PM25,SEDANG,ispu_2024-2025.xls,,
2025-08-31,DKI3,28.0,60.0,53.0,8.0,19.0,39.0,60.0,PM25,SEDANG,ispu_2024-2025.xls,,
2025-09-01,DKI3,45.0,83.0,55.0,11.0,23.0,45.0,83.0,PM25,SEDANG,ispu_2024-2025.xls,,
2025-09-02,DKI3,51.0,90.0,56.0,9.0,23.0,45.0,90.0,PM25,SEDANG,ispu_2024-2025.xls,,
2025-09-03,DKI3,50.0,86.0,56.0,11.0,20.0,52.0,86.0,PM25,SEDANG,ispu_2024-2025.xls,,
2025-09-04,DKI3,42.0,74.0,56.0,6.0,25.0,28.0,74.0,PM25,SEDANG,ispu_2024-2025.xls,,
2025-09-05,DKI3,54.0,91.0,55.0,10.0,23.0,49.0,91.0,PM25,SEDANG,ispu_2024-2025.xls,,
2025-09-06,DKI3,44.0,82.0,54.0,9.0,31.0,38.0,82.0,PM25,SEDANG,ispu_2024-2025.xls,,
2025-09-07,DKI3,52.0,83.0,53.0,9.0,28.0,35.0,83.0,PM25,SEDANG,ispu_2024-2025.xls,,
2025-09-08,DKI3,50.0,92.0,55.0,12.0,29.0,52.0,92.0,PM25,SEDANG,ispu_2024-2025.xls,,
2025-09-09,DKI3,51.0,84.0,54.0,11.0,24.0,49.0,84.0,PM25,SEDANG,ispu_2024-2025.xls,,
2025-09-10,DKI3,49.0,80.0,55.0,13.0,21.0,60.0,80.0,PM25,SEDANG,ispu_2024-2025.xls,,
2025-09-11,DKI3,47.0,73.0,53.0,13.0,17.0,58.0,73.0,PM25,SEDANG,ispu_2024-2025.xls,,
2025-09-12,DKI3,57.0,96.0,53.0,15.0,14.0,60.0,96.0,PM25,SEDANG,ispu_2024-2025.xls,,
2025-09-13,DKI3,33.0,67.0,54.0,12.0,20.0,59.0,67.0,PM25,SEDANG,ispu_2024-2025.xls,,
2025-09-14,DKI3,48.0,92.0,56.0,10.0,24.0,41.0,92.0,PM25,SEDANG,ispu_2024-2025.xls,,
2025-09-15,DKI3,28.0,74.0,55.0,7.0,33.0,29.0,74.0,PM25,SEDANG,ispu_2024-2025.xls,,
2025-09-16,DKI3,51.0,90.0,55.0,12.0,26.0,55.0,90.0,PM25,SEDANG,ispu_2024-2025.xls,,
2025-09-17,DKI3,50.0,90.0,56.0,12.0,26.0,52.0,90.0,PM25,SEDANG,ispu_2024-2025.xls,,
2025-09-18,DKI3,39.0,82.0,55.0,19.0,15.0,83.0,83.0,NO2,SEDANG,ispu_2024-2025.xls,,
2025-09-19,DKI3,73.0,,57.0,22.0,19.0,85.0,85.0,NO2,SEDANG,ispu_2024-2025.xls,,
2025-09-20,DKI3,66.0,102.0,57.0,20.0,13.0,97.0,102.0,PM25,TIDAK SEHAT,ispu_2024-2025.xls,,
2025-09-21,DKI3,54.0,79.0,59.0,15.0,14.0,78.0,79.0,PM25,SEDANG,ispu_2024-2025.xls,,
2025-09-22,DKI3,57.0,89.0,57.0,21.0,16.0,83.0,89.0,PM25,SEDANG,ispu_2024-2025.xls,,
2025-09-23,DKI3,36.0,73.0,56.0,12.0,26.0,56.0,73.0,PM25,SEDANG,ispu_2024-2025.xls,,
2025-09-24,DKI3,47.0,89.0,57.0,12.0,28.0,55.0,89.0,PM25,SEDANG,ispu_2024-2025.xls,,
2025-09-25,DKI3,50.0,91.0,57.0,12.0,25.0,56.0,91.0,PM25,SEDANG,ispu_2024-2025.xls,,
2025-09-26,DKI3,53.0,79.0,55.0,11.0,26.0,43.0,79.0,PM25,SEDANG,ispu_2024-2025.xls,,
2025-09-27,DKI3,38.0,76.0,57.0,11.0,24.0,51.0,76.0,PM25,SEDANG,ispu_2024-2025.xls,,
2025-09-28,DKI3,48.0,71.0,56.0,12.0,16.0,54.0,71.0,PM25,SEDANG,ispu_2024-2025.xls,,
2025-09-29,DKI3,55.0,93.0,57.0,15.0,16.0,65.0,93.0,PM25,SEDANG,ispu_2024-2025.xls,,
2025-09-30,DKI3,33.0,61.0,56.0,18.0,8.0,79.0,79.0,NO2,SEDANG,ispu_2024-2025.xls,,
2025-10-01,DKI3,26.0,60.0,57.0,14.0,16.0,65.0,65.0,NO2,SEDANG,ispu_2024-2025.xls,,
2025-10-02,DKI3,40.0,68.0,59.0,12.0,14.0,65.0,68.0,PM25,SEDANG,ispu_2024-2025.xls,,
2025-10-03,DKI3,33.0,60.0,57.0,14.0,17.0,64.0,64.0,NO2,SEDANG,ispu_2024-2025.xls,,
2025-10-04,DKI3,50.0,89.0,59.0,13.0,32.0,57.0,89.0,PM25,SEDANG,ispu_2024-2025.xls,,
2025-10-05,DKI3,52.0,87.0,58.0,13.0,24.0,56.0,87.0,PM25,SEDANG,ispu_2024-2025.xls,,
2025-10-06,DKI3,55.0,96.0,58.0,14.0,25.0,53.0,96.0,PM25,SEDANG,ispu_2024-2025.xls,,
2025-10-07,DKI3,50.0,85.0,61.0,8.0,22.0,43.0,85.0,PM25,SEDANG,ispu_2024-2025.xls,,
2025-10-08,DKI3,57.0,95.0,58.0,16.0,25.0,72.0,95.0,PM25,SEDANG,ispu_2024-2025.xls,,
2025-10-09,DKI3,54.0,88.0,59.0,13.0,35.0,60.0,88.0,PM25,SEDANG,ispu_2024-2025.xls,,
2025-10-10,DKI3,46.0,80.0,59.0,11.0,31.0,59.0,80.0,PM25,SEDANG,ispu_2024-2025.xls,,
2025-10-11,DKI3,53.0,84.0,58.0,14.0,27.0,54.0,84.0,PM25,SEDANG,ispu_2024-2025.xls,,
2025-10-12,DKI3,41.0,90.0,57.0,10.0,26.0,38.0,90.0,PM25,SEDANG,ispu_2024-2025.xls,,
2025-10-13,DKI3,,,,,,,0.0,,TIDAK ADA DATA,ispu_2024-2025.xls,,
2025-10-14,DKI3,45.0,84.0,59.0,14.0,19.0,50.0,84.0,PM25,SEDANG,ispu_2024-2025.xls,,
2025-10-15,DKI3,43.0,81.0,60.0,9.0,20.0,28.0,81.0,PM25,SEDANG,ispu_2024-2025.xls,,
2025-10-16,DKI3,46.0,80.0,59.0,13.0,19.0,41.0,80.0,PM25,SEDANG,ispu_2024-2025.xls,,
2025-10-17,DKI3,52.0,92.0,58.0,13.0,25.0,37.0,92.0,PM25,SEDANG,ispu_2024-2025.xls,,
2025-10-18,DKI3,34.0,70.0,58.0,12.0,26.0,36.0,70.0,PM25,SEDANG,ispu_2024-2025.xls,,
2025-10-19,DKI3,39.0,76.0,58.0,14.0,28.0,31.0,76.0,PM25,SEDANG,ispu_2024-2025.xls,,
2025-10-20,DKI3,54.0,100.0,59.0,17.0,35.0,35.0,100.0,PM25,SEDANG,ispu_2024-2025.xls,,
2025-10-21,DKI3,54.0,98.0,59.0,15.0,28.0,36.0,98.0,PM25,SEDANG,ispu_2024-2025.xls,,
2025-10-22,DKI3,37.0,67.0,59.0,9.0,19.0,28.0,67.0,PM25,SEDANG,ispu_2024-2025.xls,,
2025-10-23,DKI3,33.0,55.0,58.0,10.0,14.0,43.0,58.0,SO2,SEDANG,ispu_2024-2025.xls,,
2025-10-24,DKI3,40.0,65.0,58.0,12.0,10.0,41.0,65.0,PM25,SEDANG,ispu_2024-2025.xls,,
2025-10-25,DKI3,21.0,35.0,58.0,8.0,9.0,36.0,58.0,SO2,SEDANG,ispu_2024-2025.xls,,
2025-10-26,DKI3,41.0,64.0,59.0,11.0,16.0,43.0,64.0,PM25,SEDANG,ispu_2024-2025.xls,,
2025-10-27,DKI3,35.0,55.0,59.0,11.0,21.0,38.0,59.0,SO2,SEDANG,ispu_2024-2025.xls,,
2025-10-28,DKI3,54.0,61.0,59.0,16.0,18.0,52.0,61.0,PM25,SEDANG,ispu_2024-2025.xls,,
2025-10-29,DKI3,54.0,69.0,60.0,11.0,21.0,42.0,69.0,PM25,SEDANG,ispu_2024-2025.xls,,
2025-10-30,DKI3,54.0,73.0,59.0,15.0,20.0,36.0,73.0,PM25,SEDANG,ispu_2024-2025.xls,,
2025-10-31,DKI3,35.0,61.0,60.0,15.0,19.0,61.0,61.0,PM25,SEDANG,ispu_2024-2025.xls,,
2025-11-01,DKI3,35.0,59.0,60.0,12.0,22.0,46.0,60.0,SO2,SEDANG,ispu_2024-2025.xls,,
2025-11-02,DKI3,31.0,58.0,60.0,8.0,23.0,23.0,60.0,SO2,SEDANG,ispu_2024-2025.xls,,
2025-11-03,DKI3,44.0,69.0,60.0,14.0,17.0,39.0,69.0,PM25,SEDANG,ispu_2024-2025.xls,,
2025-11-04,DKI3,51.0,72.0,61.0,16.0,13.0,59.0,72.0,PM25,SEDANG,ispu_2024-2025.xls,,
2025-11-05,DKI3,50.0,74.0,56.0,12.0,11.0,36.0,74.0,PM25,SEDANG,ispu_2024-2025.xls,,
2025-11-06,DKI3,21.0,36.0,19.0,4.0,14.0,11.0,36.0,PM25,BAIK,ispu_2024-2025.xls,,
2025-11-07,DKI3,36.0,55.0,18.0,8.0,11.0,29.0,55.0,PM25,SEDANG,ispu_2024-2025.xls,,
2025-11-08,DKI3,15.0,31.0,18.0,4.0,12.0,9.0,31.0,PM25,BAIK,ispu_2024-2025.xls,,
2025-11-09,DKI3,26.0,43.0,19.0,8.0,12.0,37.0,43.0,PM25,BAIK,ispu_2024-2025.xls,,
2025-11-10,DKI3,33.0,57.0,19.0,7.0,12.0,25.0,57.0,PM25,SEDANG,ispu_2024-2025.xls,,
2025-11-11,DKI3,20.0,33.0,19.0,4.0,14.0,10.0,33.0,PM25,BAIK,ispu_2024-2025.xls,,
2025-11-12,DKI3,19.0,34.0,19.0,4.0,11.0,15.0,34.0,PM25,BAIK,ispu_2024-2025.xls,,
2025-11-13,DKI3,27.0,55.0,20.0,7.0,10.0,22.0,55.0,PM25,SEDANG,ispu_2024-2025.xls,,
2025-11-14,DKI3,23.0,40.0,27.0,4.0,11.0,13.0,40.0,PM25,BAIK,ispu_2024-2025.xls,,
2025-11-15,DKI3,27.0,54.0,55.0,9.0,15.0,34.0,55.0,SO2,SEDANG,ispu_2024-2025.xls,,
2025-11-16,DKI3,24.0,53.0,55.0,6.0,15.0,17.0,55.0,SO2,SEDANG,ispu_2024-2025.xls,,
2025-11-17,DKI3,21.0,41.0,55.0,5.0,11.0,11.0,55.0,SO2,SEDANG,ispu_2024-2025.xls,,
2025-11-18,DKI3,27.0,68.0,53.0,10.0,8.0,38.0,68.0,PM25,SEDANG,ispu_2024-2025.xls,,
2025-11-19,DKI3,33.0,61.0,54.0,21.0,15.0,94.0,94.0,NO2,SEDANG,ispu_2024-2025.xls,,
2025-11-20,DKI3,31.0,55.0,53.0,10.0,11.0,38.0,55.0,PM25,SEDANG,ispu_2024-2025.xls,,
2025-11-21,DKI3,18.0,36.0,54.0,5.0,14.0,18.0,54.0,SO2,SEDANG,ispu_2024-2025.xls,,
2025-11-22,DKI3,25.0,61.0,54.0,9.0,17.0,37.0,61.0,PM25,SEDANG,ispu_2024-2025.xls,,
2025-11-23,DKI3,37.0,63.0,53.0,11.0,11.0,39.0,63.0,PM25,SEDANG,ispu_2024-2025.xls,,
2025-11-24,DKI3,,,,,,,0.0,,TIDAK ADA DATA,ispu_2024-2025.xls,,
2025-11-25,DKI3,29.0,62.0,53.0,8.0,14.0,32.0,62.0,PM25,SEDANG,ispu_2024-2025.xls,,
2025-11-26,DKI3,32.0,63.0,53.0,8.0,13.0,33.0,63.0,PM25,SEDANG,ispu_2024-2025.xls,,
2025-11-27,DKI3,24.0,56.0,53.0,6.0,15.0,21.0,56.0,PM25,SEDANG,ispu_2024-2025.xls,,
2025-11-28,DKI3,23.0,56.0,54.0,,20.0,57.0,57.0,NO2,SEDANG,ispu_2024-2025.xls,,
2025-11-29,DKI3,25.0,61.0,55.0,8.0,20.0,65.0,65.0,NO2,SEDANG,ispu_2024-2025.xls,,
2025-11-30,DKI3,38.0,68.0,54.0,12.0,19.0,79.0,79.0,NO2,SEDANG,ispu_2024-2025.xls,,
2019-01-01,DKI4,16.0,,7.0,6.0,24.0,3.0,24.0,O3,BAIK,spku_2019.csv,,
2019-01-02,DKI4,17.0,,7.0,5.0,25.0,4.0,25.0,O3,BAIK,spku_2019.csv,,
2019-01-03,DKI4,15.0,,7.0,5.0,26.0,4.0,26.0,O3,BAIK,spku_2019.csv,,
2019-01-04,DKI4,32.0,,8.0,9.0,48.0,8.0,48.0,O3,BAIK,spku_2019.csv,,
2019-01-05,DKI4,50.0,,9.0,10.0,51.0,8.0,51.0,O3,SEDANG,spku_2019.csv,,
2019-01-06,DKI4,61.0,,11.0,22.0,93.0,11.0,93.0,O3,SEDANG,spku_2019.csv,,
2019-01-07,DKI4,70.0,,17.0,16.0,62.0,11.0,70.0,PM10,SEDANG,spku_2019.csv,,
2019-01-08,DKI4,51.0,,22.0,11.0,84.0,15.0,84.0,O3,SEDANG,spku_2019.csv,,
2019-01-09,DKI4,,,,,,,0.0,-,TIDAK ADA DATA,spku_2019.csv,,
2019-01-10,DKI4,59.0,,22.0,27.0,,12.0,59.0,PM10,SEDANG,spku_2019.csv,,
2019-01-11,DKI4,55.0,,23.0,28.0,,10.0,55.0,PM10,SEDANG,spku_2019.csv,,
2019-01-12,DKI4,57.0,,26.0,17.0,45.0,10.0,57.0,PM10,SEDANG,spku_2019.csv,,
2019-01-13,DKI4,61.0,,24.0,15.0,55.0,11.0,61.0,PM10,SEDANG,spku_2019.csv,,
2019-01-14,DKI4,54.0,,25.0,20.0,30.0,11.0,54.0,PM10,SEDANG,spku_2019.csv,,
2019-01-15,DKI4,47.0,,27.0,15.0,44.0,10.0,47.0,PM10,BAIK,spku_2019.csv,,
2019-01-16,DKI4,27.0,,23.0,8.0,26.0,5.0,27.0,PM10,BAIK,spku_2019.csv,,
2019-01-17,DKI4,33.0,,23.0,14.0,15.0,9.0,33.0,PM10,BAIK,spku_2019.csv,,
2019-01-18,DKI4,25.0,,23.0,7.0,18.0,5.0,25.0,PM10,BAIK,spku_2019.csv,,
2019-01-19,DKI4,38.0,,24.0,10.0,20.0,7.0,38.0,PM10,BAIK,spku_2019.csv,,
2019-01-20,DKI4,52.0,,26.0,32.0,28.0,11.0,52.0,PM10,SEDANG,spku_2019.csv,,
2019-01-21,DKI4,47.0,,24.0,15.0,37.0,9.0,47.0,PM10,BAIK,spku_2019.csv,,
2019-01-22,DKI4,31.0,,24.0,14.0,38.0,9.0,38.0,O3,BAIK,spku_2019.csv,,
2019-01-23,DKI4,46.0,,23.0,23.0,32.0,9.0,46.0,PM10,BAIK,spku_2019.csv,,
2019-01-24,DKI4,39.0,,19.0,19.0,33.0,10.0,39.0,PM10,BAIK,spku_2019.csv,,
2019-01-25,DKI4,26.0,,15.0,23.0,27.0,7.0,27.0,O3,BAIK,spku_2019.csv,,
2019-01-26,DKI4,43.0,,14.0,37.0,39.0,9.0,43.0,PM10,BAIK,spku_2019.csv,,
2019-01-27,DKI4,40.0,,13.0,49.0,33.0,8.0,49.0,CO,BAIK,spku_2019.csv,,
2019-01-28,DKI4,32.0,,20.0,28.0,28.0,8.0,32.0,PM10,BAIK,spku_2019.csv,,
2019-01-29,DKI4,33.0,,19.0,33.0,27.0,8.0,33.0,PM10,BAIK,spku_2019.csv,,
2019-01-30,DKI4,32.0,,21.0,21.0,31.0,9.0,32.0,PM10,BAIK,spku_2019.csv,,
2019-01-31,DKI4,24.0,,19.0,15.0,36.0,8.0,36.0,O3,BAIK,spku_2019.csv,,
2019-02-01,DKI4,39.0,,19.0,31.0,48.0,7.0,48.0,O3,BAIK,spku_2019.csv,,
2019-02-02,DKI4,49.0,,20.0,46.0,54.0,9.0,54.0,O3,SEDANG,spku_2019.csv,,
2019-02-03,DKI4,64.0,,20.0,34.0,46.0,6.0,64.0,PM10,SEDANG,spku_2019.csv,,
2019-02-04,DKI4,47.0,,19.0,23.0,37.0,5.0,47.0,PM10,BAIK,spku_2019.csv,,
2019-02-05,DKI4,43.0,,19.0,29.0,36.0,6.0,43.0,PM10,BAIK,spku_2019.csv,,
2019-02-06,DKI4,36.0,,20.0,17.0,41.0,6.0,41.0,O3,BAIK,spku_2019.csv,,
2019-02-07,DKI4,57.0,,21.0,24.0,35.0,7.0,57.0,PM10,SEDANG,spku_2019.csv,,
2019-02-08,DKI4,53.0,,23.0,19.0,79.0,10.0,79.0,O3,SEDANG,spku_2019.csv,,
2019-02-09,DKI4,55.0,,21.0,25.0,52.0,8.0,55.0,PM10,SEDANG,spku_2019.csv,,
2019-02-10,DKI4,,,,,,,0.0, ,TIDAK ADA DATA,spku_2019.csv,,
2019-02-11,DKI4,,,,,,,0.0, ,TIDAK ADA DATA,spku_2019.csv,,
2019-02-12,DKI4,51.0,,20.0,25.0,50.0,7.0,51.0,PM10,SEDANG,spku_2019.csv,,
2019-02-13,DKI4,63.0,,21.0,26.0,34.0,9.0,63.0,PM10,SEDANG,spku_2019.csv,,
2019-02-14,DKI4,73.0,,20.0,36.0,59.0,10.0,73.0,PM10,SEDANG,spku_2019.csv,,
2019-02-15,DKI4,54.0,,20.0,15.0,39.0,7.0,54.0,PM10,SEDANG,spku_2019.csv,,
2019-02-16,DKI4,27.0,,20.0,11.0,72.0,10.0,72.0,O3,SEDANG,spku_2019.csv,,
2019-02-17,DKI4,32.0,,20.0,20.0,65.0,12.0,65.0,O3,SEDANG,spku_2019.csv,,
2019-02-18,DKI4,47.0,,20.0,31.0,72.0,9.0,72.0,O3,SEDANG,spku_2019.csv,,
2019-02-19,DKI4,72.0,,23.0,30.0,78.0,12.0,78.0,O3,SEDANG,spku_2019.csv,,
2019-02-20,DKI4,63.0,,22.0,22.0,70.0,12.0,70.0,O3,SEDANG,spku_2019.csv,,
2019-02-21,DKI4,55.0,,21.0,25.0,61.0,8.0,61.0,O3,SEDANG,spku_2019.csv,,
2019-02-22,DKI4,56.0,,20.0,34.0,40.0,12.0,56.0,PM10,SEDANG,spku_2019.csv,,
2019-02-23,DKI4,33.0,,20.0,14.0,100.0,9.0,100.0,O3,SEDANG,spku_2019.csv,,
2019-02-24,DKI4,51.0,,20.0,27.0,86.0,8.0,86.0,O3,SEDANG,spku_2019.csv,,
2019-02-25,DKI4,54.0,,20.0,23.0,78.0,9.0,78.0,O3,SEDANG,spku_2019.csv,,
2019-02-26,DKI4,61.0,,22.0,18.0,52.0,7.0,61.0,PM10,SEDANG,spku_2019.csv,,
2019-02-27,DKI4,64.0,,21.0,17.0,45.0,7.0,64.0,PM10,SEDANG,spku_2019.csv,,
2019-02-28,DKI4,36.0,,21.0,16.0,27.0,7.0,36.0,PM10,BAIK,spku_2019.csv,,
2019-03-01,DKI4,,,,,,,0.0, ,TIDAK ADA DATA,spku_2019.csv,,
2019-03-02,DKI4,34.0,,20.0,18.0,48.0,8.0,48.0,O3,BAIK,spku_2019.csv,,
2019-03-03,DKI4,35.0,,20.0,12.0,74.0,8.0,74.0,O3,SEDANG,spku_2019.csv,,
2019-03-04,DKI4,45.0,,21.0,26.0,73.0,9.0,73.0,O3,SEDANG,spku_2019.csv,,
2019-03-05,DKI4,33.0,,20.0,17.0,73.0,9.0,73.0,O3,SEDANG,spku_2019.csv,,
2019-03-06,DKI4,34.0,,21.0,23.0,42.0,12.0,42.0,O3,BAIK,spku_2019.csv,,
2019-03-07,DKI4,45.0,,21.0,23.0,79.0,9.0,79.0,O3,SEDANG,spku_2019.csv,,
2019-03-08,DKI4,76.0,,22.0,40.0,75.0,13.0,76.0,PM10,SEDANG,spku_2019.csv,,
2019-03-09,DKI4,63.0,,22.0,24.0,100.0,12.0,100.0,O3,SEDANG,spku_2019.csv,,
2019-03-10,DKI4,50.0,,21.0,23.0,49.0,15.0,50.0,PM10,BAIK,spku_2019.csv,,
2019-03-11,DKI4,52.0,,21.0,19.0,30.0,8.0,52.0,PM10,SEDANG,spku_2019.csv,,
2019-03-12,DKI4,32.0,,20.0,13.0,26.0,9.0,32.0,PM10,BAIK,spku_2019.csv,,
2019-03-13,DKI4,49.0,,21.0,17.0,66.0,8.0,66.0,O3,SEDANG,spku_2019.csv,,
2019-03-14,DKI4,58.0,,22.0,35.0,92.0,11.0,92.0,O3,SEDANG,spku_2019.csv,,
2019-03-15,DKI4,68.0,,23.0,22.0,77.0,12.0,77.0,O3,SEDANG,spku_2019.csv,,
2019-03-16,DKI4,56.0,,20.0,19.0,46.0,8.0,56.0,PM10,SEDANG,spku_2019.csv,,
2019-03-17,DKI4,33.0,,21.0,13.0,29.0,5.0,33.0,PM10,BAIK,spku_2019.csv,,
2019-03-18,DKI4,35.0,,21.0,13.0,34.0,5.0,35.0,PM10,BAIK,spku_2019.csv,,
2019-03-19,DKI4,,,20.0,17.0,13.0,6.0,20.0,SO2,BAIK,spku_2019.csv,,
2019-03-20,DKI4,38.0,,20.0,9.0,37.0,3.0,38.0,PM10,BAIK,spku_2019.csv,,
2019-03-21,DKI4,50.0,,21.0,21.0,32.0,7.0,50.0,PM10,BAIK,spku_2019.csv,,
2019-03-22,DKI4,32.0,,20.0,24.0,38.0,4.0,38.0,O3,BAIK,spku_2019.csv,,
2019-03-23,DKI4,25.0,,20.0,8.0,25.0,3.0,25.0,PM10,BAIK,spku_2019.csv,,
2019-03-24,DKI4,31.0,,20.0,5.0,20.0,2.0,31.0,PM10,BAIK,spku_2019.csv,,
2019-03-25,DKI4,34.0,,20.0,11.0,30.0,7.0,34.0,PM10,BAIK,spku_2019.csv,,
2019-03-26,DKI4,63.0,,21.0,36.0,60.0,10.0,63.0,PM10,SEDANG,spku_2019.csv,,
2019-03-27,DKI4,57.0,,22.0,17.0,83.0,10.0,83.0,O3,SEDANG,spku_2019.csv,,
2019-03-28,DKI4,40.0,,21.0,17.0,61.0,15.0,61.0,O3,SEDANG,spku_2019.csv,,
2019-03-29,DKI4,62.0,,24.0,10.0,63.0,9.0,63.0,O3,SEDANG,spku_2019.csv,,
2019-03-30,DKI4,51.0,,24.0,,77.0,9.0,77.0,O3,SEDANG,spku_2019.csv,,
2019-03-31,DKI4,62.0,,23.0,24.0,83.0,9.0,83.0,O3,SEDANG,spku_2019.csv,,
2019-04-01,DKI4,59.0,,21.0,37.0,93.0,10.0,93.0,O3,SEDANG,spku_2019.csv,,
2019-04-02,DKI4,58.0,,21.0,34.0,76.0,12.0,76.0,O3,SEDANG,spku_2019.csv,,
2019-04-03,DKI4,59.0,,21.0,31.0,56.0,9.0,59.0,PM10,SEDANG,spku_2019.csv,,
2019-04-04,DKI4,58.0,,21.0,23.0,71.0,8.0,71.0,O3,SEDANG,spku_2019.csv,,
2019-04-05,DKI4,57.0,,25.0,12.0,49.0,11.0,57.0,PM10,SEDANG,spku_2019.csv,,
2019-04-06,DKI4,48.0,,21.0,,96.0,9.0,96.0,O3,SEDANG,spku_2019.csv,,
2019-04-07,DKI4,60.0,,21.0,,62.0,10.0,62.0,O3,SEDANG,spku_2019.csv,,
2019-04-08,DKI4,53.0,,22.0,,127.0,11.0,127.0,O3,TIDAK SEHAT,spku_2019.csv,,
2019-04-09,DKI4,60.0,,25.0,,86.0,18.0,86.0,O3,SEDANG,spku_2019.csv,,
2019-04-10,DKI4,82.0,,25.0,31.0,118.0,19.0,118.0,O3,TIDAK SEHAT,spku_2019.csv,,
2019-04-11,DKI4,54.0,,22.0,20.0,125.0,8.0,125.0,O3,TIDAK SEHAT,spku_2019.csv,,
2019-04-12,DKI4,50.0,,22.0,38.0,46.0,8.0,50.0,PM10,BAIK,spku_2019.csv,,
2019-04-13,DKI4,44.0,,21.0,42.0,55.0,9.0,55.0,O3,SEDANG,spku_2019.csv,,
2019-04-14,DKI4,45.0,,22.0,37.0,91.0,9.0,91.0,O3,SEDANG,spku_2019.csv,,
2019-04-15,DKI4,64.0,,22.0,39.0,83.0,10.0,83.0,O3,SEDANG,spku_2019.csv,,
2019-04-16,DKI4,62.0,,22.0,43.0,109.0,11.0,109.0,O3,TIDAK SEHAT,spku_2019.csv,,
2019-04-17,DKI4,60.0,,22.0,27.0,80.0,9.0,80.0,O3,SEDANG,spku_2019.csv,,
2019-04-18,DKI4,73.0,,21.0,16.0,66.0,8.0,73.0,PM10,SEDANG,spku_2019.csv,,
2019-04-19,DKI4,60.0,,22.0,13.0,31.0,5.0,60.0,PM10,SEDANG,spku_2019.csv,,
2019-04-20,DKI4,33.0,,21.0,,66.0,5.0,66.0,O3,SEDANG,spku_2019.csv,,
2019-04-21,DKI4,58.0,,22.0,12.0,49.0,4.0,58.0,PM10,SEDANG,spku_2019.csv,,
2019-04-22,DKI4,58.0,,23.0,,49.0,6.0,58.0,PM10,SEDANG,spku_2019.csv,,
2019-04-23,DKI4,63.0,,24.0,,39.0,7.0,63.0,PM10,SEDANG,spku_2019.csv,,
2019-04-24,DKI4,41.0,,22.0,12.0,30.0,6.0,41.0,PM10,BAIK,spku_2019.csv,,
2019-04-25,DKI4,59.0,,22.0,22.0,60.0,9.0,60.0,O3,SEDANG,spku_2019.csv,,
2019-04-26,DKI4,34.0,,21.0,12.0,98.0,7.0,98.0,O3,SEDANG,spku_2019.csv,,
2019-04-27,DKI4,48.0,,21.0,14.0,45.0,8.0,48.0,PM10,BAIK,spku_2019.csv,,
2019-04-28,DKI4,59.0,,22.0,22.0,45.0,8.0,59.0,PM10,SEDANG,spku_2019.csv,,
2019-04-29,DKI4,56.0,,22.0,,75.0,8.0,75.0,O3,SEDANG,spku_2019.csv,,
2019-04-30,DKI4,46.0,,22.0,,61.0,8.0,61.0,O3,SEDANG,spku_2019.csv,,
2019-05-01,DKI4,41.0,,21.0,26.0,,9.0,41.0,PM10,BAIK,spku_2019.csv,,
2019-05-02,DKI4,,,,,,,0.0, ,TIDAK ADA DATA,spku_2019.csv,,
2019-05-03,DKI4,50.0,,26.0,13.0,90.0,7.0,90.0,O3,SEDANG,spku_2019.csv,,
2019-05-04,DKI4,57.0,,22.0,21.0,,6.0,57.0,PM10,SEDANG,spku_2019.csv,,
2019-05-05,DKI4,47.0,,22.0,25.0,70.0,8.0,70.0,O3,SEDANG,spku_2019.csv,,
2019-05-06,DKI4,,,,11.0,,,11.0,CO,BAIK,spku_2019.csv,,
2019-05-07,DKI4,,,,,,,0.0, ,TIDAK ADA DATA,spku_2019.csv,,
2019-05-08,DKI4,77.0,,23.0,52.0,72.0,13.0,77.0,PM10,SEDANG,spku_2019.csv,,
2019-05-09,DKI4,65.0,,23.0,32.0,68.0,16.0,68.0,O3,SEDANG,spku_2019.csv,,
2019-05-10,DKI4,52.0,,22.0,16.0,61.0,11.0,61.0,O3,SEDANG,spku_2019.csv,,
2019-05-11,DKI4,48.0,,21.0,21.0,,7.0,48.0,PM10,BAIK,spku_2019.csv,,
2019-05-12,DKI4,69.0,,22.0,16.0,76.0,6.0,76.0,O3,SEDANG,spku_2019.csv,,
2019-05-13,DKI4,57.0,,22.0,33.0,76.0,11.0,76.0,O3,SEDANG,spku_2019.csv,,
2019-05-14,DKI4,78.0,,23.0,22.0,55.0,10.0,78.0,PM10,SEDANG,spku_2019.csv,,
2019-05-15,DKI4,68.0,,24.0,15.0,59.0,8.0,68.0,PM10,SEDANG,spku_2019.csv,,
2019-05-16,DKI4,55.0,,22.0,22.0,88.0,15.0,88.0,O3,SEDANG,spku_2019.csv,,
2019-05-17,DKI4,56.0,,23.0,16.0,90.0,11.0,90.0,O3,SEDANG,spku_2019.csv,,
2019-05-18,DKI4,67.0,,25.0,23.0,83.0,10.0,83.0,O3,SEDANG,spku_2019.csv,,
2019-05-19,DKI4,86.0,,24.0,24.0,74.0,10.0,86.0,PM10,SEDANG,spku_2019.csv,,
2019-05-20,DKI4,82.0,,24.0,14.0,65.0,9.0,82.0,PM10,SEDANG,spku_2019.csv,,
2019-05-21,DKI4,79.0,,22.0,19.0,71.0,9.0,79.0,PM10,SEDANG,spku_2019.csv,,
2019-05-22,DKI4,67.0,,25.0,15.0,60.0,10.0,67.0,PM10,SEDANG,spku_2019.csv,,
2019-05-23,DKI4,67.0,,23.0,17.0,56.0,9.0,67.0,PM10,SEDANG,spku_2019.csv,,
2019-05-24,DKI4,64.0,,26.0,16.0,40.0,11.0,64.0,PM10,SEDANG,spku_2019.csv,,
2019-05-25,DKI4,74.0,,25.0,23.0,59.0,8.0,74.0,PM10,SEDANG,spku_2019.csv,,
2019-05-26,DKI4,78.0,,24.0,20.0,58.0,8.0,78.0,PM10,SEDANG,spku_2019.csv,,
2019-05-27,DKI4,86.0,,24.0,20.0,67.0,9.0,86.0,PM10,SEDANG,spku_2019.csv,,
2019-05-28,DKI4,62.0,,25.0,12.0,49.0,9.0,62.0,PM10,SEDANG,spku_2019.csv,,
2019-05-29,DKI4,56.0,,25.0,13.0,60.0,9.0,60.0,O3,SEDANG,spku_2019.csv,,
2019-05-30,DKI4,53.0,,23.0,16.0,59.0,9.0,59.0,O3,SEDANG,spku_2019.csv,,
2019-05-31,DKI4,60.0,,23.0,16.0,62.0,7.0,62.0,O3,SEDANG,spku_2019.csv,,
2019-06-01,DKI4,53.0,,23.0,13.0,71.0,7.0,71.0,O3,SEDANG,spku_2019.csv,,
2019-06-02,DKI4,56.0,,23.0,15.0,82.0,7.0,82.0,O3,SEDANG,spku_2019.csv,,
2019-06-03,DKI4,53.0,,23.0,17.0,69.0,8.0,69.0,O3,SEDANG,spku_2019.csv,,
2019-06-04,DKI4,71.0,,24.0,19.0,71.0,10.0,71.0,PM10,SEDANG,spku_2019.csv,,
2019-06-05,DKI4,82.0,,25.0,26.0,56.0,12.0,82.0,PM10,SEDANG,spku_2019.csv,,
2019-06-06,DKI4,51.0,,23.0,7.0,55.0,5.0,55.0,O3,SEDANG,spku_2019.csv,,
2019-06-07,DKI4,45.0,,24.0,6.0,54.0,5.0,54.0,O3,SEDANG,spku_2019.csv,,
2019-06-08,DKI4,50.0,,22.0,9.0,65.0,9.0,65.0,O3,SEDANG,spku_2019.csv,,
2019-06-09,DKI4,48.0,,23.0,14.0,85.0,11.0,85.0,O3,SEDANG,spku_2019.csv,,
2019-06-10,DKI4,57.0,,23.0,15.0,68.0,9.0,68.0,O3,SEDANG,spku_2019.csv,,
2019-06-11,DKI4,56.0,,24.0,19.0,104.0,10.0,104.0,O3,TIDAK SEHAT,spku_2019.csv,,
2019-06-12,DKI4,57.0,,24.0,18.0,89.0,11.0,89.0,O3,SEDANG,spku_2019.csv,,
2019-06-13,DKI4,79.0,,24.0,23.0,148.0,12.0,148.0,O3,TIDAK SEHAT,spku_2019.csv,,
2019-06-14,DKI4,73.0,,25.0,18.0,71.0,9.0,73.0,PM10,SEDANG,spku_2019.csv,,
2019-06-15,DKI4,52.0,,24.0,18.0,90.0,11.0,90.0,O3,SEDANG,spku_2019.csv,,
2019-06-16,DKI4,61.0,,24.0,15.0,91.0,7.0,91.0,O3,SEDANG,spku_2019.csv,,
2019-06-17,DKI4,75.0,,25.0,17.0,72.0,11.0,75.0,PM10,SEDANG,spku_2019.csv,,
2019-06-18,DKI4,62.0,,27.0,9.0,59.0,11.0,62.0,PM10,SEDANG,spku_2019.csv,,
2019-06-19,DKI4,70.0,,26.0,19.0,89.0,12.0,89.0,O3,SEDANG,spku_2019.csv,,
2019-06-20,DKI4,84.0,,25.0,27.0,88.0,12.0,88.0,O3,SEDANG,spku_2019.csv,,
2019-06-21,DKI4,75.0,,27.0,13.0,97.0,11.0,97.0,O3,SEDANG,spku_2019.csv,,
2019-06-22,DKI4,74.0,,28.0,18.0,133.0,10.0,133.0,O3,TIDAK SEHAT,spku_2019.csv,,
2019-06-23,DKI4,69.0,,26.0,18.0,81.0,12.0,81.0,O3,SEDANG,spku_2019.csv,,
2019-06-24,DKI4,72.0,,27.0,17.0,90.0,8.0,90.0,O3,SEDANG,spku_2019.csv,,
2019-06-25,DKI4,84.0,,26.0,20.0,82.0,14.0,84.0,PM10,SEDANG,spku_2019.csv,,
2019-06-26,DKI4,73.0,,27.0,19.0,67.0,11.0,73.0,PM10,SEDANG,spku_2019.csv,,
2019-06-27,DKI4,65.0,,26.0,25.0,116.0,17.0,116.0,O3,TIDAK SEHAT,spku_2019.csv,,
2019-06-28,DKI4,69.0,,29.0,17.0,82.0,17.0,82.0,O3,SEDANG,spku_2019.csv,,
2019-06-29,DKI4,62.0,,29.0,14.0,85.0,9.0,85.0,O3,SEDANG,spku_2019.csv,,
2019-06-30,DKI4,64.0,,27.0,15.0,83.0,8.0,83.0,O3,SEDANG,spku_2019.csv,,
2019-07-01,DKI4,64.0,,26.0,12.0,96.0,12.0,96.0,O3,SEDANG,spku_2019.csv,,
2019-07-02,DKI4,71.0,,26.0,13.0,88.0,11.0,88.0,O3,SEDANG,spku_2019.csv,,
2019-07-03,DKI4,63.0,,28.0,15.0,77.0,10.0,77.0,O3,SEDANG,spku_2019.csv,,
2019-07-04,DKI4,77.0,,25.0,14.0,60.0,9.0,77.0,PM10,SEDANG,spku_2019.csv,,
2019-07-05,DKI4,67.0,,26.0,15.0,75.0,10.0,75.0,O3,SEDANG,spku_2019.csv,,
2019-07-06,DKI4,61.0,,26.0,13.0,69.0,13.0,69.0,O3,SEDANG,spku_2019.csv,,
2019-07-07,DKI4,55.0,,26.0,6.0,51.0,6.0,55.0,PM10,SEDANG,spku_2019.csv,,
2019-07-08,DKI4,55.0,,27.0,8.0,72.0,6.0,72.0,O3,SEDANG,spku_2019.csv,,
2019-07-09,DKI4,69.0,,26.0,13.0,82.0,18.0,82.0,O3,SEDANG,spku_2019.csv,,
2019-07-10,DKI4,64.0,,31.0,11.0,85.0,15.0,85.0,O3,SEDANG,spku_2019.csv,,
2019-07-11,DKI4,71.0,,28.0,16.0,52.0,12.0,71.0,PM10,SEDANG,spku_2019.csv,,
2019-07-12,DKI4,67.0,,28.0,17.0,60.0,13.0,67.0,PM10,SEDANG,spku_2019.csv,,
2019-07-13,DKI4,57.0,,27.0,11.0,163.0,9.0,163.0,O3,TIDAK SEHAT,spku_2019.csv,,
2019-07-14,DKI4,80.0,,29.0,16.0,160.0,9.0,160.0,O3,TIDAK SEHAT,spku_2019.csv,,
2019-07-15,DKI4,65.0,,26.0,13.0,62.0,9.0,65.0,PM10,SEDANG,spku_2019.csv,,
2019-07-16,DKI4,76.0,,27.0,16.0,92.0,12.0,92.0,O3,SEDANG,spku_2019.csv,,
2019-07-17,DKI4,59.0,,27.0,11.0,91.0,12.0,91.0,O3,SEDANG,spku_2019.csv,,
2019-07-18,DKI4,64.0,,27.0,15.0,69.0,9.0,69.0,O3,SEDANG,spku_2019.csv,,
2019-07-19,DKI4,63.0,,28.0,16.0,46.0,12.0,63.0,PM10,SEDANG,spku_2019.csv,,
2019-07-20,DKI4,64.0,,27.0,13.0,78.0,9.0,78.0,O3,SEDANG,spku_2019.csv,,
2019-07-21,DKI4,60.0,,27.0,10.0,86.0,5.0,86.0,O3,SEDANG,spku_2019.csv,,
2019-07-22,DKI4,61.0,,25.0,14.0,104.0,7.0,104.0,O3,TIDAK SEHAT,spku_2019.csv,,
2019-07-23,DKI4,83.0,,28.0,20.0,77.0,12.0,83.0,PM10,SEDANG,spku_2019.csv,,
2019-07-24,DKI4,72.0,,28.0,12.0,,8.0,72.0,PM10,SEDANG,spku_2019.csv,,
2019-07-25,DKI4,69.0,,28.0,17.0,,10.0,69.0,PM10,SEDANG,spku_2019.csv,,
2019-07-26,DKI4,69.0,,28.0,9.0,65.0,10.0,69.0,PM10,SEDANG,spku_2019.csv,,
2019-07-27,DKI4,66.0,,27.0,9.0,79.0,8.0,79.0,O3,SEDANG,spku_2019.csv,,
2019-07-28,DKI4,90.0,,27.0,14.0,115.0,9.0,115.0,O3,TIDAK SEHAT,spku_2019.csv,,
2019-07-29,DKI4,74.0,,27.0,13.0,100.0,10.0,100.0,O3,SEDANG,spku_2019.csv,,
2019-07-30,DKI4,83.0,,27.0,23.0,75.0,10.0,83.0,PM10,SEDANG,spku_2019.csv,,
2019-07-31,DKI4,68.0,,28.0,13.0,77.0,10.0,77.0,O3,SEDANG,spku_2019.csv,,
2019-08-01,DKI4,58.0,,27.0,10.0,70.0,6.0,70.0,O3,SEDANG,spku_2019.csv,,
2019-08-02,DKI4,67.0,,28.0,10.0,81.0,8.0,81.0,O3,SEDANG,spku_2019.csv,,
2019-08-03,DKI4,66.0,,28.0,10.0,80.0,7.0,80.0,O3,SEDANG,spku_2019.csv,,
2019-08-04,DKI4,67.0,,27.0,8.0,61.0,8.0,67.0,PM10,SEDANG,spku_2019.csv,,
2019-08-05,DKI4,56.0,,28.0,,117.0,,117.0,O3,TIDAK SEHAT,spku_2019.csv,,
2019-08-06,DKI4,57.0,,29.0,8.0,118.0,9.0,118.0,O3,TIDAK SEHAT,spku_2019.csv,,
2019-08-07,DKI4,72.0,,28.0,11.0,74.0,11.0,74.0,O3,SEDANG,spku_2019.csv,,
2019-08-08,DKI4,68.0,,,12.0,76.0,10.0,76.0,O3,SEDANG,spku_2019.csv,,
2019-08-09,DKI4,65.0,,29.0,12.0,71.0,8.0,71.0,O3,SEDANG,spku_2019.csv,,
2019-08-10,DKI4,69.0,,29.0,20.0,76.0,9.0,76.0,O3,SEDANG,spku_2019.csv,,
2019-08-11,DKI4,59.0,,27.0,9.0,58.0,6.0,59.0,PM10,SEDANG,spku_2019.csv,,
2019-08-12,DKI4,59.0,,27.0,9.0,57.0,9.0,59.0,PM10,SEDANG,spku_2019.csv,,
2019-08-13,DKI4,66.0,,29.0,10.0,53.0,8.0,66.0,PM10,SEDANG,spku_2019.csv,,
2019-08-14,DKI4,55.0,,28.0,7.0,62.0,6.0,62.0,O3,SEDANG,spku_2019.csv,,
2019-08-15,DKI4,69.0,,28.0,9.0,102.0,6.0,102.0,O3,TIDAK SEHAT,spku_2019.csv,,
2019-08-16,DKI4,88.0,,28.0,20.0,99.0,11.0,99.0,O3,SEDANG,spku_2019.csv,,
2019-08-17,DKI4,56.0,,27.0,6.0,86.0,6.0,86.0,O3,SEDANG,spku_2019.csv,,
2019-08-18,DKI4,65.0,,27.0,11.0,71.0,5.0,71.0,O3,SEDANG,spku_2019.csv,,
2019-08-19,DKI4,,,29.0,14.0,185.0,7.0,185.0,O3,TIDAK SEHAT,spku_2019.csv,,
2019-08-20,DKI4,65.0,,31.0,10.0,139.0,13.0,139.0,O3,TIDAK SEHAT,spku_2019.csv,,
2019-08-21,DKI4,68.0,,30.0,10.0,53.0,8.0,68.0,PM10,SEDANG,spku_2019.csv,,
2019-08-22,DKI4,,,,,,,0.0, ,TIDAK ADA DATA,spku_2019.csv,,
2019-08-23,DKI4,81.0,,28.0,19.0,97.0,10.0,97.0,O3,SEDANG,spku_2019.csv,,
2019-08-24,DKI4,67.0,,28.0,11.0,103.0,6.0,103.0,O3,TIDAK SEHAT,spku_2019.csv,,
2019-08-25,DKI4,56.0,,29.0,11.0,110.0,5.0,110.0,O3,TIDAK SEHAT,spku_2019.csv,,
2019-08-26,DKI4,67.0,,30.0,10.0,123.0,5.0,123.0,O3,TIDAK SEHAT,spku_2019.csv,,
2019-08-27,DKI4,63.0,,29.0,9.0,80.0,7.0,80.0,O3,SEDANG,spku_2019.csv,,
2019-08-28,DKI4,69.0,,27.0,12.0,90.0,10.0,90.0,O3,SEDANG,spku_2019.csv,,
2019-08-29,DKI4,76.0,,28.0,22.0,80.0,8.0,80.0,O3,SEDANG,spku_2019.csv,,
2019-08-30,DKI4,63.0,,30.0,11.0,62.0,7.0,63.0,PM10,SEDANG,spku_2019.csv,,
2019-08-31,DKI4,66.0,,29.0,23.0,65.0,8.0,66.0,PM10,SEDANG,spku_2019.csv,,
2019-09-01,DKI4,,,,,,,0.0, ,TIDAK ADA DATA,spku_2019.csv,,
2019-09-02,DKI4,,,,,,,0.0, ,TIDAK ADA DATA,spku_2019.csv,,
2019-09-03,DKI4,67.0,,31.0,7.0,97.0,7.0,97.0,O3,SEDANG,spku_2019.csv,,
2019-09-04,DKI4,78.0,,30.0,11.0,110.0,6.0,110.0,O3,TIDAK SEHAT,spku_2019.csv,,
2019-09-05,DKI4,66.0,,30.0,9.0,107.0,7.0,107.0,O3,TIDAK SEHAT,spku_2019.csv,,
2019-09-06,DKI4,69.0,,30.0,12.0,93.0,13.0,93.0,O3,SEDANG,spku_2019.csv,,
2019-09-07,DKI4,71.0,,30.0,12.0,75.0,8.0,75.0,O3,SEDANG,spku_2019.csv,,
2019-09-08,DKI4,62.0,,31.0,8.0,70.0,7.0,70.0,O3,SEDANG,spku_2019.csv,,
2019-09-09,DKI4,67.0,,29.0,11.0,93.0,7.0,93.0,O3,SEDANG,spku_2019.csv,,
2019-09-10,DKI4,70.0,,30.0,7.0,70.0,6.0,70.0,PM10,SEDANG,spku_2019.csv,,
2019-09-11,DKI4,70.0,,32.0,17.0,91.0,10.0,91.0,O3,SEDANG,spku_2019.csv,,
2019-09-12,DKI4,74.0,,30.0,18.0,129.0,10.0,129.0,O3,TIDAK SEHAT,spku_2019.csv,,
2019-09-13,DKI4,84.0,,33.0,19.0,100.0,11.0,100.0,O3,SEDANG,spku_2019.csv,,
2019-09-14,DKI4,66.0,,32.0,14.0,108.0,9.0,108.0,O3,TIDAK SEHAT,spku_2019.csv,,
2019-09-15,DKI4,65.0,,31.0,8.0,70.0,9.0,70.0,O3,SEDANG,spku_2019.csv,,
2019-09-16,DKI4,61.0,,30.0,6.0,53.0,5.0,61.0,PM10,SEDANG,spku_2019.csv,,
2019-09-17,DKI4,66.0,,32.0,5.0,63.0,6.0,66.0,PM10,SEDANG,spku_2019.csv,,
2019-09-18,DKI4,63.0,,32.0,6.0,119.0,6.0,119.0,O3,TIDAK SEHAT,spku_2019.csv,,
2019-09-19,DKI4,63.0,,32.0,7.0,76.0,6.0,76.0,O3,SEDANG,spku_2019.csv,,
2019-09-20,DKI4,59.0,,31.0,6.0,71.0,6.0,71.0,O3,SEDANG,spku_2019.csv,,
2019-09-21,DKI4,57.0,,34.0,6.0,135.0,5.0,135.0,O3,TIDAK SEHAT,spku_2019.csv,,
2019-09-22,DKI4,67.0,,32.0,9.0,117.0,7.0,117.0,O3,TIDAK SEHAT,spku_2019.csv,,
2019-09-23,DKI4,68.0,,33.0,9.0,69.0,8.0,69.0,O3,SEDANG,spku_2019.csv,,
2019-09-24,DKI4,66.0,,32.0,7.0,70.0,6.0,70.0,O3,SEDANG,spku_2019.csv,,
2019-09-25,DKI4,,,,,,,0.0, ,TIDAK ADA DATA,spku_2019.csv,,
2019-09-26,DKI4,64.0,,31.0,7.0,68.0,7.0,68.0,O3,SEDANG,spku_2019.csv,,
2019-09-27,DKI4,62.0,,31.0,8.0,80.0,8.0,80.0,O3,SEDANG,spku_2019.csv,,
2019-09-28,DKI4,63.0,,33.0,6.0,82.0,7.0,82.0,O3,SEDANG,spku_2019.csv,,
2019-09-29,DKI4,75.0,,31.0,19.0,78.0,8.0,78.0,O3,SEDANG,spku_2019.csv,,
2019-09-30,DKI4,66.0,,31.0,9.0,76.0,8.0,76.0,O3,SEDANG,spku_2019.csv,,
2019-10-01,DKI4,134.0,,33.0,17.0,103.0,10.0,134.0,PM10,TIDAK SEHAT,spku_2019.csv,,
2019-10-02,DKI4,77.0,,34.0,8.0,115.0,9.0,115.0,O3,TIDAK SEHAT,spku_2019.csv,,
2019-10-03,DKI4,77.0,,31.0,8.0,78.0,8.0,78.0,O3,SEDANG,spku_2019.csv,,
2019-10-04,DKI4,71.0,,33.0,11.0,63.0,8.0,71.0,PM10,SEDANG,spku_2019.csv,,
2019-10-05,DKI4,73.0,,33.0,7.0,63.0,9.0,73.0,PM10,SEDANG,spku_2019.csv,,
2019-10-06,DKI4,56.0,,31.0,,83.0,5.0,83.0,O3,SEDANG,spku_2019.csv,,
2019-10-07,DKI4,67.0,,33.0,8.0,76.0,9.0,76.0,O3,SEDANG,spku_2019.csv,,
2019-10-08,DKI4,90.0,,34.0,9.0,84.0,10.0,90.0,PM10,SEDANG,spku_2019.csv,,
2019-10-09,DKI4,61.0,,31.0,,93.0,8.0,93.0,O3,SEDANG,spku_2019.csv,,
2019-10-10,DKI4,63.0,,32.0,9.0,94.0,9.0,94.0,O3,SEDANG,spku_2019.csv,,
2019-10-11,DKI4,71.0,,33.0,7.0,84.0,11.0,84.0,O3,SEDANG,spku_2019.csv,,
2019-10-12,DKI4,71.0,,33.0,,108.0,7.0,108.0,O3,TIDAK SEHAT,spku_2019.csv,,
2019-10-13,DKI4,63.0,,33.0,,96.0,9.0,96.0,O3,SEDANG,spku_2019.csv,,
2019-10-14,DKI4,79.0,,34.0,8.0,84.0,12.0,84.0,O3,SEDANG,spku_2019.csv,,
2019-10-15,DKI4,,,32.0,,,,32.0,SO2,BAIK,spku_2019.csv,,
2019-10-16,DKI4,70.0,,31.0,20.0,119.0,9.0,119.0,O3,TIDAK SEHAT,spku_2019.csv,,
2019-10-17,DKI4,58.0,,31.0,13.0,119.0,8.0,119.0,O3,TIDAK SEHAT,spku_2019.csv,,
2019-10-18,DKI4,60.0,,33.0,11.0,99.0,9.0,99.0,O3,SEDANG,spku_2019.csv,,
2019-10-19,DKI4,75.0,,32.0,14.0,62.0,9.0,75.0,PM10,SEDANG,spku_2019.csv,,
2019-10-20,DKI4,71.0,,32.0,24.0,89.0,6.0,89.0,O3,SEDANG,spku_2019.csv,,
2019-10-21,DKI4,67.0,,33.0,12.0,65.0,6.0,67.0,PM10,SEDANG,spku_2019.csv,,
2019-10-22,DKI4,61.0,,33.0,15.0,70.0,8.0,70.0,O3,SEDANG,spku_2019.csv,,
2019-10-23,DKI4,65.0,,33.0,20.0,88.0,9.0,88.0,O3,SEDANG,spku_2019.csv,,
2019-10-24,DKI4,73.0,,34.0,16.0,118.0,7.0,118.0,O3,TIDAK SEHAT,spku_2019.csv,,
2019-10-25,DKI4,65.0,,33.0,11.0,172.0,7.0,172.0,O3,TIDAK SEHAT,spku_2019.csv,,
2019-10-26,DKI4,61.0,,34.0,10.0,122.0,6.0,122.0,O3,TIDAK SEHAT,spku_2019.csv,,
2019-10-27,DKI4,76.0,,34.0,27.0,77.0,8.0,77.0,O3,SEDANG,spku_2019.csv,,
2019-10-28,DKI4,,,,,,,0.0, ,TIDAK ADA DATA,spku_2019.csv,,
2019-10-29,DKI4,85.0,,34.0,27.0,65.0,9.0,85.0,PM10,SEDANG,spku_2019.csv,,
2019-10-30,DKI4,58.0,,34.0,11.0,95.0,10.0,95.0,O3,SEDANG,spku_2019.csv,,
2019-10-31,DKI4,68.0,,35.0,16.0,82.0,14.0,82.0,O3,SEDANG,spku_2019.csv,,
2019-11-01,DKI4,48.0,,34.0,6.0,82.0,11.0,82.0,O3,SEDANG,spku_2019.csv,,
2019-11-02,DKI4,35.0,,32.0,17.0,54.0,11.0,54.0,O3,SEDANG,spku_2019.csv,,
2019-11-03,DKI4,47.0,,34.0,9.0,78.0,6.0,78.0,O3,SEDANG,spku_2019.csv,,
2019-11-04,DKI4,44.0,,34.0,9.0,93.0,8.0,93.0,O3,SEDANG,spku_2019.csv,,
2019-11-05,DKI4,56.0,,34.0,7.0,123.0,11.0,123.0,O3,TIDAK SEHAT,spku_2019.csv,,
2019-11-06,DKI4,56.0,,33.0,17.0,155.0,11.0,155.0,O3,TIDAK SEHAT,spku_2019.csv,,
2019-11-07,DKI4,60.0,,35.0,22.0,124.0,7.0,124.0,O3,TIDAK SEHAT,spku_2019.csv,,
2019-11-08,DKI4,72.0,,35.0,17.0,150.0,11.0,150.0,O3,TIDAK SEHAT,spku_2019.csv,,
2019-11-09,DKI4,67.0,,38.0,10.0,153.0,6.0,153.0,O3,TIDAK SEHAT,spku_2019.csv,,
2019-11-10,DKI4,70.0,,35.0,14.0,132.0,7.0,132.0,O3,TIDAK SEHAT,spku_2019.csv,,
2019-11-11,DKI4,65.0,,36.0,10.0,162.0,7.0,162.0,O3,TIDAK SEHAT,spku_2019.csv,,
2019-11-12,DKI4,,,,,,,0.0, ,TIDAK ADA DATA,spku_2019.csv,,
2019-11-13,DKI4,80.0,,35.0,29.0,75.0,14.0,80.0,PM10,SEDANG,spku_2019.csv,,
2019-11-14,DKI4,66.0,,34.0,32.0,60.0,6.0,66.0,PM10,SEDANG,spku_2019.csv,,
2019-11-15,DKI4,65.0,,37.0,19.0,94.0,6.0,94.0,O3,SEDANG,spku_2019.csv,,
2019-11-16,DKI4,56.0,,36.0,11.0,78.0,8.0,78.0,O3,SEDANG,spku_2019.csv,,
2019-11-17,DKI4,63.0,,35.0,13.0,100.0,7.0,100.0,O3,SEDANG,spku_2019.csv,,
2019-11-18,DKI4,36.0,,35.0,10.0,71.0,6.0,71.0,O3,SEDANG,spku_2019.csv,,
2019-11-19,DKI4,55.0,,35.0,8.0,56.0,4.0,56.0,O3,SEDANG,spku_2019.csv,,
2019-11-20,DKI4,,,,,,,0.0, ,TIDAK ADA DATA,spku_2019.csv,,
2019-11-21,DKI4,55.0,,36.0,6.0,89.0,4.0,89.0,O3,SEDANG,spku_2019.csv,,
2019-11-22,DKI4,52.0,,35.0,18.0,88.0,9.0,88.0,O3,SEDANG,spku_2019.csv,,
2019-11-23,DKI4,53.0,,36.0,14.0,100.0,11.0,100.0,O3,SEDANG,spku_2019.csv,,
2019-11-24,DKI4,59.0,,37.0,23.0,90.0,11.0,90.0,O3,SEDANG,spku_2019.csv,,
2019-11-25,DKI4,57.0,,36.0,14.0,93.0,7.0,93.0,O3,SEDANG,spku_2019.csv,,
2019-11-26,DKI4,67.0,,35.0,21.0,70.0,7.0,70.0,O3,SEDANG,spku_2019.csv,,
2019-11-27,DKI4,59.0,,34.0,38.0,53.0,10.0,59.0,PM10,SEDANG,spku_2019.csv,,
2019-11-28,DKI4,67.0,,36.0,26.0,89.0,9.0,89.0,O3,SEDANG,spku_2019.csv,,
2019-11-29,DKI4,53.0,,35.0,14.0,124.0,7.0,124.0,O3,TIDAK SEHAT,spku_2019.csv,,
2019-11-30,DKI4,,,34.0,16.0,111.0,8.0,111.0,O3,TIDAK SEHAT,spku_2019.csv,,
2019-12-01,DKI4,,,34.0,26.0,117.0,7.0,117.0,O3,TIDAK SEHAT,spku_2019.csv,,
2019-12-02,DKI4,,,35.0,9.0,116.0,5.0,116.0,O3,TIDAK SEHAT,spku_2019.csv,,
2019-12-03,DKI4,,,,,,,0.0, ,TIDAK ADA DATA,spku_2019.csv,,
2019-12-04,DKI4,60.0,,36.0,12.0,125.0,7.0,125.0,O3,TIDAK SEHAT,spku_2019.csv,,
2019-12-05,DKI4,38.0,,34.0,12.0,143.0,6.0,143.0,O3,TIDAK SEHAT,spku_2019.csv,,
2019-12-06,DKI4,61.0,,35.0,14.0,159.0,7.0,159.0,O3,TIDAK SEHAT,spku_2019.csv,,
2019-12-07,DKI4,45.0,,35.0,9.0,86.0,5.0,86.0,O3,SEDANG,spku_2019.csv,,
2019-12-08,DKI4,,,35.0,22.0,120.0,6.0,120.0,O3,TIDAK SEHAT,spku_2019.csv,,
2019-12-09,DKI4,51.0,,35.0,17.0,104.0,6.0,104.0,O3,TIDAK SEHAT,spku_2019.csv,,
2019-12-10,DKI4,,,35.0,14.0,91.0,7.0,91.0,O3,SEDANG,spku_2019.csv,,
2019-12-11,DKI4,,,37.0,27.0,160.0,9.0,160.0,O3,TIDAK SEHAT,spku_2019.csv,,
2019-12-12,DKI4,,,36.0,27.0,75.0,7.0,75.0,O3,SEDANG,spku_2019.csv,,
2019-12-13,DKI4,,,37.0,14.0,120.0,8.0,120.0,O3,TIDAK SEHAT,spku_2019.csv,,
2019-12-14,DKI4,,,37.0,13.0,88.0,13.0,88.0,O3,SEDANG,spku_2019.csv,,
2019-12-15,DKI4,63.0,,36.0,11.0,84.0,6.0,84.0,O3,SEDANG,spku_2019.csv,,
2019-12-16,DKI4,,,36.0,17.0,79.0,8.0,79.0,O3,SEDANG,spku_2019.csv,,
2019-12-17,DKI4,,,36.0,8.0,47.0,4.0,47.0,O3,BAIK,spku_2019.csv,,
2019-12-18,DKI4,,,35.0,18.0,66.0,7.0,66.0,O3,SEDANG,spku_2019.csv,,
2019-12-19,DKI4,64.0,,37.0,16.0,96.0,9.0,96.0,O3,SEDANG,spku_2019.csv,,
2019-12-20,DKI4,70.0,,38.0,19.0,92.0,11.0,92.0,O3,SEDANG,spku_2019.csv,,
2019-12-21,DKI4,68.0,,37.0,24.0,109.0,9.0,109.0,O3,TIDAK SEHAT,spku_2019.csv,,
2019-12-22,DKI4,51.0,,36.0,13.0,77.0,8.0,77.0,O3,SEDANG,spku_2019.csv,,
2019-12-23,DKI4,52.0,,36.0,27.0,,8.0,52.0,PM10,SEDANG,spku_2019.csv,,
2019-12-24,DKI4,56.0,,37.0,16.0,66.0,5.0,66.0,O3,SEDANG,spku_2019.csv,,
2019-12-25,DKI4,58.0,,37.0,13.0,46.0,4.0,58.0,PM10,SEDANG,spku_2019.csv,,
2019-12-26,DKI4,,,37.0,14.0,64.0,5.0,64.0,O3,SEDANG,spku_2019.csv,,
2019-12-27,DKI4,55.0,,38.0,17.0,84.0,7.0,84.0,O3,SEDANG,spku_2019.csv,,
2019-12-28,DKI4,58.0,,37.0,21.0,51.0,8.0,58.0,PM10,SEDANG,spku_2019.csv,,
2019-12-29,DKI4,64.0,,38.0,17.0,61.0,6.0,64.0,PM10,SEDANG,spku_2019.csv,,
2019-12-30,DKI4,77.0,,37.0,26.0,70.0,4.0,77.0,PM10,SEDANG,spku_2019.csv,,
2019-12-31,DKI4,49.0,,37.0,16.0,52.0,5.0,52.0,O3,SEDANG,spku_2019.csv,,
2020-01-01,DKI4,33.0,,36.0,,36.0,6.0,36.0,SO2,BAIK,ispu_2020.xls,,
2020-01-02,DKI4,45.0,,36.0,25.0,46.0,5.0,46.0,O3,BAIK,ispu_2020.xls,,
2020-01-03,DKI4,51.0,,37.0,15.0,46.0,6.0,51.0,PM10,SEDANG,ispu_2020.xls,,
2020-01-04,DKI4,48.0,,38.0,14.0,51.0,5.0,51.0,O3,SEDANG,ispu_2020.xls,,
2020-01-05,DKI4,40.0,,39.0,19.0,50.0,5.0,50.0,O3,BAIK,ispu_2020.xls,,
2020-01-06,DKI4,56.0,,37.0,33.0,41.0,6.0,56.0,PM10,SEDANG,ispu_2020.xls,,
2020-01-07,DKI4,50.0,,38.0,18.0,47.0,6.0,50.0,PM10,BAIK,ispu_2020.xls,,
2020-01-08,DKI4,52.0,,40.0,16.0,47.0,5.0,52.0,PM10,SEDANG,ispu_2020.xls,,
2020-01-09,DKI4,82.0,,38.0,31.0,30.0,6.0,82.0,PM10,SEDANG,ispu_2020.xls,,
2020-01-10,DKI4,44.0,,37.0,18.0,33.0,6.0,44.0,PM10,BAIK,ispu_2020.xls,,
2020-01-11,DKI4,36.0,,38.0,20.0,30.0,5.0,38.0,SO2,BAIK,ispu_2020.xls,,
2020-01-12,DKI4,43.0,,38.0,9.0,43.0,2.0,43.0,PM10,BAIK,ispu_2020.xls,,
2020-01-13,DKI4,33.0,,38.0,11.0,51.0,3.0,51.0,O3,SEDANG,ispu_2020.xls,,
2020-01-14,DKI4,32.0,,32.0,11.0,48.0,6.0,48.0,O3,BAIK,ispu_2020.xls,,
2020-01-15,DKI4,35.0,,29.0,10.0,52.0,5.0,52.0,O3,SEDANG,ispu_2020.xls,,
2020-01-16,DKI4,70.0,,30.0,37.0,63.0,5.0,70.0,PM10,SEDANG,ispu_2020.xls,,
2020-01-17,DKI4,71.0,,29.0,36.0,125.0,6.0,125.0,O3,TIDAK SEHAT,ispu_2020.xls,,
2020-01-18,DKI4,59.0,,30.0,15.0,75.0,6.0,75.0,O3,SEDANG,ispu_2020.xls,,
2020-01-19,DKI4,76.0,,31.0,71.0,94.0,5.0,94.0,O3,SEDANG,ispu_2020.xls,,
2020-01-20,DKI4,56.0,,31.0,13.0,50.0,7.0,56.0,PM10,SEDANG,ispu_2020.xls,,
2020-01-21,DKI4,54.0,,30.0,17.0,50.0,4.0,54.0,PM10,SEDANG,ispu_2020.xls,,
2020-01-22,DKI4,82.0,,31.0,25.0,53.0,5.0,82.0,PM10,SEDANG,ispu_2020.xls,,
2020-01-23,DKI4,60.0,,32.0,20.0,44.0,7.0,60.0,PM10,SEDANG,ispu_2020.xls,,
2020-01-24,DKI4,71.0,,30.0,22.0,29.0,5.0,71.0,PM10,SEDANG,ispu_2020.xls,,
2020-01-25,DKI4,37.0,,29.0,26.0,35.0,3.0,37.0,PM10,BAIK,ispu_2020.xls,,
2020-01-26,DKI4,63.0,,30.0,29.0,71.0,4.0,71.0,O3,SEDANG,ispu_2020.xls,,
2020-01-27,DKI4,47.0,,30.0,13.0,73.0,4.0,73.0,O3,SEDANG,ispu_2020.xls,,
2020-01-28,DKI4,72.0,,31.0,36.0,,6.0,72.0,PM10,SEDANG,ispu_2020.xls,,
2020-01-29,DKI4,63.0,,30.0,27.0,92.0,5.0,92.0,O3,SEDANG,ispu_2020.xls,,
2020-01-30,DKI4,33.0,,30.0,14.0,80.0,5.0,80.0,O3,SEDANG,ispu_2020.xls,,
2020-01-31,DKI4,56.0,,30.0,18.0,37.0,5.0,56.0,PM10,SEDANG,ispu_2020.xls,,
2020-02-01,DKI4,57.0,,30.0,14.0,33.0,3.0,57.0,PM10,SEDANG,ispu_2020.xls,,
2020-02-02,DKI4,52.0,,30.0,16.0,36.0,3.0,52.0,PM10,SEDANG,ispu_2020.xls,,
2020-02-03,DKI4,59.0,,30.0,40.0,35.0,3.0,59.0,PM10,SEDANG,ispu_2020.xls,,
2020-02-04,DKI4,43.0,,30.0,32.0,32.0,5.0,43.0,PM10,BAIK,ispu_2020.xls,,
2020-02-05,DKI4,59.0,,30.0,36.0,41.0,4.0,59.0,PM10,SEDANG,ispu_2020.xls,,
2020-02-06,DKI4,59.0,,30.0,16.0,33.0,3.0,59.0,PM10,SEDANG,ispu_2020.xls,,
2020-02-07,DKI4,,,,,,,0.0,,TIDAK ADA DATA,ispu_2020.xls,,
2020-02-08,DKI4,74.0,,30.0,11.0,66.0,3.0,74.0,PM10,SEDANG,ispu_2020.xls,,
2020-02-09,DKI4,47.0,,30.0,23.0,38.0,4.0,47.0,PM10,BAIK,ispu_2020.xls,,
2020-02-10,DKI4,51.0,,31.0,22.0,76.0,4.0,76.0,O3,SEDANG,ispu_2020.xls,,
2020-02-11,DKI4,69.0,,32.0,24.0,98.0,7.0,98.0,O3,SEDANG,ispu_2020.xls,,
2020-02-12,DKI4,,,35.0,13.0,101.0,4.0,101.0,O3,TIDAK SEHAT,ispu_2020.xls,,
2020-02-13,DKI4,,,33.0,16.0,,4.0,33.0,SO2,BAIK,ispu_2020.xls,,
2020-02-14,DKI4,81.0,,33.0,19.0,,4.0,81.0,PM10,SEDANG,ispu_2020.xls,,
2020-02-15,DKI4,74.0,,26.0,47.0,191.0,7.0,191.0,O3,TIDAK SEHAT,ispu_2020.xls,,
2020-02-16,DKI4,67.0,,23.0,27.0,118.0,4.0,118.0,O3,TIDAK SEHAT,ispu_2020.xls,,
2020-02-17,DKI4,43.0,,21.0,22.0,170.0,4.0,170.0,O3,TIDAK SEHAT,ispu_2020.xls,,
2020-02-18,DKI4,62.0,,23.0,32.0,93.0,4.0,93.0,O3,SEDANG,ispu_2020.xls,,
2020-02-19,DKI4,54.0,,22.0,20.0,51.0,3.0,54.0,PM10,SEDANG,ispu_2020.xls,,
2020-02-20,DKI4,30.0,,20.0,11.0,68.0,3.0,68.0,O3,SEDANG,ispu_2020.xls,,
2020-02-21,DKI4,34.0,,20.0,22.0,80.0,4.0,80.0,O3,SEDANG,ispu_2020.xls,,
2020-02-22,DKI4,58.0,,19.0,34.0,85.0,4.0,85.0,O3,SEDANG,ispu_2020.xls,,
2020-02-23,DKI4,39.0,,,,,,39.0,PM10,BAIK,ispu_2020.xls,,
2020-02-24,DKI4,32.0,,19.0,,65.0,,65.0,O3,SEDANG,ispu_2020.xls,,
2020-02-25,DKI4,40.0,,19.0,15.0,92.0,4.0,92.0,O3,SEDANG,ispu_2020.xls,,
2020-02-26,DKI4,52.0,,19.0,21.0,89.0,5.0,89.0,O3,SEDANG,ispu_2020.xls,,
2020-02-27,DKI4,54.0,,18.0,20.0,84.0,2.0,84.0,O3,SEDANG,ispu_2020.xls,,
2020-02-28,DKI4,56.0,,21.0,27.0,104.0,6.0,104.0,O3,TIDAK SEHAT,ispu_2020.xls,,
2020-02-29,DKI4,64.0,,22.0,41.0,78.0,7.0,78.0,O3,SEDANG,ispu_2020.xls,,
2020-04-01,DKI4,42.0,,25.0,11.0,90.0,8.0,90.0,O3,SEDANG,ispu_2020.xls,,
2020-04-02,DKI4,51.0,,25.0,10.0,36.0,6.0,51.0,PM10,SEDANG,ispu_2020.xls,,
2020-04-03,DKI4,55.0,,27.0,14.0,48.0,6.0,55.0,PM10,SEDANG,ispu_2020.xls,,
2020-04-04,DKI4,66.0,,28.0,22.0,63.0,7.0,66.0,PM10,SEDANG,ispu_2020.xls,,
2020-04-05,DKI4,66.0,,28.0,14.0,83.0,8.0,83.0,O3,SEDANG,ispu_2020.xls,,
2020-04-06,DKI4,56.0,,26.0,18.0,60.0,8.0,60.0,O3,SEDANG,ispu_2020.xls,,
2020-04-07,DKI4,42.0,,25.0,17.0,28.0,9.0,42.0,PM10,BAIK,ispu_2020.xls,,
2020-04-08,DKI4,33.0,,26.0,10.0,58.0,7.0,58.0,O3,SEDANG,ispu_2020.xls,,
2020-04-09,DKI4,59.0,,28.0,13.0,57.0,8.0,59.0,PM10,SEDANG,ispu_2020.xls,,
2020-04-10,DKI4,65.0,,27.0,19.0,107.0,8.0,107.0,O3,TIDAK SEHAT,ispu_2020.xls,,
2020-04-11,DKI4,109.0,,27.0,13.0,87.0,5.0,109.0,PM10,TIDAK SEHAT,ispu_2020.xls,,
2020-04-12,DKI4,82.0,,27.0,24.0,89.0,10.0,89.0,O3,SEDANG,ispu_2020.xls,,
2020-04-13,DKI4,52.0,,26.0,13.0,64.0,7.0,64.0,O3,SEDANG,ispu_2020.xls,,
2020-04-14,DKI4,54.0,,28.0,13.0,61.0,9.0,61.0,O3,SEDANG,ispu_2020.xls,,
2020-04-15,DKI4,57.0,,27.0,15.0,72.0,9.0,72.0,O3,SEDANG,ispu_2020.xls,,
2020-04-16,DKI4,60.0,,27.0,16.0,66.0,8.0,66.0,O3,SEDANG,ispu_2020.xls,,
2020-04-17,DKI4,60.0,,27.0,19.0,75.0,8.0,75.0,O3,SEDANG,ispu_2020.xls,,
2020-04-18,DKI4,52.0,,28.0,12.0,82.0,6.0,82.0,O3,SEDANG,ispu_2020.xls,,
2020-04-19,DKI4,73.0,,29.0,17.0,86.0,10.0,86.0,O3,SEDANG,ispu_2020.xls,,
2020-04-20,DKI4,78.0,,28.0,13.0,73.0,6.0,78.0,PM10,SEDANG,ispu_2020.xls,,
2020-04-21,DKI4,69.0,,28.0,14.0,57.0,7.0,69.0,PM10,SEDANG,ispu_2020.xls,,
2020-04-22,DKI4,111.0,,31.0,25.0,58.0,10.0,111.0,PM10,TIDAK SEHAT,ispu_2020.xls,,
2020-04-23,DKI4,66.0,,27.0,13.0,51.0,7.0,66.0,PM10,SEDANG,ispu_2020.xls,,
2020-04-24,DKI4,71.0,,27.0,,42.0,,71.0,PM10,SEDANG,ispu_2020.xls,,
2020-04-25,DKI4,64.0,,26.0,25.0,53.0,9.0,64.0,PM10,SEDANG,ispu_2020.xls,,
2020-04-26,DKI4,75.0,,26.0,,55.0,5.0,75.0,PM10,SEDANG,ispu_2020.xls,,
2020-04-27,DKI4,51.0,,25.0,,76.0,4.0,76.0,O3,SEDANG,ispu_2020.xls,,
2020-04-28,DKI4,59.0,,20.0,14.0,60.0,9.0,60.0,O3,SEDANG,ispu_2020.xls,,
2020-04-29,DKI4,67.0,,22.0,,52.0,7.0,67.0,PM10,SEDANG,ispu_2020.xls,,
2020-04-30,DKI4,80.0,,22.0,26.0,44.0,9.0,80.0,PM10,SEDANG,ispu_2020.xls,,
2020-05-01,DKI4,,,21.0,20.0,45.0,5.0,45.0,O3,BAIK,ispu_2020.xls,,
2020-05-02,DKI4,,,22.0,11.0,36.0,4.0,36.0,O3,BAIK,ispu_2020.xls,,
2020-05-03,DKI4,,,23.0,26.0,44.0,4.0,44.0,O3,BAIK,ispu_2020.xls,,
2020-05-04,DKI4,,,21.0,10.0,35.0,4.0,35.0,O3,BAIK,ispu_2020.xls,,
2020-05-05,DKI4,,,22.0,9.0,29.0,5.0,29.0,O3,BAIK,ispu_2020.xls,,
2020-05-06,DKI4,,,22.0,14.0,31.0,4.0,31.0,O3,BAIK,ispu_2020.xls,,
2020-05-07,DKI4,67.0,,21.0,18.0,59.0,5.0,67.0,PM10,SEDANG,ispu_2020.xls,,
2020-05-08,DKI4,91.0,,22.0,15.0,60.0,5.0,91.0,PM10,SEDANG,ispu_2020.xls,,
2020-05-09,DKI4,77.0,,22.0,22.0,36.0,8.0,77.0,PM10,SEDANG,ispu_2020.xls,,
2020-05-10,DKI4,72.0,,23.0,27.0,56.0,8.0,72.0,PM10,SEDANG,ispu_2020.xls,,
2020-05-11,DKI4,54.0,,22.0,14.0,54.0,5.0,54.0,PM10,SEDANG,ispu_2020.xls,,
2020-05-12,DKI4,57.0,,23.0,17.0,49.0,5.0,57.0,PM10,SEDANG,ispu_2020.xls,,
2020-05-13,DKI4,52.0,,22.0,12.0,52.0,5.0,52.0,PM10,SEDANG,ispu_2020.xls,,
2020-05-14,DKI4,60.0,,23.0,11.0,51.0,6.0,60.0,PM10,SEDANG,ispu_2020.xls,,
2020-05-15,DKI4,66.0,,23.0,13.0,48.0,7.0,66.0,PM10,SEDANG,ispu_2020.xls,,
2020-05-16,DKI4,65.0,,23.0,12.0,57.0,5.0,65.0,PM10,SEDANG,ispu_2020.xls,,
2020-05-17,DKI4,74.0,,23.0,15.0,72.0,6.0,74.0,PM10,SEDANG,ispu_2020.xls,,
2020-05-18,DKI4,56.0,,21.0,11.0,61.0,5.0,61.0,O3,SEDANG,ispu_2020.xls,,
2020-05-19,DKI4,40.0,,23.0,13.0,78.0,6.0,78.0,O3,SEDANG,ispu_2020.xls,,
2020-05-20,DKI4,61.0,,23.0,11.0,73.0,3.0,73.0,O3,SEDANG,ispu_2020.xls,,
2020-05-21,DKI4,25.0,,22.0,9.0,52.0,4.0,52.0,O3,SEDANG,ispu_2020.xls,,
2020-05-22,DKI4,70.0,,22.0,15.0,59.0,4.0,70.0,PM10,SEDANG,ispu_2020.xls,,
2020-05-23,DKI4,38.0,,22.0,9.0,43.0,3.0,43.0,O3,BAIK,ispu_2020.xls,,
2020-05-24,DKI4,62.0,,21.0,25.0,28.0,4.0,62.0,PM10,SEDANG,ispu_2020.xls,,
2020-05-25,DKI4,50.0,,22.0,10.0,28.0,4.0,50.0,PM10,BAIK,ispu_2020.xls,,
2020-05-26,DKI4,52.0,,22.0,14.0,40.0,4.0,52.0,PM10,SEDANG,ispu_2020.xls,,
2020-05-27,DKI4,35.0,,22.0,8.0,72.0,3.0,72.0,O3,SEDANG,ispu_2020.xls,,
2020-05-28,DKI4,64.0,,22.0,16.0,78.0,3.0,78.0,O3,SEDANG,ispu_2020.xls,,
2020-05-29,DKI4,62.0,,23.0,12.0,76.0,4.0,76.0,O3,SEDANG,ispu_2020.xls,,
2020-05-30,DKI4,63.0,,22.0,20.0,54.0,5.0,63.0,PM10,SEDANG,ispu_2020.xls,,
2020-05-31,DKI4,,,,,,,0.0,,TIDAK ADA DATA,ispu_2020.xls,,
2020-06-06,DKI4,61.0,,22.0,19.0,58.0,4.0,61.0,PM10,SEDANG,ispu_2020.xls,duplicate_station_date_source,
2020-07-01,DKI4,63.0,,22.0,8.0,74.0,4.0,74.0,O3,SEDANG,ispu_2020.xls,,
2020-07-02,DKI4,73.0,,22.0,19.0,45.0,5.0,73.0,PM10,SEDANG,ispu_2020.xls,,
2020-07-03,DKI4,58.0,,23.0,14.0,47.0,6.0,58.0,PM10,SEDANG,ispu_2020.xls,,
2020-07-04,DKI4,65.0,,23.0,13.0,52.0,5.0,65.0,PM10,SEDANG,ispu_2020.xls,,
2020-07-05,DKI4,67.0,,24.0,9.0,45.0,4.0,67.0,PM10,SEDANG,ispu_2020.xls,,
2020-07-06,DKI4,61.0,,24.0,13.0,40.0,6.0,61.0,PM10,SEDANG,ispu_2020.xls,,
2020-07-07,DKI4,56.0,,23.0,8.0,44.0,4.0,56.0,PM10,SEDANG,ispu_2020.xls,,
2020-07-08,DKI4,65.0,,25.0,10.0,48.0,5.0,65.0,PM10,SEDANG,ispu_2020.xls,,
2020-07-09,DKI4,52.0,,22.0,8.0,97.0,4.0,97.0,O3,SEDANG,ispu_2020.xls,,
2020-07-10,DKI4,69.0,,23.0,13.0,113.0,7.0,113.0,O3,TIDAK SEHAT,ispu_2020.xls,,
2020-07-11,DKI4,86.0,,23.0,18.0,53.0,5.0,86.0,PM10,SEDANG,ispu_2020.xls,,
2020-07-12,DKI4,59.0,,22.0,17.0,64.0,4.0,64.0,O3,SEDANG,ispu_2020.xls,,
2020-07-13,DKI4,67.0,,25.0,14.0,51.0,3.0,67.0,PM10,SEDANG,ispu_2020.xls,,
2020-07-14,DKI4,,,23.0,,,,23.0,SO2,BAIK,ispu_2020.xls,,
2020-07-15,DKI4,63.0,,22.0,11.0,47.0,4.0,63.0,PM10,SEDANG,ispu_2020.xls,,
2020-07-16,DKI4,52.0,,27.0,5.0,26.0,4.0,52.0,PM10,SEDANG,ispu_2020.xls,,
2020-07-17,DKI4,66.0,,26.0,13.0,49.0,5.0,66.0,PM10,SEDANG,ispu_2020.xls,,
2020-07-18,DKI4,59.0,,24.0,10.0,73.0,4.0,73.0,O3,SEDANG,ispu_2020.xls,,
2020-07-19,DKI4,70.0,,24.0,15.0,69.0,5.0,70.0,PM10,SEDANG,ispu_2020.xls,,
2020-07-20,DKI4,,,,,,,0.0,,TIDAK ADA DATA,ispu_2020.xls,,
2020-07-21,DKI4,57.0,,24.0,12.0,87.0,4.0,87.0,O3,SEDANG,ispu_2020.xls,,
2020-07-22,DKI4,63.0,,23.0,12.0,53.0,5.0,63.0,PM10,SEDANG,ispu_2020.xls,,
2020-07-23,DKI4,55.0,,25.0,7.0,67.0,4.0,67.0,O3,SEDANG,ispu_2020.xls,,
2020-07-24,DKI4,59.0,,24.0,10.0,78.0,4.0,78.0,O3,SEDANG,ispu_2020.xls,,
2020-07-25,DKI4,59.0,,24.0,8.0,65.0,4.0,65.0,O3,SEDANG,ispu_2020.xls,,
2020-07-26,DKI4,58.0,,26.0,8.0,52.0,6.0,58.0,PM10,SEDANG,ispu_2020.xls,,
2020-07-27,DKI4,62.0,,26.0,9.0,61.0,5.0,62.0,PM10,SEDANG,ispu_2020.xls,,
2020-07-28,DKI4,,,24.0,18.0,76.0,7.0,76.0,O3,SEDANG,ispu_2020.xls,,
2020-07-29,DKI4,,,24.0,12.0,99.0,5.0,99.0,O3,SEDANG,ispu_2020.xls,,
2020-07-30,DKI4,76.0,,24.0,13.0,96.0,7.0,96.0,O3,SEDANG,ispu_2020.xls,,
2020-07-31,DKI4,68.0,,25.0,13.0,76.0,5.0,76.0,O3,SEDANG,ispu_2020.xls,,
2020-08-01,DKI4,,,,,,,0.0,,TIDAK ADA DATA,ispu_2020.xls,,
2020-08-02,DKI4,91.0,,27.0,26.0,90.0,7.0,91.0,PM10,SEDANG,ispu_2020.xls,,
2020-08-03,DKI4,95.0,,26.0,18.0,84.0,8.0,95.0,PM10,SEDANG,ispu_2020.xls,,
2020-08-04,DKI4,73.0,,27.0,7.0,69.0,5.0,73.0,PM10,SEDANG,ispu_2020.xls,,
2020-08-05,DKI4,86.0,,26.0,13.0,81.0,5.0,86.0,PM10,SEDANG,ispu_2020.xls,,
2020-08-06,DKI4,88.0,,27.0,13.0,72.0,5.0,88.0,PM10,SEDANG,ispu_2020.xls,,
2020-08-07,DKI4,81.0,,26.0,11.0,97.0,4.0,97.0,O3,SEDANG,ispu_2020.xls,,
2020-08-08,DKI4,79.0,,28.0,9.0,70.0,3.0,79.0,PM10,SEDANG,ispu_2020.xls,,
2020-08-09,DKI4,74.0,,25.0,8.0,66.0,2.0,74.0,PM10,SEDANG,ispu_2020.xls,,
2020-08-10,DKI4,81.0,,25.0,10.0,62.0,3.0,81.0,PM10,SEDANG,ispu_2020.xls,,
2020-08-11,DKI4,96.0,,26.0,11.0,47.0,4.0,96.0,PM10,SEDANG,ispu_2020.xls,,
2020-08-12,DKI4,93.0,,25.0,37.0,52.0,6.0,93.0,PM10,SEDANG,ispu_2020.xls,,
2020-08-13,DKI4,81.0,,24.0,16.0,37.0,4.0,81.0,PM10,SEDANG,ispu_2020.xls,,
2020-08-14,DKI4,,,15.0,14.0,36.0,8.0,36.0,O3,BAIK,ispu_2020.xls,,
2020-08-15,DKI4,,,23.0,21.0,35.0,9.0,35.0,O3,BAIK,ispu_2020.xls,,
2020-08-16,DKI4,,,24.0,11.0,54.0,8.0,54.0,O3,SEDANG,ispu_2020.xls,,
2020-08-17,DKI4,,,22.0,17.0,50.0,7.0,50.0,O3,BAIK,ispu_2020.xls,,
2020-08-18,DKI4,75.0,,23.0,17.0,64.0,10.0,75.0,PM10,SEDANG,ispu_2020.xls,,
2020-08-19,DKI4,80.0,,32.0,20.0,75.0,11.0,80.0,PM10,SEDANG,ispu_2020.xls,,
2020-08-20,DKI4,62.0,,30.0,6.0,46.0,6.0,62.0,PM10,SEDANG,ispu_2020.xls,,
2020-08-21,DKI4,71.0,,32.0,5.0,44.0,7.0,71.0,PM10,SEDANG,ispu_2020.xls,,
2020-08-22,DKI4,84.0,,31.0,13.0,49.0,10.0,84.0,PM10,SEDANG,ispu_2020.xls,,
2020-08-23,DKI4,72.0,,32.0,17.0,64.0,10.0,72.0,PM10,SEDANG,ispu_2020.xls,,
2020-08-24,DKI4,79.0,,31.0,15.0,45.0,9.0,79.0,PM10,SEDANG,ispu_2020.xls,,
2020-08-25,DKI4,74.0,,33.0,11.0,48.0,10.0,74.0,PM10,SEDANG,ispu_2020.xls,,
2020-08-26,DKI4,57.0,,31.0,7.0,57.0,7.0,57.0,PM10,SEDANG,ispu_2020.xls,,
2020-08-27,DKI4,55.0,,31.0,6.0,64.0,6.0,64.0,O3,SEDANG,ispu_2020.xls,,
2020-08-28,DKI4,84.0,,33.0,14.0,56.0,10.0,84.0,PM10,SEDANG,ispu_2020.xls,,
2020-08-29,DKI4,70.0,,33.0,6.0,59.0,7.0,70.0,PM10,SEDANG,ispu_2020.xls,,
2020-08-30,DKI4,74.0,,33.0,11.0,66.0,8.0,74.0,PM10,SEDANG,ispu_2020.xls,,
2020-08-31,DKI4,69.0,,33.0,8.0,83.0,8.0,83.0,O3,SEDANG,ispu_2020.xls,,
2020-09-01,DKI4,71.0,,33.0,10.0,55.0,9.0,71.0,PM10,SEDANG,ispu_2020.xls,,
2020-09-02,DKI4,71.0,,34.0,9.0,91.0,8.0,91.0,CO,SEDANG,ispu_2020.xls,,
2020-09-03,DKI4,77.0,,32.0,10.0,83.0,9.0,83.0,CO,SEDANG,ispu_2020.xls,,
2020-09-04,DKI4,66.0,,32.0,6.0,43.0,6.0,66.0,PM10,SEDANG,ispu_2020.xls,,
2020-09-05,DKI4,70.0,,32.0,8.0,82.0,6.0,82.0,CO,SEDANG,ispu_2020.xls,,
2020-09-06,DKI4,75.0,,35.0,10.0,94.0,8.0,94.0,CO,SEDANG,ispu_2020.xls,,
2020-09-07,DKI4,72.0,,35.0,12.0,65.0,,72.0,PM10,SEDANG,ispu_2020.xls,,
2020-09-08,DKI4,78.0,,35.0,9.0,51.0,8.0,78.0,PM10,SEDANG,ispu_2020.xls,,
2020-09-09,DKI4,82.0,,36.0,6.0,60.0,7.0,82.0,PM10,SEDANG,ispu_2020.xls,,
2020-09-10,DKI4,77.0,,33.0,4.0,86.0,6.0,86.0,CO,SEDANG,ispu_2020.xls,,
2020-09-11,DKI4,89.0,,34.0,13.0,82.0,11.0,89.0,PM10,SEDANG,ispu_2020.xls,,
2020-09-12,DKI4,67.0,,33.0,7.0,87.0,6.0,87.0,CO,SEDANG,ispu_2020.xls,,
2020-09-13,DKI4,72.0,,34.0,8.0,89.0,5.0,89.0,CO,SEDANG,ispu_2020.xls,,
2020-09-14,DKI4,69.0,,37.0,6.0,70.0,7.0,70.0,CO,SEDANG,ispu_2020.xls,,
2020-09-15,DKI4,,,33.0,9.0,76.0,10.0,76.0,CO,SEDANG,ispu_2020.xls,,
2020-09-16,DKI4,67.0,,33.0,9.0,94.0,7.0,94.0,CO,SEDANG,ispu_2020.xls,,
2020-09-17,DKI4,65.0,,36.0,8.0,84.0,9.0,84.0,CO,SEDANG,ispu_2020.xls,,
2020-09-18,DKI4,70.0,,34.0,7.0,57.0,6.0,70.0,PM10,SEDANG,ispu_2020.xls,,
2020-09-19,DKI4,88.0,,34.0,8.0,63.0,6.0,88.0,PM10,SEDANG,ispu_2020.xls,,
2020-09-20,DKI4,73.0,,36.0,5.0,35.0,5.0,73.0,PM10,SEDANG,ispu_2020.xls,,
2020-09-21,DKI4,65.0,,33.0,18.0,77.0,8.0,77.0,CO,SEDANG,ispu_2020.xls,,
2020-09-22,DKI4,62.0,,33.0,8.0,58.0,7.0,62.0,PM10,SEDANG,ispu_2020.xls,,
2020-09-23,DKI4,73.0,,33.0,15.0,84.0,10.0,84.0,CO,SEDANG,ispu_2020.xls,,
2020-09-24,DKI4,,,,,,,0.0,,TIDAK ADA DATA,ispu_2020.xls,,
2020-09-25,DKI4,74.0,,37.0,11.0,80.0,8.0,80.0,CO,SEDANG,ispu_2020.xls,,
2020-09-26,DKI4,73.0,,35.0,16.0,92.0,7.0,92.0,CO,SEDANG,ispu_2020.xls,,
2020-09-27,DKI4,70.0,,36.0,17.0,74.0,11.0,74.0,CO,SEDANG,ispu_2020.xls,,
2020-09-28,DKI4,74.0,,37.0,6.0,63.0,8.0,74.0,PM10,SEDANG,ispu_2020.xls,,
2020-09-29,DKI4,68.0,,38.0,6.0,97.0,10.0,97.0,CO,SEDANG,ispu_2020.xls,,
2020-09-30,DKI4,,,,,,,0.0,,TIDAK ADA DATA,ispu_2020.xls,,
2020-10-01,DKI4,73.0,,8.0,64.0,11.0,73.0,1.0,PM10,SEDANG,ispu_2020.xls,anomaly_ispu_transition_2020,
2020-10-02,DKI4,83.0,,16.0,62.0,7.0,83.0,1.0,PM10,SEDANG,ispu_2020.xls,anomaly_ispu_transition_2020,
2020-10-03,DKI4,74.0,,13.0,80.0,11.0,80.0,4.0,CO,SEDANG,ispu_2020.xls,anomaly_ispu_transition_2020,
2020-10-04,DKI4,79.0,,11.0,92.0,8.0,92.0,4.0,CO,SEDANG,ispu_2020.xls,anomaly_ispu_transition_2020,
2020-10-05,DKI4,62.0,,4.0,95.0,5.0,95.0,4.0,CO,SEDANG,ispu_2020.xls,anomaly_ispu_transition_2020,
2020-10-06,DKI4,64.0,,6.0,103.0,8.0,103.0,4.0,CO,TIDAK SEHAT,ispu_2020.xls,anomaly_ispu_transition_2020,
2020-10-07,DKI4,77.0,,7.0,92.0,11.0,92.0,4.0,CO,SEDANG,ispu_2020.xls,anomaly_ispu_transition_2020,
2020-10-08,DKI4,68.0,,6.0,92.0,7.0,92.0,4.0,CO,SEDANG,ispu_2020.xls,anomaly_ispu_transition_2020,
2020-10-09,DKI4,74.0,,7.0,75.0,6.0,75.0,4.0,CO,SEDANG,ispu_2020.xls,anomaly_ispu_transition_2020,
2020-10-10,DKI4,70.0,,11.0,71.0,10.0,71.0,4.0,CO,SEDANG,ispu_2020.xls,anomaly_ispu_transition_2020,
2020-10-11,DKI4,69.0,,7.0,65.0,7.0,69.0,1.0,PM10,SEDANG,ispu_2020.xls,anomaly_ispu_transition_2020,
2020-10-12,DKI4,,,,,,0.0,,,TIDAK ADA DATA,ispu_2020.xls,anomaly_ispu_transition_2020,
2020-10-13,DKI4,72.0,,21.0,75.0,7.0,75.0,4.0,CO,SEDANG,ispu_2020.xls,anomaly_ispu_transition_2020,
2020-10-14,DKI4,81.0,,23.0,69.0,13.0,81.0,1.0,PM10,SEDANG,ispu_2020.xls,anomaly_ispu_transition_2020,
2020-10-15,DKI4,79.0,,9.0,69.0,8.0,79.0,1.0,PM10,SEDANG,ispu_2020.xls,anomaly_ispu_transition_2020,
2020-10-16,DKI4,68.0,,6.0,79.0,9.0,79.0,4.0,CO,SEDANG,ispu_2020.xls,anomaly_ispu_transition_2020,
2020-10-17,DKI4,70.0,,15.0,54.0,11.0,70.0,1.0,PM10,SEDANG,ispu_2020.xls,anomaly_ispu_transition_2020,
2020-10-18,DKI4,59.0,,11.0,62.0,7.0,62.0,4.0,CO,SEDANG,ispu_2020.xls,anomaly_ispu_transition_2020,
2020-10-19,DKI4,64.0,,11.0,74.0,8.0,74.0,4.0,CO,SEDANG,ispu_2020.xls,anomaly_ispu_transition_2020,
2020-10-20,DKI4,63.0,,26.0,62.0,9.0,63.0,1.0,PM10,SEDANG,ispu_2020.xls,anomaly_ispu_transition_2020,
2020-10-21,DKI4,57.0,,15.0,104.0,9.0,104.0,4.0,CO,TIDAK SEHAT,ispu_2020.xls,anomaly_ispu_transition_2020,
2020-10-22,DKI4,53.0,,15.0,44.0,8.0,53.0,1.0,PM10,SEDANG,ispu_2020.xls,anomaly_ispu_transition_2020,
2020-10-23,DKI4,34.0,,7.0,48.0,5.0,48.0,4.0,CO,BAIK,ispu_2020.xls,anomaly_ispu_transition_2020,
2020-10-24,DKI4,51.0,,14.0,80.0,7.0,80.0,4.0,CO,SEDANG,ispu_2020.xls,anomaly_ispu_transition_2020,
2020-10-25,DKI4,52.0,,11.0,68.0,7.0,68.0,4.0,CO,SEDANG,ispu_2020.xls,anomaly_ispu_transition_2020,
2020-10-26,DKI4,57.0,,17.0,87.0,8.0,87.0,4.0,CO,SEDANG,ispu_2020.xls,anomaly_ispu_transition_2020,
2020-10-27,DKI4,46.0,,18.0,61.0,9.0,61.0,4.0,CO,SEDANG,ispu_2020.xls,anomaly_ispu_transition_2020,
2020-10-28,DKI4,63.0,,26.0,107.0,8.0,107.0,4.0,CO,TIDAK SEHAT,ispu_2020.xls,anomaly_ispu_transition_2020,
2020-10-29,DKI4,54.0,,11.0,88.0,10.0,88.0,4.0,CO,SEDANG,ispu_2020.xls,anomaly_ispu_transition_2020,
2020-10-30,DKI4,63.0,,12.0,42.0,7.0,63.0,1.0,PM10,SEDANG,ispu_2020.xls,anomaly_ispu_transition_2020,
2020-10-31,DKI4,45.0,,6.0,63.0,6.0,63.0,4.0,CO,SEDANG,ispu_2020.xls,anomaly_ispu_transition_2020,
2020-11-11,DKI4,53.0,,38.0,16.0,55.0,10.0,55.0,CO,SEDANG,ispu_2020.xls,duplicate_station_date_source|anomaly_ispu_transition_2020,
2020-11-13,DKI4,57.0,,42.0,5.0,42.0,7.0,57.0,PM10,SEDANG,ispu_2020.xls,anomaly_ispu_transition_2020,
2020-11-14,DKI4,67.0,,43.0,10.0,81.0,7.0,81.0,CO,SEDANG,ispu_2020.xls,anomaly_ispu_transition_2020,
2020-11-15,DKI4,59.0,,44.0,7.0,50.0,6.0,59.0,PM10,SEDANG,ispu_2020.xls,anomaly_ispu_transition_2020,
2020-11-16,DKI4,64.0,,41.0,9.0,47.0,5.0,64.0,PM10,SEDANG,ispu_2020.xls,anomaly_ispu_transition_2020,
2020-11-17,DKI4,60.0,,42.0,14.0,88.0,9.0,88.0,CO,SEDANG,ispu_2020.xls,anomaly_ispu_transition_2020,
2020-11-18,DKI4,59.0,,42.0,15.0,69.0,11.0,69.0,CO,SEDANG,ispu_2020.xls,anomaly_ispu_transition_2020,
2020-11-19,DKI4,77.0,,42.0,26.0,74.0,12.0,77.0,PM10,SEDANG,ispu_2020.xls,anomaly_ispu_transition_2020,
2020-11-20,DKI4,62.0,,44.0,7.0,42.0,7.0,62.0,PM10,SEDANG,ispu_2020.xls,anomaly_ispu_transition_2020,
2020-11-21,DKI4,67.0,,41.0,31.0,44.0,7.0,67.0,PM10,SEDANG,ispu_2020.xls,anomaly_ispu_transition_2020,
2020-11-22,DKI4,66.0,,42.0,41.0,57.0,10.0,66.0,PM10,SEDANG,ispu_2020.xls,anomaly_ispu_transition_2020,
2020-11-23,DKI4,69.0,,42.0,23.0,64.0,8.0,69.0,PM10,SEDANG,ispu_2020.xls,anomaly_ispu_transition_2020,
2020-11-24,DKI4,51.0,,42.0,14.0,61.0,7.0,61.0,CO,SEDANG,ispu_2020.xls,anomaly_ispu_transition_2020,
2020-11-25,DKI4,52.0,,41.0,21.0,46.0,8.0,52.0,PM10,SEDANG,ispu_2020.xls,anomaly_ispu_transition_2020,
2020-11-26,DKI4,60.0,,42.0,23.0,93.0,7.0,93.0,CO,SEDANG,ispu_2020.xls,anomaly_ispu_transition_2020,
2020-11-27,DKI4,47.0,,43.0,8.0,78.0,7.0,78.0,CO,SEDANG,ispu_2020.xls,anomaly_ispu_transition_2020,
2020-11-28,DKI4,,,41.0,16.0,73.0,11.0,73.0,CO,SEDANG,ispu_2020.xls,anomaly_ispu_transition_2020,
2020-11-29,DKI4,46.0,,40.0,9.0,58.0,5.0,58.0,CO,SEDANG,ispu_2020.xls,anomaly_ispu_transition_2020,
2020-11-30,DKI4,22.0,,39.0,6.0,23.0,3.0,39.0,PM25,BAIK,ispu_2020.xls,anomaly_ispu_transition_2020,
2020-12-01,DKI4,29.0,,40.0,13.0,20.0,4.0,40.0,PM25,BAIK,ispu_2020.xls,anomaly_ispu_transition_2020,
2020-12-02,DKI4,38.0,,40.0,10.0,41.0,6.0,41.0,CO,BAIK,ispu_2020.xls,anomaly_ispu_transition_2020,
2020-12-03,DKI4,31.0,,41.0,10.0,47.0,6.0,47.0,CO,BAIK,ispu_2020.xls,anomaly_ispu_transition_2020,
2020-12-04,DKI4,40.0,,45.0,10.0,54.0,7.0,54.0,CO,SEDANG,ispu_2020.xls,anomaly_ispu_transition_2020,
2020-12-05,DKI4,28.0,,42.0,7.0,23.0,3.0,42.0,PM25,BAIK,ispu_2020.xls,anomaly_ispu_transition_2020,
2020-12-06,DKI4,31.0,,41.0,9.0,25.0,4.0,41.0,PM25,BAIK,ispu_2020.xls,anomaly_ispu_transition_2020,
2020-12-07,DKI4,23.0,,42.0,8.0,34.0,3.0,42.0,PM25,BAIK,ispu_2020.xls,anomaly_ispu_transition_2020,
2020-12-08,DKI4,31.0,,42.0,13.0,34.0,4.0,42.0,PM25,BAIK,ispu_2020.xls,anomaly_ispu_transition_2020,
2020-12-09,DKI4,27.0,,41.0,6.0,28.0,2.0,41.0,PM25,BAIK,ispu_2020.xls,anomaly_ispu_transition_2020,
2020-12-10,DKI4,29.0,,43.0,6.0,36.0,3.0,43.0,PM25,BAIK,ispu_2020.xls,anomaly_ispu_transition_2020,
2020-12-11,DKI4,36.0,,43.0,12.0,35.0,6.0,43.0,PM25,BAIK,ispu_2020.xls,anomaly_ispu_transition_2020,
2020-12-12,DKI4,33.0,,42.0,10.0,25.0,5.0,42.0,PM25,BAIK,ispu_2020.xls,anomaly_ispu_transition_2020,
2020-12-13,DKI4,29.0,,43.0,6.0,30.0,4.0,43.0,PM25,BAIK,ispu_2020.xls,anomaly_ispu_transition_2020,
2020-12-14,DKI4,27.0,,42.0,10.0,29.0,5.0,42.0,PM25,BAIK,ispu_2020.xls,anomaly_ispu_transition_2020,
2020-12-15,DKI4,36.0,,41.0,11.0,22.0,6.0,41.0,PM25,BAIK,ispu_2020.xls,anomaly_ispu_transition_2020,
2020-12-16,DKI4,25.0,,41.0,8.0,20.0,4.0,41.0,PM25,BAIK,ispu_2020.xls,,
2020-12-17,DKI4,29.0,,43.0,9.0,22.0,4.0,43.0,PM25,BAIK,ispu_2020.xls,,
2020-12-18,DKI4,25.0,,42.0,5.0,30.0,3.0,42.0,PM25,BAIK,ispu_2020.xls,,
2020-12-19,DKI4,29.0,,42.0,7.0,24.0,3.0,42.0,PM25,BAIK,ispu_2020.xls,,
2020-12-20,DKI4,28.0,,42.0,9.0,25.0,3.0,42.0,PM25,BAIK,ispu_2020.xls,,
2020-12-21,DKI4,16.0,,41.0,6.0,15.0,3.0,41.0,PM25,BAIK,ispu_2020.xls,,
2020-12-22,DKI4,27.0,,40.0,10.0,29.0,3.0,40.0,PM25,BAIK,ispu_2020.xls,,
2020-12-23,DKI4,56.0,,34.0,18.0,43.0,7.0,56.0,PM10,SEDANG,ispu_2020.xls,,
2020-12-24,DKI4,51.0,,36.0,11.0,38.0,7.0,51.0,PM10,SEDANG,ispu_2020.xls,,
2020-12-25,DKI4,25.0,,34.0,10.0,34.0,4.0,34.0,PM25,BAIK,ispu_2020.xls,,
2020-12-26,DKI4,25.0,,34.0,7.0,33.0,3.0,34.0,PM25,BAIK,ispu_2020.xls,,
2020-12-27,DKI4,30.0,,35.0,10.0,44.0,4.0,44.0,CO,BAIK,ispu_2020.xls,,
2020-12-28,DKI4,29.0,,34.0,9.0,31.0,3.0,34.0,PM25,BAIK,ispu_2020.xls,,
2020-12-29,DKI4,21.0,,34.0,5.0,20.0,2.0,34.0,PM25,BAIK,ispu_2020.xls,,
2020-12-30,DKI4,26.0,,34.0,6.0,15.0,3.0,34.0,PM25,BAIK,ispu_2020.xls,,
2020-12-31,DKI4,28.0,,36.0,10.0,27.0,3.0,36.0,PM25,BAIK,ispu_2020.xls,,
2021-01-01,DKI4,41.0,,37.0,14.0,35.0,4.0,41.0,PM10,BAIK,ispu_2021.csv,,
2021-01-02,DKI4,44.0,,38.0,38.0,59.0,3.0,59.0,CO,SEDANG,ispu_2021.csv,,
2021-01-03,DKI4,50.0,,37.0,16.0,52.0,5.0,52.0,CO,SEDANG,ispu_2021.csv,,
2021-01-04,DKI4,45.0,,36.0,16.0,24.0,3.0,45.0,PM10,BAIK,ispu_2021.csv,,
2021-01-05,DKI4,52.0,,36.0,15.0,35.0,8.0,52.0,PM10,SEDANG,ispu_2021.csv,,
2021-01-06,DKI4,73.0,,32.0,29.0,66.0,6.0,73.0,PM10,SEDANG,ispu_2021.csv,,
2021-01-07,DKI4,36.0,,30.0,19.0,55.0,5.0,55.0,CO,SEDANG,ispu_2021.csv,,
2021-01-08,DKI4,36.0,,31.0,23.0,51.0,6.0,51.0,CO,SEDANG,ispu_2021.csv,,
2021-01-09,DKI4,60.0,,30.0,34.0,42.0,6.0,60.0,PM10,SEDANG,ispu_2021.csv,,
2021-01-10,DKI4,14.0,,28.0,9.0,38.0,3.0,38.0,CO,BAIK,ispu_2021.csv,,
2021-01-11,DKI4,51.0,,29.0,17.0,57.0,4.0,57.0,CO,SEDANG,ispu_2021.csv,,
2021-01-12,DKI4,23.0,,28.0,11.0,44.0,4.0,44.0,CO,BAIK,ispu_2021.csv,,
2021-01-13,DKI4,36.0,,27.0,8.0,32.0,3.0,36.0,PM10,BAIK,ispu_2021.csv,,
2021-01-14,DKI4,35.0,,28.0,13.0,38.0,5.0,38.0,CO,BAIK,ispu_2021.csv,,
2021-01-15,DKI4,51.0,,26.0,20.0,56.0,5.0,56.0,CO,SEDANG,ispu_2021.csv,,
2021-01-16,DKI4,47.0,,27.0,18.0,38.0,7.0,47.0,PM10,BAIK,ispu_2021.csv,,
2021-01-17,DKI4,52.0,,28.0,12.0,41.0,8.0,52.0,PM10,SEDANG,ispu_2021.csv,,
2021-01-18,DKI4,34.0,,28.0,10.0,37.0,4.0,37.0,CO,BAIK,ispu_2021.csv,,
2021-01-19,DKI4,25.0,,26.0,12.0,31.0,7.0,31.0,CO,BAIK,ispu_2021.csv,,
2021-01-20,DKI4,54.0,,25.0,16.0,33.0,8.0,54.0,PM10,SEDANG,ispu_2021.csv,,
2021-01-21,DKI4,63.0,,25.0,21.0,38.0,7.0,63.0,PM10,SEDANG,ispu_2021.csv,,
2021-01-22,DKI4,52.0,,26.0,32.0,54.0,8.0,54.0,CO,SEDANG,ispu_2021.csv,,
2021-01-23,DKI4,89.0,,27.0,47.0,61.0,11.0,89.0,PM10,SEDANG,ispu_2021.csv,,
2021-01-24,DKI4,,,,,,,0.0,,TIDAK ADA DATA,ispu_2021.csv,,
2021-01-25,DKI4,,,,,,,0.0,,TIDAK ADA DATA,ispu_2021.csv,,
2021-01-26,DKI4,57.0,,26.0,34.0,39.0,7.0,57.0,PM10,SEDANG,ispu_2021.csv,,
2021-01-27,DKI4,18.0,,25.0,7.0,19.0,4.0,25.0,PM25,BAIK,ispu_2021.csv,,
2021-01-28,DKI4,23.0,,25.0,11.0,20.0,5.0,25.0,PM25,BAIK,ispu_2021.csv,,
2021-01-29,DKI4,27.0,,26.0,9.0,36.0,4.0,36.0,CO,BAIK,ispu_2021.csv,,
2021-01-30,DKI4,21.0,,26.0,16.0,32.0,6.0,32.0,CO,BAIK,ispu_2021.csv,,
2021-01-31,DKI4,,,,17.0,,,17.0,SO2,BAIK,ispu_2021.csv,,
2021-02-01,DKI4,,,,,,,0.0,,TIDAK ADA DATA,ispu_2021.csv,,
2021-02-02,DKI4,37.0,59.0,40.0,14.0,22.0,12.0,59.0,PM25,SEDANG,ispu_2021.csv,,
2021-02-03,DKI4,24.0,52.0,40.0,9.0,21.0,8.0,52.0,PM25,SEDANG,ispu_2021.csv,,
2021-02-04,DKI4,19.0,53.0,40.0,12.0,19.0,10.0,53.0,PM25,SEDANG,ispu_2021.csv,,
2021-02-05,DKI4,19.0,41.0,40.0,12.0,20.0,9.0,41.0,PM25,BAIK,ispu_2021.csv,,
2021-02-06,DKI4,18.0,48.0,40.0,7.0,28.0,6.0,48.0,PM25,BAIK,ispu_2021.csv,,
2021-02-07,DKI4,25.0,55.0,40.0,10.0,22.0,11.0,55.0,PM25,SEDANG,ispu_2021.csv,,
2021-02-08,DKI4,17.0,44.0,39.0,10.0,21.0,9.0,44.0,PM25,BAIK,ispu_2021.csv,,
2021-02-09,DKI4,31.0,57.0,40.0,13.0,19.0,9.0,57.0,PM25,SEDANG,ispu_2021.csv,,
2021-02-10,DKI4,30.0,58.0,40.0,13.0,20.0,8.0,58.0,PM25,SEDANG,ispu_2021.csv,,
2021-02-11,DKI4,21.0,50.0,40.0,7.0,16.0,5.0,50.0,PM25,BAIK,ispu_2021.csv,,
2021-02-12,DKI4,33.0,65.0,40.0,12.0,19.0,5.0,65.0,PM25,SEDANG,ispu_2021.csv,,
2021-02-13,DKI4,43.0,62.0,40.0,11.0,25.0,9.0,62.0,PM25,SEDANG,ispu_2021.csv,,
2021-02-14,DKI4,34.0,57.0,39.0,11.0,26.0,9.0,57.0,PM25,SEDANG,ispu_2021.csv,,
2021-02-15,DKI4,42.0,66.0,40.0,11.0,25.0,12.0,66.0,PM25,SEDANG,ispu_2021.csv,,
2021-02-16,DKI4,43.0,63.0,40.0,11.0,23.0,13.0,63.0,PM25,SEDANG,ispu_2021.csv,,
2021-02-17,DKI4,38.0,66.0,40.0,22.0,21.0,15.0,66.0,PM25,SEDANG,ispu_2021.csv,,
2021-02-18,DKI4,37.0,60.0,41.0,10.0,22.0,11.0,60.0,PM25,SEDANG,ispu_2021.csv,,
2021-02-19,DKI4,25.0,51.0,39.0,16.0,20.0,13.0,51.0,PM25,SEDANG,ispu_2021.csv,,
2021-02-20,DKI4,33.0,63.0,39.0,12.0,24.0,12.0,63.0,PM25,SEDANG,ispu_2021.csv,,
2021-02-21,DKI4,21.0,50.0,39.0,10.0,23.0,10.0,50.0,PM25,BAIK,ispu_2021.csv,,
2021-02-22,DKI4,59.0,95.0,40.0,21.0,25.0,12.0,95.0,PM25,SEDANG,ispu_2021.csv,,
2021-02-23,DKI4,51.0,83.0,40.0,16.0,24.0,11.0,83.0,PM25,SEDANG,ispu_2021.csv,,
2021-02-24,DKI4,42.0,61.0,39.0,9.0,13.0,6.0,61.0,PM25,SEDANG,ispu_2021.csv,,
2021-02-25,DKI4,16.0,45.0,39.0,9.0,19.0,4.0,45.0,PM25,BAIK,ispu_2021.csv,,
2021-02-26,DKI4,48.0,75.0,39.0,11.0,23.0,13.0,75.0,PM25,SEDANG,ispu_2021.csv,,
2021-02-27,DKI4,59.0,94.0,40.0,13.0,30.0,12.0,94.0,PM25,SEDANG,ispu_2021.csv,,
2021-02-28,DKI4,68.0,113.0,39.0,18.0,24.0,14.0,113.0,PM25,TIDAK SEHAT,ispu_2021.csv,,
2021-03-01,DKI4,56.0,96.0,40.0,13.0,19.0,9.0,96.0,PM25,SEDANG,ispu_2021.csv,,
2021-03-02,DKI4,46.0,81.0,39.0,17.0,29.0,14.0,81.0,PM25,SEDANG,ispu_2021.csv,,
2021-03-03,DKI4,52.0,,41.0,19.0,31.0,14.0,52.0,PM10,SEDANG,ispu_2021.csv,,
2021-03-04,DKI4,62.0,103.0,40.0,19.0,33.0,11.0,103.0,PM25,TIDAK SEHAT,ispu_2021.csv,,
2021-03-05,DKI4,51.0,79.0,40.0,14.0,32.0,13.0,79.0,PM25,SEDANG,ispu_2021.csv,,
2021-03-06,DKI4,61.0,95.0,40.0,22.0,32.0,13.0,95.0,PM25,SEDANG,ispu_2021.csv,,
2021-03-07,DKI4,60.0,102.0,41.0,23.0,34.0,14.0,102.0,PM25,TIDAK SEHAT,ispu_2021.csv,,
2021-03-08,DKI4,58.0,81.0,40.0,16.0,19.0,6.0,81.0,PM25,SEDANG,ispu_2021.csv,,
2021-03-09,DKI4,24.0,55.0,41.0,10.0,18.0,8.0,55.0,PM25,SEDANG,ispu_2021.csv,,
2021-03-10,DKI4,56.0,89.0,40.0,21.0,21.0,12.0,89.0,PM25,SEDANG,ispu_2021.csv,,
2021-03-11,DKI4,28.0,53.0,39.0,9.0,25.0,9.0,53.0,PM25,SEDANG,ispu_2021.csv,,
2021-03-12,DKI4,53.0,83.0,41.0,19.0,22.0,13.0,83.0,PM25,SEDANG,ispu_2021.csv,,
2021-03-13,DKI4,37.0,69.0,41.0,10.0,20.0,9.0,69.0,PM25,SEDANG,ispu_2021.csv,,
2021-03-14,DKI4,40.0,68.0,41.0,16.0,14.0,9.0,68.0,PM25,SEDANG,ispu_2021.csv,,
2021-03-15,DKI4,37.0,77.0,42.0,14.0,24.0,12.0,77.0,PM25,SEDANG,ispu_2021.csv,,
2021-03-16,DKI4,57.0,101.0,46.0,13.0,37.0,18.0,101.0,PM25,TIDAK SEHAT,ispu_2021.csv,,
2021-03-17,DKI4,68.0,123.0,43.0,20.0,37.0,14.0,123.0,PM25,TIDAK SEHAT,ispu_2021.csv,,
2021-03-18,DKI4,68.0,125.0,45.0,16.0,37.0,22.0,125.0,PM25,TIDAK SEHAT,ispu_2021.csv,,
2021-03-19,DKI4,57.0,91.0,42.0,12.0,42.0,15.0,91.0,PM25,SEDANG,ispu_2021.csv,,
2021-03-20,DKI4,55.0,98.0,44.0,12.0,38.0,18.0,98.0,PM25,SEDANG,ispu_2021.csv,,
2021-03-21,DKI4,57.0,85.0,41.0,16.0,22.0,17.0,85.0,PM25,SEDANG,ispu_2021.csv,,
2021-03-22,DKI4,52.0,78.0,41.0,15.0,20.0,11.0,78.0,PM25,SEDANG,ispu_2021.csv,,
2021-03-23,DKI4,38.0,62.0,41.0,8.0,12.0,7.0,62.0,PM25,SEDANG,ispu_2021.csv,,
2021-03-24,DKI4,30.0,55.0,40.0,7.0,13.0,9.0,55.0,PM25,SEDANG,ispu_2021.csv,,
2021-03-25,DKI4,36.0,68.0,41.0,8.0,19.0,12.0,68.0,PM25,SEDANG,ispu_2021.csv,,
2021-03-26,DKI4,52.0,83.0,42.0,17.0,31.0,16.0,83.0,PM25,SEDANG,ispu_2021.csv,,
2021-03-27,DKI4,58.0,91.0,43.0,13.0,35.0,20.0,91.0,PM25,SEDANG,ispu_2021.csv,,
2021-03-28,DKI4,50.0,75.0,41.0,14.0,37.0,16.0,75.0,PM25,SEDANG,ispu_2021.csv,,
2021-03-29,DKI4,54.0,84.0,41.0,18.0,35.0,19.0,84.0,PM25,SEDANG,ispu_2021.csv,,
2021-03-30,DKI4,41.0,76.0,42.0,14.0,21.0,25.0,76.0,PM25,SEDANG,ispu_2021.csv,,
2021-03-31,DKI4,48.0,69.0,43.0,12.0,25.0,18.0,69.0,PM25,SEDANG,ispu_2021.csv,,
2021-04-01,DKI4,22.0,49.0,41.0,7.0,18.0,12.0,49.0,PM25,BAIK,ispu_2021.csv,,
2021-04-02,DKI4,37.0,62.0,44.0,11.0,18.0,12.0,62.0,PM25,SEDANG,ispu_2021.csv,,
2021-04-03,DKI4,39.0,67.0,42.0,9.0,22.0,14.0,67.0,PM25,SEDANG,ispu_2021.csv,,
2021-04-04,DKI4,64.0,103.0,43.0,26.0,23.0,20.0,103.0,PM25,TIDAK SEHAT,ispu_2021.csv,,
2021-04-05,DKI4,52.0,80.0,43.0,14.0,23.0,16.0,80.0,PM25,SEDANG,ispu_2021.csv,,
2021-04-06,DKI4,30.0,50.0,43.0,6.0,15.0,10.0,50.0,PM25,BAIK,ispu_2021.csv,,
2021-04-07,DKI4,22.0,38.0,42.0,5.0,16.0,8.0,42.0,SO2,BAIK,ispu_2021.csv,,
2021-04-08,DKI4,24.0,55.0,48.0,8.0,14.0,10.0,55.0,PM25,SEDANG,ispu_2021.csv,,
2021-04-09,DKI4,42.0,63.0,43.0,8.0,21.0,13.0,63.0,PM25,SEDANG,ispu_2021.csv,,
2021-04-10,DKI4,61.0,90.0,43.0,15.0,27.0,21.0,90.0,PM25,SEDANG,ispu_2021.csv,,
2021-04-11,DKI4,66.0,108.0,47.0,18.0,35.0,24.0,108.0,PM25,TIDAK SEHAT,ispu_2021.csv,,
2021-04-12,DKI4,57.0,92.0,43.0,18.0,27.0,17.0,92.0,PM25,SEDANG,ispu_2021.csv,,
2021-04-13,DKI4,52.0,78.0,44.0,13.0,31.0,20.0,78.0,PM25,SEDANG,ispu_2021.csv,,
2021-04-14,DKI4,52.0,79.0,42.0,13.0,31.0,14.0,79.0,PM25,SEDANG,ispu_2021.csv,,
2021-04-15,DKI4,55.0,87.0,42.0,27.0,25.0,27.0,87.0,PM25,SEDANG,ispu_2021.csv,,
2021-04-16,DKI4,61.0,90.0,42.0,17.0,21.0,20.0,90.0,PM25,SEDANG,ispu_2021.csv,,
2021-04-17,DKI4,63.0,109.0,43.0,20.0,27.0,19.0,109.0,PM25,TIDAK SEHAT,ispu_2021.csv,,
2021-04-18,DKI4,57.0,82.0,42.0,16.0,,16.0,82.0,PM25,SEDANG,ispu_2021.csv,,
2021-04-19,DKI4,58.0,94.0,46.0,12.0,,19.0,94.0,PM25,SEDANG,ispu_2021.csv,,
2021-04-20,DKI4,56.0,90.0,45.0,10.0,34.0,17.0,90.0,PM25,SEDANG,ispu_2021.csv,,
2021-04-21,DKI4,64.0,103.0,43.0,16.0,27.0,17.0,103.0,PM25,TIDAK SEHAT,ispu_2021.csv,,
2021-04-22,DKI4,60.0,99.0,45.0,10.0,34.0,17.0,99.0,PM25,SEDANG,ispu_2021.csv,,
2021-04-23,DKI4,67.0,112.0,19.0,13.0,31.0,24.0,112.0,PM25,TIDAK SEHAT,ispu_2021.csv,,
2021-04-24,DKI4,65.0,98.0,33.0,13.0,31.0,20.0,98.0,PM25,SEDANG,ispu_2021.csv,,
2021-04-25,DKI4,73.0,116.0,37.0,17.0,20.0,17.0,116.0,PM25,TIDAK SEHAT,ispu_2021.csv,,
2021-04-26,DKI4,64.0,117.0,37.0,11.0,22.0,14.0,117.0,PM25,TIDAK SEHAT,ispu_2021.csv,,
2021-04-27,DKI4,75.0,138.0,38.0,11.0,27.0,13.0,138.0,PM25,TIDAK SEHAT,ispu_2021.csv,,
2021-04-28,DKI4,55.0,94.0,37.0,9.0,28.0,17.0,94.0,PM25,SEDANG,ispu_2021.csv,,
2021-04-29,DKI4,51.0,78.0,37.0,12.0,23.0,19.0,78.0,PM25,SEDANG,ispu_2021.csv,,
2021-04-30,DKI4,57.0,85.0,36.0,,26.0,17.0,85.0,PM25,SEDANG,ispu_2021.csv,,
2021-05-01,DKI4,58.0,91.0,37.0,,26.0,13.0,91.0,PM25,SEDANG,ispu_2021.csv,,
2021-05-02,DKI4,54.0,89.0,38.0,,22.0,10.0,89.0,PM25,SEDANG,ispu_2021.csv,,
2021-05-03,DKI4,61.0,95.0,39.0,,22.0,12.0,95.0,PM25,SEDANG,ispu_2021.csv,,
2021-05-04,DKI4,74.0,113.0,41.0,15.0,17.0,13.0,113.0,PM25,TIDAK SEHAT,ispu_2021.csv,,
2021-05-05,DKI4,73.0,117.0,38.0,20.0,21.0,21.0,117.0,PM25,TIDAK SEHAT,ispu_2021.csv,,
2021-05-06,DKI4,54.0,77.0,37.0,7.0,27.0,16.0,77.0,PM25,SEDANG,ispu_2021.csv,,
2021-05-07,DKI4,51.0,78.0,38.0,22.0,25.0,20.0,78.0,PM25,SEDANG,ispu_2021.csv,,
2021-05-08,DKI4,56.0,87.0,39.0,9.0,29.0,15.0,87.0,PM25,SEDANG,ispu_2021.csv,,
2021-05-09,DKI4,46.0,66.0,37.0,6.0,31.0,11.0,66.0,PM25,SEDANG,ispu_2021.csv,,
2021-05-10,DKI4,42.0,73.0,37.0,7.0,31.0,12.0,73.0,PM25,SEDANG,ispu_2021.csv,,
2021-05-11,DKI4,65.0,102.0,38.0,8.0,31.0,11.0,102.0,PM25,TIDAK SEHAT,ispu_2021.csv,,
2021-05-12,DKI4,67.0,105.0,37.0,9.0,27.0,11.0,105.0,PM25,TIDAK SEHAT,ispu_2021.csv,,
2021-05-13,DKI4,75.0,112.0,36.0,13.0,24.0,13.0,112.0,PM25,TIDAK SEHAT,ispu_2021.csv,,
2021-05-14,DKI4,51.0,76.0,38.0,3.0,27.0,8.0,76.0,PM25,SEDANG,ispu_2021.csv,,
2021-05-15,DKI4,62.0,89.0,38.0,,16.0,13.0,89.0,PM25,SEDANG,ispu_2021.csv,,
2021-05-16,DKI4,54.0,92.0,37.0,,25.0,15.0,92.0,PM25,SEDANG,ispu_2021.csv,,
2021-05-17,DKI4,49.0,74.0,37.0,4.0,28.0,17.0,74.0,PM25,SEDANG,ispu_2021.csv,,
2021-05-18,DKI4,39.0,57.0,36.0,,32.0,18.0,57.0,PM25,SEDANG,ispu_2021.csv,,
2021-05-19,DKI4,61.0,99.0,39.0,10.0,25.0,23.0,99.0,PM25,SEDANG,ispu_2021.csv,,
2021-05-20,DKI4,60.0,103.0,36.0,9.0,29.0,19.0,103.0,PM25,TIDAK SEHAT,ispu_2021.csv,,
2021-05-21,DKI4,55.0,95.0,37.0,9.0,27.0,20.0,95.0,PM25,SEDANG,ispu_2021.csv,,
2021-05-22,DKI4,53.0,85.0,32.0,,36.0,22.0,85.0,PM25,SEDANG,ispu_2021.csv,,
2021-05-23,DKI4,64.0,107.0,43.0,31.0,30.0,26.0,107.0,PM25,TIDAK SEHAT,ispu_2021.csv,,
2021-05-24,DKI4,72.0,118.0,57.0,26.0,33.0,24.0,118.0,PM25,TIDAK SEHAT,ispu_2021.csv,,
2021-05-25,DKI4,42.0,68.0,49.0,7.0,37.0,22.0,68.0,PM25,SEDANG,ispu_2021.csv,,
2021-05-26,DKI4,55.0,93.0,38.0,9.0,28.0,20.0,93.0,PM25,SEDANG,ispu_2021.csv,,
2021-05-27,DKI4,50.0,79.0,41.0,6.0,26.0,18.0,79.0,PM25,SEDANG,ispu_2021.csv,,
2021-05-28,DKI4,56.0,93.0,40.0,11.0,26.0,20.0,93.0,PM25,SEDANG,ispu_2021.csv,,
2021-05-29,DKI4,57.0,91.0,40.0,10.0,29.0,26.0,91.0,PM25,SEDANG,ispu_2021.csv,,
2021-05-30,DKI4,47.0,72.0,41.0,15.0,26.0,23.0,72.0,PM25,SEDANG,ispu_2021.csv,,
2021-05-31,DKI4,59.0,93.0,41.0,9.0,37.0,24.0,93.0,PM25,SEDANG,ispu_2021.csv,,
2021-06-01,DKI4,65.0,105.0,41.0,,36.0,30.0,105.0,PM25,TIDAK SEHAT,ispu_2021.csv,,
2021-06-02,DKI4,63.0,100.0,41.0,,36.0,21.0,100.0,PM25,SEDANG,ispu_2021.csv,,
2021-06-03,DKI4,54.0,89.0,41.0,11.0,32.0,20.0,89.0,PM25,SEDANG,ispu_2021.csv,,
2021-06-04,DKI4,62.0,100.0,43.0,7.0,41.0,17.0,100.0,PM25,SEDANG,ispu_2021.csv,,
2021-06-05,DKI4,57.0,93.0,41.0,11.0,36.0,23.0,93.0,PM25,SEDANG,ispu_2021.csv,,
2021-06-06,DKI4,56.0,93.0,41.0,9.0,38.0,20.0,93.0,PM25,SEDANG,ispu_2021.csv,,
2021-06-07,DKI4,50.0,86.0,41.0,9.0,37.0,21.0,86.0,PM25,SEDANG,ispu_2021.csv,,
2021-06-08,DKI4,62.0,103.0,44.0,,30.0,29.0,103.0,PM25,TIDAK SEHAT,ispu_2021.csv,,
2021-06-09,DKI4,68.0,108.0,43.0,,27.0,28.0,108.0,PM25,TIDAK SEHAT,ispu_2021.csv,,
2021-06-10,DKI4,68.0,108.0,37.0,9.0,32.0,28.0,108.0,PM25,TIDAK SEHAT,ispu_2021.csv,,
2021-06-11,DKI4,64.0,99.0,,9.0,35.0,26.0,99.0,PM25,SEDANG,ispu_2021.csv,,
2021-06-12,DKI4,55.0,93.0,27.0,13.0,30.0,24.0,93.0,PM25,SEDANG,ispu_2021.csv,,
2021-06-13,DKI4,49.0,80.0,36.0,12.0,32.0,23.0,80.0,PM25,SEDANG,ispu_2021.csv,,
2021-06-14,DKI4,63.0,103.0,35.0,13.0,28.0,21.0,103.0,PM25,TIDAK SEHAT,ispu_2021.csv,,
2021-06-15,DKI4,67.0,111.0,42.0,13.0,22.0,25.0,111.0,PM25,TIDAK SEHAT,ispu_2021.csv,,
2021-06-16,DKI4,62.0,88.0,35.0,20.0,19.0,22.0,88.0,PM25,SEDANG,ispu_2021.csv,,
2021-06-17,DKI4,64.0,102.0,35.0,28.0,20.0,28.0,102.0,PM25,TIDAK SEHAT,ispu_2021.csv,,
2021-06-18,DKI4,67.0,102.0,38.0,19.0,18.0,24.0,102.0,PM25,TIDAK SEHAT,ispu_2021.csv,,
2021-06-19,DKI4,56.0,102.0,31.0,19.0,15.0,31.0,102.0,PM25,TIDAK SEHAT,ispu_2021.csv,,
2021-06-20,DKI4,74.0,140.0,36.0,22.0,20.0,26.0,140.0,PM25,TIDAK SEHAT,ispu_2021.csv,,
2021-06-21,DKI4,51.0,90.0,29.0,14.0,19.0,21.0,90.0,PM25,SEDANG,ispu_2021.csv,,
2021-06-22,DKI4,47.0,84.0,33.0,16.0,21.0,22.0,84.0,PM25,SEDANG,ispu_2021.csv,,
2021-06-23,DKI4,58.0,107.0,38.0,14.0,23.0,25.0,107.0,PM25,TIDAK SEHAT,ispu_2021.csv,,
2021-06-24,DKI4,66.0,119.0,37.0,15.0,16.0,27.0,119.0,PM25,TIDAK SEHAT,ispu_2021.csv,,
2021-06-25,DKI4,82.0,147.0,39.0,18.0,20.0,24.0,147.0,PM25,TIDAK SEHAT,ispu_2021.csv,,
2021-06-26,DKI4,67.0,118.0,36.0,10.0,26.0,18.0,118.0,PM25,TIDAK SEHAT,ispu_2021.csv,,
2021-06-27,DKI4,72.0,134.0,34.0,18.0,29.0,22.0,134.0,PM25,TIDAK SEHAT,ispu_2021.csv,,
2021-06-28,DKI4,60.0,117.0,36.0,18.0,30.0,22.0,117.0,PM25,TIDAK SEHAT,ispu_2021.csv,,
2021-06-29,DKI4,65.0,124.0,34.0,13.0,27.0,21.0,124.0,PM25,TIDAK SEHAT,ispu_2021.csv,,
2021-06-30,DKI4,65.0,125.0,36.0,14.0,21.0,29.0,125.0,PM25,TIDAK SEHAT,ispu_2021.csv,,
2021-07-01,DKI4,62.0,114.0,37.0,13.0,23.0,27.0,114.0,PM25,TIDAK SEHAT,ispu_2021.csv,,
2021-07-02,DKI4,59.0,108.0,40.0,10.0,18.0,23.0,108.0,PM25,TIDAK SEHAT,ispu_2021.csv,,
2021-07-03,DKI4,72.0,141.0,37.0,13.0,25.0,20.0,141.0,PM25,TIDAK SEHAT,ispu_2021.csv,,
2021-07-04,DKI4,84.0,161.0,38.0,14.0,27.0,22.0,161.0,PM25,TIDAK SEHAT,ispu_2021.csv,,
2021-07-05,DKI4,83.0,153.0,39.0,13.0,31.0,26.0,153.0,PM25,TIDAK SEHAT,ispu_2021.csv,,
2021-07-06,DKI4,58.0,100.0,38.0,9.0,31.0,22.0,100.0,PM25,SEDANG,ispu_2021.csv,,
2021-07-07,DKI4,69.0,130.0,40.0,12.0,26.0,26.0,130.0,PM25,TIDAK SEHAT,ispu_2021.csv,,
2021-07-08,DKI4,74.0,145.0,40.0,10.0,29.0,25.0,145.0,PM25,TIDAK SEHAT,ispu_2021.csv,,
2021-07-09,DKI4,87.0,156.0,42.0,11.0,30.0,25.0,156.0,PM25,TIDAK SEHAT,ispu_2021.csv,,
2021-07-10,DKI4,71.0,132.0,45.0,9.0,29.0,21.0,132.0,PM25,TIDAK SEHAT,ispu_2021.csv,,
2021-07-11,DKI4,66.0,119.0,39.0,10.0,21.0,17.0,119.0,PM25,TIDAK SEHAT,ispu_2021.csv,,
2021-07-12,DKI4,,,,,,,0.0,,TIDAK ADA DATA,ispu_2021.csv,,
2021-07-13,DKI4,67.0,119.0,39.0,11.0,20.0,23.0,119.0,PM25,TIDAK SEHAT,ispu_2021.csv,,
2021-07-14,DKI4,57.0,116.0,39.0,13.0,20.0,26.0,116.0,PM25,TIDAK SEHAT,ispu_2021.csv,,
2021-07-15,DKI4,95.0,174.0,40.0,15.0,22.0,24.0,174.0,PM25,TIDAK SEHAT,ispu_2021.csv,,
2021-07-16,DKI4,71.0,138.0,37.0,11.0,24.0,29.0,138.0,PM25,TIDAK SEHAT,ispu_2021.csv,,
2021-07-17,DKI4,73.0,134.0,35.0,9.0,26.0,19.0,134.0,PM25,TIDAK SEHAT,ispu_2021.csv,,
2021-07-18,DKI4,75.0,150.0,37.0,12.0,32.0,22.0,150.0,PM25,TIDAK SEHAT,ispu_2021.csv,,
2021-07-19,DKI4,74.0,140.0,36.0,11.0,32.0,21.0,140.0,PM25,TIDAK SEHAT,ispu_2021.csv,,
2021-07-20,DKI4,80.0,147.0,38.0,13.0,26.0,21.0,147.0,PM25,TIDAK SEHAT,ispu_2021.csv,,
2021-07-21,DKI4,55.0,102.0,36.0,9.0,30.0,18.0,102.0,PM25,TIDAK SEHAT,ispu_2021.csv,,
2021-07-22,DKI4,57.0,110.0,39.0,9.0,28.0,26.0,110.0,PM25,TIDAK SEHAT,ispu_2021.csv,,
2021-07-23,DKI4,56.0,104.0,36.0,10.0,35.0,25.0,104.0,PM25,TIDAK SEHAT,ispu_2021.csv,,
2021-07-24,DKI4,56.0,104.0,37.0,12.0,27.0,25.0,104.0,PM25,TIDAK SEHAT,ispu_2021.csv,,
2021-07-25,DKI4,81.0,148.0,38.0,22.0,28.0,24.0,148.0,PM25,TIDAK SEHAT,ispu_2021.csv,,
2021-07-26,DKI4,68.0,131.0,39.0,14.0,24.0,25.0,131.0,PM25,TIDAK SEHAT,ispu_2021.csv,,
2021-07-27,DKI4,71.0,140.0,40.0,12.0,24.0,26.0,140.0,PM25,TIDAK SEHAT,ispu_2021.csv,,
2021-07-28,DKI4,73.0,145.0,39.0,14.0,24.0,27.0,145.0,PM25,TIDAK SEHAT,ispu_2021.csv,,
2021-07-29,DKI4,66.0,130.0,40.0,12.0,25.0,25.0,130.0,PM25,TIDAK SEHAT,ispu_2021.csv,,
2021-07-30,DKI4,83.0,154.0,39.0,15.0,37.0,34.0,154.0,PM25,TIDAK SEHAT,ispu_2021.csv,,
2021-07-31,DKI4,56.0,100.0,38.0,9.0,29.0,22.0,100.0,PM25,SEDANG,ispu_2021.csv,,
2021-08-01,DKI4,51.0,86.0,39.0,8.0,30.0,22.0,86.0,PM25,SEDANG,ispu_2021.csv,,
2021-08-02,DKI4,42.0,81.0,38.0,9.0,27.0,20.0,81.0,PM25,SEDANG,ispu_2021.csv,,
2021-08-03,DKI4,55.0,104.0,38.0,12.0,21.0,25.0,104.0,PM25,TIDAK SEHAT,ispu_2021.csv,,
2021-08-04,DKI4,51.0,87.0,41.0,7.0,23.0,20.0,87.0,PM25,SEDANG,ispu_2021.csv,,
2021-08-05,DKI4,53.0,90.0,38.0,8.0,21.0,19.0,90.0,PM25,SEDANG,ispu_2021.csv,,
2021-08-06,DKI4,59.0,105.0,37.0,16.0,13.0,21.0,105.0,PM25,TIDAK SEHAT,ispu_2021.csv,,
2021-08-07,DKI4,59.0,101.0,38.0,8.0,19.0,18.0,101.0,PM25,TIDAK SEHAT,ispu_2021.csv,,
2021-08-08,DKI4,54.0,92.0,40.0,7.0,21.0,17.0,92.0,PM25,SEDANG,ispu_2021.csv,,
2021-08-09,DKI4,48.0,82.0,40.0,6.0,26.0,16.0,82.0,PM25,SEDANG,ispu_2021.csv,,
2021-08-10,DKI4,35.0,68.0,38.0,6.0,30.0,19.0,68.0,PM25,SEDANG,ispu_2021.csv,,
2021-08-11,DKI4,56.0,102.0,39.0,11.0,27.0,23.0,102.0,PM25,TIDAK SEHAT,ispu_2021.csv,,
2021-08-12,DKI4,57.0,104.0,40.0,8.0,21.0,20.0,104.0,PM25,TIDAK SEHAT,ispu_2021.csv,,
2021-08-13,DKI4,55.0,101.0,40.0,11.0,19.0,25.0,101.0,PM25,TIDAK SEHAT,ispu_2021.csv,,
2021-08-14,DKI4,58.0,98.0,41.0,9.0,21.0,21.0,98.0,PM25,SEDANG,ispu_2021.csv,,
2021-08-15,DKI4,63.0,114.0,39.0,11.0,15.0,21.0,114.0,PM25,TIDAK SEHAT,ispu_2021.csv,,
2021-08-16,DKI4,55.0,100.0,41.0,8.0,17.0,21.0,100.0,PM25,SEDANG,ispu_2021.csv,,
2021-08-17,DKI4,59.0,103.0,41.0,8.0,24.0,20.0,103.0,PM25,TIDAK SEHAT,ispu_2021.csv,,
2021-08-18,DKI4,58.0,97.0,38.0,9.0,30.0,20.0,97.0,PM25,SEDANG,ispu_2021.csv,,
2021-08-19,DKI4,67.0,119.0,42.0,13.0,28.0,28.0,119.0,PM25,TIDAK SEHAT,ispu_2021.csv,,
2021-08-20,DKI4,64.0,106.0,40.0,11.0,28.0,23.0,106.0,PM25,TIDAK SEHAT,ispu_2021.csv,,
2021-08-21,DKI4,50.0,85.0,39.0,8.0,25.0,21.0,85.0,PM25,SEDANG,ispu_2021.csv,,
2021-08-22,DKI4,74.0,134.0,43.0,14.0,22.0,29.0,134.0,PM25,TIDAK SEHAT,ispu_2021.csv,,
2021-08-23,DKI4,63.0,106.0,40.0,10.0,24.0,20.0,106.0,PM25,TIDAK SEHAT,ispu_2021.csv,,
2021-08-24,DKI4,61.0,110.0,42.0,11.0,26.0,24.0,110.0,PM25,TIDAK SEHAT,ispu_2021.csv,,
2021-08-25,DKI4,62.0,106.0,42.0,9.0,26.0,28.0,106.0,PM25,TIDAK SEHAT,ispu_2021.csv,,
2021-08-26,DKI4,53.0,91.0,40.0,7.0,28.0,19.0,91.0,PM25,SEDANG,ispu_2021.csv,,
2021-08-27,DKI4,58.0,105.0,39.0,10.0,28.0,22.0,105.0,PM25,TIDAK SEHAT,ispu_2021.csv,,
2021-08-28,DKI4,65.0,123.0,38.0,10.0,36.0,23.0,123.0,PM25,TIDAK SEHAT,ispu_2021.csv,,
2021-08-29,DKI4,66.0,122.0,39.0,12.0,28.0,25.0,122.0,PM25,TIDAK SEHAT,ispu_2021.csv,,
2021-08-30,DKI4,76.0,140.0,41.0,16.0,30.0,31.0,140.0,PM25,TIDAK SEHAT,ispu_2021.csv,,
2021-08-31,DKI4,61.0,109.0,41.0,10.0,32.0,26.0,109.0,PM25,TIDAK SEHAT,ispu_2021.csv,,
2021-09-01,DKI4,68.0,118.0,40.0,16.0,26.0,27.0,118.0,PM25,TIDAK SEHAT,ispu_2021.csv,,
2021-09-02,DKI4,65.0,115.0,39.0,12.0,26.0,25.0,115.0,PM25,TIDAK SEHAT,ispu_2021.csv,,
2021-09-03,DKI4,62.0,111.0,42.0,10.0,34.0,23.0,111.0,PM25,TIDAK SEHAT,ispu_2021.csv,,
2021-09-04,DKI4,57.0,93.0,42.0,9.0,31.0,19.0,93.0,PM25,SEDANG,ispu_2021.csv,,
2021-09-05,DKI4,69.0,120.0,43.0,12.0,27.0,26.0,120.0,PM25,TIDAK SEHAT,ispu_2021.csv,,
2021-09-06,DKI4,62.0,109.0,42.0,9.0,29.0,16.0,109.0,PM25,TIDAK SEHAT,ispu_2021.csv,,
2021-09-07,DKI4,56.0,86.0,42.0,8.0,21.0,21.0,86.0,PM25,SEDANG,ispu_2021.csv,,
2021-09-08,DKI4,63.0,106.0,40.0,15.0,29.0,25.0,106.0,PM25,TIDAK SEHAT,ispu_2021.csv,,
2021-09-09,DKI4,52.0,82.0,41.0,12.0,27.0,24.0,82.0,PM25,SEDANG,ispu_2021.csv,,
2021-09-10,DKI4,45.0,80.0,42.0,8.0,26.0,19.0,80.0,PM25,SEDANG,ispu_2021.csv,,
2021-09-11,DKI4,59.0,109.0,43.0,10.0,33.0,30.0,109.0,PM25,TIDAK SEHAT,ispu_2021.csv,,
2021-09-12,DKI4,63.0,111.0,41.0,10.0,24.0,19.0,111.0,PM25,TIDAK SEHAT,ispu_2021.csv,,
2021-09-13,DKI4,54.0,88.0,42.0,7.0,18.0,16.0,88.0,PM25,SEDANG,ispu_2021.csv,,
2021-09-14,DKI4,36.0,61.0,41.0,6.0,19.0,15.0,61.0,PM25,SEDANG,ispu_2021.csv,,
2021-09-15,DKI4,60.0,110.0,42.0,19.0,18.0,23.0,110.0,PM25,TIDAK SEHAT,ispu_2021.csv,,
2021-09-16,DKI4,53.0,89.0,42.0,7.0,28.0,15.0,89.0,PM25,SEDANG,ispu_2021.csv,,
2021-09-17,DKI4,50.0,85.0,42.0,6.0,29.0,14.0,85.0,PM25,SEDANG,ispu_2021.csv,,
2021-09-18,DKI4,57.0,101.0,43.0,7.0,23.0,15.0,101.0,PM25,TIDAK SEHAT,ispu_2021.csv,,
2021-09-19,DKI4,,,,,,,0.0,,TIDAK ADA DATA,ispu_2021.csv,,
2021-09-20,DKI4,,,,,,,0.0,,TIDAK ADA DATA,ispu_2021.csv,,
2021-09-21,DKI4,,99.0,44.0,9.0,32.0,20.0,99.0,PM25,SEDANG,ispu_2021.csv,,
2021-09-22,DKI4,,119.0,44.0,10.0,22.0,21.0,119.0,PM25,TIDAK SEHAT,ispu_2021.csv,,
2021-09-23,DKI4,,116.0,43.0,9.0,24.0,18.0,116.0,PM25,TIDAK SEHAT,ispu_2021.csv,,
2021-09-24,DKI4,,109.0,46.0,8.0,21.0,18.0,109.0,PM25,TIDAK SEHAT,ispu_2021.csv,,
2021-09-25,DKI4,,102.0,45.0,7.0,26.0,16.0,102.0,PM25,TIDAK SEHAT,ispu_2021.csv,,
2021-09-26,DKI4,,98.0,45.0,7.0,33.0,12.0,98.0,PM25,SEDANG,ispu_2021.csv,,
2021-09-27,DKI4,,89.0,42.0,11.0,29.0,19.0,89.0,PM25,SEDANG,ispu_2021.csv,,
2021-09-28,DKI4,,69.0,41.0,6.0,38.0,15.0,69.0,PM25,SEDANG,ispu_2021.csv,,
2021-09-29,DKI4,,102.0,45.0,13.0,38.0,24.0,102.0,PM25,TIDAK SEHAT,ispu_2021.csv,,
2021-09-30,DKI4,,117.0,45.0,13.0,40.0,27.0,117.0,PM25,TIDAK SEHAT,ispu_2021.csv,,
2021-10-01,DKI4,,91.0,45.0,10.0,35.0,33.0,91.0,PM25,SEDANG,ispu_2021.csv,,
2021-10-02,DKI4,,127.0,46.0,10.0,35.0,19.0,127.0,PM25,TIDAK SEHAT,ispu_2021.csv,,
2021-10-03,DKI4,,96.0,44.0,9.0,32.0,19.0,96.0,PM25,SEDANG,ispu_2021.csv,,
2021-10-04,DKI4,,110.0,44.0,11.0,33.0,24.0,110.0,PM25,TIDAK SEHAT,ispu_2021.csv,,
2021-10-05,DKI4,,,,,,,0.0,,TIDAK ADA DATA,ispu_2021.csv,,
2021-10-06,DKI4,66.0,103.0,47.0,8.0,37.0,17.0,103.0,PM25,TIDAK SEHAT,ispu_2021.csv,,
2021-10-07,DKI4,52.0,77.0,41.0,7.0,27.0,23.0,77.0,PM25,SEDANG,ispu_2021.csv,,
2021-10-08,DKI4,58.0,98.0,45.0,9.0,30.0,22.0,98.0,PM25,SEDANG,ispu_2021.csv,,
2021-10-09,DKI4,55.0,83.0,47.0,7.0,36.0,21.0,83.0,PM25,SEDANG,ispu_2021.csv,,
2021-10-10,DKI4,61.0,97.0,42.0,9.0,43.0,16.0,97.0,PM25,SEDANG,ispu_2021.csv,,
2021-10-11,DKI4,62.0,100.0,43.0,10.0,44.0,26.0,100.0,PM25,SEDANG,ispu_2021.csv,,
2021-10-12,DKI4,70.0,111.0,47.0,9.0,32.0,25.0,111.0,PM25,TIDAK SEHAT,ispu_2021.csv,,
2021-10-13,DKI4,,91.0,44.0,8.0,38.0,19.0,91.0,PM25,SEDANG,ispu_2021.csv,,
2021-10-14,DKI4,,131.0,44.0,12.0,45.0,32.0,131.0,PM25,TIDAK SEHAT,ispu_2021.csv,,
2021-10-15,DKI4,100.0,157.0,41.0,15.0,50.0,26.0,157.0,PM25,TIDAK SEHAT,ispu_2021.csv,,
2021-10-16,DKI4,67.0,122.0,40.0,14.0,51.0,23.0,122.0,PM25,TIDAK SEHAT,ispu_2021.csv,,
2021-10-17,DKI4,,126.0,39.0,13.0,53.0,27.0,126.0,PM25,TIDAK SEHAT,ispu_2021.csv,,
2021-10-18,DKI4,57.0,88.0,42.0,11.0,32.0,19.0,88.0,PM25,SEDANG,ispu_2021.csv,,
2021-10-19,DKI4,52.0,80.0,41.0,18.0,31.0,23.0,80.0,PM25,SEDANG,ispu_2021.csv,,
2021-10-20,DKI4,,96.0,45.0,10.0,33.0,17.0,96.0,PM25,SEDANG,ispu_2021.csv,,
2021-10-21,DKI4,,,44.0,10.0,48.0,18.0,48.0,O3,BAIK,ispu_2021.csv,,
2021-10-22,DKI4,71.0,120.0,45.0,13.0,36.0,21.0,120.0,PM25,TIDAK SEHAT,ispu_2021.csv,,
2021-10-23,DKI4,65.0,109.0,45.0,10.0,35.0,20.0,109.0,PM25,TIDAK SEHAT,ispu_2021.csv,,
2021-10-24,DKI4,68.0,113.0,44.0,15.0,39.0,23.0,113.0,PM25,TIDAK SEHAT,ispu_2021.csv,,
2021-10-25,DKI4,62.0,104.0,44.0,11.0,41.0,22.0,104.0,PM25,TIDAK SEHAT,ispu_2021.csv,,
2021-10-26,DKI4,75.0,130.0,45.0,16.0,36.0,24.0,130.0,PM25,TIDAK SEHAT,ispu_2021.csv,,
2021-10-27,DKI4,59.0,90.0,43.0,10.0,50.0,21.0,90.0,PM25,SEDANG,ispu_2021.csv,,
2021-10-28,DKI4,54.0,78.0,40.0,11.0,56.0,18.0,78.0,PM25,SEDANG,ispu_2021.csv,,
2021-10-29,DKI4,51.0,79.0,41.0,15.0,45.0,15.0,79.0,PM25,SEDANG,ispu_2021.csv,,
2021-10-30,DKI4,62.0,103.0,43.0,15.0,58.0,18.0,103.0,PM25,TIDAK SEHAT,ispu_2021.csv,,
2021-10-31,DKI4,,79.0,,,,,79.0,PM25,SEDANG,ispu_2021.csv,,
2021-11-01,DKI4,,,,,,,0.0,,TIDAK ADA DATA,ispu_2021.csv,,
2021-11-02,DKI4,54.0,77.0,40.0,18.0,47.0,22.0,77.0,PM25,SEDANG,ispu_2021.csv,,
2021-11-03,DKI4,51.0,83.0,42.0,12.0,73.0,17.0,83.0,PM25,SEDANG,ispu_2021.csv,,
2021-11-04,DKI4,58.0,93.0,43.0,17.0,27.0,24.0,93.0,PM25,SEDANG,ispu_2021.csv,,
2021-11-05,DKI4,61.0,95.0,43.0,16.0,14.0,20.0,95.0,PM25,SEDANG,ispu_2021.csv,,
2021-11-06,DKI4,55.0,86.0,44.0,11.0,26.0,29.0,86.0,PM25,SEDANG,ispu_2021.csv,,
2021-11-07,DKI4,52.0,81.0,44.0,9.0,35.0,17.0,81.0,PM25,SEDANG,ispu_2021.csv,,
2021-11-08,DKI4,52.0,70.0,44.0,14.0,26.0,16.0,70.0,PM25,SEDANG,ispu_2021.csv,,
2021-11-09,DKI4,64.0,106.0,43.0,15.0,31.0,19.0,106.0,PM25,TIDAK SEHAT,ispu_2021.csv,,
2021-11-10,DKI4,61.0,100.0,37.0,11.0,20.0,19.0,100.0,PM25,SEDANG,ispu_2021.csv,,
2021-11-11,DKI4,45.0,71.0,37.0,10.0,13.0,14.0,71.0,PM25,SEDANG,ispu_2021.csv,,
2021-11-12,DKI4,32.0,63.0,37.0,7.0,19.0,14.0,63.0,PM25,SEDANG,ispu_2021.csv,,
2021-11-13,DKI4,52.0,82.0,38.0,14.0,30.0,17.0,82.0,PM25,SEDANG,ispu_2021.csv,,
2021-11-14,DKI4,48.0,68.0,36.0,13.0,24.0,14.0,68.0,PM25,SEDANG,ispu_2021.csv,,
2021-11-15,DKI4,36.0,58.0,36.0,7.0,16.0,11.0,58.0,PM25,SEDANG,ispu_2021.csv,,
2021-11-16,DKI4,42.0,68.0,36.0,10.0,15.0,14.0,68.0,PM25,SEDANG,ispu_2021.csv,,
2021-11-17,DKI4,60.0,99.0,39.0,10.0,19.0,14.0,99.0,PM25,SEDANG,ispu_2021.csv,,
2021-11-18,DKI4,63.0,106.0,41.0,9.0,27.0,18.0,106.0,PM25,TIDAK SEHAT,ispu_2021.csv,,
2021-11-19,DKI4,23.0,38.0,36.0,3.0,17.0,8.0,38.0,PM25,BAIK,ispu_2021.csv,,
2021-11-20,DKI4,26.0,58.0,38.0,6.0,21.0,13.0,58.0,PM25,SEDANG,ispu_2021.csv,,
2021-11-21,DKI4,44.0,65.0,37.0,19.0,13.0,14.0,65.0,PM25,SEDANG,ispu_2021.csv,,
2021-11-22,DKI4,23.0,45.0,37.0,4.0,14.0,9.0,45.0,PM25,BAIK,ispu_2021.csv,,
2021-11-23,DKI4,17.0,37.0,36.0,3.0,15.0,7.0,37.0,PM25,BAIK,ispu_2021.csv,,
2021-11-24,DKI4,27.0,59.0,37.0,5.0,26.0,12.0,59.0,PM25,SEDANG,ispu_2021.csv,,
2021-11-25,DKI4,54.0,80.0,38.0,11.0,24.0,18.0,80.0,PM25,SEDANG,ispu_2021.csv,,
2021-11-26,DKI4,58.0,78.0,38.0,14.0,17.0,13.0,78.0,PM25,SEDANG,ispu_2021.csv,,
2021-11-27,DKI4,37.0,56.0,37.0,8.0,13.0,12.0,56.0,PM25,SEDANG,ispu_2021.csv,,
2021-11-28,DKI4,18.0,33.0,37.0,4.0,18.0,10.0,37.0,SO2,BAIK,ispu_2021.csv,,
2021-11-29,DKI4,29.0,55.0,37.0,8.0,17.0,11.0,55.0,PM25,SEDANG,ispu_2021.csv,,
2021-11-30,DKI4,39.0,66.0,38.0,8.0,24.0,15.0,66.0,PM25,SEDANG,ispu_2021.csv,,
2021-12-01,DKI4,63.0,100.0,39.0,12.0,19.0,23.0,100.0,PM25,SEDANG,ispu_2021.csv,,
2021-12-02,DKI4,33.0,56.0,38.0,5.0,18.0,13.0,56.0,PM25,SEDANG,ispu_2021.csv,,
2021-12-03,DKI4,41.0,71.0,39.0,7.0,23.0,15.0,71.0,PM25,SEDANG,ispu_2021.csv,,
2021-12-04,DKI4,42.0,62.0,39.0,8.0,14.0,15.0,62.0,PM25,SEDANG,ispu_2021.csv,,
2021-12-05,DKI4,53.0,80.0,39.0,17.0,13.0,15.0,80.0,PM25,SEDANG,ispu_2021.csv,,
2021-12-06,DKI4,52.0,83.0,41.0,20.0,23.0,19.0,83.0,PM25,SEDANG,ispu_2021.csv,,
2021-12-07,DKI4,179.0,58.0,39.0,9.0,17.0,15.0,179.0,PM10,TIDAK SEHAT,ispu_2021.csv,,
2021-12-08,DKI4,47.0,76.0,40.0,14.0,25.0,14.0,76.0,PM25,SEDANG,ispu_2021.csv,,
2021-12-09,DKI4,38.0,63.0,40.0,9.0,28.0,19.0,63.0,PM25,SEDANG,ispu_2021.csv,,
2021-12-10,DKI4,45.0,73.0,42.0,10.0,24.0,19.0,73.0,PM25,SEDANG,ispu_2021.csv,,
2021-12-11,DKI4,32.0,60.0,39.0,7.0,22.0,17.0,60.0,PM25,SEDANG,ispu_2021.csv,,
2021-12-12,DKI4,,,,,,,0.0,,TIDAK ADA DATA,ispu_2021.csv,,
2021-12-13,DKI4,,,,,,,0.0,,TIDAK ADA DATA,ispu_2021.csv,,
2021-12-14,DKI4,50.0,76.0,40.0,7.0,28.0,14.0,76.0,PM25,SEDANG,ispu_2021.csv,,
2021-12-15,DKI4,69.0,124.0,40.0,15.0,29.0,23.0,124.0,PM25,TIDAK SEHAT,ispu_2021.csv,,
2021-12-16,DKI4,78.0,136.0,41.0,14.0,32.0,18.0,136.0,PM25,TIDAK SEHAT,ispu_2021.csv,,
2021-12-17,DKI4,55.0,81.0,39.0,13.0,34.0,17.0,81.0,PM25,SEDANG,ispu_2021.csv,,
2021-12-18,DKI4,,69.0,42.0,13.0,24.0,17.0,69.0,PM25,SEDANG,ispu_2021.csv,,
2021-12-19,DKI4,64.0,102.0,41.0,21.0,40.0,22.0,102.0,PM25,TIDAK SEHAT,ispu_2021.csv,,
2021-12-20,DKI4,57.0,86.0,42.0,10.0,30.0,16.0,86.0,PM25,SEDANG,ispu_2021.csv,,
2021-12-21,DKI4,62.0,,42.0,17.0,13.0,27.0,62.0,PM10,SEDANG,ispu_2021.csv,,
2021-12-22,DKI4,62.0,98.0,27.0,22.0,,34.0,98.0,PM25,SEDANG,ispu_2021.csv,,
2021-12-23,DKI4,62.0,99.0,26.0,13.0,,26.0,99.0,PM25,SEDANG,ispu_2021.csv,,
2021-12-24,DKI4,34.0,65.0,,,,,65.0,PM25,SEDANG,ispu_2021.csv,,
2021-12-25,DKI4,56.0,85.0,15.0,23.0,,,85.0,PM25,SEDANG,ispu_2021.csv,,
2021-12-26,DKI4,44.0,71.0,13.0,14.0,,8.0,71.0,PM25,SEDANG,ispu_2021.csv,,
2021-12-27,DKI4,68.0,121.0,17.0,21.0,,12.0,121.0,PM25,TIDAK SEHAT,ispu_2021.csv,,
2021-12-28,DKI4,59.0,89.0,38.0,15.0,,22.0,89.0,PM25,SEDANG,ispu_2021.csv,,
2021-12-29,DKI4,61.0,98.0,37.0,15.0,,19.0,98.0,PM25,SEDANG,ispu_2021.csv,,
2021-12-30,DKI4,60.0,102.0,38.0,17.0,,21.0,102.0,PM25,TIDAK SEHAT,ispu_2021.csv,,
2021-12-31,DKI4,58.0,90.0,36.0,21.0,,22.0,90.0,PM25,SEDANG,ispu_2021.csv,,
2022-01-13,DKI4,36.2,59.4,35.0,11.4,16.5,15.4,59.4,,,rendahemisi_2022.csv,from_hourly_scrape,12.0
2022-01-14,DKI4,40.2,61.2,34.9,11.1,15.0,16.0,61.2,,,rendahemisi_2022.csv,from_hourly_scrape,12.0
2022-01-15,DKI4,48.2,69.2,34.6,10.2,,14.3,69.2,,,rendahemisi_2022.csv,from_hourly_scrape,12.0
2022-01-17,DKI4,60.3,93.6,35.0,16.9,,11.7,93.6,,,rendahemisi_2022.csv,from_hourly_scrape,10.0
2022-01-18,DKI4,44.9,70.6,35.8,11.7,,13.9,70.6,,,rendahemisi_2022.csv,from_hourly_scrape,14.0
2022-01-19,DKI4,36.0,55.9,34.7,10.4,6.5,13.5,55.9,,,rendahemisi_2022.csv,from_hourly_scrape,15.0
2022-01-20,DKI4,30.5,56.1,35.0,9.4,10.3,12.7,56.1,,,rendahemisi_2022.csv,from_hourly_scrape,19.0
2022-01-21,DKI4,21.8,49.2,34.0,8.7,6.6,11.2,49.2,,,rendahemisi_2022.csv,from_hourly_scrape,13.0
2022-01-22,DKI4,42.2,70.8,34.7,11.1,11.2,16.0,70.8,,,rendahemisi_2022.csv,from_hourly_scrape,13.0
2022-01-23,DKI4,37.3,66.7,34.6,10.5,11.2,13.6,66.7,,,rendahemisi_2022.csv,from_hourly_scrape,16.0
2022-01-24,DKI4,34.1,69.3,34.9,8.7,7.2,9.9,69.3,,,rendahemisi_2022.csv,from_hourly_scrape,9.0
2022-01-25,DKI4,28.9,57.7,35.0,6.0,8.6,7.7,57.7,,,rendahemisi_2022.csv,from_hourly_scrape,7.0
2022-01-26,DKI4,26.0,54.3,34.9,6.5,9.1,9.0,54.3,,,rendahemisi_2022.csv,from_hourly_scrape,12.0
2022-01-27,DKI4,41.7,73.8,34.2,13.2,12.2,9.4,73.8,,,rendahemisi_2022.csv,from_hourly_scrape,12.0
2022-01-28,DKI4,39.9,71.7,34.8,10.7,12.4,12.8,71.7,,,rendahemisi_2022.csv,from_hourly_scrape,17.0
2022-01-29,DKI4,61.9,116.1,35.7,19.2,11.1,14.8,116.1,,,rendahemisi_2022.csv,from_hourly_scrape,19.0
2022-01-30,DKI4,67.8,126.4,36.1,20.8,21.1,23.4,126.4,,,rendahemisi_2022.csv,from_hourly_scrape,19.0
2022-01-31,DKI4,73.2,126.4,36.3,19.8,15.9,20.1,126.4,,,rendahemisi_2022.csv,from_hourly_scrape,14.0
2022-02-01,DKI4,52.5,88.2,36.0,10.5,13.7,14.7,88.2,,,rendahemisi_2022.csv,from_hourly_scrape,12.0
2022-02-02,DKI4,59.7,100.6,35.7,14.6,12.7,15.4,100.6,,,rendahemisi_2022.csv,from_hourly_scrape,9.0
2022-02-03,DKI4,51.8,93.9,35.8,12.7,10.6,17.6,93.9,,,rendahemisi_2022.csv,from_hourly_scrape,20.0
2022-02-04,DKI4,38.5,65.5,37.2,8.4,12.4,18.6,65.5,,,rendahemisi_2022.csv,from_hourly_scrape,20.0
2022-02-05,DKI4,31.9,60.1,36.0,11.4,8.6,17.2,60.1,,,rendahemisi_2022.csv,from_hourly_scrape,21.0
2022-02-06,DKI4,27.3,51.3,37.9,7.0,8.3,9.9,51.3,,,rendahemisi_2022.csv,from_hourly_scrape,9.0
2022-02-07,DKI4,31.4,58.3,35.3,9.3,5.9,11.0,58.3,,,rendahemisi_2022.csv,from_hourly_scrape,19.0
2022-02-08,DKI4,54.6,105.0,35.2,13.0,4.2,14.7,105.0,,,rendahemisi_2022.csv,from_hourly_scrape,20.0
2022-02-09,DKI4,62.1,102.9,34.5,25.3,6.0,15.8,102.9,,,rendahemisi_2022.csv,from_hourly_scrape,21.0
2022-02-10,DKI4,30.4,49.1,34.3,5.8,8.9,7.4,49.1,,,rendahemisi_2022.csv,from_hourly_scrape,16.0
2022-02-11,DKI4,36.5,73.0,34.6,13.6,6.1,12.4,73.0,,,rendahemisi_2022.csv,from_hourly_scrape,16.0
2022-02-12,DKI4,43.5,67.8,35.0,9.9,9.9,13.6,67.8,,,rendahemisi_2022.csv,from_hourly_scrape,19.0
2022-02-13,DKI4,54.0,96.9,35.6,19.1,11.6,18.7,96.9,,,rendahemisi_2022.csv,from_hourly_scrape,21.0
2022-02-14,DKI4,66.9,111.6,34.9,16.8,8.7,16.2,111.6,,,rendahemisi_2022.csv,from_hourly_scrape,18.0
2022-02-15,DKI4,61.6,109.4,35.5,19.8,12.6,18.0,109.4,,,rendahemisi_2022.csv,from_hourly_scrape,17.0
2022-02-16,DKI4,65.3,110.5,36.2,14.5,17.2,16.8,110.5,,,rendahemisi_2022.csv,from_hourly_scrape,20.0
2022-02-17,DKI4,51.4,79.7,35.9,11.4,22.4,18.5,79.7,,,rendahemisi_2022.csv,from_hourly_scrape,14.0
2022-02-23,DKI4,50.8,83.0,39.0,7.3,9.3,13.3,83.0,,,rendahemisi_2022.csv,from_hourly_scrape,10.0
2022-02-24,DKI4,52.9,81.7,39.0,6.0,12.0,11.0,81.7,,,rendahemisi_2022.csv,from_hourly_scrape,1.0
2022-02-25,DKI4,38.3,59.7,36.6,7.8,6.0,8.0,59.7,,,rendahemisi_2022.csv,from_hourly_scrape,20.0
2022-02-26,DKI4,28.7,56.4,36.0,8.0,5.6,9.6,56.4,,,rendahemisi_2022.csv,from_hourly_scrape,20.0
2022-02-27,DKI4,29.9,55.9,36.0,9.2,4.9,8.5,55.9,,,rendahemisi_2022.csv,from_hourly_scrape,14.0
2022-02-28,DKI4,20.4,40.9,35.8,5.8,5.0,4.7,40.9,,,rendahemisi_2022.csv,from_hourly_scrape,21.0
2022-03-01,DKI4,20.2,39.9,35.8,6.8,4.4,5.8,39.9,,,rendahemisi_2022.csv,from_hourly_scrape,20.0
2022-03-02,DKI4,20.7,39.2,36.0,6.3,4.1,4.6,39.2,,,rendahemisi_2022.csv,from_hourly_scrape,19.0
2022-03-03,DKI4,23.6,52.6,36.4,5.2,9.0,5.2,52.6,,,rendahemisi_2022.csv,from_hourly_scrape,20.0
2022-03-04,DKI4,25.1,55.5,36.7,6.2,14.1,6.8,55.5,,,rendahemisi_2022.csv,from_hourly_scrape,21.0
2022-03-05,DKI4,33.4,64.9,36.5,9.8,10.8,9.5,64.9,,,rendahemisi_2022.csv,from_hourly_scrape,19.0
2022-03-06,DKI4,54.9,98.8,36.0,14.1,4.3,6.7,98.8,,,rendahemisi_2022.csv,from_hourly_scrape,15.0
2022-03-07,DKI4,23.3,52.6,36.0,7.2,6.9,6.8,52.6,,,rendahemisi_2022.csv,from_hourly_scrape,18.0
2022-03-08,DKI4,48.4,94.1,36.4,10.0,12.4,10.6,94.1,,,rendahemisi_2022.csv,from_hourly_scrape,20.0
2022-03-09,DKI4,48.6,78.9,36.9,14.5,17.4,14.3,78.9,,,rendahemisi_2022.csv,from_hourly_scrape,19.0
2022-03-10,DKI4,59.1,107.7,37.6,18.8,18.9,21.4,107.7,,,rendahemisi_2022.csv,from_hourly_scrape,19.0
2022-03-11,DKI4,64.9,109.8,38.9,15.2,21.3,25.4,109.8,,,rendahemisi_2022.csv,from_hourly_scrape,20.0
2022-03-12,DKI4,43.4,66.3,36.7,13.3,11.4,11.2,66.3,,,rendahemisi_2022.csv,from_hourly_scrape,19.0
2022-03-13,DKI4,31.6,59.6,36.1,16.7,6.1,7.8,59.6,,,rendahemisi_2022.csv,from_hourly_scrape,21.0
2022-03-14,DKI4,57.0,104.0,36.5,16.3,13.2,10.6,104.0,,,rendahemisi_2022.csv,from_hourly_scrape,20.0
2022-03-15,DKI4,51.7,90.7,38.4,12.6,15.1,17.1,90.7,,,rendahemisi_2022.csv,from_hourly_scrape,19.0
2022-03-16,DKI4,50.2,80.8,38.2,17.6,11.7,11.6,80.8,,,rendahemisi_2022.csv,from_hourly_scrape,20.0
2022-03-17,DKI4,72.0,134.3,37.4,19.0,17.1,23.6,134.3,,,rendahemisi_2022.csv,from_hourly_scrape,21.0
2022-03-18,DKI4,68.2,115.5,37.0,21.8,15.0,26.8,115.5,,,rendahemisi_2022.csv,from_hourly_scrape,21.0
2022-03-19,DKI4,62.8,99.4,37.0,14.4,16.6,17.0,99.4,,,rendahemisi_2022.csv,from_hourly_scrape,9.0
2022-03-20,DKI4,38.6,69.4,37.0,10.2,7.0,9.6,69.4,,,rendahemisi_2022.csv,from_hourly_scrape,18.0
2022-03-21,DKI4,29.5,57.2,37.0,5.5,6.4,6.0,57.2,,,rendahemisi_2022.csv,from_hourly_scrape,18.0
2022-03-22,DKI4,30.0,60.8,37.0,7.5,5.2,7.8,60.8,,,rendahemisi_2022.csv,from_hourly_scrape,12.0
2022-03-23,DKI4,37.4,58.4,37.7,6.4,6.5,8.7,58.4,,,rendahemisi_2022.csv,from_hourly_scrape,19.0
2022-03-24,DKI4,32.2,60.8,37.4,9.6,8.6,8.4,60.8,,,rendahemisi_2022.csv,from_hourly_scrape,19.0
2022-03-25,DKI4,73.9,84.2,41.8,14.2,17.3,15.7,84.2,,,rendahemisi_2022.csv,from_hourly_scrape,22.0
2022-03-26,DKI4,69.5,90.2,40.2,10.8,15.9,14.8,90.2,,,rendahemisi_2022.csv,from_hourly_scrape,17.0
2022-03-28,DKI4,45.6,,38.0,9.7,13.9,15.2,45.6,,,rendahemisi_2022.csv,from_hourly_scrape,16.0
2022-03-29,DKI4,56.4,113.4,39.0,16.8,15.9,17.8,113.4,,,rendahemisi_2022.csv,from_hourly_scrape,21.0
2022-03-30,DKI4,65.4,119.3,40.6,15.2,15.2,20.6,119.3,,,rendahemisi_2022.csv,from_hourly_scrape,17.0
2022-03-31,DKI4,85.4,158.0,41.4,16.8,32.9,25.5,158.0,,,rendahemisi_2022.csv,from_hourly_scrape,20.0
2022-04-01,DKI4,71.2,119.0,40.1,14.6,17.5,18.2,119.0,,,rendahemisi_2022.csv,from_hourly_scrape,22.0
2022-04-02,DKI4,57.4,98.2,41.2,13.9,12.6,15.8,98.2,,,rendahemisi_2022.csv,from_hourly_scrape,20.0
2022-04-03,DKI4,45.6,71.9,38.7,11.3,6.6,13.2,71.9,,,rendahemisi_2022.csv,from_hourly_scrape,16.0
2022-04-04,DKI4,39.8,70.4,39.5,10.5,9.7,8.9,70.4,,,rendahemisi_2022.csv,from_hourly_scrape,22.0
2022-04-05,DKI4,50.3,86.2,40.3,10.3,16.3,14.3,86.2,,,rendahemisi_2022.csv,from_hourly_scrape,21.0
2022-04-06,DKI4,54.4,89.9,39.9,14.0,13.9,14.2,89.9,,,rendahemisi_2022.csv,from_hourly_scrape,23.0
2022-04-07,DKI4,54.3,93.8,39.5,14.5,16.0,14.3,93.8,,,rendahemisi_2022.csv,from_hourly_scrape,22.0
2022-04-08,DKI4,46.9,80.9,39.5,10.7,15.7,12.4,80.9,,,rendahemisi_2022.csv,from_hourly_scrape,19.0
2022-04-09,DKI4,47.6,80.0,40.0,11.0,17.1,12.8,80.0,,,rendahemisi_2022.csv,from_hourly_scrape,20.0
2022-04-10,DKI4,77.4,155.4,41.0,24.2,25.6,14.4,155.4,,,rendahemisi_2022.csv,from_hourly_scrape,20.0
2022-04-11,DKI4,59.3,100.5,40.3,10.1,28.0,13.0,100.5,,,rendahemisi_2022.csv,from_hourly_scrape,21.0
2022-04-12,DKI4,57.6,104.0,40.5,14.8,24.5,20.0,104.0,,,rendahemisi_2022.csv,from_hourly_scrape,21.0
2022-04-13,DKI4,65.1,116.0,40.6,16.8,29.5,26.5,116.0,,,rendahemisi_2022.csv,from_hourly_scrape,17.0
2022-04-14,DKI4,61.7,107.2,41.0,9.7,32.0,20.4,107.2,,,rendahemisi_2022.csv,from_hourly_scrape,21.0
2022-04-15,DKI4,53.8,98.3,41.2,11.8,22.4,19.0,98.3,,,rendahemisi_2022.csv,from_hourly_scrape,20.0
2022-04-16,DKI4,62.8,119.7,41.0,11.4,27.2,13.8,119.7,,,rendahemisi_2022.csv,from_hourly_scrape,20.0
2022-04-17,DKI4,72.5,145.3,41.0,16.8,24.8,18.1,145.3,,,rendahemisi_2022.csv,from_hourly_scrape,19.0
2022-04-18,DKI4,72.8,137.7,40.6,12.4,19.2,11.3,137.7,,,rendahemisi_2022.csv,from_hourly_scrape,19.0
2022-04-19,DKI4,46.5,79.6,40.8,9.3,18.4,17.8,79.6,,,rendahemisi_2022.csv,from_hourly_scrape,18.0
2022-04-20,DKI4,57.7,100.9,40.9,16.1,19.8,19.8,100.9,,,rendahemisi_2022.csv,from_hourly_scrape,19.0
2022-04-21,DKI4,45.6,92.6,40.8,9.9,10.8,14.1,92.6,,,rendahemisi_2022.csv,from_hourly_scrape,18.0
2022-04-22,DKI4,62.4,122.9,42.3,16.8,8.1,17.2,122.9,,,rendahemisi_2022.csv,from_hourly_scrape,20.0
2022-04-23,DKI4,61.1,111.4,40.8,19.6,11.2,15.3,111.4,,,rendahemisi_2022.csv,from_hourly_scrape,20.0
2022-04-24,DKI4,63.0,113.7,41.0,21.6,19.4,21.3,113.7,,,rendahemisi_2022.csv,from_hourly_scrape,20.0
2022-04-25,DKI4,59.2,115.4,42.4,13.5,20.1,18.0,115.4,,,rendahemisi_2022.csv,from_hourly_scrape,19.0
2022-04-26,DKI4,53.2,89.5,42.6,8.8,23.5,12.9,89.5,,,rendahemisi_2022.csv,from_hourly_scrape,20.0
2022-04-27,DKI4,41.0,88.7,42.6,12.0,9.7,14.8,88.7,,,rendahemisi_2022.csv,from_hourly_scrape,20.0
2022-04-28,DKI4,51.2,97.4,41.6,12.2,8.6,17.2,97.4,,,rendahemisi_2022.csv,from_hourly_scrape,5.0
2022-04-29,DKI4,24.4,58.4,40.0,8.9,9.6,8.7,58.4,,,rendahemisi_2022.csv,from_hourly_scrape,21.0
2022-04-30,DKI4,26.7,66.0,40.0,7.0,20.0,7.0,66.0,,,rendahemisi_2022.csv,from_hourly_scrape,2.0
2022-05-01,DKI4,62.2,123.0,41.0,20.5,14.1,10.5,123.0,,,rendahemisi_2022.csv,from_hourly_scrape,20.0
2022-05-02,DKI4,51.5,92.6,41.0,13.8,14.4,14.6,92.6,,,rendahemisi_2022.csv,from_hourly_scrape,20.0
2022-05-03,DKI4,32.0,62.9,40.3,10.8,14.6,13.9,62.9,,,rendahemisi_2022.csv,from_hourly_scrape,18.0
2022-05-04,DKI4,37.9,79.1,41.0,10.7,15.4,11.2,79.1,,,rendahemisi_2022.csv,from_hourly_scrape,19.0
2022-05-05,DKI4,51.3,98.5,41.1,12.6,15.4,14.0,98.5,,,rendahemisi_2022.csv,from_hourly_scrape,20.0
2022-05-06,DKI4,34.4,77.0,42.0,6.4,12.8,7.0,77.0,,,rendahemisi_2022.csv,from_hourly_scrape,20.0
2022-05-07,DKI4,47.4,93.6,41.3,10.3,13.3,10.1,93.6,,,rendahemisi_2022.csv,from_hourly_scrape,21.0
2022-05-08,DKI4,55.6,98.4,41.6,17.8,11.4,12.2,98.4,,,rendahemisi_2022.csv,from_hourly_scrape,18.0
2022-05-09,DKI4,48.1,88.3,42.7,10.2,12.5,12.6,88.3,,,rendahemisi_2022.csv,from_hourly_scrape,16.0
2022-05-10,DKI4,53.0,88.0,41.2,11.9,15.8,11.0,88.0,,,rendahemisi_2022.csv,from_hourly_scrape,20.0
2022-05-11,DKI4,44.9,76.7,40.7,9.5,19.3,10.8,76.7,,,rendahemisi_2022.csv,from_hourly_scrape,18.0
2022-05-13,DKI4,25.2,54.0,41.3,5.1,14.0,7.4,54.0,,,rendahemisi_2022.csv,from_hourly_scrape,20.0
2022-05-14,DKI4,43.5,88.8,43.2,10.9,16.0,13.9,88.8,,,rendahemisi_2022.csv,from_hourly_scrape,22.0
2022-05-15,DKI4,66.7,125.3,43.0,13.3,19.2,15.3,125.3,,,rendahemisi_2022.csv,from_hourly_scrape,23.0
2022-05-16,DKI4,59.5,104.2,42.0,21.3,13.9,15.0,104.2,,,rendahemisi_2022.csv,from_hourly_scrape,22.0
2022-05-17,DKI4,66.0,126.0,42.4,21.2,16.5,10.6,126.0,,,rendahemisi_2022.csv,from_hourly_scrape,14.0
2022-05-18,DKI4,60.4,104.4,42.6,15.8,17.2,16.6,104.4,,,rendahemisi_2022.csv,from_hourly_scrape,20.0
2022-05-19,DKI4,61.5,120.2,42.0,19.9,16.7,21.1,120.2,,,rendahemisi_2022.csv,from_hourly_scrape,16.0
2022-05-20,DKI4,68.8,125.9,42.9,20.6,14.8,21.5,125.9,,,rendahemisi_2022.csv,from_hourly_scrape,12.0
2022-05-21,DKI4,48.2,87.7,43.5,13.2,14.0,16.8,87.7,,,rendahemisi_2022.csv,from_hourly_scrape,16.0
2022-05-22,DKI4,48.2,104.5,43.9,16.3,10.9,15.3,104.5,,,rendahemisi_2022.csv,from_hourly_scrape,14.0
2022-05-23,DKI4,67.9,122.9,44.9,12.7,11.4,12.3,122.9,,,rendahemisi_2022.csv,from_hourly_scrape,14.0
2022-05-24,DKI4,55.7,100.3,46.2,8.6,12.5,14.5,100.3,,,rendahemisi_2022.csv,from_hourly_scrape,21.0
2022-05-25,DKI4,64.9,122.9,45.8,12.9,9.9,14.9,122.9,,,rendahemisi_2022.csv,from_hourly_scrape,19.0
2022-05-26,DKI4,57.0,96.6,44.5,11.5,11.6,16.2,96.6,,,rendahemisi_2022.csv,from_hourly_scrape,21.0
2022-05-27,DKI4,73.8,141.0,46.6,21.5,17.3,20.6,141.0,,,rendahemisi_2022.csv,from_hourly_scrape,18.0
2022-05-29,DKI4,60.2,100.4,44.2,15.4,13.0,18.9,100.4,,,rendahemisi_2022.csv,from_hourly_scrape,9.0
2022-05-30,DKI4,44.7,84.2,44.6,15.5,10.5,13.3,84.2,,,rendahemisi_2022.csv,from_hourly_scrape,21.0
2022-05-31,DKI4,58.3,101.6,43.8,23.9,10.6,15.2,101.6,,,rendahemisi_2022.csv,from_hourly_scrape,19.0
2022-06-01,DKI4,42.0,71.3,43.9,15.8,11.0,10.2,71.3,,,rendahemisi_2022.csv,from_hourly_scrape,20.0
2022-06-02,DKI4,53.9,98.3,44.5,14.2,14.8,14.8,98.3,,,rendahemisi_2022.csv,from_hourly_scrape,21.0
2022-06-03,DKI4,45.1,73.7,44.4,13.7,18.2,16.4,73.7,,,rendahemisi_2022.csv,from_hourly_scrape,13.0
2022-06-04,DKI4,69.8,132.4,44.7,22.5,21.5,23.3,132.4,,,rendahemisi_2022.csv,from_hourly_scrape,19.0
2022-06-05,DKI4,62.6,109.4,45.0,13.6,24.3,21.2,109.4,,,rendahemisi_2022.csv,from_hourly_scrape,20.0
2022-06-06,DKI4,63.4,112.1,44.0,20.6,18.2,16.2,112.1,,,rendahemisi_2022.csv,from_hourly_scrape,20.0
2022-06-07,DKI4,50.0,83.2,44.9,16.2,14.2,17.3,83.2,,,rendahemisi_2022.csv,from_hourly_scrape,18.0
2022-06-08,DKI4,67.3,109.1,44.0,14.8,9.4,14.9,109.1,,,rendahemisi_2022.csv,from_hourly_scrape,14.0
2022-06-09,DKI4,60.4,97.8,43.7,16.6,7.0,15.9,97.8,,,rendahemisi_2022.csv,from_hourly_scrape,20.0
2022-06-10,DKI4,46.9,82.5,43.8,21.3,10.2,15.1,82.5,,,rendahemisi_2022.csv,from_hourly_scrape,19.0
2022-06-11,DKI4,,91.0,45.0,11.4,16.1,16.5,91.0,,,rendahemisi_2022.csv,from_hourly_scrape,20.0
2022-06-12,DKI4,,113.0,44.8,20.3,15.3,13.4,113.0,,,rendahemisi_2022.csv,from_hourly_scrape,20.0
2022-06-13,DKI4,,95.2,44.4,14.9,22.6,19.2,95.2,,,rendahemisi_2022.csv,from_hourly_scrape,14.0
2022-06-14,DKI4,,108.9,44.5,22.3,21.1,24.9,108.9,,,rendahemisi_2022.csv,from_hourly_scrape,19.0
2022-06-17,DKI4,,130.0,45.0,21.9,14.2,21.3,130.0,,,rendahemisi_2022.csv,from_hourly_scrape,10.0
2022-06-20,DKI4,,131.1,45.6,15.9,24.9,17.2,131.1,,,rendahemisi_2022.csv,from_hourly_scrape,15.0
2022-06-21,DKI4,,120.5,46.4,15.6,20.8,20.0,120.5,,,rendahemisi_2022.csv,from_hourly_scrape,22.0
2022-06-22,DKI4,,120.3,47.0,12.7,21.1,19.6,120.3,,,rendahemisi_2022.csv,from_hourly_scrape,15.0
2022-06-23,DKI4,,119.1,46.0,12.3,19.7,17.2,119.1,,,rendahemisi_2022.csv,from_hourly_scrape,14.0
2022-06-24,DKI4,,123.6,46.0,13.9,21.1,20.3,123.6,,,rendahemisi_2022.csv,from_hourly_scrape,19.0
2022-06-25,DKI4,,127.6,46.0,18.7,19.8,18.9,127.6,,,rendahemisi_2022.csv,from_hourly_scrape,19.0
2022-06-26,DKI4,,109.6,45.3,21.8,18.2,23.2,109.6,,,rendahemisi_2022.csv,from_hourly_scrape,18.0
2022-06-27,DKI4,,99.2,45.0,19.7,19.8,24.2,99.2,,,rendahemisi_2022.csv,from_hourly_scrape,6.0
2022-06-28,DKI4,,84.5,45.3,10.8,23.7,20.3,84.5,,,rendahemisi_2022.csv,from_hourly_scrape,21.0
2022-06-30,DKI4,65.8,117.0,48.0,11.8,25.4,19.0,117.0,,,rendahemisi_2022.csv,from_hourly_scrape,5.0
2022-07-01,DKI4,61.8,112.8,48.1,10.3,25.0,19.3,112.8,,,rendahemisi_2022.csv,from_hourly_scrape,15.0
2022-07-02,DKI4,72.2,137.1,47.5,14.8,29.3,25.3,137.1,,,rendahemisi_2022.csv,from_hourly_scrape,15.0
2022-07-03,DKI4,66.0,124.1,48.4,12.9,35.6,21.7,124.1,,,rendahemisi_2022.csv,from_hourly_scrape,21.0
2022-07-04,DKI4,58.6,96.8,48.1,9.2,15.0,15.4,96.8,,,rendahemisi_2022.csv,from_hourly_scrape,18.0
2022-07-05,DKI4,59.5,114.6,47.0,14.8,14.8,11.8,114.6,,,rendahemisi_2022.csv,from_hourly_scrape,10.0
2022-07-06,DKI4,77.3,132.9,45.3,24.8,10.5,14.7,132.9,,,rendahemisi_2022.csv,from_hourly_scrape,18.0
2022-07-07,DKI4,66.0,97.9,45.9,16.8,13.4,17.5,97.9,,,rendahemisi_2022.csv,from_hourly_scrape,19.0
2022-07-09,DKI4,50.9,92.6,48.1,9.1,25.3,20.7,92.6,,,rendahemisi_2022.csv,from_hourly_scrape,14.0
2022-07-10,DKI4,54.4,95.2,47.0,10.6,25.0,16.7,95.2,,,rendahemisi_2022.csv,from_hourly_scrape,20.0
2022-07-11,DKI4,57.4,108.2,47.2,10.1,24.4,14.8,108.2,,,rendahemisi_2022.csv,from_hourly_scrape,20.0
2022-07-12,DKI4,67.6,117.6,48.6,11.4,26.3,20.4,117.6,,,rendahemisi_2022.csv,from_hourly_scrape,20.0
2022-07-13,DKI4,69.4,116.3,47.6,13.9,17.6,24.8,116.3,,,rendahemisi_2022.csv,from_hourly_scrape,18.0
2022-07-14,DKI4,82.2,126.0,47.4,14.1,11.2,17.8,126.0,,,rendahemisi_2022.csv,from_hourly_scrape,21.0
2022-07-15,DKI4,61.4,91.2,48.5,8.2,13.4,14.2,91.2,,,rendahemisi_2022.csv,from_hourly_scrape,21.0
2022-07-16,DKI4,36.0,59.2,45.4,8.8,8.9,16.3,59.2,,,rendahemisi_2022.csv,from_hourly_scrape,9.0
2022-07-18,DKI4,75.2,144.2,47.8,27.2,21.0,13.3,144.2,,,rendahemisi_2022.csv,from_hourly_scrape,12.0
2022-07-19,DKI4,70.6,116.4,49.3,11.7,28.0,15.5,116.4,,,rendahemisi_2022.csv,from_hourly_scrape,21.0
2022-07-20,DKI4,69.1,123.6,49.1,11.7,25.4,16.8,123.6,,,rendahemisi_2022.csv,from_hourly_scrape,19.0
2022-07-21,DKI4,68.3,112.8,49.5,9.0,32.5,14.1,112.8,,,rendahemisi_2022.csv,from_hourly_scrape,21.0
2022-07-22,DKI4,73.2,120.2,49.2,12.0,26.1,20.4,120.2,,,rendahemisi_2022.csv,from_hourly_scrape,16.0
2022-07-23,DKI4,61.7,98.5,50.0,8.6,17.8,14.2,98.5,,,rendahemisi_2022.csv,from_hourly_scrape,10.0
2022-07-24,DKI4,55.4,89.3,47.8,12.4,16.8,14.4,89.3,,,rendahemisi_2022.csv,from_hourly_scrape,19.0
2022-07-25,DKI4,54.6,85.6,46.8,12.0,17.2,12.9,85.6,,,rendahemisi_2022.csv,from_hourly_scrape,21.0
2022-07-26,DKI4,64.8,105.7,48.6,13.0,19.0,14.2,105.7,,,rendahemisi_2022.csv,from_hourly_scrape,20.0
2022-07-27,DKI4,62.6,114.9,50.0,8.6,33.9,10.3,114.9,,,rendahemisi_2022.csv,from_hourly_scrape,21.0
2022-07-28,DKI4,69.3,134.0,50.1,11.8,27.3,14.2,134.0,,,rendahemisi_2022.csv,from_hourly_scrape,20.0
2022-07-29,DKI4,69.9,120.4,50.6,8.8,22.3,10.1,120.4,,,rendahemisi_2022.csv,from_hourly_scrape,14.0
2022-07-30,DKI4,66.2,112.1,49.3,10.3,17.5,12.8,112.1,,,rendahemisi_2022.csv,from_hourly_scrape,13.0
2022-07-31,DKI4,74.1,142.6,49.0,11.4,26.2,9.8,142.6,,,rendahemisi_2022.csv,from_hourly_scrape,9.0
2022-08-01,DKI4,66.3,111.6,49.5,7.6,25.3,8.2,111.6,,,rendahemisi_2022.csv,from_hourly_scrape,19.0
2022-08-02,DKI4,66.8,113.8,49.4,9.7,21.3,11.2,113.8,,,rendahemisi_2022.csv,from_hourly_scrape,18.0
2022-08-03,DKI4,80.0,135.8,50.3,10.6,29.6,13.8,135.8,,,rendahemisi_2022.csv,from_hourly_scrape,20.0
2022-08-04,DKI4,71.7,105.4,48.5,9.6,19.8,12.2,105.4,,,rendahemisi_2022.csv,from_hourly_scrape,15.0
2022-08-05,DKI4,53.4,83.2,47.2,16.4,10.3,18.9,83.2,,,rendahemisi_2022.csv,from_hourly_scrape,21.0
2022-08-06,DKI4,64.3,96.5,48.7,14.8,19.2,16.3,96.5,,,rendahemisi_2022.csv,from_hourly_scrape,19.0
2022-08-07,DKI4,74.4,119.2,50.0,11.0,29.2,14.0,119.2,,,rendahemisi_2022.csv,from_hourly_scrape,20.0
2022-08-08,DKI4,61.5,84.8,48.8,9.0,22.0,11.2,84.8,,,rendahemisi_2022.csv,from_hourly_scrape,8.0
2022-08-09,DKI4,61.8,84.2,49.6,7.9,24.6,12.6,84.2,,,rendahemisi_2022.csv,from_hourly_scrape,24.0
2022-08-10,DKI4,69.6,110.6,49.3,12.7,24.2,15.2,110.6,,,rendahemisi_2022.csv,from_hourly_scrape,13.0
2022-08-11,DKI4,73.8,107.8,49.0,13.2,18.7,18.0,107.8,,,rendahemisi_2022.csv,from_hourly_scrape,21.0
2022-08-12,DKI4,68.3,97.6,49.1,10.8,18.7,15.9,97.6,,,rendahemisi_2022.csv,from_hourly_scrape,23.0
2022-08-13,DKI4,57.6,78.9,48.5,12.2,18.6,15.8,78.9,,,rendahemisi_2022.csv,from_hourly_scrape,13.0
2022-08-14,DKI4,64.2,86.1,49.7,8.9,21.9,12.1,86.1,,,rendahemisi_2022.csv,from_hourly_scrape,19.0
2022-08-15,DKI4,64.0,86.6,50.0,9.0,18.1,13.9,86.6,,,rendahemisi_2022.csv,from_hourly_scrape,9.0
2022-08-16,DKI4,62.0,86.6,50.0,9.5,21.1,15.3,86.6,,,rendahemisi_2022.csv,from_hourly_scrape,17.0
2022-08-17,DKI4,52.2,78.5,48.1,13.4,15.2,16.4,78.5,,,rendahemisi_2022.csv,from_hourly_scrape,12.0
2022-08-18,DKI4,64.8,89.5,48.8,8.0,16.9,12.2,89.5,,,rendahemisi_2022.csv,from_hourly_scrape,20.0
2022-08-19,DKI4,67.9,101.8,49.6,7.8,19.8,15.2,101.8,,,rendahemisi_2022.csv,from_hourly_scrape,19.0
2022-08-20,DKI4,72.0,107.3,49.0,8.0,22.0,14.7,107.3,,,rendahemisi_2022.csv,from_hourly_scrape,3.0
2022-08-21,DKI4,60.3,100.2,49.0,7.9,22.1,12.7,100.2,,,rendahemisi_2022.csv,from_hourly_scrape,11.0
2022-08-22,DKI4,55.4,79.8,48.5,8.4,25.2,14.1,79.8,,,rendahemisi_2022.csv,from_hourly_scrape,19.0
2022-08-23,DKI4,60.4,114.5,49.3,11.9,27.5,18.1,114.5,,,rendahemisi_2022.csv,from_hourly_scrape,15.0
2022-08-24,DKI4,63.8,117.4,49.4,10.0,28.8,16.2,117.4,,,rendahemisi_2022.csv,from_hourly_scrape,20.0
2022-08-25,DKI4,59.6,101.4,50.0,6.4,30.0,13.0,101.4,,,rendahemisi_2022.csv,from_hourly_scrape,20.0
2022-08-26,DKI4,66.4,116.8,50.2,11.2,28.7,19.1,116.8,,,rendahemisi_2022.csv,from_hourly_scrape,18.0
2022-08-27,DKI4,68.8,132.9,50.0,15.1,22.3,28.6,132.9,,,rendahemisi_2022.csv,from_hourly_scrape,10.0
2022-08-28,DKI4,56.5,82.8,49.5,13.4,22.8,19.0,82.8,,,rendahemisi_2022.csv,from_hourly_scrape,12.0
2022-08-29,DKI4,48.6,82.2,49.6,9.8,25.7,18.8,82.2,,,rendahemisi_2022.csv,from_hourly_scrape,20.0
2022-08-30,DKI4,57.5,83.6,50.3,7.8,33.9,17.6,83.6,,,rendahemisi_2022.csv,from_hourly_scrape,17.0
2022-09-02,DKI4,68.9,110.3,51.0,9.6,15.7,17.8,110.3,,,rendahemisi_2022.csv,from_hourly_scrape,17.0
2022-09-03,DKI4,66.7,105.0,50.0,19.3,9.3,25.0,105.0,,,rendahemisi_2022.csv,from_hourly_scrape,12.0
2022-09-05,DKI4,55.3,103.7,51.0,12.9,20.7,22.3,103.7,,,rendahemisi_2022.csv,from_hourly_scrape,15.0
2022-09-06,DKI4,,88.8,50.8,5.8,20.0,15.5,88.8,,,rendahemisi_2022.csv,from_hourly_scrape,2.0
2022-09-07,DKI4,53.6,81.4,49.0,7.5,16.9,14.9,81.4,,,rendahemisi_2022.csv,from_hourly_scrape,19.0
2022-09-08,DKI4,60.9,84.9,48.3,15.9,13.2,26.9,84.9,,,rendahemisi_2022.csv,from_hourly_scrape,18.0
2022-09-09,DKI4,71.7,90.5,49.0,16.0,15.1,22.4,90.5,,,rendahemisi_2022.csv,from_hourly_scrape,19.0
2022-09-13,DKI4,54.7,84.9,49.4,10.8,23.3,21.6,84.9,,,rendahemisi_2022.csv,from_hourly_scrape,10.0
2022-09-14,DKI4,61.9,106.8,50.3,11.9,27.7,26.9,106.8,,,rendahemisi_2022.csv,from_hourly_scrape,21.0
2022-09-15,DKI4,77.5,118.9,50.9,13.4,25.0,22.9,118.9,,,rendahemisi_2022.csv,from_hourly_scrape,17.0
2022-09-17,DKI4,68.3,102.8,51.0,11.8,23.7,26.8,102.8,,,rendahemisi_2022.csv,from_hourly_scrape,10.0
2022-09-19,DKI4,66.9,114.4,51.0,11.0,24.7,19.3,114.4,,,rendahemisi_2022.csv,from_hourly_scrape,10.0
2022-09-20,DKI4,66.0,112.2,51.0,11.5,24.6,23.6,112.2,,,rendahemisi_2022.csv,from_hourly_scrape,20.0
2022-09-21,DKI4,70.7,113.0,50.5,13.9,22.5,22.3,113.0,,,rendahemisi_2022.csv,from_hourly_scrape,21.0
2022-09-22,DKI4,59.3,86.4,50.0,10.5,24.6,23.7,86.4,,,rendahemisi_2022.csv,from_hourly_scrape,19.0
2022-09-23,DKI4,59.7,91.4,50.0,12.2,25.2,21.5,91.4,,,rendahemisi_2022.csv,from_hourly_scrape,19.0
2022-10-01,DKI4,77.3,132.2,52.0,11.6,16.1,21.7,132.2,,,rendahemisi_2022.csv,from_hourly_scrape,15.0
2022-10-02,DKI4,61.7,89.3,50.4,10.4,15.7,18.9,89.3,,,rendahemisi_2022.csv,from_hourly_scrape,18.0
2022-10-03,DKI4,50.6,75.2,50.5,12.3,17.9,18.4,75.2,,,rendahemisi_2022.csv,from_hourly_scrape,23.0
2022-10-04,DKI4,66.5,94.5,51.0,10.0,17.8,14.2,94.5,,,rendahemisi_2022.csv,from_hourly_scrape,22.0
2022-10-05,DKI4,47.9,70.3,50.5,11.8,17.1,19.8,70.3,,,rendahemisi_2022.csv,from_hourly_scrape,24.0
2022-10-06,DKI4,56.6,86.7,51.0,10.1,13.2,19.2,86.7,,,rendahemisi_2022.csv,from_hourly_scrape,17.0
2022-10-10,DKI4,49.3,74.3,50.5,9.3,22.2,19.9,74.3,,,rendahemisi_2022.csv,from_hourly_scrape,12.0
2022-10-11,DKI4,64.6,110.4,51.0,17.4,25.4,30.2,110.4,,,rendahemisi_2022.csv,from_hourly_scrape,18.0
2022-10-12,DKI4,69.0,105.2,51.0,14.9,27.8,21.9,105.2,,,rendahemisi_2022.csv,from_hourly_scrape,19.0
2022-10-13,DKI4,63.0,93.6,51.0,11.4,26.8,18.5,93.6,,,rendahemisi_2022.csv,from_hourly_scrape,19.0
2022-10-14,DKI4,63.7,93.9,50.5,16.4,22.8,20.7,93.9,,,rendahemisi_2022.csv,from_hourly_scrape,21.0
2022-10-15,DKI4,53.8,78.6,51.0,6.7,27.2,21.0,78.6,,,rendahemisi_2022.csv,from_hourly_scrape,21.0
2022-10-16,DKI4,58.6,91.4,51.0,8.6,24.0,17.1,91.4,,,rendahemisi_2022.csv,from_hourly_scrape,19.0
2022-10-17,DKI4,50.9,82.2,51.0,6.0,23.5,13.5,82.2,,,rendahemisi_2022.csv,from_hourly_scrape,21.0
2022-10-18,DKI4,53.0,79.1,50.7,7.9,20.1,19.8,79.1,,,rendahemisi_2022.csv,from_hourly_scrape,19.0
2022-10-19,DKI4,58.4,90.9,51.0,10.5,16.2,21.2,90.9,,,rendahemisi_2022.csv,from_hourly_scrape,19.0
2022-10-20,DKI4,59.5,88.2,51.0,15.4,18.4,23.2,88.2,,,rendahemisi_2022.csv,from_hourly_scrape,12.0
2022-10-22,DKI4,53.9,82.0,51.0,9.0,18.3,12.6,82.0,,,rendahemisi_2022.csv,from_hourly_scrape,14.0
2022-10-23,DKI4,53.0,73.0,51.0,7.0,18.0,13.0,73.0,,,rendahemisi_2022.csv,from_hourly_scrape,22.0
2022-10-24,DKI4,34.5,56.0,50.0,4.0,8.0,7.9,56.0,,,rendahemisi_2022.csv,from_hourly_scrape,15.0
2022-10-25,DKI4,27.5,45.4,50.4,2.9,9.7,6.8,50.4,,,rendahemisi_2022.csv,from_hourly_scrape,19.0
2022-10-29,DKI4,53.6,87.3,51.0,5.0,18.6,11.6,87.3,,,rendahemisi_2022.csv,from_hourly_scrape,16.0
2022-10-30,DKI4,48.7,80.5,51.0,4.9,24.5,15.0,80.5,,,rendahemisi_2022.csv,from_hourly_scrape,22.0
2022-10-31,DKI4,53.6,84.6,51.0,5.3,19.2,22.0,84.6,,,rendahemisi_2022.csv,from_hourly_scrape,17.0
2022-11-01,DKI4,49.4,75.1,51.0,3.7,23.3,11.4,75.1,,,rendahemisi_2022.csv,from_hourly_scrape,14.0
2022-11-02,DKI4,80.0,135.9,51.0,8.1,25.4,16.1,135.9,,,rendahemisi_2022.csv,from_hourly_scrape,17.0
2022-11-03,DKI4,69.8,93.8,51.0,5.2,22.6,15.2,93.8,,,rendahemisi_2022.csv,from_hourly_scrape,20.0
2022-11-04,DKI4,66.8,96.3,51.0,12.3,22.1,16.9,96.3,,,rendahemisi_2022.csv,from_hourly_scrape,12.0
2022-11-05,DKI4,61.0,81.4,51.2,8.4,25.2,20.6,81.4,,,rendahemisi_2022.csv,from_hourly_scrape,20.0
2022-11-09,DKI4,63.2,93.7,51.0,13.5,12.9,17.0,93.7,,,rendahemisi_2022.csv,from_hourly_scrape,13.0
2022-11-10,DKI4,53.3,75.8,51.0,6.9,9.8,13.5,75.8,,,rendahemisi_2022.csv,from_hourly_scrape,12.0
2022-11-11,DKI4,47.2,69.1,51.0,6.6,11.2,12.5,69.1,,,rendahemisi_2022.csv,from_hourly_scrape,17.0
2022-11-12,DKI4,40.8,60.7,51.0,4.1,16.1,12.4,60.7,,,rendahemisi_2022.csv,from_hourly_scrape,16.0
2022-11-13,DKI4,39.2,66.3,51.0,7.0,16.1,13.5,66.3,,,rendahemisi_2022.csv,from_hourly_scrape,21.0
2022-11-14,DKI4,59.5,80.9,51.0,8.2,20.0,11.7,80.9,,,rendahemisi_2022.csv,from_hourly_scrape,19.0
2022-11-15,DKI4,58.5,99.3,51.0,17.1,16.1,22.4,99.3,,,rendahemisi_2022.csv,from_hourly_scrape,14.0
2022-11-16,DKI4,55.1,67.1,52.0,4.9,13.2,12.7,67.1,,,rendahemisi_2022.csv,from_hourly_scrape,18.0
2022-11-18,DKI4,42.8,53.8,52.2,4.9,12.0,10.3,53.8,,,rendahemisi_2022.csv,from_hourly_scrape,12.0
2022-11-19,DKI4,43.0,69.7,52.6,5.3,10.8,9.6,69.7,,,rendahemisi_2022.csv,from_hourly_scrape,21.0
2022-11-20,DKI4,41.4,62.2,52.8,2.0,12.0,5.2,62.2,,,rendahemisi_2022.csv,from_hourly_scrape,13.0
2022-11-21,DKI4,38.9,60.8,51.0,3.9,10.9,8.8,60.8,,,rendahemisi_2022.csv,from_hourly_scrape,14.0
2022-11-22,DKI4,31.9,65.1,51.0,3.9,10.0,10.6,65.1,,,rendahemisi_2022.csv,from_hourly_scrape,23.0
2022-11-23,DKI4,34.5,67.9,51.3,4.0,11.2,11.5,67.9,,,rendahemisi_2022.csv,from_hourly_scrape,22.0
2022-11-24,DKI4,50.5,64.3,51.6,3.5,13.6,10.4,64.3,,,rendahemisi_2022.csv,from_hourly_scrape,17.0
2022-11-25,DKI4,49.4,73.9,51.5,6.0,15.7,14.2,73.9,,,rendahemisi_2022.csv,from_hourly_scrape,21.0
2022-11-26,DKI4,75.4,124.6,51.7,10.0,19.2,22.4,124.6,,,rendahemisi_2022.csv,from_hourly_scrape,20.0
2022-11-27,DKI4,72.7,114.2,51.7,15.2,17.6,25.6,114.2,,,rendahemisi_2022.csv,from_hourly_scrape,18.0
2022-11-29,DKI4,54.0,78.5,51.4,10.4,20.1,18.5,78.5,,,rendahemisi_2022.csv,from_hourly_scrape,12.0
2022-11-30,DKI4,63.8,95.2,52.0,7.4,23.3,17.3,95.2,,,rendahemisi_2022.csv,from_hourly_scrape,22.0
2022-12-01,DKI4,64.0,93.0,52.0,7.0,27.0,19.0,93.0,PM25,SEDANG,ispu_2023.csv,,
2022-12-02,DKI4,60.0,94.0,52.0,9.0,20.0,18.0,94.0,PM25,SEDANG,ispu_2023.csv,,
2022-12-03,DKI4,55.0,100.0,52.0,7.0,26.0,17.0,100.0,PM25,SEDANG,ispu_2023.csv,,
2022-12-04,DKI4,65.0,95.0,52.0,9.0,18.0,14.0,95.0,PM25,SEDANG,ispu_2023.csv,,
2022-12-05,DKI4,74.0,117.0,52.0,9.0,21.0,13.0,117.0,PM25,TIDAK SEHAT,ispu_2023.csv,,
2022-12-06,DKI4,70.0,107.0,,,,,107.0,PM25,TIDAK SEHAT,ispu_2023.csv,,
2022-12-07,DKI4,53.0,88.0,52.0,11.0,13.0,18.0,88.0,PM25,SEDANG,ispu_2023.csv,,
2022-12-08,DKI4,50.0,85.0,52.0,6.0,25.0,18.0,85.0,PM25,SEDANG,ispu_2023.csv,,
2022-12-09,DKI4,54.0,91.0,51.0,10.0,12.0,18.0,91.0,PM25,SEDANG,ispu_2023.csv,,
2022-12-10,DKI4,42.0,72.0,52.0,8.0,10.0,11.0,72.0,PM25,SEDANG,ispu_2023.csv,,
2022-12-11,DKI4,44.0,72.0,52.0,6.0,10.0,16.0,72.0,PM25,SEDANG,ispu_2023.csv,,
2022-12-12,DKI4,37.0,62.0,51.0,3.0,16.0,10.0,62.0,PM25,SEDANG,ispu_2023.csv,,
2022-12-13,DKI4,47.0,67.0,51.0,6.0,8.0,15.0,67.0,PM25,SEDANG,ispu_2023.csv,,
2022-12-14,DKI4,39.0,66.0,51.0,5.0,8.0,12.0,66.0,PM25,SEDANG,ispu_2023.csv,,
2022-12-15,DKI4,27.0,60.0,52.0,1.0,13.0,8.0,60.0,PM25,SEDANG,ispu_2023.csv,,
2022-12-16,DKI4,56.0,83.0,52.0,5.0,14.0,13.0,83.0,PM25,SEDANG,ispu_2023.csv,,
2022-12-17,DKI4,65.0,98.0,52.0,14.0,13.0,15.0,98.0,PM25,SEDANG,ispu_2023.csv,,
2022-12-18,DKI4,61.0,96.0,52.0,7.0,17.0,19.0,96.0,PM25,SEDANG,ispu_2023.csv,,
2022-12-19,DKI4,64.0,99.0,52.0,10.0,20.0,15.0,99.0,PM25,SEDANG,ispu_2023.csv,,
2022-12-20,DKI4,85.0,154.0,52.0,10.0,11.0,13.0,154.0,PM25,TIDAK SEHAT,ispu_2023.csv,,
2022-12-21,DKI4,53.0,77.0,54.0,5.0,16.0,19.0,77.0,PM25,SEDANG,ispu_2023.csv,,
2022-12-22,DKI4,49.0,65.0,52.0,5.0,10.0,12.0,65.0,PM25,SEDANG,ispu_2023.csv,,
2022-12-23,DKI4,22.0,39.0,52.0,2.0,11.0,8.0,52.0,SO2,SEDANG,ispu_2023.csv,,
2022-12-24,DKI4,,83.0,52.0,7.0,13.0,16.0,83.0,PM25,SEDANG,ispu_2023.csv,,
2022-12-25,DKI4,,56.0,52.0,5.0,10.0,13.0,56.0,PM25,SEDANG,ispu_2023.csv,,
2022-12-26,DKI4,,58.0,52.0,4.0,10.0,14.0,58.0,PM25,SEDANG,ispu_2023.csv,,
2022-12-27,DKI4,,47.0,52.0,3.0,7.0,9.0,52.0,SO2,SEDANG,ispu_2023.csv,,
2022-12-28,DKI4,,63.0,52.0,5.0,6.0,9.0,63.0,PM25,SEDANG,ispu_2023.csv,,
2022-12-29,DKI4,,35.0,52.0,2.0,8.0,8.0,52.0,SO2,SEDANG,ispu_2023.csv,,
2022-12-30,DKI4,32.0,64.0,52.0,7.0,8.0,12.0,64.0,PM25,SEDANG,ispu_2023.csv,,
2022-12-31,DKI4,49.0,73.0,,,,,73.0,PM25,SEDANG,ispu_2023.csv,,
2023-01-01,DKI4,23.0,57.0,,,,,57.0,PM25,SEDANG,ispu_2023.csv,,
2023-01-02,DKI4,27.0,53.0,53.0,3.0,12.0,10.0,53.0,PM25,SEDANG,ispu_2023.csv,,
2023-01-03,DKI4,19.0,43.0,53.0,3.0,11.0,9.0,53.0,SO2,SEDANG,ispu_2023.csv,,
2023-01-04,DKI4,17.0,51.0,53.0,4.0,9.0,10.0,53.0,SO2,SEDANG,ispu_2023.csv,,
2023-01-05,DKI4,21.0,59.0,53.0,19.0,14.0,11.0,59.0,PM25,SEDANG,ispu_2023.csv,,
2023-01-06,DKI4,38.0,68.0,53.0,16.0,12.0,10.0,68.0,PM25,SEDANG,ispu_2023.csv,,
2023-01-07,DKI4,30.0,64.0,53.0,14.0,9.0,7.0,64.0,PM25,SEDANG,ispu_2023.csv,,
2023-01-08,DKI4,21.0,60.0,53.0,13.0,9.0,5.0,60.0,PM25,SEDANG,ispu_2023.csv,,
2023-01-09,DKI4,37.0,68.0,53.0,15.0,9.0,8.0,68.0,PM25,SEDANG,ispu_2023.csv,,
2023-01-10,DKI4,32.0,63.0,53.0,13.0,11.0,8.0,63.0,PM25,SEDANG,ispu_2023.csv,,
2023-01-11,DKI4,36.0,81.0,54.0,14.0,23.0,12.0,81.0,PM25,SEDANG,ispu_2023.csv,,
2023-01-12,DKI4,,111.0,54.0,15.0,26.0,14.0,111.0,PM25,TIDAK SEHAT,ispu_2023.csv,,
2023-01-13,DKI4,,135.0,55.0,15.0,28.0,15.0,135.0,PM25,TIDAK SEHAT,ispu_2023.csv,,
2023-01-14,DKI4,54.0,91.0,54.0,17.0,19.0,19.0,91.0,PM25,SEDANG,ispu_2023.csv,,
2023-01-15,DKI4,47.0,73.0,54.0,12.0,15.0,11.0,73.0,PM25,SEDANG,ispu_2023.csv,,
2023-01-16,DKI4,,,,,,,,-,TIDAK ADA DATA,ispu_2023.csv,,
2023-01-17,DKI4,45.0,66.0,53.0,13.0,7.0,8.0,66.0,PM25,SEDANG,ispu_2023.csv,,
2023-01-18,DKI4,42.0,80.0,54.0,14.0,8.0,14.0,80.0,PM25,SEDANG,ispu_2023.csv,,
2023-01-19,DKI4,40.0,79.0,54.0,16.0,7.0,10.0,79.0,PM25,SEDANG,ispu_2023.csv,,
2023-01-20,DKI4,39.0,65.0,54.0,13.0,11.0,10.0,65.0,PM25,SEDANG,ispu_2023.csv,,
2023-01-21,DKI4,43.0,75.0,54.0,14.0,10.0,10.0,75.0,PM25,SEDANG,ispu_2023.csv,,
2023-01-22,DKI4,,66.0,53.0,13.0,9.0,9.0,66.0,PM25,SEDANG,ispu_2023.csv,,
2023-01-23,DKI4,37.0,51.0,53.0,11.0,11.0,4.0,53.0,SO2,SEDANG,ispu_2023.csv,,
2023-01-24,DKI4,32.0,43.0,53.0,10.0,11.0,3.0,53.0,SO2,SEDANG,ispu_2023.csv,,
2023-01-25,DKI4,52.0,53.0,55.0,10.0,10.0,5.0,55.0,SO2,SEDANG,ispu_2023.csv,,
2023-01-26,DKI4,41.0,61.0,54.0,13.0,12.0,11.0,61.0,PM25,SEDANG,ispu_2023.csv,,
2023-01-27,DKI4,50.0,66.0,54.0,13.0,10.0,15.0,66.0,PM25,SEDANG,ispu_2023.csv,,
2023-01-28,DKI4,44.0,68.0,54.0,14.0,7.0,17.0,68.0,PM25,SEDANG,ispu_2023.csv,,
2023-01-29,DKI4,53.0,82.0,54.0,20.0,8.0,11.0,82.0,PM25,SEDANG,ispu_2023.csv,,
2023-01-30,DKI4,51.0,65.0,53.0,14.0,14.0,13.0,65.0,PM25,SEDANG,ispu_2023.csv,,
2023-01-31,DKI4,56.0,90.0,54.0,16.0,15.0,20.0,90.0,PM25,SEDANG,ispu_2023.csv,,
2023-02-01,DKI4,51.0,65.0,55.0,12.0,13.0,16.0,65.0,PM25,SEDANG,ispu_2023.csv,,
2023-02-02,DKI4,46.0,66.0,53.0,13.0,8.0,15.0,66.0,PM25,SEDANG,ispu_2023.csv,,
2023-02-03,DKI4,40.0,53.0,54.0,10.0,9.0,12.0,54.0,SO2,SEDANG,ispu_2023.csv,,
2023-02-04,DKI4,55.0,74.0,55.0,14.0,9.0,12.0,74.0,PM25,SEDANG,ispu_2023.csv,,
2023-02-05,DKI4,44.0,71.0,54.0,16.0,7.0,10.0,71.0,PM25,SEDANG,ispu_2023.csv,,
2023-02-06,DKI4,41.0,56.0,54.0,11.0,12.0,4.0,56.0,PM25,SEDANG,ispu_2023.csv,,
2023-02-07,DKI4,38.0,65.0,54.0,12.0,12.0,10.0,65.0,PM25,SEDANG,ispu_2023.csv,,
2023-02-08,DKI4,44.0,61.0,53.0,15.0,7.0,15.0,61.0,PM25,SEDANG,ispu_2023.csv,,
2023-02-09,DKI4,44.0,61.0,53.0,13.0,7.0,10.0,61.0,PM25,SEDANG,ispu_2023.csv,,
2023-02-10,DKI4,31.0,42.0,53.0,10.0,11.0,6.0,53.0,SO2,SEDANG,ispu_2023.csv,,
2023-02-11,DKI4,38.0,51.0,53.0,12.0,8.0,9.0,53.0,SO2,SEDANG,ispu_2023.csv,,
2023-02-12,DKI4,33.0,42.0,53.0,12.0,8.0,10.0,53.0,SO2,SEDANG,ispu_2023.csv,,
2023-02-13,DKI4,35.0,51.0,53.0,14.0,7.0,8.0,53.0,SO2,SEDANG,ispu_2023.csv,,
2023-02-14,DKI4,31.0,39.0,53.0,11.0,7.0,6.0,53.0,SO2,SEDANG,ispu_2023.csv,,
2023-02-15,DKI4,33.0,48.0,53.0,11.0,9.0,5.0,53.0,SO2,SEDANG,ispu_2023.csv,,
2023-02-16,DKI4,29.0,53.0,26.0,5.0,7.0,8.0,53.0,PM25,SEDANG,ispu_2023.csv,,
2023-02-17,DKI4,33.0,48.0,27.0,6.0,8.0,9.0,48.0,PM25,BAIK,ispu_2023.csv,,
2023-02-18,DKI4,51.0,75.0,27.0,11.0,14.0,14.0,75.0,PM25,SEDANG,ispu_2023.csv,,
2023-02-19,DKI4,60.0,82.0,27.0,13.0,13.0,14.0,82.0,PM25,SEDANG,ispu_2023.csv,,
2023-02-20,DKI4,52.0,56.0,26.0,12.0,6.0,7.0,56.0,PM25,SEDANG,ispu_2023.csv,,
2023-02-21,DKI4,40.0,41.0,26.0,6.0,6.0,6.0,41.0,PM25,BAIK,ispu_2023.csv,,
2023-02-22,DKI4,39.0,43.0,27.0,6.0,9.0,8.0,43.0,PM25,BAIK,ispu_2023.csv,,
2023-02-23,DKI4,50.0,59.0,27.0,11.0,8.0,14.0,59.0,PM25,SEDANG,ispu_2023.csv,,
2023-02-24,DKI4,51.0,49.0,26.0,9.0,10.0,17.0,51.0,PM10,SEDANG,ispu_2023.csv,,
2023-02-25,DKI4,45.0,55.0,26.0,11.0,14.0,18.0,55.0,PM25,SEDANG,ispu_2023.csv,,
2023-02-26,DKI4,40.0,52.0,27.0,8.0,15.0,12.0,52.0,PM25,SEDANG,ispu_2023.csv,,
2023-02-27,DKI4,46.0,50.0,27.0,7.0,16.0,15.0,50.0,PM25,BAIK,ispu_2023.csv,,
2023-02-28,DKI4,54.0,61.0,29.0,10.0,14.0,18.0,61.0,PM25,SEDANG,ispu_2023.csv,,
2023-03-01,DKI4,35.0,50.0,28.0,11.0,7.0,17.0,50.0,2,BAIK,ispu_2023.csv,,
2023-03-02,DKI4,38.0,39.0,27.0,10.0,5.0,13.0,39.0,2,BAIK,ispu_2023.csv,,
2023-03-03,DKI4,35.0,50.0,28.0,10.0,8.0,14.0,50.0,2,BAIK,ispu_2023.csv,,
2023-03-04,DKI4,31.0,51.0,28.0,10.0,10.0,14.0,51.0,2,SEDANG,ispu_2023.csv,,
2023-03-05,DKI4,46.0,50.0,28.0,9.0,8.0,11.0,50.0,2,BAIK,ispu_2023.csv,,
2023-03-06,DKI4,51.0,54.0,28.0,6.0,8.0,7.0,54.0,2,SEDANG,ispu_2023.csv,,
2023-03-07,DKI4,34.0,64.0,29.0,8.0,10.0,10.0,64.0,2,SEDANG,ispu_2023.csv,,
2023-03-08,DKI4,,86.0,31.0,12.0,8.0,17.0,86.0,2,SEDANG,ispu_2023.csv,,
2023-03-09,DKI4,50.0,87.0,30.0,13.0,14.0,20.0,87.0,2,SEDANG,ispu_2023.csv,,
2023-03-10,DKI4,,77.0,29.0,15.0,17.0,17.0,77.0,2,SEDANG,ispu_2023.csv,,
2023-03-11,DKI4,49.0,73.0,29.0,11.0,20.0,23.0,73.0,2,SEDANG,ispu_2023.csv,,
2023-03-12,DKI4,64.0,109.0,30.0,16.0,14.0,22.0,109.0,2,TIDAK SEHAT,ispu_2023.csv,,
2023-03-13,DKI4,64.0,107.0,31.0,11.0,23.0,16.0,107.0,2,TIDAK SEHAT,ispu_2023.csv,,
2023-03-14,DKI4,,76.0,30.0,11.0,12.0,20.0,76.0,2,SEDANG,ispu_2023.csv,,
2023-03-15,DKI4,50.0,63.0,30.0,9.0,15.0,19.0,63.0,2,SEDANG,ispu_2023.csv,,
2023-03-16,DKI4,,107.0,30.0,19.0,15.0,20.0,107.0,2,TIDAK SEHAT,ispu_2023.csv,,
2023-03-17,DKI4,,92.0,30.0,16.0,16.0,18.0,92.0,2,SEDANG,ispu_2023.csv,,
2023-03-18,DKI4,,85.0,30.0,10.0,23.0,17.0,85.0,2,SEDANG,ispu_2023.csv,,
2023-03-19,DKI4,61.0,84.0,32.0,12.0,20.0,16.0,84.0,2,SEDANG,ispu_2023.csv,,
2023-03-20,DKI4,52.0,91.0,32.0,12.0,26.0,19.0,91.0,2,SEDANG,ispu_2023.csv,,
2023-03-21,DKI4,59.0,94.0,31.0,11.0,21.0,17.0,94.0,2,SEDANG,ispu_2023.csv,,
2023-03-22,DKI4,60.0,87.0,31.0,7.0,22.0,16.0,87.0,2,SEDANG,ispu_2023.csv,,
2023-03-23,DKI4,63.0,87.0,33.0,13.0,15.0,11.0,87.0,2,SEDANG,ispu_2023.csv,,
2023-03-24,DKI4,57.0,85.0,33.0,8.0,19.0,13.0,85.0,2,SEDANG,ispu_2023.csv,,
2023-03-25,DKI4,,91.0,32.0,11.0,18.0,22.0,91.0,2,SEDANG,ispu_2023.csv,,
2023-03-26,DKI4,,71.0,31.0,11.0,14.0,14.0,71.0,2,SEDANG,ispu_2023.csv,,
2023-03-27,DKI4,,76.0,31.0,16.0,12.0,13.0,76.0,2,SEDANG,ispu_2023.csv,,
2023-03-28,DKI4,,85.0,32.0,18.0,7.0,18.0,85.0,2,SEDANG,ispu_2023.csv,,
2023-03-29,DKI4,,113.0,32.0,21.0,13.0,20.0,113.0,2,TIDAK SEHAT,ispu_2023.csv,,
2023-03-30,DKI4,,85.0,33.0,17.0,12.0,15.0,85.0,2,SEDANG,ispu_2023.csv,,
2023-03-31,DKI4,,56.0,31.0,11.0,10.0,13.0,56.0,2,SEDANG,ispu_2023.csv,,
2023-04-01,DKI4,,50.0,31.0,3.0,13.0,8.0,50.0,PM25,BAIK,ispu_2023.csv,,
2023-04-02,DKI4,,56.0,31.0,6.0,12.0,10.0,56.0,PM25,SEDANG,ispu_2023.csv,,
2023-04-03,DKI4,,91.0,33.0,8.0,15.0,15.0,91.0,PM25,SEDANG,ispu_2023.csv,,
2023-04-04,DKI4,,61.0,31.0,6.0,11.0,11.0,61.0,PM25,SEDANG,ispu_2023.csv,,
2023-04-05,DKI4,,86.0,36.0,7.0,26.0,16.0,86.0,PM25,SEDANG,ispu_2023.csv,,
2023-04-06,DKI4,,85.0,35.0,6.0,24.0,16.0,85.0,PM25,SEDANG,ispu_2023.csv,,
2023-04-07,DKI4,,72.0,37.0,5.0,22.0,15.0,72.0,PM25,SEDANG,ispu_2023.csv,,
2023-04-08,DKI4,,95.0,35.0,4.0,32.0,16.0,95.0,PM25,SEDANG,ispu_2023.csv,,
2023-04-09,DKI4,,99.0,35.0,10.0,14.0,17.0,99.0,PM25,SEDANG,ispu_2023.csv,,
2023-04-10,DKI4,,55.0,32.0,3.0,7.0,9.0,55.0,PM25,SEDANG,ispu_2023.csv,,
2023-04-11,DKI4,,,,,,,0.0,-,TIDAK ADA DATA,ispu_2023.csv,,
2023-04-12,DKI4,,55.0,32.0,3.0,7.0,7.0,55.0,PM25,SEDANG,ispu_2023.csv,,
2023-04-13,DKI4,37.0,58.0,32.0,3.0,11.0,8.0,58.0,PM25,SEDANG,ispu_2023.csv,,
2023-04-14,DKI4,50.0,70.0,34.0,3.0,17.0,13.0,70.0,PM25,SEDANG,ispu_2023.csv,,
2023-04-15,DKI4,65.0,88.0,33.0,5.0,16.0,14.0,88.0,PM25,SEDANG,ispu_2023.csv,,
2023-04-16,DKI4,57.0,82.0,33.0,6.0,17.0,11.0,82.0,PM25,SEDANG,ispu_2023.csv,,
2023-04-17,DKI4,51.0,72.0,32.0,4.0,19.0,13.0,72.0,PM25,SEDANG,ispu_2023.csv,,
2023-04-18,DKI4,62.0,86.0,38.0,5.0,20.0,14.0,86.0,PM25,SEDANG,ispu_2023.csv,,
2023-04-19,DKI4,,88.0,33.0,7.0,19.0,11.0,88.0,PM25,SEDANG,ispu_2023.csv,,
2023-04-20,DKI4,,85.0,32.0,13.0,18.0,15.0,85.0,PM25,SEDANG,ispu_2023.csv,,
2023-04-21,DKI4,,78.0,32.0,8.0,18.0,13.0,78.0,PM25,SEDANG,ispu_2023.csv,,
2023-04-22,DKI4,,79.0,33.0,,19.0,11.0,79.0,PM25,SEDANG,ispu_2023.csv,,
2023-04-23,DKI4,,78.0,34.0,,21.0,5.0,78.0,PM25,SEDANG,ispu_2023.csv,,
2023-04-24,DKI4,,76.0,33.0,6.0,19.0,10.0,76.0,PM25,SEDANG,ispu_2023.csv,,
2023-04-25,DKI4,,64.0,33.0,5.0,18.0,11.0,64.0,PM25,SEDANG,ispu_2023.csv,,
2023-04-26,DKI4,,80.0,34.0,7.0,15.0,13.0,80.0,PM25,SEDANG,ispu_2023.csv,,
2023-04-27,DKI4,,83.0,34.0,10.0,16.0,13.0,83.0,PM25,SEDANG,ispu_2023.csv,,
2023-04-28,DKI4,,81.0,33.0,6.0,14.0,10.0,81.0,PM25,SEDANG,ispu_2023.csv,,
2023-04-29,DKI4,,98.0,34.0,9.0,18.0,18.0,98.0,PM25,SEDANG,ispu_2023.csv,,
2023-04-30,DKI4,,104.0,33.0,6.0,18.0,13.0,104.0,PM25,TIDAK SEHAT,ispu_2023.csv,,
2023-05-01,DKI4,,76.0,33.0,,18.0,14.0,76.0,PM25,SEDANG,ispu_2023.csv,,
2023-05-02,DKI4,,113.0,35.0,,15.0,14.0,113.0,PM25,TIDAK SEHAT,ispu_2023.csv,,
2023-05-03,DKI4,,92.0,35.0,,18.0,13.0,92.0,PM25,SEDANG,ispu_2023.csv,,
2023-05-04,DKI4,,62.0,33.0,21.0,15.0,15.0,62.0,PM25,SEDANG,ispu_2023.csv,,
2023-05-05,DKI4,,82.0,34.0,24.0,23.0,15.0,82.0,PM25,SEDANG,ispu_2023.csv,,
2023-05-06,DKI4,,71.0,34.0,20.0,26.0,13.0,71.0,PM25,SEDANG,ispu_2023.csv,,
2023-05-07,DKI4,,107.0,37.0,37.0,17.0,19.0,107.0,PM25,TIDAK SEHAT,ispu_2023.csv,,
2023-05-08,DKI4,,88.0,34.0,34.0,21.0,20.0,88.0,PM25,SEDANG,ispu_2023.csv,,
2023-05-09,DKI4,,86.0,35.0,36.0,21.0,17.0,86.0,PM25,SEDANG,ispu_2023.csv,,
2023-05-10,DKI4,,123.0,36.0,26.0,19.0,13.0,123.0,PM25,TIDAK SEHAT,ispu_2023.csv,,
2023-05-11,DKI4,,109.0,36.0,21.0,16.0,13.0,109.0,PM25,TIDAK SEHAT,ispu_2023.csv,,
2023-05-12,DKI4,,59.0,39.0,13.0,12.0,13.0,59.0,PM25,SEDANG,ispu_2023.csv,,
2023-05-13,DKI4,,89.0,36.0,20.0,17.0,12.0,89.0,PM25,SEDANG,ispu_2023.csv,,
2023-05-14,DKI4,,78.0,34.0,23.0,17.0,12.0,78.0,PM25,SEDANG,ispu_2023.csv,,
2023-05-15,DKI4,,102.0,37.0,24.0,25.0,17.0,102.0,PM25,TIDAK SEHAT,ispu_2023.csv,,
2023-05-16,DKI4,,104.0,37.0,22.0,26.0,17.0,104.0,PM25,TIDAK SEHAT,ispu_2023.csv,,
2023-05-17,DKI4,,114.0,37.0,22.0,22.0,15.0,114.0,PM25,TIDAK SEHAT,ispu_2023.csv,,
2023-05-18,DKI4,,113.0,37.0,21.0,22.0,16.0,113.0,PM25,TIDAK SEHAT,ispu_2023.csv,,
2023-05-19,DKI4,,114.0,37.0,23.0,23.0,16.0,114.0,PM25,TIDAK SEHAT,ispu_2023.csv,,
2023-05-20,DKI4,,119.0,36.0,27.0,16.0,16.0,119.0,PM25,TIDAK SEHAT,ispu_2023.csv,,
2023-05-21,DKI4,,118.0,37.0,26.0,22.0,15.0,118.0,PM25,TIDAK SEHAT,ispu_2023.csv,,
2023-05-22,DKI4,,97.0,35.0,30.0,27.0,17.0,97.0,PM25,SEDANG,ispu_2023.csv,,
2023-05-23,DKI4,,115.0,35.0,33.0,18.0,21.0,115.0,PM25,TIDAK SEHAT,ispu_2023.csv,,
2023-05-24,DKI4,,170.0,38.0,35.0,17.0,18.0,170.0,PM25,TIDAK SEHAT,ispu_2023.csv,,
2023-05-25,DKI4,,136.0,38.0,29.0,20.0,17.0,136.0,PM25,TIDAK SEHAT,ispu_2023.csv,,
2023-05-26,DKI4,,135.0,39.0,28.0,22.0,24.0,135.0,PM25,TIDAK SEHAT,ispu_2023.csv,,
2023-05-27,DKI4,,139.0,38.0,23.0,22.0,12.0,139.0,PM25,TIDAK SEHAT,ispu_2023.csv,,
2023-05-28,DKI4,,115.0,36.0,30.0,19.0,19.0,115.0,PM25,TIDAK SEHAT,ispu_2023.csv,,
2023-05-29,DKI4,,126.0,37.0,32.0,19.0,15.0,126.0,PM25,TIDAK SEHAT,ispu_2023.csv,,
2023-05-30,DKI4,,128.0,38.0,28.0,24.0,17.0,128.0,PM25,TIDAK SEHAT,ispu_2023.csv,,
2023-05-31,DKI4,,110.0,37.0,26.0,21.0,24.0,110.0,PM25,TIDAK SEHAT,ispu_2023.csv,,
2023-06-01,DKI4,,111.0,39.0,25.0,23.0,21.0,111.0,PM25,TIDAK SEHAT,ispu_2023.csv,,
2023-06-02,DKI4,,136.0,38.0,25.0,21.0,12.0,136.0,PM25,TIDAK SEHAT,ispu_2023.csv,,
2023-06-03,DKI4,,116.0,39.0,21.0,21.0,15.0,116.0,PM25,TIDAK SEHAT,ispu_2023.csv,,
2023-06-04,DKI4,,117.0,38.0,24.0,21.0,13.0,117.0,PM25,TIDAK SEHAT,ispu_2023.csv,,
2023-06-05,DKI4,,105.0,40.0,22.0,22.0,13.0,105.0,PM25,TIDAK SEHAT,ispu_2023.csv,,
2023-06-06,DKI4,,105.0,37.0,25.0,14.0,13.0,105.0,PM25,TIDAK SEHAT,ispu_2023.csv,,
2023-06-07,DKI4,,102.0,37.0,29.0,18.0,16.0,102.0,PM25,TIDAK SEHAT,ispu_2023.csv,,
2023-06-08,DKI4,,118.0,39.0,22.0,15.0,17.0,118.0,PM25,TIDAK SEHAT,ispu_2023.csv,,
2023-06-09,DKI4,,115.0,38.0,24.0,15.0,14.0,115.0,PM25,TIDAK SEHAT,ispu_2023.csv,,
2023-06-10,DKI4,,106.0,37.0,22.0,18.0,13.0,106.0,PM25,TIDAK SEHAT,ispu_2023.csv,,
2023-06-11,DKI4,,116.0,39.0,22.0,25.0,14.0,116.0,PM25,TIDAK SEHAT,ispu_2023.csv,,
2023-06-12,DKI4,,113.0,38.0,20.0,22.0,15.0,113.0,PM25,TIDAK SEHAT,ispu_2023.csv,,
2023-06-13,DKI4,,133.0,40.0,24.0,19.0,13.0,133.0,PM25,TIDAK SEHAT,ispu_2023.csv,,
2023-06-14,DKI4,,102.0,37.0,22.0,15.0,13.0,102.0,PM25,TIDAK SEHAT,ispu_2023.csv,,
2023-06-15,DKI4,,121.0,39.0,31.0,14.0,17.0,121.0,PM25,TIDAK SEHAT,ispu_2023.csv,,
2023-06-16,DKI4,,108.0,37.0,24.0,14.0,15.0,108.0,PM25,TIDAK SEHAT,ispu_2023.csv,,
2023-06-17,DKI4,,84.0,39.0,27.0,10.0,17.0,84.0,PM25,SEDANG,ispu_2023.csv,,
2023-06-18,DKI4,,112.0,37.0,39.0,12.0,15.0,112.0,PM25,TIDAK SEHAT,ispu_2023.csv,,
2023-06-19,DKI4,,83.0,36.0,22.0,13.0,14.0,83.0,PM25,SEDANG,ispu_2023.csv,,
2023-06-20,DKI4,,102.0,38.0,36.0,11.0,15.0,102.0,PM25,TIDAK SEHAT,ispu_2023.csv,,
2023-06-21,DKI4,,108.0,39.0,22.0,20.0,16.0,108.0,PM25,TIDAK SEHAT,ispu_2023.csv,,
2023-06-22,DKI4,,119.0,37.0,40.0,16.0,22.0,119.0,PM25,TIDAK SEHAT,ispu_2023.csv,,
2023-06-23,DKI4,,98.0,38.0,21.0,17.0,14.0,98.0,PM25,SEDANG,ispu_2023.csv,,
2023-06-24,DKI4,,92.0,38.0,21.0,25.0,14.0,92.0,PM25,SEDANG,ispu_2023.csv,,
2023-06-25,DKI4,,104.0,38.0,25.0,20.0,19.0,104.0,PM25,TIDAK SEHAT,ispu_2023.csv,,
2023-06-26,DKI4,,93.0,38.0,24.0,23.0,17.0,93.0,PM25,SEDANG,ispu_2023.csv,,
2023-06-27,DKI4,,113.0,39.0,27.0,23.0,17.0,113.0,PM25,TIDAK SEHAT,ispu_2023.csv,,
2023-06-28,DKI4,,84.0,39.0,19.0,22.0,14.0,84.0,PM25,SEDANG,ispu_2023.csv,,
2023-06-29,DKI4,,64.0,38.0,16.0,18.0,10.0,64.0,PM25,SEDANG,ispu_2023.csv,,
2023-06-30,DKI4,,77.0,39.0,17.0,21.0,11.0,77.0,PM25,SEDANG,ispu_2023.csv,,
2023-07-01,DKI4,,98.0,38.0,27.0,17.0,18.0,98.0,PM25,SEDANG,ispu_2023.csv,,
2023-07-02,DKI4,,79.0,37.0,27.0,18.0,14.0,79.0,PM25,SEDANG,ispu_2023.csv,,
2023-07-03,DKI4,,97.0,39.0,21.0,23.0,13.0,97.0,PM25,SEDANG,ispu_2023.csv,,
2023-07-04,DKI4,,88.0,39.0,22.0,23.0,17.0,88.0,PM25,SEDANG,ispu_2023.csv,,
2023-07-05,DKI4,,119.0,39.0,31.0,22.0,16.0,119.0,PM25,TIDAK SEHAT,ispu_2023.csv,,
2023-07-06,DKI4,,113.0,38.0,38.0,12.0,24.0,113.0,PM25,TIDAK SEHAT,ispu_2023.csv,,
2023-07-07,DKI4,,107.0,39.0,33.0,12.0,21.0,107.0,PM25,TIDAK SEHAT,ispu_2023.csv,,
2023-07-08,DKI4,,98.0,39.0,34.0,15.0,18.0,98.0,PM25,SEDANG,ispu_2023.csv,,
2023-07-09,DKI4,,92.0,38.0,30.0,13.0,11.0,92.0,PM25,SEDANG,ispu_2023.csv,,
2023-07-10,DKI4,,84.0,39.0,18.0,16.0,12.0,84.0,PM25,SEDANG,ispu_2023.csv,,
2023-07-11,DKI4,,151.0,40.0,29.0,14.0,18.0,151.0,PM25,TIDAK SEHAT,ispu_2023.csv,,
2023-07-12,DKI4,,136.0,40.0,29.0,20.0,15.0,136.0,PM25,TIDAK SEHAT,ispu_2023.csv,,
2023-07-13,DKI4,,120.0,42.0,23.0,29.0,21.0,120.0,PM25,TIDAK SEHAT,ispu_2023.csv,,
2023-07-14,DKI4,,104.0,42.0,21.0,32.0,21.0,104.0,PM25,TIDAK SEHAT,ispu_2023.csv,,
2023-07-15,DKI4,,90.0,42.0,20.0,23.0,19.0,90.0,PM25,SEDANG,ispu_2023.csv,,
2023-07-16,DKI4,,101.0,41.0,21.0,23.0,17.0,101.0,PM25,TIDAK SEHAT,ispu_2023.csv,,
2023-07-17,DKI4,,97.0,41.0,19.0,24.0,16.0,97.0,PM25,SEDANG,ispu_2023.csv,,
2023-07-18,DKI4,,114.0,,21.0,23.0,16.0,114.0,PM25,TIDAK SEHAT,ispu_2023.csv,,
2023-07-19,DKI4,,130.0,,22.0,22.0,15.0,130.0,PM25,TIDAK SEHAT,ispu_2023.csv,,
2023-07-20,DKI4,,110.0,,21.0,30.0,15.0,110.0,PM25,TIDAK SEHAT,ispu_2023.csv,,
2023-07-21,DKI4,,112.0,28.0,24.0,32.0,20.0,112.0,PM25,TIDAK SEHAT,ispu_2023.csv,,
2023-07-22,DKI4,,125.0,29.0,24.0,33.0,20.0,125.0,PM25,TIDAK SEHAT,ispu_2023.csv,,
2023-07-23,DKI4,,146.0,27.0,23.0,22.0,13.0,146.0,PM25,TIDAK SEHAT,ispu_2023.csv,,
2023-07-24,DKI4,,104.0,25.0,19.0,22.0,12.0,104.0,PM25,TIDAK SEHAT,ispu_2023.csv,,
2023-07-25,DKI4,,117.0,26.0,27.0,19.0,19.0,117.0,PM25,TIDAK SEHAT,ispu_2023.csv,,
2023-07-26,DKI4,,124.0,26.0,24.0,28.0,18.0,124.0,PM25,TIDAK SEHAT,ispu_2023.csv,,
2023-07-27,DKI4,,129.0,26.0,34.0,25.0,24.0,129.0,PM25,TIDAK SEHAT,ispu_2023.csv,,
2023-07-28,DKI4,,129.0,28.0,31.0,23.0,21.0,129.0,PM25,TIDAK SEHAT,ispu_2023.csv,,
2023-07-29,DKI4,,117.0,27.0,21.0,26.0,17.0,117.0,PM25,TIDAK SEHAT,ispu_2023.csv,,
2023-07-30,DKI4,,129.0,27.0,22.0,26.0,13.0,129.0,PM25,TIDAK SEHAT,ispu_2023.csv,,
2023-07-31,DKI4,,115.0,26.0,18.0,24.0,14.0,115.0,PM25,TIDAK SEHAT,ispu_2023.csv,,
2023-08-01,DKI4,,103.0,28.0,17.0,20.0,14.0,103.0,PM25,TIDAK SEHAT,ispu_2023.csv,,
2023-08-02,DKI4,,99.0,29.0,18.0,23.0,13.0,99.0,PM25,SEDANG,ispu_2023.csv,,
2023-08-03,DKI4,,106.0,28.0,21.0,22.0,14.0,106.0,PM25,TIDAK SEHAT,ispu_2023.csv,,
2023-08-04,DKI4,,110.0,27.0,19.0,25.0,13.0,110.0,PM25,TIDAK SEHAT,ispu_2023.csv,,
2023-08-05,DKI4,,111.0,26.0,18.0,26.0,12.0,111.0,PM25,TIDAK SEHAT,ispu_2023.csv,,
2023-08-06,DKI4,,118.0,26.0,22.0,23.0,14.0,118.0,PM25,TIDAK SEHAT,ispu_2023.csv,,
2023-08-07,DKI4,,139.0,25.0,31.0,28.0,18.0,139.0,PM25,TIDAK SEHAT,ispu_2023.csv,,
2023-08-08,DKI4,,105.0,26.0,19.0,22.0,12.0,105.0,PM25,TIDAK SEHAT,ispu_2023.csv,,
2023-08-09,DKI4,,104.0,27.0,16.0,24.0,10.0,104.0,PM25,TIDAK SEHAT,ispu_2023.csv,,
2023-08-10,DKI4,,102.0,26.0,16.0,32.0,10.0,102.0,PM25,TIDAK SEHAT,ispu_2023.csv,,
2023-08-11,DKI4,,119.0,28.0,21.0,32.0,14.0,119.0,PM25,TIDAK SEHAT,ispu_2023.csv,,
2023-08-12,DKI4,,126.0,27.0,20.0,29.0,15.0,126.0,PM25,TIDAK SEHAT,ispu_2023.csv,,
2023-08-13,DKI4,,128.0,26.0,22.0,26.0,13.0,128.0,PM25,TIDAK SEHAT,ispu_2023.csv,,
2023-08-14,DKI4,,115.0,26.0,19.0,27.0,14.0,115.0,PM25,TIDAK SEHAT,ispu_2023.csv,,
2023-08-15,DKI4,,122.0,28.0,23.0,30.0,18.0,122.0,PM25,TIDAK SEHAT,ispu_2023.csv,,
2023-08-16,DKI4,,138.0,27.0,24.0,29.0,15.0,138.0,PM25,TIDAK SEHAT,ispu_2023.csv,,
2023-08-17,DKI4,,111.0,27.0,23.0,23.0,18.0,111.0,PM25,TIDAK SEHAT,ispu_2023.csv,,
2023-08-18,DKI4,,82.0,26.0,15.0,25.0,12.0,82.0,PM25,SEDANG,ispu_2023.csv,,
2023-08-19,DKI4,,127.0,27.0,23.0,29.0,16.0,127.0,PM25,TIDAK SEHAT,ispu_2023.csv,,
2023-08-20,DKI4,,113.0,27.0,17.0,28.0,10.0,113.0,PM25,TIDAK SEHAT,ispu_2023.csv,,
2023-08-21,DKI4,,105.0,26.0,19.0,26.0,13.0,105.0,PM25,TIDAK SEHAT,ispu_2023.csv,,
2023-08-22,DKI4,,123.0,27.0,22.0,23.0,20.0,123.0,PM25,TIDAK SEHAT,ispu_2023.csv,,
2023-08-23,DKI4,,110.0,27.0,19.0,26.0,15.0,110.0,PM25,TIDAK SEHAT,ispu_2023.csv,,
2023-08-24,DKI4,,114.0,28.0,20.0,26.0,17.0,114.0,PM25,TIDAK SEHAT,ispu_2023.csv,,
2023-08-25,DKI4,,112.0,28.0,20.0,33.0,15.0,112.0,PM25,TIDAK SEHAT,ispu_2023.csv,,
2023-08-26,DKI4,,96.0,27.0,17.0,30.0,10.0,96.0,PM25,SEDANG,ispu_2023.csv,,
2023-08-27,DKI4,,139.0,27.0,23.0,29.0,18.0,139.0,PM25,TIDAK SEHAT,ispu_2023.csv,,
2023-08-28,DKI4,,98.0,27.0,25.0,20.0,22.0,98.0,PM25,SEDANG,ispu_2023.csv,,
2023-08-29,DKI4,,108.0,28.0,22.0,21.0,21.0,108.0,PM25,TIDAK SEHAT,ispu_2023.csv,,
2023-08-30,DKI4,,113.0,27.0,24.0,29.0,17.0,113.0,PM25,TIDAK SEHAT,ispu_2023.csv,,
2023-08-31,DKI4,,108.0,27.0,22.0,32.0,19.0,108.0,PM25,TIDAK SEHAT,ispu_2023.csv,,
2023-09-01,DKI4,,117.0,27.0,24.0,34.0,24.0,117.0,PM25,TIDAK SEHAT,ispu_2023.csv,,
2023-09-02,DKI4,,112.0,28.0,23.0,33.0,21.0,112.0,PM25,TIDAK SEHAT,ispu_2023.csv,,
2023-09-03,DKI4,,102.0,26.0,18.0,32.0,17.0,102.0,PM25,TIDAK SEHAT,ispu_2023.csv,,
2023-09-04,DKI4,,96.0,27.0,18.0,33.0,14.0,96.0,PM25,SEDANG,ispu_2023.csv,,
2023-09-05,DKI4,,134.0,27.0,28.0,29.0,21.0,134.0,PM25,TIDAK SEHAT,ispu_2023.csv,,
2023-09-06,DKI4,,104.0,28.0,21.0,29.0,20.0,104.0,PM25,TIDAK SEHAT,ispu_2023.csv,,
2023-09-07,DKI4,88.0,121.0,27.0,26.0,39.0,22.0,121.0,PM25,TIDAK SEHAT,ispu_2023.csv,,
2023-09-08,DKI4,89.0,117.0,29.0,22.0,28.0,17.0,117.0,PM25,TIDAK SEHAT,ispu_2023.csv,,
2023-09-09,DKI4,80.0,111.0,28.0,21.0,29.0,16.0,111.0,PM25,TIDAK SEHAT,ispu_2023.csv,,
2023-09-10,DKI4,69.0,99.0,27.0,18.0,27.0,15.0,99.0,PM25,SEDANG,ispu_2023.csv,,
2023-09-11,DKI4,,126.0,27.0,22.0,33.0,18.0,126.0,PM25,TIDAK SEHAT,ispu_2023.csv,,
2023-09-12,DKI4,81.0,152.0,27.0,19.0,19.0,19.0,152.0,PM25,TIDAK SEHAT,ispu_2023.csv,,
2023-09-13,DKI4,71.0,107.0,28.0,17.0,23.0,15.0,107.0,PM25,TIDAK SEHAT,ispu_2023.csv,,
2023-09-14,DKI4,62.0,93.0,27.0,16.0,24.0,13.0,93.0,PM25,SEDANG,ispu_2023.csv,,
2023-09-15,DKI4,70.0,108.0,27.0,21.0,29.0,18.0,108.0,PM25,TIDAK SEHAT,ispu_2023.csv,,
2023-09-16,DKI4,76.0,113.0,28.0,20.0,26.0,18.0,113.0,PM25,TIDAK SEHAT,ispu_2023.csv,,
2023-09-17,DKI4,77.0,110.0,27.0,19.0,25.0,15.0,110.0,PM25,TIDAK SEHAT,ispu_2023.csv,,
2023-09-18,DKI4,59.0,86.0,28.0,16.0,28.0,12.0,86.0,PM25,SEDANG,ispu_2023.csv,,
2023-09-19,DKI4,77.0,109.0,28.0,24.0,40.0,21.0,109.0,PM25,TIDAK SEHAT,ispu_2023.csv,,
2023-09-20,DKI4,71.0,98.0,28.0,21.0,26.0,17.0,98.0,PM25,SEDANG,ispu_2023.csv,,
2023-09-21,DKI4,69.0,101.0,28.0,24.0,29.0,19.0,101.0,PM25,TIDAK SEHAT,ispu_2023.csv,,
2023-09-22,DKI4,68.0,93.0,28.0,20.0,26.0,23.0,93.0,PM25,SEDANG,ispu_2023.csv,,
2023-09-23,DKI4,78.0,111.0,28.0,22.0,30.0,20.0,111.0,PM25,TIDAK SEHAT,ispu_2023.csv,,
2023-09-24,DKI4,65.0,92.0,28.0,23.0,26.0,16.0,92.0,PM25,SEDANG,ispu_2023.csv,,
2023-09-25,DKI4,76.0,114.0,30.0,23.0,,24.0,114.0,PM25,TIDAK SEHAT,ispu_2023.csv,,
2023-09-26,DKI4,85.0,249.0,28.0,18.0,26.0,20.0,249.0,PM25,SANGAT TIDAK SEHAT,ispu_2023.csv,,
2023-09-27,DKI4,,217.0,28.0,22.0,23.0,22.0,217.0,PM25,SANGAT TIDAK SEHAT,ispu_2023.csv,,
2023-09-28,DKI4,163.0,287.0,29.0,17.0,29.0,19.0,287.0,PM25,SANGAT TIDAK SEHAT,ispu_2023.csv,,
2023-09-29,DKI4,129.0,143.0,29.0,21.0,24.0,23.0,143.0,PM25,TIDAK SEHAT,ispu_2023.csv,,
2023-09-30,DKI4,,,,,,,0.0,,TIDAK ADA DATA,ispu_2023.csv,,
2023-10-01,DKI4,126.0,199.0,29.0,26.0,27.0,25.0,199.0,PM25,TIDAK SEHAT,ispu_2023.csv,,
2023-10-02,DKI4,86.0,120.0,30.0,25.0,24.0,25.0,120.0,PM25,TIDAK SEHAT,ispu_2023.csv,,
2023-10-03,DKI4,64.0,93.0,29.0,15.0,28.0,19.0,93.0,PM25,SEDANG,ispu_2023.csv,,
2023-10-04,DKI4,76.0,115.0,29.0,20.0,26.0,25.0,115.0,PM25,TIDAK SEHAT,ispu_2023.csv,,
2023-10-05,DKI4,84.0,123.0,28.0,20.0,21.0,12.0,123.0,PM25,TIDAK SEHAT,ispu_2023.csv,,
2023-10-06,DKI4,80.0,111.0,28.0,20.0,24.0,15.0,111.0,PM25,TIDAK SEHAT,ispu_2023.csv,,
2023-10-07,DKI4,97.0,141.0,29.0,33.0,23.0,28.0,141.0,PM25,TIDAK SEHAT,ispu_2023.csv,,
2023-10-08,DKI4,97.0,148.0,29.0,21.0,21.0,16.0,148.0,PM25,TIDAK SEHAT,ispu_2023.csv,,
2023-10-09,DKI4,80.0,122.0,28.0,17.0,20.0,11.0,122.0,PM25,TIDAK SEHAT,ispu_2023.csv,,
2023-10-10,DKI4,88.0,121.0,30.0,16.0,18.0,10.0,121.0,PM25,TIDAK SEHAT,ispu_2023.csv,,
2023-10-11,DKI4,75.0,106.0,31.0,18.0,19.0,14.0,106.0,PM25,TIDAK SEHAT,ispu_2023.csv,,
2023-10-12,DKI4,82.0,123.0,30.0,22.0,23.0,15.0,123.0,PM25,TIDAK SEHAT,ispu_2023.csv,,
2023-10-13,DKI4,82.0,121.0,29.0,19.0,29.0,12.0,121.0,PM25,TIDAK SEHAT,ispu_2023.csv,,
2023-10-14,DKI4,78.0,110.0,29.0,20.0,24.0,17.0,110.0,PM25,TIDAK SEHAT,ispu_2023.csv,,
2023-10-15,DKI4,79.0,117.0,29.0,20.0,20.0,14.0,117.0,PM25,TIDAK SEHAT,ispu_2023.csv,,
2023-10-16,DKI4,82.0,122.0,30.0,20.0,22.0,16.0,122.0,PM25,TIDAK SEHAT,ispu_2023.csv,,
2023-10-17,DKI4,81.0,129.0,29.0,18.0,24.0,14.0,129.0,PM25,TIDAK SEHAT,ispu_2023.csv,,
2023-10-18,DKI4,88.0,122.0,29.0,25.0,24.0,21.0,122.0,PM25,TIDAK SEHAT,ispu_2023.csv,,
2023-10-19,DKI4,82.0,116.0,30.0,19.0,23.0,14.0,116.0,PM25,TIDAK SEHAT,ispu_2023.csv,,
2023-10-20,DKI4,75.0,106.0,29.0,16.0,23.0,10.0,106.0,PM25,TIDAK SEHAT,ispu_2023.csv,,
2023-10-21,DKI4,77.0,109.0,30.0,24.0,19.0,21.0,109.0,PM25,TIDAK SEHAT,ispu_2023.csv,,
2023-10-22,DKI4,77.0,114.0,29.0,26.0,23.0,20.0,114.0,PM25,TIDAK SEHAT,ispu_2023.csv,,
2023-10-23,DKI4,86.0,133.0,29.0,20.0,22.0,16.0,133.0,PM25,TIDAK SEHAT,ispu_2023.csv,,
2023-10-24,DKI4,75.0,107.0,29.0,20.0,27.0,17.0,107.0,PM25,TIDAK SEHAT,ispu_2023.csv,,
2023-10-25,DKI4,61.0,103.0,28.0,20.0,34.0,17.0,103.0,PM25,TIDAK SEHAT,ispu_2023.csv,,
2023-10-26,DKI4,82.0,114.0,30.0,29.0,26.0,22.0,114.0,PM25,TIDAK SEHAT,ispu_2023.csv,,
2023-10-27,DKI4,83.0,116.0,30.0,27.0,27.0,23.0,116.0,PM25,TIDAK SEHAT,ispu_2023.csv,,
2023-10-28,DKI4,81.0,122.0,29.0,26.0,22.0,22.0,122.0,PM25,TIDAK SEHAT,ispu_2023.csv,,
2023-10-29,DKI4,94.0,150.0,30.0,20.0,25.0,16.0,150.0,PM25,TIDAK SEHAT,ispu_2023.csv,,
2023-10-30,DKI4,92.0,108.0,32.0,22.0,28.0,20.0,108.0,PM25,TIDAK SEHAT,ispu_2023.csv,,
2023-10-31,DKI4,81.0,108.0,29.0,22.0,33.0,20.0,108.0,PM25,TIDAK SEHAT,ispu_2023.csv,,
2023-11-01,DKI4,80.0,104.0,34.0,24.0,24.0,27.0,104.0,PM25,TIDAK SEHAT,ispu_2023.csv,,
2023-11-02,DKI4,80.0,109.0,29.0,31.0,27.0,26.0,109.0,PM25,TIDAK SEHAT,ispu_2023.csv,,
2023-11-03,DKI4,82.0,108.0,29.0,34.0,24.0,28.0,108.0,PM25,TIDAK SEHAT,ispu_2023.csv,,
2023-11-04,DKI4,89.0,124.0,30.0,32.0,19.0,27.0,124.0,PM25,TIDAK SEHAT,ispu_2023.csv,,
2023-11-05,DKI4,59.0,74.0,28.0,22.0,15.0,16.0,74.0,PM25,SEDANG,ispu_2023.csv,,
2023-11-06,DKI4,67.0,92.0,30.0,43.0,,19.0,92.0,PM25,SEDANG,ispu_2023.csv,,
2023-11-07,DKI4,71.0,107.0,29.0,26.0,18.0,19.0,107.0,PM25,TIDAK SEHAT,ispu_2023.csv,,
2023-11-08,DKI4,66.0,92.0,29.0,21.0,18.0,18.0,92.0,PM25,SEDANG,ispu_2023.csv,,
2023-11-09,DKI4,73.0,109.0,30.0,20.0,24.0,19.0,109.0,PM25,TIDAK SEHAT,ispu_2023.csv,,
2023-11-10,DKI4,78.0,109.0,30.0,27.0,27.0,24.0,109.0,PM25,TIDAK SEHAT,ispu_2023.csv,,
2023-11-11,DKI4,67.0,90.0,28.0,23.0,24.0,17.0,90.0,PM25,SEDANG,ispu_2023.csv,,
2023-11-12,DKI4,65.0,93.0,30.0,21.0,23.0,15.0,93.0,PM25,SEDANG,ispu_2023.csv,,
2023-11-13,DKI4,,,,,,,0.0,,TIDAK ADA DATA,ispu_2023.csv,,
2023-11-14,DKI4,75.0,109.0,30.0,22.0,19.0,16.0,109.0,PM25,TIDAK SEHAT,ispu_2023.csv,,
2023-11-15,DKI4,55.0,79.0,29.0,20.0,15.0,15.0,79.0,PM25,SEDANG,ispu_2023.csv,,
2023-11-16,DKI4,63.0,95.0,30.0,25.0,21.0,26.0,95.0,PM25,SEDANG,ispu_2023.csv,,
2023-11-17,DKI4,65.0,87.0,30.0,27.0,25.0,28.0,87.0,PM25,SEDANG,ispu_2023.csv,,
2023-11-18,DKI4,60.0,,31.0,22.0,14.0,27.0,60.0,PM10,SEDANG,ispu_2023.csv,,
2023-11-19,DKI4,56.0,,29.0,22.0,20.0,18.0,56.0,PM10,SEDANG,ispu_2023.csv,,
2023-11-20,DKI4,63.0,,30.0,14.0,22.0,12.0,63.0,PM10,SEDANG,ispu_2023.csv,,
2023-11-21,DKI4,59.0,89.0,30.0,18.0,19.0,18.0,89.0,PM25,SEDANG,ispu_2023.csv,,
2023-11-22,DKI4,58.0,74.0,30.0,19.0,24.0,19.0,74.0,PM25,SEDANG,ispu_2023.csv,,
2023-11-23,DKI4,67.0,75.0,31.0,21.0,21.0,22.0,75.0,PM25,SEDANG,ispu_2023.csv,,
2023-11-24,DKI4,83.0,82.0,29.0,41.0,20.0,29.0,83.0,PM10,SEDANG,ispu_2023.csv,,
2023-11-25,DKI4,63.0,54.0,29.0,25.0,15.0,21.0,63.0,PM10,SEDANG,ispu_2023.csv,,
2023-11-26,DKI4,55.0,33.0,30.0,28.0,17.0,19.0,55.0,PM10,SEDANG,ispu_2023.csv,,
2023-11-27,DKI4,67.0,57.0,31.0,19.0,24.0,20.0,67.0,PM10,SEDANG,ispu_2023.csv,,
2023-11-28,DKI4,60.0,,30.0,22.0,17.0,23.0,60.0,PM10,SEDANG,ispu_2023.csv,,
2023-11-29,DKI4,71.0,105.0,30.0,19.0,22.0,14.0,105.0,PM25,TIDAK SEHAT,ispu_2023.csv,,
2023-11-30,DKI4,46.0,67.0,29.0,18.0,23.0,17.0,67.0,PM25,SEDANG,ispu_2023.csv,,
2024-01-01,DKI4,74.0,110.0,10.0,20.0,24.0,10.0,110.0,PM25,TIDAK SEHAT,ispu_2024-2025.xls,,
2024-01-02,DKI4,56.0,80.0,12.0,11.0,27.0,13.0,80.0,PM25,SEDANG,ispu_2024-2025.xls,,
2024-01-03,DKI4,54.0,66.0,13.0,7.0,18.0,14.0,66.0,PM25,SEDANG,ispu_2024-2025.xls,,
2024-01-04,DKI4,53.0,72.0,13.0,10.0,20.0,15.0,72.0,PM25,SEDANG,ispu_2024-2025.xls,,
2024-01-05,DKI4,61.0,62.0,10.0,14.0,17.0,19.0,62.0,PM25,SEDANG,ispu_2024-2025.xls,,
2024-01-06,DKI4,51.0,70.0,11.0,10.0,31.0,16.0,70.0,PM25,SEDANG,ispu_2024-2025.xls,,
2024-01-07,DKI4,62.0,84.0,10.0,15.0,23.0,19.0,84.0,PM25,SEDANG,ispu_2024-2025.xls,,
2024-01-08,DKI4,55.0,76.0,10.0,22.0,21.0,20.0,76.0,PM25,SEDANG,ispu_2024-2025.xls,,
2024-01-09,DKI4,61.0,84.0,12.0,14.0,17.0,14.0,84.0,PM25,SEDANG,ispu_2024-2025.xls,,
2024-01-10,DKI4,70.0,102.0,12.0,11.0,26.0,13.0,102.0,PM25,TIDAK SEHAT,ispu_2024-2025.xls,,
2024-01-11,DKI4,63.0,81.0,11.0,16.0,17.0,19.0,81.0,PM25,SEDANG,ispu_2024-2025.xls,,
2024-01-12,DKI4,37.0,49.0,10.0,11.0,10.0,8.0,49.0,PM25,BAIK,ispu_2024-2025.xls,,
2024-01-13,DKI4,45.0,62.0,10.0,10.0,15.0,13.0,62.0,PM25,SEDANG,ispu_2024-2025.xls,,
2024-01-14,DKI4,50.0,64.0,11.0,9.0,16.0,10.0,64.0,PM25,SEDANG,ispu_2024-2025.xls,,
2024-01-15,DKI4,58.0,78.0,10.0,12.0,15.0,15.0,78.0,PM25,SEDANG,ispu_2024-2025.xls,,
2024-01-16,DKI4,49.0,62.0,11.0,6.0,11.0,9.0,62.0,PM25,SEDANG,ispu_2024-2025.xls,,
2024-01-17,DKI4,42.0,56.0,10.0,7.0,8.0,9.0,56.0,PM25,SEDANG,ispu_2024-2025.xls,,
2024-01-18,DKI4,53.0,67.0,13.0,13.0,6.0,12.0,67.0,PM25,SEDANG,ispu_2024-2025.xls,,
2024-01-19,DKI4,30.0,36.0,24.0,7.0,6.0,8.0,36.0,PM25,BAIK,ispu_2024-2025.xls,,
2024-01-20,DKI4,28.0,46.0,24.0,8.0,7.0,8.0,46.0,PM25,BAIK,ispu_2024-2025.xls,,
2024-01-21,DKI4,50.0,64.0,24.0,8.0,7.0,6.0,64.0,PM25,SEDANG,ispu_2024-2025.xls,,
2024-01-22,DKI4,31.0,50.0,24.0,4.0,7.0,3.0,50.0,PM25,BAIK,ispu_2024-2025.xls,,
2024-01-23,DKI4,36.0,58.0,24.0,5.0,9.0,6.0,58.0,PM25,SEDANG,ispu_2024-2025.xls,,
2024-01-24,DKI4,46.0,61.0,24.0,6.0,7.0,6.0,61.0,PM25,SEDANG,ispu_2024-2025.xls,,
2024-01-25,DKI4,46.0,62.0,25.0,7.0,12.0,8.0,62.0,PM25,SEDANG,ispu_2024-2025.xls,,
2024-01-26,DKI4,58.0,77.0,27.0,7.0,16.0,14.0,77.0,PM25,SEDANG,ispu_2024-2025.xls,,
2024-01-27,DKI4,38.0,47.0,24.0,5.0,11.0,10.0,47.0,PM25,BAIK,ispu_2024-2025.xls,,
2024-01-28,DKI4,43.0,59.0,24.0,16.0,10.0,14.0,59.0,PM25,SEDANG,ispu_2024-2025.xls,,
2024-01-29,DKI4,51.0,63.0,24.0,14.0,11.0,13.0,63.0,PM25,SEDANG,ispu_2024-2025.xls,,
2024-01-30,DKI4,71.0,82.0,24.0,23.0,13.0,12.0,82.0,PM25,SEDANG,ispu_2024-2025.xls,,
2024-01-31,DKI4,40.0,57.0,25.0,7.0,17.0,15.0,57.0,PM25,SEDANG,ispu_2024-2025.xls,,
2024-02-01,DKI4,68.0,90.0,25.0,15.0,18.0,14.0,90.0,PM25,SEDANG,ispu_2024-2025.xls,,
2024-02-02,DKI4,50.0,59.0,24.0,10.0,12.0,9.0,59.0,PM25,SEDANG,ispu_2024-2025.xls,,
2024-02-03,DKI4,,56.0,25.0,7.0,11.0,10.0,56.0,PM25,SEDANG,ispu_2024-2025.xls,,
2024-02-04,DKI4,32.0,45.0,25.0,4.0,7.0,4.0,45.0,PM25,BAIK,ispu_2024-2025.xls,,
2024-02-05,DKI4,54.0,77.0,25.0,10.0,6.0,5.0,77.0,PM25,SEDANG,ispu_2024-2025.xls,,
2024-02-06,DKI4,64.0,74.0,25.0,15.0,6.0,7.0,74.0,PM25,SEDANG,ispu_2024-2025.xls,,
2024-02-07,DKI4,40.0,58.0,25.0,6.0,4.0,6.0,58.0,PM25,SEDANG,ispu_2024-2025.xls,,
2024-02-08,DKI4,64.0,90.0,25.0,10.0,4.0,4.0,90.0,PM25,SEDANG,ispu_2024-2025.xls,,
2024-02-09,DKI4,67.0,86.0,26.0,,7.0,5.0,86.0,PM25,SEDANG,ispu_2024-2025.xls,,
2024-02-10,DKI4,57.0,74.0,25.0,,8.0,5.0,74.0,PM25,SEDANG,ispu_2024-2025.xls,,
2024-02-11,DKI4,63.0,85.0,25.0,9.0,6.0,6.0,85.0,PM25,SEDANG,ispu_2024-2025.xls,,
2024-02-12,DKI4,61.0,80.0,25.0,4.0,5.0,6.0,80.0,PM25,SEDANG,ispu_2024-2025.xls,,
2024-02-13,DKI4,53.0,67.0,25.0,7.0,8.0,6.0,67.0,PM25,SEDANG,ispu_2024-2025.xls,,
2024-02-14,DKI4,49.0,62.0,25.0,16.0,8.0,6.0,62.0,PM25,SEDANG,ispu_2024-2025.xls,,
2024-02-15,DKI4,53.0,76.0,25.0,24.0,7.0,8.0,76.0,PM25,SEDANG,ispu_2024-2025.xls,,
2024-02-16,DKI4,81.0,103.0,25.0,24.0,6.0,11.0,103.0,PM25,TIDAK SEHAT,ispu_2024-2025.xls,,
2024-02-17,DKI4,59.0,74.0,25.0,22.0,6.0,8.0,74.0,PM25,SEDANG,ispu_2024-2025.xls,,
2024-02-18,DKI4,57.0,71.0,25.0,21.0,7.0,6.0,71.0,PM25,SEDANG,ispu_2024-2025.xls,,
2024-02-19,DKI4,68.0,91.0,26.0,23.0,6.0,9.0,91.0,PM25,SEDANG,ispu_2024-2025.xls,,
2024-02-20,DKI4,71.0,94.0,25.0,22.0,7.0,9.0,94.0,PM25,SEDANG,ispu_2024-2025.xls,,
2024-02-21,DKI4,70.0,102.0,25.0,24.0,9.0,8.0,102.0,PM25,TIDAK SEHAT,ispu_2024-2025.xls,,
2024-02-22,DKI4,70.0,86.0,25.0,21.0,8.0,9.0,86.0,PM25,SEDANG,ispu_2024-2025.xls,,
2024-02-23,DKI4,46.0,61.0,25.0,20.0,7.0,6.0,61.0,PM25,SEDANG,ispu_2024-2025.xls,,
2024-02-24,DKI4,54.0,67.0,25.0,18.0,6.0,2.0,67.0,PM25,SEDANG,ispu_2024-2025.xls,,
2024-02-25,DKI4,37.0,52.0,25.0,15.0,8.0,3.0,52.0,PM25,SEDANG,ispu_2024-2025.xls,,
2024-02-26,DKI4,36.0,52.0,25.0,18.0,7.0,4.0,52.0,PM25,SEDANG,ispu_2024-2025.xls,,
2024-02-27,DKI4,70.0,96.0,26.0,28.0,5.0,7.0,96.0,PM25,SEDANG,ispu_2024-2025.xls,,
2024-02-28,DKI4,,,,,,,,,TIDAK ADA DATA,ispu_2024-2025.xls,,
2024-02-29,DKI4,57.0,59.0,25.0,22.0,6.0,6.0,59.0,PM25,SEDANG,ispu_2024-2025.xls,,
2024-03-01,DKI4,55.0,69.0,25.0,28.0,8.0,6.0,69.0,PM25,SEDANG,ispu_2024-2025.xls,,
2024-03-02,DKI4,59.0,72.0,26.0,21.0,8.0,7.0,72.0,PM25,SEDANG,ispu_2024-2025.xls,,
2024-03-03,DKI4,46.0,58.0,26.0,21.0,6.0,7.0,58.0,PM25,SEDANG,ispu_2024-2025.xls,,
2024-03-04,DKI4,49.0,61.0,26.0,25.0,8.0,5.0,61.0,PM25,SEDANG,ispu_2024-2025.xls,,
2024-03-05,DKI4,39.0,56.0,26.0,22.0,6.0,4.0,56.0,PM25,SEDANG,ispu_2024-2025.xls,,
2024-03-06,DKI4,37.0,55.0,26.0,18.0,5.0,3.0,55.0,PM25,SEDANG,ispu_2024-2025.xls,,
2024-03-07,DKI4,31.0,47.0,26.0,18.0,6.0,2.0,47.0,PM25,BAIK,ispu_2024-2025.xls,,
2024-03-08,DKI4,26.0,39.0,26.0,15.0,6.0,2.0,39.0,PM25,BAIK,ispu_2024-2025.xls,,
2024-03-09,DKI4,30.0,30.0,26.0,16.0,6.0,3.0,30.0,PM10,BAIK,ispu_2024-2025.xls,,
2024-03-10,DKI4,72.0,96.0,26.0,39.0,5.0,8.0,96.0,PM25,SEDANG,ispu_2024-2025.xls,,
2024-03-11,DKI4,70.0,78.0,26.0,27.0,8.0,4.0,78.0,PM25,SEDANG,ispu_2024-2025.xls,,
2024-03-12,DKI4,37.0,53.0,26.0,17.0,6.0,2.0,53.0,PM25,SEDANG,ispu_2024-2025.xls,,
2024-03-13,DKI4,49.0,64.0,26.0,19.0,7.0,4.0,64.0,PM25,SEDANG,ispu_2024-2025.xls,,
2024-03-14,DKI4,52.0,65.0,26.0,21.0,6.0,4.0,65.0,PM25,SEDANG,ispu_2024-2025.xls,,
2024-03-15,DKI4,38.0,45.0,26.0,21.0,6.0,4.0,45.0,PM25,BAIK,ispu_2024-2025.xls,,
2024-03-16,DKI4,24.0,31.0,26.0,17.0,5.0,3.0,31.0,PM25,BAIK,ispu_2024-2025.xls,,
2024-03-17,DKI4,23.0,31.0,26.0,16.0,5.0,4.0,31.0,PM25,BAIK,ispu_2024-2025.xls,,
2024-03-18,DKI4,30.0,51.0,26.0,17.0,4.0,3.0,51.0,PM25,SEDANG,ispu_2024-2025.xls,,
2024-03-19,DKI4,53.0,67.0,27.0,20.0,4.0,3.0,67.0,PM25,SEDANG,ispu_2024-2025.xls,,
2024-03-20,DKI4,43.0,59.0,27.0,19.0,3.0,4.0,59.0,PM25,SEDANG,ispu_2024-2025.xls,,
2024-03-21,DKI4,48.0,67.0,27.0,21.0,4.0,4.0,67.0,PM25,SEDANG,ispu_2024-2025.xls,,
2024-03-22,DKI4,,,,,,,,,TIDAK ADA DATA,ispu_2024-2025.xls,,
2024-03-23,DKI4,70.0,122.0,27.0,40.0,8.0,11.0,122.0,PM25,TIDAK SEHAT,ispu_2024-2025.xls,,
2024-03-24,DKI4,57.0,78.0,27.0,18.0,11.0,7.0,78.0,PM25,SEDANG,ispu_2024-2025.xls,,
2024-03-25,DKI4,50.0,69.0,27.0,17.0,12.0,4.0,69.0,PM25,SEDANG,ispu_2024-2025.xls,,
2024-03-26,DKI4,,93.0,27.0,23.0,9.0,7.0,93.0,PM25,SEDANG,ispu_2024-2025.xls,,
2024-03-27,DKI4,64.0,92.0,27.0,25.0,8.0,9.0,92.0,PM25,SEDANG,ispu_2024-2025.xls,,
2024-03-28,DKI4,90.0,128.0,27.0,27.0,12.0,10.0,128.0,PM25,TIDAK SEHAT,ispu_2024-2025.xls,,
2024-03-29,DKI4,74.0,96.0,27.0,23.0,10.0,11.0,96.0,PM25,SEDANG,ispu_2024-2025.xls,,
2024-03-30,DKI4,62.0,86.0,27.0,23.0,13.0,9.0,86.0,PM25,SEDANG,ispu_2024-2025.xls,,
2024-03-31,DKI4,61.0,82.0,27.0,27.0,13.0,9.0,82.0,PM25,SEDANG,ispu_2024-2025.xls,,
2024-04-01,DKI4,83.0,113.0,27.0,27.0,13.0,8.0,113.0,PM25,TIDAK SEHAT,ispu_2024-2025.xls,,
2024-04-02,DKI4,81.0,112.0,27.0,26.0,10.0,11.0,112.0,PM25,TIDAK SEHAT,ispu_2024-2025.xls,,
2024-04-03,DKI4,70.0,97.0,27.0,20.0,15.0,8.0,97.0,PM25,SEDANG,ispu_2024-2025.xls,,
2024-04-04,DKI4,49.0,70.0,27.0,30.0,13.0,11.0,70.0,PM25,SEDANG,ispu_2024-2025.xls,,
2024-04-05,DKI4,86.0,116.0,28.0,34.0,11.0,9.0,116.0,PM25,TIDAK SEHAT,ispu_2024-2025.xls,,
2024-04-06,DKI4,61.0,92.0,28.0,28.0,14.0,12.0,92.0,PM25,SEDANG,ispu_2024-2025.xls,,
2024-04-07,DKI4,60.0,83.0,28.0,19.0,19.0,7.0,83.0,PM25,SEDANG,ispu_2024-2025.xls,,
2024-04-08,DKI4,55.0,76.0,28.0,20.0,19.0,9.0,76.0,PM25,SEDANG,ispu_2024-2025.xls,,
2024-04-09,DKI4,53.0,77.0,28.0,20.0,19.0,11.0,77.0,PM25,SEDANG,ispu_2024-2025.xls,,
2024-04-10,DKI4,73.0,96.0,28.0,33.0,14.0,10.0,96.0,PM25,SEDANG,ispu_2024-2025.xls,,
2024-04-11,DKI4,45.0,62.0,28.0,17.0,15.0,8.0,62.0,PM25,SEDANG,ispu_2024-2025.xls,,
2024-04-12,DKI4,31.0,51.0,28.0,13.0,12.0,5.0,51.0,PM25,SEDANG,ispu_2024-2025.xls,,
2024-04-13,DKI4,44.0,61.0,28.0,23.0,9.0,7.0,61.0,PM25,SEDANG,ispu_2024-2025.xls,,
2024-04-14,DKI4,37.0,60.0,28.0,15.0,13.0,6.0,60.0,PM25,SEDANG,ispu_2024-2025.xls,,
2024-04-15,DKI4,31.0,54.0,28.0,18.0,10.0,6.0,54.0,PM25,SEDANG,ispu_2024-2025.xls,,
2024-04-16,DKI4,43.0,64.0,28.0,16.0,11.0,6.0,64.0,PM25,SEDANG,ispu_2024-2025.xls,,
2024-04-17,DKI4,51.0,76.0,28.0,17.0,19.0,8.0,76.0,PM25,SEDANG,ispu_2024-2025.xls,,
2024-04-18,DKI4,52.0,67.0,28.0,21.0,14.0,10.0,67.0,PM25,SEDANG,ispu_2024-2025.xls,,
2024-04-19,DKI4,44.0,64.0,28.0,21.0,12.0,9.0,64.0,PM25,SEDANG,ispu_2024-2025.xls,,
2024-04-20,DKI4,69.0,95.0,29.0,22.0,9.0,7.0,95.0,PM25,SEDANG,ispu_2024-2025.xls,,
2024-04-21,DKI4,58.0,76.0,28.0,18.0,10.0,6.0,76.0,PM25,SEDANG,ispu_2024-2025.xls,,
2024-04-22,DKI4,64.0,83.0,29.0,26.0,9.0,7.0,83.0,PM25,SEDANG,ispu_2024-2025.xls,,
2024-04-23,DKI4,63.0,84.0,29.0,23.0,11.0,6.0,84.0,PM25,SEDANG,ispu_2024-2025.xls,,
2024-04-24,DKI4,53.0,74.0,28.0,21.0,14.0,8.0,74.0,PM25,SEDANG,ispu_2024-2025.xls,,
2024-04-25,DKI4,58.0,79.0,28.0,13.0,12.0,8.0,79.0,PM25,SEDANG,ispu_2024-2025.xls,,
2024-04-26,DKI4,56.0,71.0,29.0,12.0,13.0,6.0,71.0,PM25,SEDANG,ispu_2024-2025.xls,,
2024-04-27,DKI4,62.0,80.0,29.0,18.0,10.0,3.0,80.0,PM25,SEDANG,ispu_2024-2025.xls,,
2024-04-28,DKI4,60.0,80.0,29.0,24.0,14.0,3.0,80.0,PM25,SEDANG,ispu_2024-2025.xls,,
2024-04-29,DKI4,60.0,81.0,29.0,13.0,18.0,5.0,81.0,PM25,SEDANG,ispu_2024-2025.xls,,
2024-04-30,DKI4,70.0,91.0,29.0,16.0,18.0,6.0,91.0,PM25,SEDANG,ispu_2024-2025.xls,,
2024-05-01,DKI4,56.0,,29.0,14.0,16.0,6.0,56.0,PM10,SEDANG,ispu_2024-2025.xls,,
2024-05-02,DKI4,,,,,,,,,TIDAK ADA DATA,ispu_2024-2025.xls,,
2024-05-03,DKI4,64.0,88.0,29.0,15.0,19.0,9.0,88.0,PM25,SEDANG,ispu_2024-2025.xls,,
2024-05-04,DKI4,68.0,90.0,30.0,23.0,15.0,8.0,90.0,PM25,SEDANG,ispu_2024-2025.xls,,
2024-05-05,DKI4,79.0,107.0,30.0,32.0,15.0,13.0,107.0,PM25,TIDAK SEHAT,ispu_2024-2025.xls,,
2024-05-06,DKI4,71.0,97.0,30.0,19.0,17.0,10.0,97.0,PM25,SEDANG,ispu_2024-2025.xls,,
2024-05-07,DKI4,78.0,107.0,30.0,22.0,16.0,12.0,107.0,PM25,TIDAK SEHAT,ispu_2024-2025.xls,,
2024-05-08,DKI4,76.0,101.0,30.0,17.0,18.0,10.0,101.0,PM25,TIDAK SEHAT,ispu_2024-2025.xls,,
2024-05-09,DKI4,85.0,111.0,30.0,18.0,13.0,13.0,111.0,PM25,TIDAK SEHAT,ispu_2024-2025.xls,,
2024-05-10,DKI4,74.0,96.0,30.0,13.0,15.0,7.0,96.0,PM25,SEDANG,ispu_2024-2025.xls,,
2024-05-11,DKI4,75.0,92.0,30.0,12.0,13.0,7.0,92.0,PM25,SEDANG,ispu_2024-2025.xls,,
2024-05-12,DKI4,67.0,85.0,30.0,13.0,11.0,6.0,85.0,PM25,SEDANG,ispu_2024-2025.xls,,
2024-05-13,DKI4,62.0,82.0,30.0,15.0,14.0,6.0,82.0,PM25,SEDANG,ispu_2024-2025.xls,,
2024-05-14,DKI4,69.0,94.0,30.0,15.0,14.0,10.0,94.0,PM25,SEDANG,ispu_2024-2025.xls,,
2024-05-15,DKI4,75.0,98.0,30.0,12.0,12.0,8.0,98.0,PM25,SEDANG,ispu_2024-2025.xls,,
2024-05-16,DKI4,82.0,111.0,30.0,13.0,20.0,8.0,111.0,PM25,TIDAK SEHAT,ispu_2024-2025.xls,,
2024-05-17,DKI4,74.0,98.0,30.0,12.0,18.0,9.0,98.0,PM25,SEDANG,ispu_2024-2025.xls,,
2024-05-18,DKI4,77.0,105.0,31.0,14.0,18.0,11.0,105.0,PM25,TIDAK SEHAT,ispu_2024-2025.xls,,
2024-05-19,DKI4,69.0,92.0,31.0,17.0,18.0,11.0,92.0,PM25,SEDANG,ispu_2024-2025.xls,,
2024-05-20,DKI4,83.0,110.0,31.0,18.0,20.0,10.0,110.0,PM25,TIDAK SEHAT,ispu_2024-2025.xls,,
2024-05-21,DKI4,83.0,107.0,31.0,17.0,20.0,15.0,107.0,PM25,TIDAK SEHAT,ispu_2024-2025.xls,,
2024-05-22,DKI4,84.0,106.0,31.0,16.0,22.0,9.0,106.0,PM25,TIDAK SEHAT,ispu_2024-2025.xls,,
2024-05-23,DKI4,78.0,95.0,31.0,15.0,16.0,8.0,95.0,PM25,SEDANG,ispu_2024-2025.xls,,
2024-05-24,DKI4,82.0,95.0,30.0,18.0,10.0,6.0,95.0,PM25,SEDANG,ispu_2024-2025.xls,,
2024-05-25,DKI4,41.0,55.0,30.0,12.0,9.0,8.0,55.0,PM25,SEDANG,ispu_2024-2025.xls,,
2024-05-26,DKI4,71.0,88.0,30.0,15.0,11.0,8.0,88.0,PM25,SEDANG,ispu_2024-2025.xls,,
2024-05-27,DKI4,81.0,104.0,31.0,13.0,22.0,9.0,104.0,PM25,TIDAK SEHAT,ispu_2024-2025.xls,,
2024-05-28,DKI4,81.0,104.0,31.0,14.0,20.0,8.0,104.0,PM25,TIDAK SEHAT,ispu_2024-2025.xls,,
2024-05-29,DKI4,77.0,94.0,31.0,11.0,18.0,7.0,94.0,PM25,SEDANG,ispu_2024-2025.xls,,
2024-05-30,DKI4,77.0,100.0,31.0,11.0,19.0,10.0,100.0,PM25,SEDANG,ispu_2024-2025.xls,,
2024-05-31,DKI4,91.0,110.0,31.0,13.0,22.0,9.0,110.0,PM25,TIDAK SEHAT,ispu_2024-2025.xls,,
2024-06-01,DKI4,97.0,120.0,31.0,13.0,19.0,8.0,120.0,PM25,TIDAK SEHAT,ispu_2024-2025.xls,,
2024-06-02,DKI4,73.0,91.0,31.0,12.0,14.0,12.0,91.0,PM25,SEDANG,ispu_2024-2025.xls,,
2024-06-03,DKI4,60.0,71.0,31.0,12.0,12.0,9.0,71.0,PM25,SEDANG,ispu_2024-2025.xls,,
2024-06-04,DKI4,87.0,106.0,31.0,13.0,12.0,8.0,106.0,PM25,TIDAK SEHAT,ispu_2024-2025.xls,,
2024-06-05,DKI4,74.0,93.0,31.0,14.0,17.0,10.0,93.0,PM25,SEDANG,ispu_2024-2025.xls,,
2024-06-06,DKI4,70.0,85.0,32.0,12.0,16.0,12.0,85.0,PM25,SEDANG,ispu_2024-2025.xls,,
2024-06-07,DKI4,79.0,97.0,31.0,13.0,18.0,8.0,97.0,PM25,SEDANG,ispu_2024-2025.xls,,
2024-06-08,DKI4,78.0,96.0,32.0,12.0,16.0,14.0,96.0,PM25,SEDANG,ispu_2024-2025.xls,,
2024-06-09,DKI4,78.0,92.0,32.0,11.0,16.0,7.0,92.0,PM25,SEDANG,ispu_2024-2025.xls,,
2024-06-10,DKI4,84.0,100.0,32.0,12.0,12.0,10.0,100.0,PM25,SEDANG,ispu_2024-2025.xls,,
2024-06-11,DKI4,74.0,88.0,31.0,11.0,14.0,7.0,88.0,PM25,SEDANG,ispu_2024-2025.xls,,
2024-06-12,DKI4,63.0,70.0,31.0,12.0,7.0,9.0,70.0,PM25,SEDANG,ispu_2024-2025.xls,,
2024-06-13,DKI4,61.0,72.0,31.0,12.0,4.0,6.0,72.0,PM25,SEDANG,ispu_2024-2025.xls,,
2024-06-14,DKI4,,74.0,32.0,11.0,8.0,6.0,74.0,PM25,SEDANG,ispu_2024-2025.xls,,
2024-06-15,DKI4,,73.0,33.0,34.0,15.0,8.0,73.0,PM25,SEDANG,ispu_2024-2025.xls,,
2024-06-16,DKI4,56.0,63.0,40.0,25.0,11.0,16.0,63.0,PM25,SEDANG,ispu_2024-2025.xls,,
2024-06-17,DKI4,57.0,76.0,39.0,23.0,15.0,10.0,76.0,PM25,SEDANG,ispu_2024-2025.xls,,
2024-06-18,DKI4,87.0,113.0,40.0,31.0,15.0,12.0,113.0,PM25,TIDAK SEHAT,ispu_2024-2025.xls,,
2024-06-19,DKI4,77.0,97.0,40.0,28.0,13.0,16.0,97.0,PM25,SEDANG,ispu_2024-2025.xls,,
2024-06-20,DKI4,76.0,92.0,41.0,21.0,15.0,16.0,92.0,PM25,SEDANG,ispu_2024-2025.xls,,
2024-06-21,DKI4,78.0,100.0,41.0,24.0,19.0,22.0,100.0,PM25,SEDANG,ispu_2024-2025.xls,,
2024-06-22,DKI4,74.0,103.0,40.0,23.0,17.0,18.0,103.0,PM25,TIDAK SEHAT,ispu_2024-2025.xls,,
2024-06-23,DKI4,75.0,91.0,41.0,22.0,14.0,20.0,91.0,PM25,SEDANG,ispu_2024-2025.xls,,
2024-06-24,DKI4,69.0,90.0,41.0,25.0,16.0,22.0,90.0,PM25,SEDANG,ispu_2024-2025.xls,,
2024-06-25,DKI4,68.0,85.0,40.0,21.0,10.0,17.0,85.0,PM25,SEDANG,ispu_2024-2025.xls,,
2024-06-26,DKI4,71.0,80.0,41.0,27.0,8.0,16.0,80.0,PM25,SEDANG,ispu_2024-2025.xls,,
2024-06-27,DKI4,73.0,86.0,41.0,20.0,19.0,13.0,86.0,PM25,SEDANG,ispu_2024-2025.xls,,
2024-06-28,DKI4,63.0,74.0,40.0,26.0,17.0,9.0,74.0,PM25,SEDANG,ispu_2024-2025.xls,,
2024-06-29,DKI4,63.0,76.0,40.0,35.0,15.0,9.0,76.0,PM25,SEDANG,ispu_2024-2025.xls,,
2024-06-30,DKI4,51.0,56.0,40.0,24.0,11.0,14.0,56.0,PM25,SEDANG,ispu_2024-2025.xls,,
2024-07-01,DKI4,73.0,98.0,40.0,30.0,18.0,14.0,98.0,PM25,SEDANG,ispu_2024-2025.xls,,
2024-07-02,DKI4,61.0,71.0,40.0,25.0,15.0,15.0,71.0,PM25,SEDANG,ispu_2024-2025.xls,,
2024-07-03,DKI4,77.0,105.0,43.0,36.0,17.0,15.0,105.0,PM25,TIDAK SEHAT,ispu_2024-2025.xls,,
2024-07-04,DKI4,61.0,68.0,51.0,31.0,17.0,16.0,68.0,PM25,SEDANG,ispu_2024-2025.xls,,
2024-07-05,DKI4,64.0,65.0,51.0,24.0,12.0,16.0,65.0,PM25,SEDANG,ispu_2024-2025.xls,,
2024-07-06,DKI4,51.0,51.0,51.0,20.0,11.0,12.0,51.0,PM10,SEDANG,ispu_2024-2025.xls,,
2024-07-07,DKI4,33.0,46.0,51.0,24.0,11.0,14.0,51.0,SO2,SEDANG,ispu_2024-2025.xls,,
2024-07-08,DKI4,52.0,63.0,51.0,22.0,21.0,10.0,63.0,PM25,SEDANG,ispu_2024-2025.xls,,
2024-07-09,DKI4,46.0,55.0,51.0,22.0,18.0,13.0,55.0,PM25,SEDANG,ispu_2024-2025.xls,,
2024-07-10,DKI4,65.0,74.0,51.0,19.0,20.0,12.0,74.0,PM25,SEDANG,ispu_2024-2025.xls,,
2024-07-11,DKI4,75.0,107.0,51.0,28.0,26.0,17.0,107.0,PM25,TIDAK SEHAT,ispu_2024-2025.xls,,
2024-07-12,DKI4,79.0,94.0,51.0,26.0,29.0,20.0,94.0,PM25,SEDANG,ispu_2024-2025.xls,,
2024-07-13,DKI4,,102.0,51.0,29.0,21.0,23.0,102.0,PM25,TIDAK SEHAT,ispu_2024-2025.xls,,
2024-07-14,DKI4,,100.0,51.0,27.0,19.0,22.0,100.0,PM25,SEDANG,ispu_2024-2025.xls,,
2024-07-15,DKI4,,88.0,51.0,23.0,22.0,22.0,88.0,PM25,SEDANG,ispu_2024-2025.xls,,
2024-07-16,DKI4,74.0,81.0,51.0,23.0,29.0,20.0,81.0,PM25,SEDANG,ispu_2024-2025.xls,,
2024-07-17,DKI4,77.0,97.0,51.0,26.0,19.0,22.0,97.0,PM25,SEDANG,ispu_2024-2025.xls,,
2024-07-18,DKI4,76.0,90.0,51.0,21.0,24.0,18.0,90.0,PM25,SEDANG,ispu_2024-2025.xls,,
2024-07-19,DKI4,73.0,81.0,51.0,19.0,24.0,17.0,81.0,PM25,SEDANG,ispu_2024-2025.xls,,
2024-07-20,DKI4,76.0,84.0,51.0,21.0,25.0,16.0,84.0,PM25,SEDANG,ispu_2024-2025.xls,,
2024-07-21,DKI4,70.0,81.0,51.0,20.0,27.0,16.0,81.0,PM25,SEDANG,ispu_2024-2025.xls,,
2024-07-22,DKI4,69.0,80.0,51.0,21.0,32.0,17.0,80.0,PM25,SEDANG,ispu_2024-2025.xls,,
2024-07-23,DKI4,72.0,81.0,52.0,21.0,34.0,19.0,81.0,PM25,SEDANG,ispu_2024-2025.xls,,
2024-07-24,DKI4,77.0,87.0,52.0,21.0,26.0,23.0,87.0,PM25,SEDANG,ispu_2024-2025.xls,,
2024-07-25,DKI4,66.0,74.0,51.0,20.0,30.0,19.0,74.0,PM25,SEDANG,ispu_2024-2025.xls,,
2024-07-26,DKI4,64.0,79.0,52.0,22.0,25.0,17.0,79.0,PM25,SEDANG,ispu_2024-2025.xls,,
2024-07-27,DKI4,75.0,92.0,51.0,20.0,27.0,16.0,92.0,PM25,SEDANG,ispu_2024-2025.xls,,
2024-07-28,DKI4,75.0,90.0,51.0,21.0,31.0,15.0,90.0,PM25,SEDANG,ispu_2024-2025.xls,,
2024-07-29,DKI4,83.0,97.0,52.0,20.0,31.0,17.0,97.0,PM25,SEDANG,ispu_2024-2025.xls,,
2024-07-30,DKI4,80.0,94.0,52.0,23.0,28.0,19.0,94.0,PM25,SEDANG,ispu_2024-2025.xls,,
2024-07-31,DKI4,96.0,113.0,52.0,28.0,28.0,20.0,113.0,PM25,TIDAK SEHAT,ispu_2024-2025.xls,,
2024-08-01,DKI4,72.0,83.0,51.0,21.0,32.0,17.0,83.0,PM25,SEDANG,ispu_2024-2025.xls,,
2024-08-02,DKI4,63.0,75.0,51.0,23.0,28.0,20.0,75.0,PM25,SEDANG,ispu_2024-2025.xls,,
2024-08-03,DKI4,54.0,58.0,51.0,22.0,22.0,14.0,58.0,PM25,SEDANG,ispu_2024-2025.xls,,
2024-08-04,DKI4,58.0,64.0,51.0,29.0,18.0,13.0,64.0,PM25,SEDANG,ispu_2024-2025.xls,,
2024-08-05,DKI4,53.0,67.0,51.0,21.0,21.0,15.0,67.0,PM25,SEDANG,ispu_2024-2025.xls,,
2024-08-06,DKI4,67.0,75.0,52.0,21.0,24.0,17.0,75.0,PM25,SEDANG,ispu_2024-2025.xls,,
2024-08-07,DKI4,76.0,87.0,52.0,21.0,30.0,17.0,87.0,PM25,SEDANG,ispu_2024-2025.xls,,
2024-08-08,DKI4,91.0,98.0,52.0,25.0,32.0,22.0,98.0,PM25,SEDANG,ispu_2024-2025.xls,,
2024-08-09,DKI4,78.0,85.0,53.0,23.0,32.0,19.0,85.0,PM25,SEDANG,ispu_2024-2025.xls,,
2024-08-10,DKI4,64.0,75.0,53.0,19.0,39.0,18.0,75.0,PM25,SEDANG,ispu_2024-2025.xls,,
2024-08-11,DKI4,62.0,68.0,52.0,17.0,47.0,15.0,68.0,PM25,SEDANG,ispu_2024-2025.xls,,
2024-08-12,DKI4,56.0,66.0,52.0,17.0,43.0,14.0,66.0,PM25,SEDANG,ispu_2024-2025.xls,,
2024-08-13,DKI4,75.0,88.0,53.0,23.0,38.0,24.0,88.0,PM25,SEDANG,ispu_2024-2025.xls,,
2024-08-14,DKI4,78.0,85.0,53.0,24.0,37.0,25.0,85.0,PM25,SEDANG,ispu_2024-2025.xls,,
2024-08-15,DKI4,78.0,84.0,53.0,22.0,42.0,22.0,84.0,PM25,SEDANG,ispu_2024-2025.xls,,
2024-08-16,DKI4,73.0,83.0,53.0,23.0,44.0,24.0,83.0,PM25,SEDANG,ispu_2024-2025.xls,,
2024-08-17,DKI4,75.0,93.0,54.0,24.0,56.0,23.0,93.0,PM25,SEDANG,ispu_2024-2025.xls,,
2024-08-18,DKI4,76.0,90.0,53.0,21.0,46.0,16.0,90.0,PM25,SEDANG,ispu_2024-2025.xls,,
2024-08-19,DKI4,70.0,81.0,53.0,20.0,48.0,15.0,81.0,PM25,SEDANG,ispu_2024-2025.xls,,
2024-08-20,DKI4,81.0,95.0,53.0,22.0,48.0,20.0,95.0,PM25,SEDANG,ispu_2024-2025.xls,,
2024-08-21,DKI4,85.0,95.0,53.0,23.0,43.0,23.0,95.0,PM25,SEDANG,ispu_2024-2025.xls,,
2024-08-22,DKI4,86.0,102.0,54.0,19.0,47.0,17.0,102.0,PM25,TIDAK SEHAT,ispu_2024-2025.xls,,
2024-08-23,DKI4,87.0,103.0,52.0,20.0,31.0,13.0,103.0,PM25,TIDAK SEHAT,ispu_2024-2025.xls,,
2024-08-24,DKI4,69.0,85.0,53.0,22.0,40.0,24.0,85.0,PM25,SEDANG,ispu_2024-2025.xls,,
2024-08-25,DKI4,75.0,80.0,53.0,21.0,40.0,19.0,80.0,PM25,SEDANG,ispu_2024-2025.xls,,
2024-08-26,DKI4,72.0,76.0,53.0,22.0,40.0,21.0,76.0,PM25,SEDANG,ispu_2024-2025.xls,,
2024-08-27,DKI4,71.0,84.0,54.0,26.0,43.0,29.0,84.0,PM25,SEDANG,ispu_2024-2025.xls,,
2024-08-28,DKI4,70.0,79.0,53.0,20.0,52.0,22.0,79.0,PM25,SEDANG,ispu_2024-2025.xls,,
2024-08-29,DKI4,187.0,123.0,54.0,23.0,48.0,33.0,187.0,PM10,TIDAK SEHAT,ispu_2024-2025.xls,,
2024-08-30,DKI4,71.0,82.0,53.0,23.0,43.0,26.0,82.0,PM25,SEDANG,ispu_2024-2025.xls,,
2024-08-31,DKI4,133.0,135.0,53.0,19.0,38.0,21.0,135.0,PM25,TIDAK SEHAT,ispu_2024-2025.xls,,
2024-09-01,DKI4,65.0,81.0,53.0,21.0,44.0,18.0,81.0,PM25,SEDANG,ispu_2024-2025.xls,,
2024-09-02,DKI4,,,,,,,,,TIDAK ADA DATA,ispu_2024-2025.xls,,
2024-09-03,DKI4,66.0,74.0,53.0,21.0,39.0,23.0,74.0,PM25,SEDANG,ispu_2024-2025.xls,,
2024-09-04,DKI4,65.0,79.0,53.0,19.0,43.0,16.0,79.0,PM25,SEDANG,ispu_2024-2025.xls,,
2024-09-05,DKI4,118.0,69.0,53.0,16.0,31.0,13.0,118.0,PM10,TIDAK SEHAT,ispu_2024-2025.xls,,
2024-09-06,DKI4,82.0,76.0,53.0,21.0,34.0,19.0,82.0,PM10,SEDANG,ispu_2024-2025.xls,,
2024-09-07,DKI4,162.0,97.0,53.0,17.0,39.0,15.0,162.0,PM10,TIDAK SEHAT,ispu_2024-2025.xls,,
2024-09-08,DKI4,70.0,83.0,53.0,17.0,31.0,12.0,83.0,PM25,SEDANG,ispu_2024-2025.xls,,
2024-09-09,DKI4,57.0,63.0,53.0,17.0,34.0,12.0,63.0,PM25,SEDANG,ispu_2024-2025.xls,,
2024-09-10,DKI4,57.0,58.0,53.0,39.0,23.0,23.0,58.0,PM25,SEDANG,ispu_2024-2025.xls,,
2024-09-11,DKI4,50.0,46.0,53.0,19.0,24.0,17.0,53.0,SO2,SEDANG,ispu_2024-2025.xls,,
2024-09-12,DKI4,57.0,65.0,53.0,23.0,38.0,17.0,65.0,PM25,SEDANG,ispu_2024-2025.xls,,
2024-09-13,DKI4,54.0,54.0,53.0,22.0,34.0,21.0,54.0,PM10,SEDANG,ispu_2024-2025.xls,,
2024-09-14,DKI4,59.0,60.0,53.0,21.0,34.0,23.0,60.0,PM25,SEDANG,ispu_2024-2025.xls,,
2024-09-15,DKI4,65.0,69.0,53.0,21.0,42.0,16.0,69.0,PM25,SEDANG,ispu_2024-2025.xls,,
2024-09-16,DKI4,62.0,69.0,53.0,22.0,37.0,18.0,69.0,PM25,SEDANG,ispu_2024-2025.xls,,
2024-09-17,DKI4,63.0,67.0,53.0,21.0,47.0,,67.0,PM25,SEDANG,ispu_2024-2025.xls,,
2024-09-18,DKI4,57.0,60.0,54.0,18.0,42.0,25.0,60.0,PM25,SEDANG,ispu_2024-2025.xls,,
2024-09-19,DKI4,60.0,64.0,54.0,20.0,52.0,29.0,64.0,PM25,SEDANG,ispu_2024-2025.xls,,
2024-09-20,DKI4,64.0,69.0,54.0,20.0,49.0,25.0,69.0,PM25,SEDANG,ispu_2024-2025.xls,,
2024-09-21,DKI4,61.0,69.0,54.0,20.0,54.0,26.0,69.0,PM25,SEDANG,ispu_2024-2025.xls,,
2024-09-22,DKI4,76.0,75.0,55.0,22.0,45.0,23.0,76.0,PM10,SEDANG,ispu_2024-2025.xls,,
2024-09-23,DKI4,68.0,63.0,54.0,20.0,35.0,20.0,68.0,PM10,SEDANG,ispu_2024-2025.xls,,
2024-09-24,DKI4,60.0,54.0,54.0,19.0,31.0,18.0,60.0,PM10,SEDANG,ispu_2024-2025.xls,,
2024-09-25,DKI4,68.0,63.0,54.0,31.0,34.0,28.0,68.0,PM10,SEDANG,ispu_2024-2025.xls,,
2024-09-26,DKI4,52.0,53.0,54.0,27.0,30.0,27.0,54.0,SO2,SEDANG,ispu_2024-2025.xls,,
2024-09-27,DKI4,56.0,51.0,53.0,23.0,33.0,24.0,56.0,PM10,SEDANG,ispu_2024-2025.xls,,
2024-09-28,DKI4,62.0,62.0,54.0,22.0,34.0,20.0,62.0,PM10,SEDANG,ispu_2024-2025.xls,,
2024-09-29,DKI4,90.0,104.0,54.0,27.0,31.0,24.0,104.0,PM25,TIDAK SEHAT,ispu_2024-2025.xls,,
2024-09-30,DKI4,51.0,58.0,54.0,20.0,30.0,21.0,58.0,PM25,SEDANG,ispu_2024-2025.xls,,
2024-10-01,DKI4,100.0,102.0,54.0,25.0,37.0,25.0,102.0,PM25,TIDAK SEHAT,ispu_2024-2025.xls,,
2024-10-02,DKI4,67.0,,54.0,22.0,40.0,22.0,67.0,PM10,SEDANG,ispu_2024-2025.xls,,
2024-10-03,DKI4,65.0,74.0,54.0,25.0,33.0,27.0,74.0,PM25,SEDANG,ispu_2024-2025.xls,,
2024-10-04,DKI4,64.0,67.0,54.0,21.0,35.0,22.0,67.0,PM25,SEDANG,ispu_2024-2025.xls,,
2024-10-05,DKI4,58.0,62.0,54.0,24.0,33.0,27.0,62.0,PM25,SEDANG,ispu_2024-2025.xls,,
2024-10-06,DKI4,50.0,56.0,54.0,21.0,36.0,19.0,56.0,PM25,SEDANG,ispu_2024-2025.xls,,
2024-10-07,DKI4,75.0,76.0,54.0,30.0,28.0,29.0,76.0,PM25,SEDANG,ispu_2024-2025.xls,,
2024-10-08,DKI4,59.0,62.0,49.0,20.0,33.0,23.0,62.0,PM25,SEDANG,ispu_2024-2025.xls,,
2024-10-09,DKI4,61.0,60.0,53.0,19.0,37.0,18.0,61.0,PM10,SEDANG,ispu_2024-2025.xls,,
2024-10-10,DKI4,58.0,62.0,53.0,20.0,41.0,20.0,62.0,PM25,SEDANG,ispu_2024-2025.xls,,
2024-10-11,DKI4,64.0,66.0,53.0,23.0,34.0,26.0,66.0,PM25,SEDANG,ispu_2024-2025.xls,,
2024-10-12,DKI4,58.0,64.0,54.0,21.0,33.0,25.0,64.0,PM25,SEDANG,ispu_2024-2025.xls,,
2024-10-13,DKI4,59.0,60.0,53.0,21.0,36.0,20.0,60.0,PM25,SEDANG,ispu_2024-2025.xls,,
2024-10-14,DKI4,78.0,76.0,53.0,29.0,43.0,30.0,78.0,PM10,SEDANG,ispu_2024-2025.xls,,
2024-10-15,DKI4,60.0,61.0,52.0,22.0,44.0,24.0,61.0,PM25,SEDANG,ispu_2024-2025.xls,,
2024-10-16,DKI4,65.0,63.0,53.0,25.0,47.0,26.0,65.0,PM10,SEDANG,ispu_2024-2025.xls,,
2024-10-17,DKI4,54.0,57.0,53.0,20.0,51.0,27.0,57.0,PM25,SEDANG,ispu_2024-2025.xls,,
2024-10-18,DKI4,50.0,55.0,53.0,20.0,56.0,31.0,56.0,O3,SEDANG,ispu_2024-2025.xls,,
2024-10-19,DKI4,68.0,70.0,53.0,24.0,49.0,28.0,70.0,PM25,SEDANG,ispu_2024-2025.xls,,
2024-10-20,DKI4,64.0,80.0,54.0,28.0,42.0,34.0,80.0,PM25,SEDANG,ispu_2024-2025.xls,,
2024-10-21,DKI4,51.0,62.0,54.0,21.0,34.0,19.0,62.0,PM25,SEDANG,ispu_2024-2025.xls,,
2024-10-22,DKI4,72.0,73.0,53.0,28.0,37.0,36.0,73.0,PM25,SEDANG,ispu_2024-2025.xls,,
2024-10-23,DKI4,57.0,59.0,54.0,19.0,51.0,24.0,59.0,PM25,SEDANG,ispu_2024-2025.xls,,
2024-10-24,DKI4,51.0,56.0,54.0,19.0,40.0,25.0,56.0,PM25,SEDANG,ispu_2024-2025.xls,,
2024-10-25,DKI4,53.0,55.0,53.0,19.0,45.0,22.0,55.0,PM25,SEDANG,ispu_2024-2025.xls,,
2024-10-26,DKI4,52.0,53.0,53.0,19.0,42.0,22.0,53.0,PM25,SEDANG,ispu_2024-2025.xls,,
2024-10-27,DKI4,52.0,57.0,55.0,18.0,52.0,22.0,57.0,PM25,SEDANG,ispu_2024-2025.xls,,
2024-10-28,DKI4,60.0,66.0,54.0,23.0,44.0,26.0,66.0,PM25,SEDANG,ispu_2024-2025.xls,,
2024-10-29,DKI4,66.0,64.0,54.0,21.0,44.0,24.0,66.0,PM10,SEDANG,ispu_2024-2025.xls,,
2024-10-30,DKI4,64.0,63.0,54.0,21.0,45.0,30.0,64.0,PM10,SEDANG,ispu_2024-2025.xls,,
2024-10-31,DKI4,62.0,59.0,53.0,24.0,41.0,27.0,62.0,PM10,SEDANG,ispu_2024-2025.xls,,
2024-11-01,DKI4,58.0,59.0,54.0,23.0,36.0,28.0,59.0,PM25,SEDANG,ispu_2024-2025.xls,,
2024-11-02,DKI4,66.0,68.0,54.0,23.0,32.0,23.0,68.0,PM25,SEDANG,ispu_2024-2025.xls,,
2024-11-03,DKI4,45.0,52.0,53.0,32.0,28.0,28.0,53.0,SO2,SEDANG,ispu_2024-2025.xls,,
2024-11-04,DKI4,48.0,51.0,53.0,27.0,35.0,28.0,53.0,SO2,SEDANG,ispu_2024-2025.xls,,
2024-11-05,DKI4,56.0,55.0,54.0,23.0,35.0,25.0,56.0,PM10,SEDANG,ispu_2024-2025.xls,,
2024-11-06,DKI4,43.0,49.0,53.0,22.0,29.0,24.0,53.0,SO2,SEDANG,ispu_2024-2025.xls,,
2024-11-07,DKI4,53.0,61.0,54.0,24.0,33.0,21.0,61.0,PM25,SEDANG,ispu_2024-2025.xls,,
2024-11-08,DKI4,62.0,61.0,54.0,26.0,44.0,30.0,62.0,PM10,SEDANG,ispu_2024-2025.xls,,
2024-11-09,DKI4,74.0,67.0,54.0,24.0,36.0,36.0,74.0,PM10,SEDANG,ispu_2024-2025.xls,,
2024-11-10,DKI4,58.0,55.0,53.0,34.0,30.0,26.0,58.0,PM10,SEDANG,ispu_2024-2025.xls,,
2024-11-11,DKI4,55.0,52.0,53.0,30.0,34.0,30.0,55.0,PM10,SEDANG,ispu_2024-2025.xls,,
2024-11-12,DKI4,,37.0,53.0,28.0,24.0,25.0,53.0,SO2,SEDANG,ispu_2024-2025.xls,,
2024-11-13,DKI4,42.0,61.0,54.0,27.0,24.0,19.0,61.0,PM25,SEDANG,ispu_2024-2025.xls,,
2024-11-14,DKI4,18.0,64.0,55.0,22.0,23.0,20.0,64.0,PM25,SEDANG,ispu_2024-2025.xls,,
2024-11-15,DKI4,18.0,65.0,55.0,30.0,35.0,28.0,65.0,PM25,SEDANG,ispu_2024-2025.xls,,
2024-11-16,DKI4,37.0,56.0,53.0,28.0,41.0,30.0,56.0,PM25,SEDANG,ispu_2024-2025.xls,,
2024-11-17,DKI4,38.0,60.0,53.0,42.0,33.0,27.0,60.0,PM25,SEDANG,ispu_2024-2025.xls,,
2024-11-18,DKI4,18.0,41.0,54.0,22.0,25.0,21.0,54.0,SO2,SEDANG,ispu_2024-2025.xls,,
2024-11-19,DKI4,19.0,51.0,54.0,27.0,23.0,25.0,54.0,SO2,SEDANG,ispu_2024-2025.xls,,
2024-11-20,DKI4,,44.0,54.0,24.0,33.0,26.0,54.0,SO2,SEDANG,ispu_2024-2025.xls,,
2024-11-21,DKI4,,52.0,54.0,22.0,33.0,24.0,54.0,SO2,SEDANG,ispu_2024-2025.xls,,
2024-11-22,DKI4,,48.0,54.0,23.0,29.0,26.0,54.0,SO2,SEDANG,ispu_2024-2025.xls,,
2024-11-23,DKI4,,54.0,55.0,25.0,28.0,25.0,55.0,SO2,SEDANG,ispu_2024-2025.xls,,
2024-11-24,DKI4,,38.0,53.0,27.0,18.0,19.0,53.0,SO2,SEDANG,ispu_2024-2025.xls,,
2024-11-25,DKI4,,38.0,54.0,26.0,23.0,16.0,54.0,SO2,SEDANG,ispu_2024-2025.xls,,
2024-11-26,DKI4,,51.0,54.0,27.0,28.0,22.0,54.0,SO2,SEDANG,ispu_2024-2025.xls,,
2024-11-27,DKI4,,42.0,54.0,26.0,18.0,22.0,54.0,SO2,SEDANG,ispu_2024-2025.xls,,
2024-11-28,DKI4,,28.0,53.0,24.0,19.0,20.0,53.0,SO2,SEDANG,ispu_2024-2025.xls,,
2024-11-29,DKI4,,27.0,53.0,19.0,19.0,16.0,53.0,SO2,SEDANG,ispu_2024-2025.xls,,
2024-11-30,DKI4,,34.0,53.0,20.0,13.0,16.0,53.0,SO2,SEDANG,ispu_2024-2025.xls,,
2024-12-01,DKI4,,28.0,54.0,18.0,13.0,10.0,54.0,SO2,SEDANG,ispu_2024-2025.xls,,
2024-12-02,DKI4,,19.0,53.0,17.0,13.0,10.0,53.0,SO2,SEDANG,ispu_2024-2025.xls,,
2024-12-03,DKI4,,15.0,53.0,15.0,17.0,11.0,53.0,SO2,SEDANG,ispu_2024-2025.xls,,
2024-12-04,DKI4,,20.0,53.0,17.0,14.0,15.0,53.0,SO2,SEDANG,ispu_2024-2025.xls,,
2024-12-05,DKI4,,17.0,53.0,15.0,18.0,12.0,53.0,SO2,SEDANG,ispu_2024-2025.xls,,
2024-12-06,DKI4,,22.0,53.0,16.0,16.0,13.0,53.0,SO2,SEDANG,ispu_2024-2025.xls,,
2024-12-07,DKI4,,77.0,54.0,45.0,19.0,33.0,77.0,PM25,SEDANG,ispu_2024-2025.xls,,
2024-12-08,DKI4,,54.0,54.0,29.0,28.0,22.0,54.0,PM25,SEDANG,ispu_2024-2025.xls,,
2024-12-09,DKI4,,37.0,54.0,22.0,17.0,23.0,54.0,SO2,SEDANG,ispu_2024-2025.xls,,
2024-12-10,DKI4,,29.0,54.0,31.0,9.0,19.0,54.0,SO2,SEDANG,ispu_2024-2025.xls,,
2024-12-11,DKI4,,16.0,54.0,15.0,14.0,13.0,54.0,SO2,SEDANG,ispu_2024-2025.xls,,
2024-12-12,DKI4,,19.0,54.0,14.0,17.0,10.0,54.0,SO2,SEDANG,ispu_2024-2025.xls,,
2024-12-13,DKI4,,22.0,54.0,14.0,19.0,12.0,54.0,SO2,SEDANG,ispu_2024-2025.xls,,
2024-12-14,DKI4,15.0,18.0,54.0,15.0,14.0,11.0,54.0,SO2,SEDANG,ispu_2024-2025.xls,,
2024-12-15,DKI4,26.0,21.0,54.0,18.0,15.0,14.0,54.0,SO2,SEDANG,ispu_2024-2025.xls,,
2024-12-16,DKI4,22.0,19.0,54.0,18.0,14.0,15.0,54.0,SO2,SEDANG,ispu_2024-2025.xls,,
2024-12-17,DKI4,26.0,21.0,54.0,18.0,17.0,15.0,54.0,SO2,SEDANG,ispu_2024-2025.xls,,
2024-12-18,DKI4,35.0,29.0,54.0,18.0,12.0,11.0,54.0,SO2,SEDANG,ispu_2024-2025.xls,,
2024-12-19,DKI4,24.0,22.0,54.0,16.0,13.0,10.0,54.0,SO2,SEDANG,ispu_2024-2025.xls,,
2024-12-20,DKI4,26.0,20.0,54.0,18.0,17.0,14.0,54.0,SO2,SEDANG,ispu_2024-2025.xls,,
2024-12-21,DKI4,34.0,20.0,22.0,17.0,14.0,16.0,34.0,PM10,BAIK,ispu_2024-2025.xls,,
2024-12-22,DKI4,48.0,35.0,22.0,22.0,19.0,22.0,48.0,PM10,BAIK,ispu_2024-2025.xls,,
2024-12-23,DKI4,50.0,30.0,21.0,25.0,18.0,24.0,50.0,PM10,BAIK,ispu_2024-2025.xls,,
2024-12-24,DKI4,38.0,22.0,21.0,23.0,15.0,21.0,38.0,PM10,BAIK,ispu_2024-2025.xls,,
2024-12-25,DKI4,39.0,27.0,21.0,14.0,15.0,12.0,39.0,PM10,BAIK,ispu_2024-2025.xls,,
2024-12-26,DKI4,42.0,26.0,21.0,14.0,14.0,10.0,42.0,PM10,BAIK,ispu_2024-2025.xls,,
2024-12-27,DKI4,44.0,29.0,21.0,11.0,17.0,14.0,44.0,PM10,BAIK,ispu_2024-2025.xls,,
2024-12-28,DKI4,50.0,33.0,23.0,9.0,20.0,13.0,50.0,PM10,BAIK,ispu_2024-2025.xls,,
2024-12-29,DKI4,53.0,37.0,23.0,12.0,19.0,14.0,53.0,PM10,SEDANG,ispu_2024-2025.xls,,
2024-12-30,DKI4,39.0,19.0,22.0,7.0,22.0,11.0,39.0,PM10,BAIK,ispu_2024-2025.xls,,
2024-12-31,DKI4,27.0,15.0,21.0,6.0,18.0,8.0,27.0,PM10,BAIK,ispu_2024-2025.xls,,
2025-01-01,DKI4,46.0,30.0,23.0,9.0,19.0,9.0,46.0,PM10,BAIK,ispu_2024-2025.xls,,
2025-01-02,DKI4,31.0,23.0,23.0,8.0,20.0,11.0,31.0,PM10,BAIK,ispu_2024-2025.xls,,
2025-01-03,DKI4,55.0,51.0,23.0,12.0,19.0,13.0,55.0,PM10,SEDANG,ispu_2024-2025.xls,,
2025-01-04,DKI4,45.0,27.0,24.0,7.0,17.0,11.0,45.0,PM10,BAIK,ispu_2024-2025.xls,,
2025-01-05,DKI4,35.0,28.0,23.0,9.0,12.0,8.0,35.0,PM10,BAIK,ispu_2024-2025.xls,,
2025-01-06,DKI4,55.0,43.0,22.0,18.0,21.0,11.0,55.0,PM10,SEDANG,ispu_2024-2025.xls,,
2025-01-07,DKI4,37.0,25.0,10.0,12.0,14.0,8.0,37.0,PM10,BAIK,ispu_2024-2025.xls,,
2025-01-08,DKI4,27.0,21.0,10.0,8.0,15.0,9.0,27.0,PM10,BAIK,ispu_2024-2025.xls,,
2025-01-09,DKI4,26.0,16.0,10.0,10.0,14.0,13.0,26.0,PM10,BAIK,ispu_2024-2025.xls,,
2025-01-10,DKI4,50.0,33.0,12.0,19.0,22.0,17.0,50.0,PM10,BAIK,ispu_2024-2025.xls,,
2025-01-11,DKI4,45.0,23.0,12.0,10.0,30.0,17.0,45.0,PM10,BAIK,ispu_2024-2025.xls,,
2025-01-12,DKI4,48.0,21.0,11.0,11.0,19.0,11.0,48.0,PM10,BAIK,ispu_2024-2025.xls,,
2025-01-13,DKI4,30.0,22.0,11.0,10.0,12.0,12.0,30.0,PM10,BAIK,ispu_2024-2025.xls,,
2025-01-14,DKI4,26.0,14.0,13.0,8.0,14.0,11.0,26.0,PM10,BAIK,ispu_2024-2025.xls,,
2025-01-15,DKI4,32.0,23.0,12.0,10.0,14.0,9.0,32.0,PM10,BAIK,ispu_2024-2025.xls,,
2025-01-16,DKI4,34.0,23.0,13.0,8.0,16.0,10.0,34.0,PM10,BAIK,ispu_2024-2025.xls,,
2025-01-17,DKI4,33.0,20.0,14.0,8.0,15.0,11.0,33.0,PM10,BAIK,ispu_2024-2025.xls,,
2025-01-18,DKI4,22.0,14.0,11.0,8.0,15.0,9.0,22.0,PM10,BAIK,ispu_2024-2025.xls,,
2025-01-19,DKI4,27.0,16.0,12.0,8.0,17.0,9.0,27.0,PM10,BAIK,ispu_2024-2025.xls,,
2025-01-20,DKI4,27.0,16.0,12.0,10.0,18.0,9.0,27.0,PM10,BAIK,ispu_2024-2025.xls,,
2025-01-21,DKI4,39.0,22.0,12.0,14.0,15.0,11.0,39.0,PM10,BAIK,ispu_2024-2025.xls,,
2025-01-22,DKI4,31.0,14.0,12.0,16.0,11.0,10.0,31.0,PM10,BAIK,ispu_2024-2025.xls,,
2025-01-23,DKI4,52.0,35.0,15.0,18.0,18.0,14.0,52.0,PM10,SEDANG,ispu_2024-2025.xls,,
2025-01-24,DKI4,54.0,30.0,12.0,13.0,17.0,12.0,54.0,PM10,SEDANG,ispu_2024-2025.xls,,
2025-01-25,DKI4,46.0,33.0,14.0,15.0,15.0,11.0,46.0,PM10,BAIK,ispu_2024-2025.xls,,
2025-01-26,DKI4,49.0,27.0,13.0,17.0,12.0,9.0,49.0,PM10,BAIK,ispu_2024-2025.xls,,
2025-01-27,DKI4,26.0,20.0,12.0,7.0,14.0,8.0,26.0,PM10,BAIK,ispu_2024-2025.xls,,
2025-01-28,DKI4,27.0,18.0,13.0,6.0,12.0,7.0,27.0,PM10,BAIK,ispu_2024-2025.xls,,
2025-01-29,DKI4,27.0,12.0,11.0,10.0,13.0,10.0,27.0,PM10,BAIK,ispu_2024-2025.xls,,
2025-01-30,DKI4,50.0,52.0,12.0,9.0,22.0,10.0,52.0,PM25,SEDANG,ispu_2024-2025.xls,,
2025-01-31,DKI4,33.0,14.0,12.0,9.0,26.0,13.0,33.0,PM10,BAIK,ispu_2024-2025.xls,,
2025-02-01,DKI4,39.0,15.0,12.0,9.0,24.0,13.0,39.0,PM10,BAIK,ispu_2024-2025.xls,,
2025-02-02,DKI4,41.0,14.0,12.0,10.0,23.0,12.0,41.0,PM10,BAIK,ispu_2024-2025.xls,,
2025-02-03,DKI4,52.0,21.0,13.0,13.0,24.0,14.0,52.0,PM10,SEDANG,ispu_2024-2025.xls,,
2025-02-04,DKI4,52.0,30.0,14.0,16.0,22.0,20.0,52.0,PM10,SEDANG,ispu_2024-2025.xls,,
2025-02-05,DKI4,35.0,14.0,13.0,9.0,16.0,14.0,35.0,PM10,BAIK,ispu_2024-2025.xls,,
2025-02-06,DKI4,31.0,16.0,13.0,8.0,19.0,14.0,31.0,PM10,BAIK,ispu_2024-2025.xls,,
2025-02-07,DKI4,40.0,19.0,13.0,12.0,21.0,20.0,40.0,PM10,BAIK,ispu_2024-2025.xls,,
2025-02-08,DKI4,44.0,23.0,13.0,11.0,20.0,19.0,44.0,PM10,BAIK,ispu_2024-2025.xls,,
2025-02-09,DKI4,,19.0,14.0,15.0,19.0,17.0,19.0,PM25,BAIK,ispu_2024-2025.xls,,
2025-02-10,DKI4,34.0,18.0,,,,,34.0,PM10,BAIK,ispu_2024-2025.xls,,
2025-02-11,DKI4,42.0,22.0,13.0,12.0,23.0,19.0,42.0,PM10,BAIK,ispu_2024-2025.xls,,
2025-02-12,DKI4,58.0,32.0,14.0,17.0,21.0,23.0,58.0,PM10,SEDANG,ispu_2024-2025.xls,,
2025-02-13,DKI4,72.0,52.0,15.0,14.0,19.0,15.0,72.0,PM10,SEDANG,ispu_2024-2025.xls,,
2025-02-14,DKI4,56.0,39.0,16.0,11.0,19.0,23.0,56.0,PM10,SEDANG,ispu_2024-2025.xls,,
2025-02-15,DKI4,43.0,23.0,14.0,9.0,12.0,8.0,43.0,PM10,BAIK,ispu_2024-2025.xls,,
2025-02-16,DKI4,,,,,,,0.0,,TIDAK ADA DATA,ispu_2024-2025.xls,,
2025-02-17,DKI4,,,,,,,0.0,,TIDAK ADA DATA,ispu_2024-2025.xls,,
2025-02-18,DKI4,54.0,35.0,15.0,18.0,15.0,21.0,54.0,PM10,SEDANG,ispu_2024-2025.xls,,
2025-02-19,DKI4,77.0,60.0,14.0,24.0,14.0,12.0,77.0,PM10,SEDANG,ispu_2024-2025.xls,,
2025-02-20,DKI4,33.0,35.0,15.0,11.0,20.0,14.0,35.0,PM25,BAIK,ispu_2024-2025.xls,,
2025-02-21,DKI4,46.0,39.0,17.0,10.0,23.0,18.0,46.0,PM10,BAIK,ispu_2024-2025.xls,,
2025-02-22,DKI4,37.0,33.0,16.0,10.0,18.0,12.0,37.0,PM10,BAIK,ispu_2024-2025.xls,,
2025-02-23,DKI4,42.0,36.0,17.0,15.0,17.0,15.0,42.0,PM10,BAIK,ispu_2024-2025.xls,,
2025-02-24,DKI4,36.0,43.0,15.0,15.0,32.0,22.0,43.0,PM25,BAIK,ispu_2024-2025.xls,,
2025-02-25,DKI4,44.0,50.0,15.0,18.0,8.0,10.0,50.0,PM25,BAIK,ispu_2024-2025.xls,,
2025-02-26,DKI4,49.0,30.0,15.0,14.0,17.0,21.0,49.0,PM10,BAIK,ispu_2024-2025.xls,,
2025-02-27,DKI4,82.0,55.0,15.0,23.0,24.0,23.0,82.0,PM10,SEDANG,ispu_2024-2025.xls,,
2025-02-28,DKI4,49.0,36.0,16.0,14.0,28.0,20.0,49.0,PM10,BAIK,ispu_2024-2025.xls,,
2025-03-01,DKI4,48.0,25.0,16.0,11.0,32.0,18.0,48.0,PM10,BAIK,ispu_2024-2025.xls,,
2025-03-02,DKI4,54.0,,16.0,14.0,32.0,20.0,54.0,PM10,SEDANG,ispu_2024-2025.xls,,
2025-03-03,DKI4,37.0,32.0,15.0,10.0,30.0,16.0,37.0,PM10,BAIK,ispu_2024-2025.xls,,
2025-03-04,DKI4,26.0,25.0,15.0,8.0,19.0,19.0,26.0,PM10,BAIK,ispu_2024-2025.xls,,
2025-03-05,DKI4,55.0,38.0,18.0,10.0,24.0,15.0,55.0,PM10,SEDANG,ispu_2024-2025.xls,,
2025-03-06,DKI4,59.0,55.0,16.0,16.0,32.0,16.0,59.0,PM10,SEDANG,ispu_2024-2025.xls,,
2025-03-07,DKI4,32.0,25.0,15.0,7.0,22.0,12.0,32.0,PM10,BAIK,ispu_2024-2025.xls,,
2025-03-08,DKI4,52.0,54.0,18.0,11.0,28.0,18.0,54.0,PM25,SEDANG,ispu_2024-2025.xls,,
2025-03-09,DKI4,53.0,44.0,16.0,15.0,21.0,18.0,53.0,PM10,SEDANG,ispu_2024-2025.xls,,
2025-03-10,DKI4,48.0,40.0,,,,,48.0,PM10,BAIK,ispu_2024-2025.xls,,
2025-03-11,DKI4,,68.0,,,,,68.0,PM25,SEDANG,ispu_2024-2025.xls,,
2025-03-12,DKI4,46.0,50.0,20.0,9.0,29.0,19.0,50.0,PM25,BAIK,ispu_2024-2025.xls,,
2025-03-13,DKI4,54.0,55.0,21.0,11.0,25.0,22.0,55.0,PM25,SEDANG,ispu_2024-2025.xls,,
2025-03-14,DKI4,52.0,43.0,17.0,9.0,18.0,12.0,52.0,PM10,SEDANG,ispu_2024-2025.xls,,
2025-03-15,DKI4,29.0,31.0,16.0,6.0,11.0,6.0,31.0,PM25,BAIK,ispu_2024-2025.xls,,
2025-03-16,DKI4,28.0,26.0,16.0,8.0,10.0,7.0,28.0,PM10,BAIK,ispu_2024-2025.xls,,
2025-03-17,DKI4,,,,,,,0.0,,TIDAK ADA DATA,ispu_2024-2025.xls,,
2025-03-18,DKI4,26.0,20.0,16.0,8.0,19.0,15.0,26.0,PM10,BAIK,ispu_2024-2025.xls,,
2025-03-19,DKI4,24.0,24.0,16.0,8.0,22.0,16.0,24.0,PM10,BAIK,ispu_2024-2025.xls,,
2025-03-20,DKI4,38.0,36.0,21.0,9.0,25.0,18.0,38.0,PM10,BAIK,ispu_2024-2025.xls,,
2025-03-21,DKI4,36.0,31.0,17.0,11.0,23.0,18.0,36.0,PM10,BAIK,ispu_2024-2025.xls,,
2025-03-22,DKI4,47.0,51.0,18.0,13.0,27.0,21.0,51.0,PM25,SEDANG,ispu_2024-2025.xls,,
2025-03-23,DKI4,42.0,37.0,18.0,12.0,17.0,16.0,42.0,PM10,BAIK,ispu_2024-2025.xls,,
2025-03-24,DKI4,41.0,36.0,17.0,12.0,20.0,16.0,41.0,PM10,BAIK,ispu_2024-2025.xls,,
2025-03-25,DKI4,37.0,33.0,16.0,18.0,14.0,12.0,37.0,PM10,BAIK,ispu_2024-2025.xls,,
2025-03-26,DKI4,53.0,44.0,17.0,19.0,20.0,16.0,53.0,PM10,SEDANG,ispu_2024-2025.xls,,
2025-03-27,DKI4,71.0,54.0,17.0,20.0,18.0,15.0,71.0,PM10,SEDANG,ispu_2024-2025.xls,,
2025-03-28,DKI4,45.0,33.0,17.0,13.0,14.0,15.0,45.0,PM10,BAIK,ispu_2024-2025.xls,,
2025-03-29,DKI4,18.0,19.0,16.0,6.0,13.0,8.0,19.0,PM25,BAIK,ispu_2024-2025.xls,,
2025-03-30,DKI4,26.0,28.0,16.0,9.0,12.0,8.0,28.0,PM25,BAIK,ispu_2024-2025.xls,,
2025-03-31,DKI4,23.0,24.0,17.0,7.0,14.0,5.0,24.0,PM25,BAIK,ispu_2024-2025.xls,,
2025-04-01,DKI4,18.0,25.0,17.0,9.0,13.0,8.0,25.0,PM25,BAIK,ispu_2024-2025.xls,,
2025-04-02,DKI4,30.0,31.0,16.0,12.0,11.0,10.0,31.0,PM25,BAIK,ispu_2024-2025.xls,,
2025-04-03,DKI4,34.0,29.0,17.0,13.0,16.0,8.0,34.0,PM10,BAIK,ispu_2024-2025.xls,,
2025-04-04,DKI4,31.0,,,,,,31.0,PM10,BAIK,ispu_2024-2025.xls,,
2025-04-05,DKI4,51.0,47.0,21.0,9.0,26.0,13.0,51.0,PM10,SEDANG,ispu_2024-2025.xls,,
2025-04-06,DKI4,55.0,41.0,17.0,15.0,23.0,12.0,55.0,PM10,SEDANG,ispu_2024-2025.xls,,
2025-04-07,DKI4,42.0,37.0,18.0,15.0,24.0,16.0,42.0,PM10,BAIK,ispu_2024-2025.xls,,
2025-04-08,DKI4,51.0,45.0,20.0,11.0,26.0,15.0,51.0,PM10,SEDANG,ispu_2024-2025.xls,,
2025-04-09,DKI4,60.0,51.0,20.0,13.0,25.0,15.0,60.0,PM10,SEDANG,ispu_2024-2025.xls,,
2025-04-10,DKI4,64.0,53.0,19.0,13.0,26.0,15.0,64.0,PM10,SEDANG,ispu_2024-2025.xls,,
2025-04-11,DKI4,59.0,45.0,18.0,18.0,26.0,19.0,59.0,PM10,SEDANG,ispu_2024-2025.xls,,
2025-04-12,DKI4,65.0,40.0,19.0,20.0,26.0,30.0,65.0,PM10,SEDANG,ispu_2024-2025.xls,,
2025-04-13,DKI4,58.0,47.0,18.0,15.0,27.0,24.0,58.0,PM10,SEDANG,ispu_2024-2025.xls,,
2025-04-14,DKI4,28.0,22.0,17.0,9.0,13.0,11.0,28.0,PM10,BAIK,ispu_2024-2025.xls,,
2025-04-15,DKI4,51.0,41.0,20.0,10.0,17.0,17.0,51.0,PM10,SEDANG,ispu_2024-2025.xls,,
2025-04-16,DKI4,58.0,48.0,22.0,14.0,26.0,19.0,58.0,PM10,SEDANG,ispu_2024-2025.xls,,
2025-04-17,DKI4,54.0,34.0,19.0,12.0,28.0,24.0,54.0,PM10,SEDANG,ispu_2024-2025.xls,,
2025-04-18,DKI4,59.0,45.0,19.0,17.0,20.0,30.0,59.0,PM10,SEDANG,ispu_2024-2025.xls,,
2025-04-19,DKI4,53.0,49.0,18.0,13.0,23.0,17.0,53.0,PM10,SEDANG,ispu_2024-2025.xls,,
2025-04-20,DKI4,44.0,47.0,21.0,10.0,33.0,18.0,47.0,PM25,BAIK,ispu_2024-2025.xls,,
2025-04-21,DKI4,50.0,42.0,22.0,8.0,19.0,17.0,50.0,PM10,BAIK,ispu_2024-2025.xls,,
2025-04-22,DKI4,60.0,,21.0,17.0,24.0,20.0,60.0,PM10,SEDANG,ispu_2024-2025.xls,,
2025-04-23,DKI4,69.0,,19.0,21.0,17.0,16.0,69.0,PM10,SEDANG,ispu_2024-2025.xls,,
2025-04-24,DKI4,27.0,61.0,19.0,8.0,21.0,9.0,61.0,PM25,SEDANG,ispu_2024-2025.xls,,
2025-04-25,DKI4,59.0,93.0,19.0,18.0,31.0,14.0,93.0,PM25,SEDANG,ispu_2024-2025.xls,,
2025-04-26,DKI4,56.0,87.0,19.0,13.0,35.0,18.0,87.0,PM25,SEDANG,ispu_2024-2025.xls,,
2025-04-27,DKI4,61.0,90.0,20.0,12.0,33.0,17.0,90.0,PM25,SEDANG,ispu_2024-2025.xls,,
2025-04-28,DKI4,54.0,87.0,21.0,10.0,30.0,17.0,87.0,PM25,SEDANG,ispu_2024-2025.xls,,
2025-04-29,DKI4,61.0,97.0,22.0,11.0,32.0,21.0,97.0,PM25,SEDANG,ispu_2024-2025.xls,,
2025-04-30,DKI4,60.0,97.0,22.0,11.0,33.0,19.0,97.0,PM25,SEDANG,ispu_2024-2025.xls,,
2025-05-01,DKI4,63.0,103.0,21.0,11.0,34.0,16.0,103.0,PM25,TIDAK SEHAT,ispu_2024-2025.xls,,
2025-05-02,DKI4,62.0,102.0,21.0,12.0,38.0,21.0,102.0,PM25,TIDAK SEHAT,ispu_2024-2025.xls,,
2025-05-03,DKI4,61.0,92.0,22.0,10.0,34.0,16.0,92.0,PM25,SEDANG,ispu_2024-2025.xls,,
2025-05-04,DKI4,56.0,80.0,19.0,11.0,27.0,17.0,80.0,PM25,SEDANG,ispu_2024-2025.xls,,
2025-05-05,DKI4,69.0,112.0,21.0,20.0,25.0,17.0,112.0,PM25,TIDAK SEHAT,ispu_2024-2025.xls,,
2025-05-06,DKI4,61.0,101.0,20.0,15.0,31.0,19.0,101.0,PM25,TIDAK SEHAT,ispu_2024-2025.xls,,
2025-05-07,DKI4,66.0,96.0,19.0,16.0,27.0,18.0,96.0,PM25,SEDANG,ispu_2024-2025.xls,,
2025-05-08,DKI4,83.0,117.0,20.0,23.0,26.0,17.0,117.0,PM25,TIDAK SEHAT,ispu_2024-2025.xls,,
2025-05-09,DKI4,57.0,86.0,19.0,14.0,26.0,21.0,86.0,PM25,SEDANG,ispu_2024-2025.xls,,
2025-05-10,DKI4,66.0,107.0,20.0,12.0,33.0,20.0,107.0,PM25,TIDAK SEHAT,ispu_2024-2025.xls,,
2025-05-11,DKI4,70.0,95.0,19.0,19.0,28.0,19.0,95.0,PM25,SEDANG,ispu_2024-2025.xls,,
2025-05-12,DKI4,52.0,78.0,19.0,13.0,23.0,11.0,78.0,PM25,SEDANG,ispu_2024-2025.xls,,
2025-05-13,DKI4,50.0,73.0,20.0,11.0,19.0,13.0,73.0,PM25,SEDANG,ispu_2024-2025.xls,,
2025-05-14,DKI4,57.0,84.0,19.0,13.0,29.0,22.0,84.0,PM25,SEDANG,ispu_2024-2025.xls,,
2025-05-15,DKI4,60.0,88.0,21.0,18.0,33.0,23.0,88.0,PM25,SEDANG,ispu_2024-2025.xls,,
2025-05-16,DKI4,61.0,82.0,19.0,13.0,32.0,21.0,82.0,PM25,SEDANG,ispu_2024-2025.xls,,
2025-05-17,DKI4,61.0,75.0,20.0,13.0,27.0,24.0,75.0,PM25,SEDANG,ispu_2024-2025.xls,,
2025-05-18,DKI4,,85.0,20.0,18.0,25.0,12.0,85.0,PM25,SEDANG,ispu_2024-2025.xls,,
2025-05-19,DKI4,,78.0,20.0,10.0,29.0,14.0,78.0,PM25,SEDANG,ispu_2024-2025.xls,,
2025-05-20,DKI4,70.0,107.0,22.0,16.0,23.0,18.0,107.0,PM25,TIDAK SEHAT,ispu_2024-2025.xls,,
2025-05-21,DKI4,69.0,104.0,22.0,15.0,22.0,20.0,104.0,PM25,TIDAK SEHAT,ispu_2024-2025.xls,,
2025-05-22,DKI4,73.0,101.0,19.0,21.0,23.0,24.0,101.0,PM25,TIDAK SEHAT,ispu_2024-2025.xls,,
2025-05-23,DKI4,49.0,64.0,20.0,13.0,21.0,17.0,64.0,PM25,SEDANG,ispu_2024-2025.xls,,
2025-05-24,DKI4,,,,,,,0.0,,TIDAK ADA DATA,ispu_2024-2025.xls,,
2025-05-25,DKI4,66.0,102.0,22.0,17.0,18.0,15.0,102.0,PM25,TIDAK SEHAT,ispu_2024-2025.xls,,
2025-05-26,DKI4,76.0,95.0,19.0,24.0,14.0,24.0,95.0,PM25,SEDANG,ispu_2024-2025.xls,,
2025-05-27,DKI4,42.0,60.0,19.0,11.0,14.0,14.0,60.0,PM25,SEDANG,ispu_2024-2025.xls,,
2025-05-28,DKI4,58.0,96.0,22.0,15.0,26.0,11.0,96.0,PM25,SEDANG,ispu_2024-2025.xls,,
2025-05-29,DKI4,80.0,128.0,23.0,13.0,38.0,23.0,128.0,PM25,TIDAK SEHAT,ispu_2024-2025.xls,,
2025-05-30,DKI4,,,,,,,0.0,,TIDAK ADA DATA,ispu_2024-2025.xls,,
2025-05-31,DKI4,70.0,105.0,21.0,13.0,29.0,17.0,105.0,PM25,TIDAK SEHAT,ispu_2024-2025.xls,,
2025-06-01,DKI4,64.0,105.0,21.0,14.0,28.0,16.0,105.0,PM25,TIDAK SEHAT,ispu_2024-2025.xls,,
2025-06-02,DKI4,85.0,127.0,23.0,14.0,28.0,18.0,127.0,PM25,TIDAK SEHAT,ispu_2024-2025.xls,,
2025-06-03,DKI4,68.0,101.0,22.0,11.0,27.0,23.0,101.0,PM25,TIDAK SEHAT,ispu_2024-2025.xls,,
2025-06-04,DKI4,83.0,124.0,21.0,20.0,24.0,22.0,124.0,PM25,TIDAK SEHAT,ispu_2024-2025.xls,,
2025-06-05,DKI4,88.0,139.0,23.0,19.0,25.0,32.0,139.0,PM25,TIDAK SEHAT,ispu_2024-2025.xls,,
2025-06-06,DKI4,68.0,96.0,21.0,14.0,27.0,29.0,96.0,PM25,SEDANG,ispu_2024-2025.xls,,
2025-06-07,DKI4,75.0,124.0,21.0,16.0,32.0,23.0,124.0,PM25,TIDAK SEHAT,ispu_2024-2025.xls,,
2025-06-08,DKI4,67.0,93.0,21.0,14.0,35.0,20.0,93.0,PM25,SEDANG,ispu_2024-2025.xls,,
2025-06-09,DKI4,74.0,118.0,24.0,14.0,34.0,20.0,118.0,PM25,TIDAK SEHAT,ispu_2024-2025.xls,,
2025-06-10,DKI4,76.0,114.0,24.0,12.0,30.0,20.0,114.0,PM25,TIDAK SEHAT,ispu_2024-2025.xls,,
2025-06-11,DKI4,64.0,86.0,21.0,12.0,25.0,21.0,86.0,PM25,SEDANG,ispu_2024-2025.xls,,
2025-06-12,DKI4,64.0,95.0,24.0,11.0,23.0,18.0,95.0,PM25,SEDANG,ispu_2024-2025.xls,,
2025-06-13,DKI4,74.0,105.0,22.0,11.0,26.0,15.0,105.0,PM25,TIDAK SEHAT,ispu_2024-2025.xls,,
2025-06-14,DKI4,67.0,99.0,23.0,10.0,22.0,19.0,99.0,PM25,SEDANG,ispu_2024-2025.xls,,
2025-06-15,DKI4,62.0,87.0,24.0,13.0,15.0,11.0,87.0,PM25,SEDANG,ispu_2024-2025.xls,,
2025-06-16,DKI4,68.0,101.0,22.0,13.0,21.0,15.0,101.0,PM25,TIDAK SEHAT,ispu_2024-2025.xls,,
2025-06-17,DKI4,50.0,71.0,22.0,9.0,24.0,13.0,71.0,PM25,SEDANG,ispu_2024-2025.xls,,
2025-06-18,DKI4,40.0,56.0,20.0,11.0,16.0,23.0,56.0,PM25,SEDANG,ispu_2024-2025.xls,,
2025-06-19,DKI4,56.0,74.0,23.0,21.0,11.0,19.0,74.0,PM25,SEDANG,ispu_2024-2025.xls,,
2025-06-20,DKI4,80.0,113.0,24.0,17.0,19.0,21.0,113.0,PM25,TIDAK SEHAT,ispu_2024-2025.xls,,
2025-06-21,DKI4,46.0,68.0,22.0,9.0,25.0,18.0,68.0,PM25,SEDANG,ispu_2024-2025.xls,,
2025-06-22,DKI4,71.0,104.0,23.0,21.0,22.0,21.0,104.0,PM25,TIDAK SEHAT,ispu_2024-2025.xls,,
2025-06-23,DKI4,62.0,82.0,23.0,8.0,26.0,16.0,82.0,PM25,SEDANG,ispu_2024-2025.xls,,
2025-06-24,DKI4,72.0,101.0,24.0,13.0,20.0,17.0,101.0,PM25,TIDAK SEHAT,ispu_2024-2025.xls,,
2025-06-25,DKI4,79.0,115.0,23.0,23.0,30.0,16.0,115.0,PM25,TIDAK SEHAT,ispu_2024-2025.xls,,
2025-06-26,DKI4,81.0,117.0,24.0,17.0,28.0,25.0,117.0,PM25,TIDAK SEHAT,ispu_2024-2025.xls,,
2025-06-27,DKI4,71.0,99.0,23.0,13.0,28.0,17.0,99.0,PM25,SEDANG,ispu_2024-2025.xls,,
2025-06-28,DKI4,84.0,118.0,26.0,14.0,29.0,24.0,118.0,PM25,TIDAK SEHAT,ispu_2024-2025.xls,,
2025-06-29,DKI4,57.0,83.0,21.0,22.0,11.0,29.0,83.0,PM25,SEDANG,ispu_2024-2025.xls,,
2025-06-30,DKI4,97.0,114.0,22.0,27.0,15.0,36.0,114.0,PM25,TIDAK SEHAT,ispu_2024-2025.xls,,
2025-07-01,DKI4,44.0,57.0,22.0,7.0,19.0,11.0,57.0,PM25,SEDANG,ispu_2024-2025.xls,,
2025-07-02,DKI4,54.0,80.0,23.0,16.0,20.0,20.0,80.0,PM25,SEDANG,ispu_2024-2025.xls,,
2025-07-03,DKI4,57.0,76.0,23.0,12.0,19.0,26.0,76.0,PM25,SEDANG,ispu_2024-2025.xls,,
2025-07-04,DKI4,58.0,78.0,24.0,12.0,28.0,22.0,78.0,PM25,SEDANG,ispu_2024-2025.xls,,
2025-07-05,DKI4,60.0,83.0,24.0,13.0,25.0,20.0,83.0,PM25,SEDANG,ispu_2024-2025.xls,,
2025-07-06,DKI4,52.0,69.0,23.0,9.0,32.0,17.0,69.0,PM25,SEDANG,ispu_2024-2025.xls,,
2025-07-07,DKI4,,58.0,22.0,14.0,21.0,14.0,58.0,PM25,SEDANG,ispu_2024-2025.xls,,
2025-07-08,DKI4,41.0,62.0,24.0,9.0,21.0,22.0,62.0,PM25,SEDANG,ispu_2024-2025.xls,,
2025-07-09,DKI4,61.0,81.0,23.0,14.0,21.0,17.0,81.0,PM25,SEDANG,ispu_2024-2025.xls,,
2025-07-10,DKI4,58.0,86.0,25.0,11.0,28.0,25.0,86.0,PM25,SEDANG,ispu_2024-2025.xls,,
2025-07-11,DKI4,70.0,110.0,28.0,12.0,32.0,29.0,110.0,PM25,TIDAK SEHAT,ispu_2024-2025.xls,,
2025-07-12,DKI4,91.0,140.0,28.0,18.0,32.0,26.0,140.0,PM25,TIDAK SEHAT,ispu_2024-2025.xls,,
2025-07-13,DKI4,81.0,113.0,26.0,12.0,28.0,20.0,113.0,PM25,TIDAK SEHAT,ispu_2024-2025.xls,,
2025-07-14,DKI4,57.0,81.0,25.0,10.0,24.0,16.0,81.0,PM25,SEDANG,ispu_2024-2025.xls,,
2025-07-15,DKI4,71.0,104.0,24.0,17.0,23.0,27.0,104.0,PM25,TIDAK SEHAT,ispu_2024-2025.xls,,
2025-07-16,DKI4,86.0,122.0,27.0,23.0,33.0,29.0,122.0,PM25,TIDAK SEHAT,ispu_2024-2025.xls,,
2025-07-17,DKI4,62.0,76.0,24.0,14.0,25.0,25.0,76.0,PM25,SEDANG,ispu_2024-2025.xls,,
2025-07-18,DKI4,72.0,100.0,25.0,14.0,27.0,28.0,100.0,PM25,SEDANG,ispu_2024-2025.xls,,
2025-07-19,DKI4,65.0,91.0,26.0,12.0,25.0,28.0,91.0,PM25,SEDANG,ispu_2024-2025.xls,,
2025-07-20,DKI4,68.0,102.0,27.0,12.0,33.0,21.0,102.0,PM25,TIDAK SEHAT,ispu_2024-2025.xls,,
2025-07-21,DKI4,70.0,104.0,28.0,12.0,29.0,24.0,104.0,PM25,TIDAK SEHAT,ispu_2024-2025.xls,,
2025-07-22,DKI4,70.0,102.0,28.0,11.0,29.0,19.0,102.0,PM25,TIDAK SEHAT,ispu_2024-2025.xls,,
2025-07-23,DKI4,76.0,110.0,27.0,12.0,29.0,22.0,110.0,PM25,TIDAK SEHAT,ispu_2024-2025.xls,,
2025-07-24,DKI4,82.0,118.0,27.0,15.0,27.0,24.0,118.0,PM25,TIDAK SEHAT,ispu_2024-2025.xls,,
2025-07-25,DKI4,80.0,119.0,28.0,13.0,28.0,20.0,119.0,PM25,TIDAK SEHAT,ispu_2024-2025.xls,,
2025-07-26,DKI4,74.0,104.0,28.0,10.0,26.0,17.0,104.0,PM25,TIDAK SEHAT,ispu_2024-2025.xls,,
2025-07-27,DKI4,86.0,117.0,29.0,12.0,26.0,17.0,117.0,PM25,TIDAK SEHAT,ispu_2024-2025.xls,,
2025-07-28,DKI4,68.0,96.0,,,,,96.0,PM25,SEDANG,ispu_2024-2025.xls,,
2025-07-29,DKI4,66.0,,26.0,16.0,23.0,28.0,66.0,PM10,SEDANG,ispu_2024-2025.xls,,
2025-07-30,DKI4,55.0,77.0,27.0,10.0,29.0,16.0,77.0,PM25,SEDANG,ispu_2024-2025.xls,,
2025-07-31,DKI4,54.0,78.0,27.0,8.0,22.0,15.0,78.0,PM25,SEDANG,ispu_2024-2025.xls,,
2025-08-01,DKI4,63.0,89.0,30.0,7.0,28.0,16.0,89.0,PM25,SEDANG,ispu_2024-2025.xls,,
2025-08-02,DKI4,73.0,105.0,31.0,11.0,25.0,21.0,105.0,PM25,TIDAK SEHAT,ispu_2024-2025.xls,,
2025-08-03,DKI4,,,,,,,,,TIDAK ADA DATA,ispu_2024-2025.xls,,
2025-08-04,DKI4,63.0,84.0,27.0,14.0,26.0,26.0,84.0,PM25,SEDANG,ispu_2024-2025.xls,,
2025-08-05,DKI4,61.0,78.0,25.0,26.0,15.0,24.0,78.0,PM25,SEDANG,ispu_2024-2025.xls,,
2025-08-06,DKI4,59.0,75.0,26.0,11.0,26.0,19.0,75.0,PM25,SEDANG,ispu_2024-2025.xls,,
2025-08-07,DKI4,66.0,90.0,27.0,11.0,28.0,17.0,90.0,PM25,SEDANG,ispu_2024-2025.xls,,
2025-08-08,DKI4,62.0,75.0,27.0,9.0,25.0,21.0,75.0,PM25,SEDANG,ispu_2024-2025.xls,,
2025-08-09,DKI4,67.0,91.0,28.0,11.0,26.0,18.0,91.0,PM25,SEDANG,ispu_2024-2025.xls,,
2025-08-10,DKI4,60.0,81.0,28.0,14.0,27.0,23.0,81.0,PM25,SEDANG,ispu_2024-2025.xls,,
2025-08-11,DKI4,61.0,72.0,26.0,12.0,27.0,20.0,72.0,PM25,SEDANG,ispu_2024-2025.xls,,
2025-08-12,DKI4,65.0,78.0,25.0,18.0,25.0,31.0,78.0,PM25,SEDANG,ispu_2024-2025.xls,,
2025-08-13,DKI4,64.0,73.0,28.0,28.0,18.0,35.0,73.0,PM25,SEDANG,ispu_2024-2025.xls,,
2025-08-14,DKI4,59.0,82.0,27.0,11.0,22.0,20.0,82.0,PM25,SEDANG,ispu_2024-2025.xls,,
2025-08-15,DKI4,60.0,74.0,,,,,74.0,PM25,SEDANG,ispu_2024-2025.xls,,
2025-08-16,DKI4,74.0,98.0,31.0,14.0,24.0,26.0,98.0,PM25,SEDANG,ispu_2024-2025.xls,,
2025-08-17,DKI4,73.0,92.0,28.0,10.0,28.0,14.0,92.0,PM25,SEDANG,ispu_2024-2025.xls,,
2025-08-18,DKI4,64.0,83.0,31.0,8.0,27.0,14.0,83.0,PM25,SEDANG,ispu_2024-2025.xls,,
2025-08-19,DKI4,56.0,63.0,26.0,12.0,15.0,20.0,63.0,PM25,SEDANG,ispu_2024-2025.xls,,
2025-08-20,DKI4,71.0,79.0,32.0,13.0,24.0,22.0,79.0,PM25,SEDANG,ispu_2024-2025.xls,,
2025-08-21,DKI4,54.0,57.0,26.0,14.0,16.0,20.0,57.0,PM25,SEDANG,ispu_2024-2025.xls,,
2025-08-22,DKI4,57.0,72.0,29.0,10.0,34.0,19.0,72.0,PM25,SEDANG,ispu_2024-2025.xls,,
2025-08-23,DKI4,72.0,86.0,31.0,12.0,25.0,19.0,86.0,PM25,SEDANG,ispu_2024-2025.xls,,
2025-08-24,DKI4,58.0,70.0,28.0,9.0,22.0,14.0,70.0,PM25,SEDANG,ispu_2024-2025.xls,,
2025-08-25,DKI4,79.0,99.0,28.0,14.0,25.0,25.0,99.0,PM25,SEDANG,ispu_2024-2025.xls,,
2025-08-26,DKI4,63.0,72.0,26.0,13.0,30.0,19.0,72.0,PM25,SEDANG,ispu_2024-2025.xls,,
2025-08-27,DKI4,68.0,90.0,29.0,12.0,27.0,21.0,90.0,PM25,SEDANG,ispu_2024-2025.xls,,
2025-08-28,DKI4,,60.0,28.0,7.0,28.0,16.0,60.0,PM25,SEDANG,ispu_2024-2025.xls,,
2025-08-29,DKI4,28.0,56.0,26.0,8.0,27.0,16.0,56.0,PM25,SEDANG,ispu_2024-2025.xls,,
2025-08-30,DKI4,38.0,61.0,28.0,9.0,22.0,20.0,61.0,PM25,SEDANG,ispu_2024-2025.xls,,
2025-08-31,DKI4,47.0,59.0,27.0,10.0,18.0,17.0,59.0,PM25,SEDANG,ispu_2024-2025.xls,,
2025-09-01,DKI4,42.0,80.0,28.0,12.0,24.0,16.0,80.0,PM25,SEDANG,ispu_2024-2025.xls,,
2025-09-02,DKI4,58.0,82.0,29.0,8.0,25.0,16.0,82.0,PM25,SEDANG,ispu_2024-2025.xls,,
2025-09-03,DKI4,62.0,79.0,30.0,9.0,20.0,19.0,79.0,PM25,SEDANG,ispu_2024-2025.xls,,
2025-09-04,DKI4,61.0,73.0,31.0,7.0,24.0,15.0,73.0,PM25,SEDANG,ispu_2024-2025.xls,,
2025-09-05,DKI4,63.0,77.0,28.0,10.0,22.0,17.0,77.0,PM25,SEDANG,ispu_2024-2025.xls,,
2025-09-06,DKI4,61.0,75.0,29.0,11.0,29.0,20.0,75.0,PM25,SEDANG,ispu_2024-2025.xls,,
2025-09-07,DKI4,55.0,66.0,27.0,8.0,28.0,18.0,66.0,PM25,SEDANG,ispu_2024-2025.xls,,
2025-09-08,DKI4,65.0,87.0,29.0,13.0,27.0,20.0,87.0,PM25,SEDANG,ispu_2024-2025.xls,,
2025-09-09,DKI4,53.0,67.0,28.0,9.0,23.0,14.0,67.0,PM25,SEDANG,ispu_2024-2025.xls,,
2025-09-10,DKI4,59.0,75.0,29.0,17.0,19.0,18.0,75.0,PM25,SEDANG,ispu_2024-2025.xls,,
2025-09-11,DKI4,50.0,63.0,29.0,12.0,17.0,16.0,63.0,PM25,SEDANG,ispu_2024-2025.xls,,
2025-09-12,DKI4,52.0,66.0,27.0,12.0,22.0,17.0,66.0,PM25,SEDANG,ispu_2024-2025.xls,,
2025-09-13,DKI4,46.0,58.0,30.0,16.0,22.0,17.0,58.0,PM25,SEDANG,ispu_2024-2025.xls,,
2025-09-14,DKI4,60.0,82.0,32.0,14.0,24.0,23.0,82.0,PM25,SEDANG,ispu_2024-2025.xls,,
2025-09-15,DKI4,52.0,66.0,30.0,8.0,31.0,10.0,66.0,PM25,SEDANG,ispu_2024-2025.xls,,
2025-09-16,DKI4,57.0,73.0,31.0,11.0,27.0,18.0,73.0,PM25,SEDANG,ispu_2024-2025.xls,,
2025-09-17,DKI4,75.0,93.0,28.0,24.0,24.0,20.0,93.0,PM25,SEDANG,ispu_2024-2025.xls,,
2025-09-18,DKI4,54.0,57.0,28.0,17.0,12.0,26.0,57.0,PM25,SEDANG,ispu_2024-2025.xls,,
2025-09-19,DKI4,74.0,87.0,31.0,20.0,18.0,17.0,87.0,PM25,SEDANG,ispu_2024-2025.xls,,
2025-09-20,DKI4,75.0,84.0,30.0,15.0,14.0,19.0,84.0,PM25,SEDANG,ispu_2024-2025.xls,,
2025-09-21,DKI4,62.0,70.0,32.0,10.0,14.0,13.0,70.0,PM25,SEDANG,ispu_2024-2025.xls,,
2025-09-22,DKI4,64.0,80.0,33.0,18.0,21.0,20.0,80.0,PM25,SEDANG,ispu_2024-2025.xls,,
2025-09-23,DKI4,53.0,62.0,29.0,10.0,28.0,14.0,62.0,PM25,SEDANG,ispu_2024-2025.xls,,
2025-09-24,DKI4,64.0,76.0,30.0,13.0,36.0,26.0,76.0,PM25,SEDANG,ispu_2024-2025.xls,,
2025-09-25,DKI4,79.0,99.0,32.0,13.0,29.0,23.0,99.0,PM25,SEDANG,ispu_2024-2025.xls,,
2025-09-26,DKI4,66.0,70.0,29.0,13.0,23.0,25.0,70.0,PM25,SEDANG,ispu_2024-2025.xls,,
2025-09-27,DKI4,60.0,73.0,33.0,10.0,22.0,24.0,73.0,PM25,SEDANG,ispu_2024-2025.xls,,
2025-09-28,DKI4,61.0,67.0,32.0,8.0,18.0,22.0,67.0,PM25,SEDANG,ispu_2024-2025.xls,,
2025-09-29,DKI4,74.0,77.0,31.0,12.0,19.0,30.0,77.0,PM25,SEDANG,ispu_2024-2025.xls,,
2025-09-30,DKI4,55.0,57.0,28.0,22.0,6.0,34.0,57.0,PM25,SEDANG,ispu_2024-2025.xls,,
2025-10-01,DKI4,54.0,59.0,29.0,16.0,14.0,31.0,59.0,PM25,SEDANG,ispu_2024-2025.xls,,
2025-10-02,DKI4,58.0,65.0,32.0,10.0,12.0,24.0,65.0,PM25,SEDANG,ispu_2024-2025.xls,,
2025-10-03,DKI4,54.0,64.0,32.0,14.0,16.0,29.0,64.0,PM25,SEDANG,ispu_2024-2025.xls,,
2025-10-04,DKI4,59.0,69.0,32.0,12.0,26.0,35.0,69.0,PM25,SEDANG,ispu_2024-2025.xls,,
2025-10-05,DKI4,70.0,81.0,32.0,15.0,24.0,33.0,81.0,PM25,SEDANG,ispu_2024-2025.xls,,
2025-10-06,DKI4,67.0,80.0,30.0,15.0,24.0,32.0,80.0,PM25,SEDANG,ispu_2024-2025.xls,,
2025-10-07,DKI4,63.0,71.0,34.0,8.0,19.0,24.0,71.0,PM25,SEDANG,ispu_2024-2025.xls,,
2025-10-08,DKI4,59.0,69.0,30.0,16.0,26.0,33.0,69.0,PM25,SEDANG,ispu_2024-2025.xls,,
2025-10-09,DKI4,67.0,71.0,30.0,12.0,23.0,33.0,71.0,PM25,SEDANG,ispu_2024-2025.xls,,
2025-10-10,DKI4,57.0,73.0,32.0,9.0,24.0,29.0,73.0,PM25,SEDANG,ispu_2024-2025.xls,,
2025-10-11,DKI4,59.0,75.0,30.0,13.0,24.0,37.0,75.0,PM25,SEDANG,ispu_2024-2025.xls,,
2025-10-12,DKI4,59.0,75.0,30.0,11.0,25.0,27.0,75.0,PM25,SEDANG,ispu_2024-2025.xls,,
2025-10-13,DKI4,65.0,81.0,32.0,9.0,24.0,24.0,81.0,PM25,SEDANG,ispu_2024-2025.xls,,
2025-10-14,DKI4,67.0,,32.0,14.0,17.0,35.0,67.0,PM10,SEDANG,ispu_2024-2025.xls,,
2025-10-15,DKI4,57.0,72.0,32.0,8.0,21.0,20.0,72.0,PM25,SEDANG,ispu_2024-2025.xls,,
2025-10-16,DKI4,63.0,75.0,30.0,10.0,23.0,27.0,75.0,PM25,SEDANG,ispu_2024-2025.xls,,
2025-10-17,DKI4,58.0,81.0,29.0,16.0,25.0,32.0,81.0,PM25,SEDANG,ispu_2024-2025.xls,,
2025-10-18,DKI4,53.0,64.0,28.0,12.0,25.0,30.0,64.0,PM25,SEDANG,ispu_2024-2025.xls,,
2025-10-19,DKI4,55.0,70.0,30.0,18.0,23.0,35.0,70.0,PM25,SEDANG,ispu_2024-2025.xls,,
2025-10-20,DKI4,66.0,87.0,30.0,19.0,32.0,35.0,87.0,PM25,SEDANG,ispu_2024-2025.xls,,
2025-10-21,DKI4,62.0,79.0,30.0,14.0,28.0,34.0,79.0,PM25,SEDANG,ispu_2024-2025.xls,,
2025-10-22,DKI4,54.0,64.0,28.0,10.0,20.0,27.0,64.0,PM25,SEDANG,ispu_2024-2025.xls,,
2025-10-23,DKI4,37.0,52.0,27.0,11.0,17.0,33.0,52.0,PM25,SEDANG,ispu_2024-2025.xls,,
2025-10-24,DKI4,40.0,55.0,27.0,12.0,15.0,25.0,55.0,PM25,SEDANG,ispu_2024-2025.xls,,
2025-10-25,DKI4,22.0,33.0,27.0,11.0,10.0,20.0,33.0,PM25,BAIK,ispu_2024-2025.xls,,
2025-10-26,DKI4,41.0,59.0,28.0,11.0,23.0,22.0,59.0,PM25,SEDANG,ispu_2024-2025.xls,,
2025-10-27,DKI4,48.0,63.0,28.0,15.0,27.0,25.0,63.0,PM25,SEDANG,ispu_2024-2025.xls,,
2025-10-28,DKI4,53.0,57.0,27.0,20.0,20.0,34.0,57.0,PM25,SEDANG,ispu_2024-2025.xls,,
2025-10-29,DKI4,50.0,63.0,32.0,11.0,26.0,28.0,63.0,PM25,SEDANG,ispu_2024-2025.xls,,
2025-10-30,DKI4,57.0,66.0,29.0,17.0,29.0,40.0,66.0,PM25,SEDANG,ispu_2024-2025.xls,,
2025-10-31,DKI4,,59.0,28.0,19.0,29.0,28.0,59.0,PM25,SEDANG,ispu_2024-2025.xls,,
2025-11-01,DKI4,,58.0,30.0,13.0,28.0,29.0,58.0,PM25,SEDANG,ispu_2024-2025.xls,,
2025-11-02,DKI4,,54.0,29.0,11.0,25.0,27.0,54.0,PM25,SEDANG,ispu_2024-2025.xls,,
2025-11-03,DKI4,,60.0,30.0,17.0,24.0,31.0,60.0,PM25,SEDANG,ispu_2024-2025.xls,,
2025-11-04,DKI4,61.0,65.0,29.0,21.0,22.0,28.0,65.0,PM25,SEDANG,ispu_2024-2025.xls,,
2025-11-05,DKI4,56.0,60.0,30.0,9.0,17.0,27.0,60.0,PM25,SEDANG,ispu_2024-2025.xls,,
2025-11-06,DKI4,23.0,27.0,28.0,5.0,14.0,17.0,28.0,SO2,BAIK,ispu_2024-2025.xls,,
2025-11-07,DKI4,26.0,35.0,28.0,8.0,15.0,20.0,35.0,PM25,BAIK,ispu_2024-2025.xls,,
2025-11-08,DKI4,21.0,26.0,28.0,5.0,14.0,16.0,28.0,SO2,BAIK,ispu_2024-2025.xls,,
2025-11-09,DKI4,27.0,30.0,28.0,9.0,14.0,19.0,30.0,PM25,BAIK,ispu_2024-2025.xls,,
2025-11-10,DKI4,28.0,39.0,29.0,7.0,16.0,19.0,39.0,PM25,BAIK,ispu_2024-2025.xls,,
2025-11-11,DKI4,23.0,25.0,29.0,5.0,15.0,16.0,29.0,SO2,BAIK,ispu_2024-2025.xls,,
2025-11-12,DKI4,22.0,22.0,29.0,6.0,13.0,18.0,29.0,SO2,BAIK,ispu_2024-2025.xls,,
2025-11-13,DKI4,28.0,34.0,29.0,7.0,13.0,18.0,34.0,PM25,BAIK,ispu_2024-2025.xls,,
2025-11-14,DKI4,23.0,23.0,29.0,6.0,13.0,17.0,29.0,SO2,BAIK,ispu_2024-2025.xls,,
2025-11-15,DKI4,33.0,50.0,30.0,10.0,16.0,19.0,50.0,PM25,BAIK,ispu_2024-2025.xls,,
2025-11-16,DKI4,33.0,37.0,29.0,8.0,16.0,19.0,37.0,PM25,BAIK,ispu_2024-2025.xls,,
2025-11-17,DKI4,25.0,29.0,29.0,5.0,13.0,16.0,29.0,PM25,BAIK,ispu_2024-2025.xls,,
2025-11-18,DKI4,52.0,59.0,31.0,11.0,15.0,26.0,59.0,PM25,SEDANG,ispu_2024-2025.xls,,
2025-11-19,DKI4,52.0,54.0,29.0,22.0,20.0,26.0,54.0,PM25,SEDANG,ispu_2024-2025.xls,,
2025-11-20,DKI4,31.0,44.0,29.0,11.0,15.0,24.0,44.0,PM25,BAIK,ispu_2024-2025.xls,,
2025-11-21,DKI4,22.0,29.0,29.0,8.0,16.0,20.0,29.0,PM25,BAIK,ispu_2024-2025.xls,,
2025-11-22,DKI4,43.0,56.0,31.0,10.0,24.0,25.0,56.0,PM25,SEDANG,ispu_2024-2025.xls,,
2025-11-23,DKI4,51.0,57.0,29.0,15.0,18.0,23.0,57.0,PM25,SEDANG,ispu_2024-2025.xls,,
2025-11-24,DKI4,37.0,49.0,32.0,8.0,17.0,23.0,49.0,PM25,BAIK,ispu_2024-2025.xls,,
2025-11-25,DKI4,34.0,46.0,31.0,8.0,19.0,22.0,46.0,PM25,BAIK,ispu_2024-2025.xls,,
2025-11-26,DKI4,34.0,45.0,31.0,7.0,18.0,21.0,45.0,PM25,BAIK,ispu_2024-2025.xls,,
2025-11-27,DKI4,44.0,57.0,34.0,8.0,22.0,26.0,57.0,PM25,SEDANG,ispu_2024-2025.xls,,
2025-11-28,DKI4,59.0,67.0,37.0,8.0,35.0,38.0,67.0,PM25,SEDANG,ispu_2024-2025.xls,,
2025-11-29,DKI4,60.0,69.0,38.0,9.0,28.0,41.0,69.0,PM25,SEDANG,ispu_2024-2025.xls,,
2025-11-30,DKI4,60.0,62.0,32.0,10.0,25.0,26.0,62.0,PM25,SEDANG,ispu_2024-2025.xls,,
2019-01-01,DKI5,10.0,,10.0,7.0,44.0,4.0,44.0,O3,BAIK,spku_2019.csv,,
2019-01-02,DKI5,7.0,,11.0,6.0,44.0,3.0,44.0,O3,BAIK,spku_2019.csv,,
2019-01-03,DKI5,9.0,,10.0,6.0,35.0,2.0,35.0,O3,BAIK,spku_2019.csv,,
2019-01-04,DKI5,39.0,,12.0,10.0,26.0,5.0,39.0,PM10,BAIK,spku_2019.csv,,
2019-01-05,DKI5,33.0,,12.0,9.0,45.0,5.0,45.0,O3,BAIK,spku_2019.csv,,
2019-01-06,DKI5,59.0,,14.0,25.0,63.0,10.0,63.0,O3,SEDANG,spku_2019.csv,,
2019-01-07,DKI5,33.0,,15.0,13.0,95.0,12.0,95.0,O3,SEDANG,spku_2019.csv,,
2019-01-08,DKI5,24.0,,13.0,10.0,76.0,12.0,76.0,O3,SEDANG,spku_2019.csv,,
2019-01-09,DKI5,44.0,,13.0,20.0,64.0,21.0,64.0,O3,SEDANG,spku_2019.csv,,
2019-01-10,DKI5,12.0,,11.0,18.0,49.0,16.0,49.0,O3,BAIK,spku_2019.csv,,
2019-01-11,DKI5,63.0,,13.0,22.0,39.0,11.0,63.0,PM10,SEDANG,spku_2019.csv,,
2019-01-12,DKI5,45.0,,21.0,19.0,47.0,16.0,47.0,O3,BAIK,spku_2019.csv,,
2019-01-13,DKI5,53.0,,12.0,19.0,70.0,11.0,70.0,O3,SEDANG,spku_2019.csv,,
2019-01-14,DKI5,41.0,,13.0,20.0,49.0,15.0,49.0,O3,BAIK,spku_2019.csv,,
2019-01-15,DKI5,46.0,,25.0,13.0,59.0,13.0,59.0,O3,SEDANG,spku_2019.csv,,
2019-01-16,DKI5,25.0,,14.0,8.0,43.0,6.0,43.0,O3,BAIK,spku_2019.csv,,
2019-01-17,DKI5,46.0,,15.0,12.0,49.0,10.0,49.0,O3,BAIK,spku_2019.csv,,
2019-01-18,DKI5,16.0,,11.0,7.0,31.0,1.0,31.0,O3,BAIK,spku_2019.csv,,
2019-01-19,DKI5,22.0,,9.0,16.0,45.0,8.0,45.0,O3,BAIK,spku_2019.csv,,
2019-01-20,DKI5,69.0,,9.0,39.0,63.0,10.0,69.0,PM10,SEDANG,spku_2019.csv,,
2019-01-21,DKI5,56.0,,9.0,22.0,59.0,7.0,59.0,O3,SEDANG,spku_2019.csv,,
2019-01-22,DKI5,16.0,,9.0,18.0,41.0,8.0,41.0,O3,BAIK,spku_2019.csv,,
2019-01-23,DKI5,52.0,,9.0,28.0,36.0,11.0,52.0,PM10,SEDANG,spku_2019.csv,,
2019-01-24,DKI5,48.0,,9.0,17.0,37.0,8.0,48.0,PM10,BAIK,spku_2019.csv,,
2019-01-25,DKI5,21.0,,9.0,,52.0,8.0,52.0,O3,SEDANG,spku_2019.csv,,
2019-01-26,DKI5,53.0,,9.0,31.0,53.0,15.0,53.0,PM10,SEDANG,spku_2019.csv,,
2019-01-27,DKI5,35.0,,9.0,,43.0,9.0,43.0,O3,BAIK,spku_2019.csv,,
2019-01-28,DKI5,49.0,,9.0,34.0,44.0,9.0,49.0,PM10,BAIK,spku_2019.csv,,
2019-01-29,DKI5,32.0,,9.0,17.0,37.0,8.0,37.0,O3,BAIK,spku_2019.csv,,
2019-01-30,DKI5,20.0,,5.0,22.0,44.0,9.0,44.0,O3,BAIK,spku_2019.csv,,
2019-01-31,DKI5,44.0,,16.0,12.0,49.0,8.0,49.0,O3,BAIK,spku_2019.csv,,
2019-02-01,DKI5,54.0,,12.0,41.0,43.0,9.0,54.0,PM10,SEDANG,spku_2019.csv,,
2019-02-02,DKI5,56.0,,18.0,47.0,58.0,11.0,58.0,O3,SEDANG,spku_2019.csv,,
2019-02-03,DKI5,35.0,,20.0,15.0,56.0,8.0,56.0,O3,SEDANG,spku_2019.csv,,
2019-02-04,DKI5,48.0,,14.0,20.0,53.0,5.0,53.0,O3,SEDANG,spku_2019.csv,,
2019-02-05,DKI5,49.0,,13.0,26.0,47.0,6.0,49.0,PM10,BAIK,spku_2019.csv,,
2019-02-06,DKI5,52.0,,18.0,14.0,43.0,8.0,52.0,PM10,SEDANG,spku_2019.csv,,
2019-02-07,DKI5,48.0,,16.0,16.0,43.0,9.0,48.0,PM10,BAIK,spku_2019.csv,,
2019-02-08,DKI5,35.0,,15.0,13.0,65.0,10.0,65.0,O3,SEDANG,spku_2019.csv,,
2019-02-09,DKI5,53.0,,16.0,19.0,62.0,6.0,62.0,O3,SEDANG,spku_2019.csv,,
2019-02-10,DKI5,59.0,,19.0,28.0,56.0,8.0,59.0,PM10,SEDANG,spku_2019.csv,,
2019-02-11,DKI5,37.0,,14.0,9.0,52.0,4.0,52.0,O3,SEDANG,spku_2019.csv,,
2019-02-12,DKI5,55.0,,13.0,34.0,48.0,9.0,55.0,PM10,SEDANG,spku_2019.csv,,
2019-02-13,DKI5,55.0,,13.0,23.0,45.0,13.0,55.0,PM10,SEDANG,spku_2019.csv,,
2019-02-14,DKI5,63.0,,15.0,39.0,56.0,12.0,63.0,PM10,SEDANG,spku_2019.csv,,
2019-02-15,DKI5,45.0,,12.0,15.0,34.0,7.0,45.0,PM10,BAIK,spku_2019.csv,,
2019-02-16,DKI5,25.0,,12.0,10.0,56.0,6.0,56.0,O3,SEDANG,spku_2019.csv,,
2019-02-17,DKI5,27.0,,14.0,9.0,59.0,7.0,59.0,O3,SEDANG,spku_2019.csv,,
2019-02-18,DKI5,51.0,,20.0,17.0,65.0,8.0,65.0,O3,SEDANG,spku_2019.csv,,
2019-02-19,DKI5,68.0,,16.0,25.0,123.0,14.0,123.0,O3,TIDAK SEHAT,spku_2019.csv,,
2019-02-20,DKI5,69.0,,14.0,25.0,57.0,14.0,69.0,PM10,SEDANG,spku_2019.csv,,
2019-02-21,DKI5,57.0,,12.0,25.0,64.0,15.0,64.0,O3,SEDANG,spku_2019.csv,,
2019-02-22,DKI5,41.0,,14.0,21.0,69.0,15.0,69.0,O3,SEDANG,spku_2019.csv,,
2019-02-23,DKI5,40.0,,12.0,16.0,102.0,12.0,102.0,O3,TIDAK SEHAT,spku_2019.csv,,
2019-02-24,DKI5,54.0,,12.0,27.0,80.0,14.0,80.0,O3,SEDANG,spku_2019.csv,,
2019-02-25,DKI5,49.0,,12.0,20.0,93.0,11.0,93.0,O3,SEDANG,spku_2019.csv,,
2019-02-26,DKI5,45.0,,16.0,25.0,67.0,13.0,67.0,O3,SEDANG,spku_2019.csv,,
2019-02-27,DKI5,51.0,,14.0,19.0,66.0,16.0,66.0,O3,SEDANG,spku_2019.csv,,
2019-02-28,DKI5,40.0,,10.0,12.0,98.0,7.0,98.0,O3,SEDANG,spku_2019.csv,,
2019-03-01,DKI5,58.0,,11.0,22.0,53.0,11.0,58.0,PM10,SEDANG,spku_2019.csv,,
2019-03-02,DKI5,38.0,,14.0,19.0,51.0,8.0,51.0,O3,SEDANG,spku_2019.csv,,
2019-03-03,DKI5,32.0,,12.0,12.0,82.0,8.0,82.0,O3,SEDANG,spku_2019.csv,,
2019-03-04,DKI5,47.0,,16.0,19.0,91.0,12.0,91.0,O3,SEDANG,spku_2019.csv,,
2019-03-05,DKI5,27.0,,10.0,18.0,83.0,16.0,83.0,O3,SEDANG,spku_2019.csv,,
2019-03-06,DKI5,37.0,,12.0,17.0,55.0,17.0,55.0,O3,SEDANG,spku_2019.csv,,
2019-03-07,DKI5,54.0,,13.0,32.0,112.0,13.0,112.0,O3,TIDAK SEHAT,spku_2019.csv,,
2019-03-08,DKI5,68.0,,12.0,33.0,99.0,15.0,99.0,O3,SEDANG,spku_2019.csv,,
2019-03-09,DKI5,58.0,,12.0,25.0,215.0,15.0,215.0,O3,SANGAT TIDAK SEHAT,spku_2019.csv,,
2019-03-10,DKI5,55.0,,14.0,17.0,131.0,9.0,131.0,O3,TIDAK SEHAT,spku_2019.csv,,
2019-03-11,DKI5,45.0,,13.0,13.0,55.0,9.0,55.0,O3,SEDANG,spku_2019.csv,,
2019-03-12,DKI5,32.0,,14.0,11.0,48.0,6.0,48.0,O3,BAIK,spku_2019.csv,,
2019-03-13,DKI5,32.0,,11.0,16.0,122.0,11.0,122.0,O3,TIDAK SEHAT,spku_2019.csv,,
2019-03-14,DKI5,53.0,,14.0,29.0,162.0,15.0,162.0,O3,TIDAK SEHAT,spku_2019.csv,,
2019-03-15,DKI5,71.0,,23.0,29.0,132.0,11.0,132.0,O3,TIDAK SEHAT,spku_2019.csv,,
2019-03-16,DKI5,57.0,,13.0,43.0,128.0,11.0,128.0,O3,TIDAK SEHAT,spku_2019.csv,,
2019-03-17,DKI5,38.0,,17.0,10.0,82.0,6.0,82.0,O3,SEDANG,spku_2019.csv,,
2019-03-18,DKI5,38.0,,17.0,12.0,48.0,7.0,48.0,O3,BAIK,spku_2019.csv,,
2019-03-19,DKI5,26.0,,15.0,7.0,33.0,4.0,33.0,O3,BAIK,spku_2019.csv,,
2019-03-20,DKI5,26.0,,16.0,7.0,65.0,3.0,65.0,O3,SEDANG,spku_2019.csv,,
2019-03-21,DKI5,40.0,,13.0,10.0,74.0,4.0,74.0,O3,SEDANG,spku_2019.csv,,
2019-03-22,DKI5,42.0,,19.0,17.0,58.0,5.0,58.0,O3,SEDANG,spku_2019.csv,,
2019-03-23,DKI5,31.0,,18.0,6.0,75.0,3.0,75.0,O3,SEDANG,spku_2019.csv,,
2019-03-24,DKI5,17.0,,14.0,5.0,55.0,2.0,55.0,O3,SEDANG,spku_2019.csv,,
2019-03-25,DKI5,26.0,,12.0,6.0,42.0,3.0,42.0,O3,BAIK,spku_2019.csv,,
2019-03-26,DKI5,61.0,,18.0,19.0,89.0,8.0,89.0,O3,SEDANG,spku_2019.csv,,
2019-03-27,DKI5,39.0,,13.0,16.0,192.0,15.0,192.0,O3,TIDAK SEHAT,spku_2019.csv,,
2019-03-28,DKI5,51.0,,15.0,24.0,130.0,17.0,130.0,O3,TIDAK SEHAT,spku_2019.csv,,
2019-03-29,DKI5,57.0,,19.0,15.0,182.0,10.0,182.0,O3,TIDAK SEHAT,spku_2019.csv,,
2019-03-30,DKI5,51.0,,18.0,19.0,190.0,13.0,190.0,O3,TIDAK SEHAT,spku_2019.csv,,
2019-03-31,DKI5,57.0,,16.0,18.0,194.0,8.0,194.0,O3,TIDAK SEHAT,spku_2019.csv,,
2019-04-01,DKI5,61.0,,14.0,26.0,167.0,15.0,167.0,O3,TIDAK SEHAT,spku_2019.csv,,
2019-04-02,DKI5,57.0,,13.0,35.0,101.0,13.0,101.0,O3,TIDAK SEHAT,spku_2019.csv,,
2019-04-03,DKI5,62.0,,15.0,42.0,146.0,14.0,146.0,O3,TIDAK SEHAT,spku_2019.csv,,
2019-04-04,DKI5,59.0,,14.0,16.0,172.0,10.0,172.0,O3,TIDAK SEHAT,spku_2019.csv,,
2019-04-05,DKI5,51.0,,14.0,18.0,83.0,11.0,83.0,O3,SEDANG,spku_2019.csv,,
2019-04-06,DKI5,74.0,,11.0,38.0,195.0,9.0,195.0,O3,TIDAK SEHAT,spku_2019.csv,,
2019-04-07,DKI5,66.0,,15.0,35.0,243.0,10.0,243.0,O3,SANGAT TIDAK SEHAT,spku_2019.csv,,
2019-04-08,DKI5,53.0,,13.0,18.0,235.0,10.0,235.0,O3,SANGAT TIDAK SEHAT,spku_2019.csv,,
2019-04-09,DKI5,53.0,,14.0,16.0,113.0,9.0,113.0,O3,TIDAK SEHAT,spku_2019.csv,,
2019-04-10,DKI5,65.0,,15.0,19.0,162.0,7.0,162.0,O3,TIDAK SEHAT,spku_2019.csv,,
2019-04-11,DKI5,59.0,,23.0,13.0,101.0,9.0,101.0,O3,TIDAK SEHAT,spku_2019.csv,,
2019-04-12,DKI5,46.0,,13.0,17.0,57.0,6.0,57.0,O3,SEDANG,spku_2019.csv,,
2019-04-13,DKI5,46.0,,14.0,16.0,62.0,8.0,62.0,O3,SEDANG,spku_2019.csv,,
2019-04-14,DKI5,37.0,,14.0,18.0,85.0,12.0,85.0,O3,SEDANG,spku_2019.csv,,
2019-04-15,DKI5,55.0,,14.0,24.0,92.0,11.0,92.0,O3,SEDANG,spku_2019.csv,,
2019-04-16,DKI5,56.0,,16.0,26.0,119.0,11.0,119.0,O3,TIDAK SEHAT,spku_2019.csv,,
2019-04-17,DKI5,59.0,,14.0,39.0,76.0,14.0,76.0,O3,SEDANG,spku_2019.csv,,
2019-04-18,DKI5,61.0,,13.0,26.0,92.0,8.0,92.0,O3,SEDANG,spku_2019.csv,,
2019-04-19,DKI5,41.0,,13.0,19.0,42.0,8.0,42.0,O3,BAIK,spku_2019.csv,,
2019-04-20,DKI5,24.0,,13.0,15.0,85.0,7.0,85.0,O3,SEDANG,spku_2019.csv,,
2019-04-21,DKI5,53.0,,15.0,27.0,47.0,8.0,53.0,PM10,SEDANG,spku_2019.csv,,
2019-04-22,DKI5,48.0,,15.0,24.0,54.0,7.0,54.0,O3,SEDANG,spku_2019.csv,,
2019-04-23,DKI5,50.0,,22.0,15.0,46.0,10.0,50.0,PM10,BAIK,spku_2019.csv,,
2019-04-24,DKI5,57.0,,17.0,16.0,46.0,8.0,57.0,PM10,SEDANG,spku_2019.csv,,
2019-04-25,DKI5,59.0,,14.0,45.0,79.0,11.0,79.0,O3,SEDANG,spku_2019.csv,,
2019-04-26,DKI5,37.0,,11.0,18.0,115.0,9.0,115.0,O3,TIDAK SEHAT,spku_2019.csv,,
2019-04-27,DKI5,50.0,,11.0,38.0,82.0,9.0,82.0,O3,SEDANG,spku_2019.csv,,
2019-04-28,DKI5,58.0,,12.0,46.0,78.0,9.0,78.0,O3,SEDANG,spku_2019.csv,,
2019-04-29,DKI5,47.0,,12.0,28.0,102.0,9.0,102.0,O3,TIDAK SEHAT,spku_2019.csv,,
2019-04-30,DKI5,39.0,,13.0,21.0,93.0,11.0,93.0,O3,SEDANG,spku_2019.csv,,
2019-05-01,DKI5,36.0,,13.0,20.0,80.0,7.0,80.0,O3,SEDANG,spku_2019.csv,,
2019-05-02,DKI5,28.0,,13.0,10.0,24.0,3.0,28.0,PM10,BAIK,spku_2019.csv,,
2019-05-03,DKI5,48.0,,23.0,19.0,89.0,13.0,89.0,O3,SEDANG,spku_2019.csv,,
2019-05-04,DKI5,63.0,,19.0,32.0,65.0,13.0,65.0,O3,SEDANG,spku_2019.csv,,
2019-05-05,DKI5,56.0,,14.0,34.0,91.0,11.0,91.0,O3,SEDANG,spku_2019.csv,,
2019-05-06,DKI5,46.0,,16.0,18.0,83.0,7.0,83.0,O3,SEDANG,spku_2019.csv,,
2019-05-07,DKI5,71.0,,18.0,29.0,83.0,8.0,83.0,O3,SEDANG,spku_2019.csv,,
2019-05-08,DKI5,75.0,,17.0,34.0,85.0,11.0,85.0,O3,SEDANG,spku_2019.csv,,
2019-05-09,DKI5,69.0,,19.0,29.0,67.0,12.0,69.0,PM10,SEDANG,spku_2019.csv,,
2019-05-10,DKI5,48.0,,15.0,26.0,76.0,12.0,76.0,O3,SEDANG,spku_2019.csv,,
2019-05-11,DKI5,37.0,,15.0,16.0,65.0,10.0,65.0,O3,SEDANG,spku_2019.csv,,
2019-05-12,DKI5,55.0,,17.0,24.0,64.0,8.0,64.0,O3,SEDANG,spku_2019.csv,,
2019-05-13,DKI5,64.0,,17.0,27.0,63.0,8.0,64.0,PM10,SEDANG,spku_2019.csv,,
2019-05-14,DKI5,65.0,,18.0,23.0,51.0,9.0,65.0,PM10,SEDANG,spku_2019.csv,,
2019-05-15,DKI5,60.0,,22.0,20.0,59.0,11.0,60.0,PM10,SEDANG,spku_2019.csv,,
2019-05-16,DKI5,57.0,,21.0,22.0,78.0,11.0,78.0,O3,SEDANG,spku_2019.csv,,
2019-05-17,DKI5,56.0,,23.0,26.0,83.0,14.0,83.0,O3,SEDANG,spku_2019.csv,,
2019-05-18,DKI5,59.0,,19.0,25.0,76.0,12.0,76.0,O3,SEDANG,spku_2019.csv,,
2019-05-19,DKI5,74.0,,22.0,31.0,114.0,10.0,114.0,O3,TIDAK SEHAT,spku_2019.csv,,
2019-05-20,DKI5,58.0,,20.0,16.0,78.0,8.0,78.0,O3,SEDANG,spku_2019.csv,,
2019-05-21,DKI5,70.0,,18.0,25.0,81.0,10.0,81.0,O3,SEDANG,spku_2019.csv,,
2019-05-22,DKI5,58.0,,23.0,18.0,55.0,11.0,58.0,PM10,SEDANG,spku_2019.csv,,
2019-05-23,DKI5,58.0,,18.0,19.0,82.0,8.0,82.0,O3,SEDANG,spku_2019.csv,,
2019-05-24,DKI5,68.0,,23.0,24.0,47.0,10.0,68.0,PM10,SEDANG,spku_2019.csv,,
2019-05-25,DKI5,61.0,,20.0,21.0,72.0,9.0,72.0,O3,SEDANG,spku_2019.csv,,
2019-05-26,DKI5,65.0,,18.0,22.0,107.0,11.0,107.0,O3,TIDAK SEHAT,spku_2019.csv,,
2019-05-27,DKI5,65.0,,24.0,17.0,90.0,7.0,90.0,O3,SEDANG,spku_2019.csv,,
2019-05-28,DKI5,58.0,,22.0,14.0,58.0,10.0,58.0,PM10,SEDANG,spku_2019.csv,,
2019-05-29,DKI5,59.0,,21.0,17.0,77.0,8.0,77.0,O3,SEDANG,spku_2019.csv,,
2019-05-30,DKI5,60.0,,16.0,17.0,77.0,9.0,77.0,O3,SEDANG,spku_2019.csv,,
2019-05-31,DKI5,50.0,,16.0,14.0,74.0,5.0,74.0,O3,SEDANG,spku_2019.csv,,
2019-06-01,DKI5,63.0,,17.0,19.0,89.0,9.0,89.0,O3,SEDANG,spku_2019.csv,,
2019-06-02,DKI5,70.0,,15.0,22.0,88.0,8.0,88.0,O3,SEDANG,spku_2019.csv,,
2019-06-03,DKI5,55.0,,15.0,18.0,71.0,8.0,71.0,O3,SEDANG,spku_2019.csv,,
2019-06-04,DKI5,72.0,,16.0,20.0,61.0,8.0,72.0,PM10,SEDANG,spku_2019.csv,,
2019-06-05,DKI5,58.0,,21.0,18.0,50.0,6.0,58.0,PM10,SEDANG,spku_2019.csv,,
2019-06-06,DKI5,44.0,,17.0,11.0,55.0,6.0,55.0,O3,SEDANG,spku_2019.csv,,
2019-06-07,DKI5,43.0,,16.0,11.0,51.0,4.0,51.0,O3,SEDANG,spku_2019.csv,,
2019-06-08,DKI5,36.0,,13.0,11.0,68.0,4.0,68.0,O3,SEDANG,spku_2019.csv,,
2019-06-09,DKI5,47.0,,14.0,18.0,98.0,8.0,98.0,O3,SEDANG,spku_2019.csv,,
2019-06-10,DKI5,57.0,,16.0,19.0,88.0,8.0,88.0,O3,SEDANG,spku_2019.csv,,
2019-06-11,DKI5,55.0,,15.0,19.0,105.0,9.0,105.0,O3,TIDAK SEHAT,spku_2019.csv,,
2019-06-12,DKI5,68.0,,17.0,18.0,108.0,8.0,108.0,O3,TIDAK SEHAT,spku_2019.csv,,
2019-06-13,DKI5,70.0,,19.0,18.0,96.0,9.0,96.0,O3,SEDANG,spku_2019.csv,,
2019-06-14,DKI5,68.0,,16.0,20.0,82.0,8.0,82.0,O3,SEDANG,spku_2019.csv,,
2019-06-15,DKI5,53.0,,15.0,26.0,99.0,11.0,99.0,O3,SEDANG,spku_2019.csv,,
2019-06-16,DKI5,57.0,,19.0,16.0,88.0,7.0,88.0,O3,SEDANG,spku_2019.csv,,
2019-06-17,DKI5,60.0,,17.0,24.0,71.0,8.0,71.0,O3,SEDANG,spku_2019.csv,,
2019-06-18,DKI5,56.0,,21.0,13.0,52.0,9.0,56.0,PM10,SEDANG,spku_2019.csv,,
2019-06-19,DKI5,60.0,,21.0,17.0,92.0,11.0,92.0,O3,SEDANG,spku_2019.csv,,
2019-06-20,DKI5,78.0,,20.0,24.0,99.0,12.0,99.0,O3,SEDANG,spku_2019.csv,,
2019-06-21,DKI5,68.0,,23.0,17.0,99.0,9.0,99.0,O3,SEDANG,spku_2019.csv,,
2019-06-22,DKI5,68.0,,25.0,19.0,121.0,9.0,121.0,O3,TIDAK SEHAT,spku_2019.csv,,
2019-06-23,DKI5,72.0,,20.0,20.0,90.0,8.0,90.0,O3,SEDANG,spku_2019.csv,,
2019-06-24,DKI5,76.0,,24.0,19.0,103.0,12.0,103.0,O3,TIDAK SEHAT,spku_2019.csv,,
2019-06-25,DKI5,80.0,,21.0,25.0,89.0,11.0,89.0,O3,SEDANG,spku_2019.csv,,
2019-06-26,DKI5,71.0,,23.0,21.0,69.0,10.0,71.0,PM10,SEDANG,spku_2019.csv,,
2019-06-27,DKI5,79.0,,23.0,19.0,141.0,10.0,141.0,O3,TIDAK SEHAT,spku_2019.csv,,
2019-06-28,DKI5,68.0,,20.0,17.0,116.0,9.0,116.0,O3,TIDAK SEHAT,spku_2019.csv,,
2019-06-29,DKI5,63.0,,25.0,14.0,84.0,11.0,84.0,O3,SEDANG,spku_2019.csv,,
2019-06-30,DKI5,55.0,,26.0,13.0,79.0,11.0,79.0,O3,SEDANG,spku_2019.csv,,
2019-07-01,DKI5,,,21.0,15.0,85.0,9.0,85.0,O3,SEDANG,spku_2019.csv,,
2019-07-02,DKI5,,,20.0,14.0,108.0,7.0,108.0,O3,TIDAK SEHAT,spku_2019.csv,,
2019-07-03,DKI5,,,26.0,18.0,87.0,8.0,87.0,O3,SEDANG,spku_2019.csv,,
2019-07-04,DKI5,,,22.0,19.0,61.0,11.0,61.0,O3,SEDANG,spku_2019.csv,,
2019-07-05,DKI5,,,19.0,17.0,74.0,11.0,74.0,O3,SEDANG,spku_2019.csv,,
2019-07-06,DKI5,62.0,,18.0,20.0,71.0,12.0,71.0,O3,SEDANG,spku_2019.csv,,
2019-07-07,DKI5,50.0,,21.0,10.0,48.0,6.0,50.0,PM10,BAIK,spku_2019.csv,,
2019-07-08,DKI5,50.0,,22.0,11.0,56.0,7.0,56.0,O3,SEDANG,spku_2019.csv,,
2019-07-09,DKI5,67.0,,17.0,17.0,84.0,8.0,84.0,O3,SEDANG,spku_2019.csv,,
2019-07-10,DKI5,60.0,,28.0,14.0,79.0,8.0,79.0,O3,SEDANG,spku_2019.csv,,
2019-07-11,DKI5,64.0,,24.0,16.0,50.0,10.0,64.0,PM10,SEDANG,spku_2019.csv,,
2019-07-12,DKI5,65.0,,24.0,17.0,64.0,9.0,65.0,PM10,SEDANG,spku_2019.csv,,
2019-07-13,DKI5,67.0,,22.0,16.0,90.0,8.0,90.0,O3,SEDANG,spku_2019.csv,,
2019-07-14,DKI5,84.0,,23.0,22.0,126.0,12.0,126.0,O3,TIDAK SEHAT,spku_2019.csv,,
2019-07-15,DKI5,68.0,,22.0,23.0,64.0,14.0,68.0,PM10,SEDANG,spku_2019.csv,,
2019-07-16,DKI5,69.0,,22.0,19.0,84.0,12.0,84.0,O3,SEDANG,spku_2019.csv,,
2019-07-17,DKI5,64.0,,21.0,16.0,107.0,13.0,107.0,O3,TIDAK SEHAT,spku_2019.csv,,
2019-07-18,DKI5,74.0,,22.0,18.0,77.0,11.0,77.0,O3,SEDANG,spku_2019.csv,,
2019-07-19,DKI5,62.0,,23.0,17.0,58.0,9.0,62.0,PM10,SEDANG,spku_2019.csv,,
2019-07-20,DKI5,75.0,,23.0,16.0,113.0,10.0,113.0,O3,TIDAK SEHAT,spku_2019.csv,,
2019-07-21,DKI5,63.0,,22.0,13.0,88.0,6.0,88.0,O3,SEDANG,spku_2019.csv,,
2019-07-22,DKI5,67.0,,21.0,18.0,121.0,7.0,121.0,O3,TIDAK SEHAT,spku_2019.csv,,
2019-07-23,DKI5,66.0,,25.0,19.0,65.0,14.0,66.0,PM10,SEDANG,spku_2019.csv,,
2019-07-24,DKI5,69.0,,21.0,16.0,92.0,8.0,92.0,O3,SEDANG,spku_2019.csv,,
2019-07-25,DKI5,75.0,,23.0,19.0,124.0,9.0,124.0,O3,TIDAK SEHAT,spku_2019.csv,,
2019-07-26,DKI5,63.0,,23.0,15.0,95.0,11.0,95.0,O3,SEDANG,spku_2019.csv,,
2019-07-27,DKI5,58.0,,24.0,12.0,72.0,9.0,72.0,O3,SEDANG,spku_2019.csv,,
2019-07-28,DKI5,66.0,,23.0,17.0,95.0,9.0,95.0,O3,SEDANG,spku_2019.csv,,
2019-07-29,DKI5,70.0,,19.0,19.0,91.0,7.0,91.0,O3,SEDANG,spku_2019.csv,,
2019-07-30,DKI5,73.0,,20.0,24.0,99.0,12.0,99.0,O3,SEDANG,spku_2019.csv,,
2019-07-31,DKI5,67.0,,21.0,15.0,88.0,6.0,88.0,O3,SEDANG,spku_2019.csv,,
2019-08-01,DKI5,57.0,,20.0,13.0,115.0,6.0,115.0,O3,TIDAK SEHAT,spku_2019.csv,,
2019-08-02,DKI5,61.0,,20.0,14.0,96.0,7.0,96.0,O3,SEDANG,spku_2019.csv,,
2019-08-03,DKI5,66.0,,22.0,16.0,92.0,8.0,92.0,O3,SEDANG,spku_2019.csv,,
2019-08-04,DKI5,62.0,,21.0,14.0,71.0,10.0,71.0,O3,SEDANG,spku_2019.csv,,
2019-08-05,DKI5,55.0,,21.0,,94.0,13.0,94.0,O3,SEDANG,spku_2019.csv,,
2019-08-06,DKI5,54.0,,20.0,11.0,92.0,7.0,92.0,O3,SEDANG,spku_2019.csv,,
2019-08-07,DKI5,62.0,,20.0,14.0,77.0,10.0,77.0,O3,SEDANG,spku_2019.csv,,
2019-08-08,DKI5,67.0,,22.0,16.0,146.0,9.0,146.0,O3,TIDAK SEHAT,spku_2019.csv,,
2019-08-09,DKI5,60.0,,22.0,13.0,102.0,8.0,102.0,O3,TIDAK SEHAT,spku_2019.csv,,
2019-08-10,DKI5,69.0,,21.0,17.0,80.0,10.0,80.0,O3,SEDANG,spku_2019.csv,,
2019-08-11,DKI5,64.0,,21.0,14.0,61.0,6.0,64.0,PM10,SEDANG,spku_2019.csv,,
2019-08-12,DKI5,60.0,,21.0,14.0,60.0,8.0,60.0,PM10,SEDANG,spku_2019.csv,,
2019-08-13,DKI5,60.0,,21.0,13.0,51.0,9.0,60.0,PM10,SEDANG,spku_2019.csv,,
2019-08-14,DKI5,55.0,,20.0,11.0,69.0,6.0,69.0,O3,SEDANG,spku_2019.csv,,
2019-08-15,DKI5,61.0,,20.0,14.0,84.0,8.0,84.0,O3,SEDANG,spku_2019.csv,,
2019-08-16,DKI5,92.0,,20.0,28.0,207.0,14.0,207.0,O3,SANGAT TIDAK SEHAT,spku_2019.csv,,
2019-08-17,DKI5,71.0,,19.0,15.0,174.0,9.0,174.0,O3,TIDAK SEHAT,spku_2019.csv,,
2019-08-18,DKI5,63.0,,19.0,13.0,108.0,6.0,108.0,O3,TIDAK SEHAT,spku_2019.csv,,
2019-08-19,DKI5,68.0,,20.0,17.0,178.0,8.0,178.0,O3,TIDAK SEHAT,spku_2019.csv,,
2019-08-20,DKI5,65.0,,23.0,12.0,171.0,7.0,171.0,O3,TIDAK SEHAT,spku_2019.csv,,
2019-08-21,DKI5,56.0,,23.0,11.0,64.0,10.0,64.0,O3,SEDANG,spku_2019.csv,,
2019-08-22,DKI5,56.0,,21.0,12.0,88.0,8.0,88.0,O3,SEDANG,spku_2019.csv,,
2019-08-23,DKI5,69.0,,19.0,15.0,201.0,9.0,201.0,O3,SANGAT TIDAK SEHAT,spku_2019.csv,,
2019-08-24,DKI5,64.0,,21.0,12.0,171.0,7.0,171.0,O3,TIDAK SEHAT,spku_2019.csv,,
2019-08-25,DKI5,66.0,,21.0,11.0,128.0,6.0,128.0,O3,TIDAK SEHAT,spku_2019.csv,,
2019-08-26,DKI5,66.0,,20.0,11.0,184.0,6.0,184.0,O3,TIDAK SEHAT,spku_2019.csv,,
2019-08-27,DKI5,66.0,,35.0,12.0,149.0,9.0,149.0,O3,TIDAK SEHAT,spku_2019.csv,,
2019-08-28,DKI5,61.0,,25.0,10.0,108.0,9.0,108.0,O3,TIDAK SEHAT,spku_2019.csv,,
2019-08-29,DKI5,64.0,,18.0,18.0,132.0,10.0,132.0,O3,TIDAK SEHAT,spku_2019.csv,,
2019-08-30,DKI5,67.0,,20.0,13.0,96.0,8.0,96.0,O3,SEDANG,spku_2019.csv,,
2019-08-31,DKI5,,,,,,,0.0, ,TIDAK ADA DATA,spku_2019.csv,,
2019-09-01,DKI5,67.0,,22.0,14.0,109.0,8.0,109.0,O3,TIDAK SEHAT,spku_2019.csv,,
2019-09-02,DKI5,71.0,,20.0,14.0,187.0,9.0,187.0,O3,TIDAK SEHAT,spku_2019.csv,,
2019-09-03,DKI5,68.0,,22.0,11.0,134.0,9.0,134.0,O3,TIDAK SEHAT,spku_2019.csv,,
2019-09-04,DKI5,63.0,,27.0,10.0,144.0,9.0,144.0,O3,TIDAK SEHAT,spku_2019.csv,,
2019-09-05,DKI5,75.0,,22.0,16.0,113.0,3.0,113.0,O3,TIDAK SEHAT,spku_2019.csv,,
2019-09-06,DKI5,65.0,,19.0,13.0,96.0,4.0,96.0,O3,SEDANG,spku_2019.csv,,
2019-09-07,DKI5,65.0,,23.0,13.0,127.0,3.0,127.0,O3,TIDAK SEHAT,spku_2019.csv,,
2019-09-08,DKI5,65.0,,22.0,13.0,126.0,3.0,126.0,O3,TIDAK SEHAT,spku_2019.csv,,
2019-09-09,DKI5,66.0,,21.0,14.0,101.0,3.0,101.0,O3,TIDAK SEHAT,spku_2019.csv,,
2019-09-10,DKI5,56.0,,23.0,10.0,91.0,3.0,91.0,O3,SEDANG,spku_2019.csv,,
2019-09-11,DKI5,68.0,,25.0,17.0,160.0,4.0,160.0,O3,TIDAK SEHAT,spku_2019.csv,,
2019-09-12,DKI5,78.0,,22.0,19.0,143.0,3.0,143.0,O3,TIDAK SEHAT,spku_2019.csv,,
2019-09-13,DKI5,69.0,,22.0,15.0,156.0,3.0,156.0,O3,TIDAK SEHAT,spku_2019.csv,,
2019-09-14,DKI5,63.0,,24.0,14.0,156.0,2.0,156.0,O3,TIDAK SEHAT,spku_2019.csv,,
2019-09-15,DKI5,68.0,,23.0,12.0,99.0,2.0,99.0,O3,SEDANG,spku_2019.csv,,
2019-09-16,DKI5,60.0,,21.0,10.0,74.0,2.0,74.0,O3,SEDANG,spku_2019.csv,,
2019-09-17,DKI5,57.0,,25.0,10.0,77.0,3.0,77.0,O3,SEDANG,spku_2019.csv,,
2019-09-18,DKI5,62.0,,22.0,12.0,125.0,4.0,125.0,O3,TIDAK SEHAT,spku_2019.csv,,
2019-09-19,DKI5,70.0,,21.0,15.0,107.0,4.0,107.0,O3,TIDAK SEHAT,spku_2019.csv,,
2019-09-20,DKI5,59.0,,22.0,10.0,91.0,3.0,91.0,O3,SEDANG,spku_2019.csv,,
2019-09-21,DKI5,59.0,,22.0,10.0,169.0,3.0,169.0,O3,TIDAK SEHAT,spku_2019.csv,,
2019-09-22,DKI5,65.0,,23.0,11.0,153.0,3.0,153.0,O3,TIDAK SEHAT,spku_2019.csv,,
2019-09-23,DKI5,61.0,,25.0,12.0,87.0,4.0,87.0,O3,SEDANG,spku_2019.csv,,
2019-09-24,DKI5,61.0,,26.0,10.0,112.0,9.0,112.0,O3,TIDAK SEHAT,spku_2019.csv,,
2019-09-25,DKI5,68.0,,26.0,12.0,174.0,6.0,174.0,O3,TIDAK SEHAT,spku_2019.csv,,
2019-09-26,DKI5,65.0,,23.0,10.0,110.0,9.0,110.0,O3,TIDAK SEHAT,spku_2019.csv,,
2019-09-27,DKI5,72.0,,22.0,12.0,131.0,8.0,131.0,O3,TIDAK SEHAT,spku_2019.csv,,
2019-09-28,DKI5,58.0,,24.0,9.0,102.0,7.0,102.0,O3,TIDAK SEHAT,spku_2019.csv,,
2019-09-29,DKI5,65.0,,22.0,12.0,115.0,8.0,115.0,O3,TIDAK SEHAT,spku_2019.csv,,
2019-09-30,DKI5,60.0,,20.0,12.0,146.0,7.0,146.0,O3,TIDAK SEHAT,spku_2019.csv,,
2019-10-01,DKI5,74.0,,24.0,18.0,184.0,11.0,184.0,O3,TIDAK SEHAT,spku_2019.csv,,
2019-10-02,DKI5,69.0,,25.0,10.0,153.0,8.0,153.0,O3,TIDAK SEHAT,spku_2019.csv,,
2019-10-03,DKI5,78.0,,22.0,10.0,138.0,8.0,138.0,O3,TIDAK SEHAT,spku_2019.csv,,
2019-10-04,DKI5,76.0,,21.0,10.0,169.0,8.0,169.0,O3,TIDAK SEHAT,spku_2019.csv,,
2019-10-05,DKI5,62.0,,25.0,10.0,89.0,8.0,89.0,O3,SEDANG,spku_2019.csv,,
2019-10-06,DKI5,62.0,,21.0,10.0,164.0,8.0,164.0,O3,TIDAK SEHAT,spku_2019.csv,,
2019-10-07,DKI5,67.0,,22.0,10.0,100.0,8.0,100.0,O3,SEDANG,spku_2019.csv,,
2019-10-08,DKI5,70.0,,24.0,13.0,138.0,8.0,138.0,O3,TIDAK SEHAT,spku_2019.csv,,
2019-10-09,DKI5,59.0,,19.0,9.0,127.0,11.0,127.0,O3,TIDAK SEHAT,spku_2019.csv,,
2019-10-10,DKI5,73.0,,19.0,,173.0,9.0,173.0,O3,TIDAK SEHAT,spku_2019.csv,,
2019-10-11,DKI5,71.0,,21.0,8.0,207.0,9.0,207.0,O3,SANGAT TIDAK SEHAT,spku_2019.csv,,
2019-10-12,DKI5,77.0,,21.0,12.0,177.0,11.0,177.0,O3,TIDAK SEHAT,spku_2019.csv,,
2019-10-13,DKI5,70.0,,22.0,7.0,173.0,7.0,173.0,O3,TIDAK SEHAT,spku_2019.csv,,
2019-10-14,DKI5,77.0,,21.0,12.0,156.0,9.0,156.0,O3,TIDAK SEHAT,spku_2019.csv,,
2019-10-15,DKI5,59.0,,19.0,5.0,178.0,5.0,178.0,O3,TIDAK SEHAT,spku_2019.csv,,
2019-10-16,DKI5,68.0,,20.0,10.0,144.0,8.0,144.0,O3,TIDAK SEHAT,spku_2019.csv,,
2019-10-17,DKI5,60.0,,19.0,6.0,156.0,7.0,156.0,O3,TIDAK SEHAT,spku_2019.csv,,
2019-10-18,DKI5,59.0,,19.0,,78.0,8.0,78.0,O3,SEDANG,spku_2019.csv,,
2019-10-19,DKI5,59.0,,19.0,5.0,70.0,8.0,70.0,O3,SEDANG,spku_2019.csv,,
2019-10-20,DKI5,66.0,,20.0,9.0,147.0,7.0,147.0,O3,TIDAK SEHAT,spku_2019.csv,,
2019-10-21,DKI5,65.0,,23.0,12.0,87.0,8.0,87.0,O3,SEDANG,spku_2019.csv,,
2019-10-22,DKI5,70.0,,24.0,13.0,135.0,8.0,135.0,O3,TIDAK SEHAT,spku_2019.csv,,
2019-10-23,DKI5,69.0,,22.0,11.0,140.0,9.0,140.0,O3,TIDAK SEHAT,spku_2019.csv,,
2019-10-24,DKI5,71.0,,23.0,9.0,107.0,8.0,107.0,O3,TIDAK SEHAT,spku_2019.csv,,
2019-10-25,DKI5,75.0,,23.0,7.0,94.0,10.0,94.0,O3,SEDANG,spku_2019.csv,,
2019-10-26,DKI5,67.0,,22.0,3.0,180.0,9.0,180.0,O3,TIDAK SEHAT,spku_2019.csv,,
2019-10-27,DKI5,75.0,,21.0,10.0,153.0,8.0,153.0,O3,TIDAK SEHAT,spku_2019.csv,,
2019-10-28,DKI5,60.0,,19.0,7.0,93.0,9.0,93.0,O3,SEDANG,spku_2019.csv,,
2019-10-29,DKI5,65.0,,20.0,7.0,88.0,11.0,88.0,O3,SEDANG,spku_2019.csv,,
2019-10-30,DKI5,66.0,,21.0,8.0,171.0,7.0,171.0,O3,TIDAK SEHAT,spku_2019.csv,,
2019-10-31,DKI5,59.0,,27.0,7.0,82.0,9.0,82.0,O3,SEDANG,spku_2019.csv,,
2019-11-01,DKI5,53.0,,21.0,5.0,120.0,5.0,120.0,O3,TIDAK SEHAT,spku_2019.csv,,
2019-11-02,DKI5,52.0,,20.0,10.0,83.0,10.0,83.0,O3,SEDANG,spku_2019.csv,,
2019-11-03,DKI5,51.0,,20.0,7.0,92.0,7.0,92.0,O3,SEDANG,spku_2019.csv,,
2019-11-04,DKI5,50.0,,19.0,5.0,107.0,5.0,107.0,O3,TIDAK SEHAT,spku_2019.csv,,
2019-11-05,DKI5,58.0,,20.0,11.0,193.0,12.0,193.0,O3,TIDAK SEHAT,spku_2019.csv,,
2019-11-06,DKI5,61.0,,20.0,14.0,156.0,13.0,156.0,O3,TIDAK SEHAT,spku_2019.csv,,
2019-11-07,DKI5,58.0,,24.0,8.0,209.0,11.0,209.0,O3,SANGAT TIDAK SEHAT,spku_2019.csv,,
2019-11-08,DKI5,69.0,,21.0,12.0,149.0,11.0,149.0,O3,TIDAK SEHAT,spku_2019.csv,,
2019-11-09,DKI5,60.0,,25.0,10.0,220.0,12.0,220.0,O3,SANGAT TIDAK SEHAT,spku_2019.csv,,
2019-11-10,DKI5,63.0,,32.0,11.0,183.0,7.0,183.0,O3,TIDAK SEHAT,spku_2019.csv,,
2019-11-11,DKI5,61.0,,25.0,7.0,125.0,10.0,125.0,O3,TIDAK SEHAT,spku_2019.csv,,
2019-11-12,DKI5,64.0,,22.0,7.0,134.0,9.0,134.0,O3,TIDAK SEHAT,spku_2019.csv,,
2019-11-13,DKI5,73.0,,22.0,,125.0,10.0,125.0,O3,TIDAK SEHAT,spku_2019.csv,,
2019-11-14,DKI5,74.0,,21.0,,58.0,11.0,74.0,PM10,SEDANG,spku_2019.csv,,
2019-11-15,DKI5,64.0,,33.0,33.0,73.0,9.0,73.0,O3,SEDANG,spku_2019.csv,,
2019-11-16,DKI5,53.0,,22.0,18.0,68.0,7.0,68.0,O3,SEDANG,spku_2019.csv,,
2019-11-17,DKI5,59.0,,21.0,20.0,126.0,8.0,126.0,O3,TIDAK SEHAT,spku_2019.csv,,
2019-11-18,DKI5,60.0,,20.0,17.0,165.0,7.0,165.0,O3,TIDAK SEHAT,spku_2019.csv,,
2019-11-19,DKI5,59.0,,20.0,21.0,100.0,6.0,100.0,O3,SEDANG,spku_2019.csv,,
2019-11-20,DKI5,50.0,,19.0,18.0,134.0,6.0,134.0,O3,TIDAK SEHAT,spku_2019.csv,,
2019-11-21,DKI5,55.0,,24.0,21.0,94.0,12.0,94.0,O3,SEDANG,spku_2019.csv,,
2019-11-22,DKI5,57.0,,20.0,22.0,99.0,12.0,99.0,O3,SEDANG,spku_2019.csv,,
2019-11-23,DKI5,85.0,,22.0,34.0,146.0,16.0,146.0,O3,TIDAK SEHAT,spku_2019.csv,,
2019-11-24,DKI5,68.0,,21.0,25.0,167.0,8.0,167.0,O3,TIDAK SEHAT,spku_2019.csv,,
2019-11-25,DKI5,64.0,,20.0,21.0,160.0,7.0,160.0,O3,TIDAK SEHAT,spku_2019.csv,,
2019-11-26,DKI5,77.0,,22.0,30.0,125.0,11.0,125.0,O3,TIDAK SEHAT,spku_2019.csv,,
2019-11-27,DKI5,70.0,,20.0,29.0,101.0,10.0,101.0,O3,TIDAK SEHAT,spku_2019.csv,,
2019-11-28,DKI5,71.0,,,26.0,105.0,11.0,105.0,O3,TIDAK SEHAT,spku_2019.csv,,
2019-11-29,DKI5,63.0,,14.0,20.0,122.0,7.0,122.0,O3,TIDAK SEHAT,spku_2019.csv,,
2019-11-30,DKI5,53.0,,12.0,20.0,92.0,9.0,92.0,O3,SEDANG,spku_2019.csv,,
2019-12-01,DKI5,54.0,,13.0,27.0,99.0,8.0,99.0,O3,SEDANG,spku_2019.csv,,
2019-12-02,DKI5,47.0,,13.0,18.0,136.0,4.0,136.0,O3,TIDAK SEHAT,spku_2019.csv,,
2019-12-03,DKI5,63.0,,20.0,21.0,107.0,7.0,107.0,O3,TIDAK SEHAT,spku_2019.csv,,
2019-12-04,DKI5,58.0,,23.0,19.0,76.0,7.0,76.0,O3,SEDANG,spku_2019.csv,,
2019-12-05,DKI5,61.0,,22.0,20.0,73.0,9.0,73.0,O3,SEDANG,spku_2019.csv,,
2019-12-06,DKI5,,,18.0,22.0,61.0,8.0,61.0,O3,SEDANG,spku_2019.csv,,
2019-12-07,DKI5,43.0,,19.0,17.0,49.0,7.0,49.0,O3,BAIK,spku_2019.csv,,
2019-12-08,DKI5,56.0,,17.0,29.0,84.0,9.0,84.0,O3,SEDANG,spku_2019.csv,,
2019-12-09,DKI5,64.0,,16.0,30.0,155.0,10.0,155.0,O3,TIDAK SEHAT,spku_2019.csv,,
2019-12-10,DKI5,63.0,,15.0,24.0,87.0,9.0,87.0,O3,SEDANG,spku_2019.csv,,
2019-12-11,DKI5,74.0,,17.0,31.0,184.0,11.0,184.0,O3,TIDAK SEHAT,spku_2019.csv,,
2019-12-12,DKI5,59.0,,15.0,26.0,72.0,11.0,72.0,O3,SEDANG,spku_2019.csv,,
2019-12-13,DKI5,71.0,,30.0,29.0,107.0,11.0,107.0,O3,TIDAK SEHAT,spku_2019.csv,,
2019-12-14,DKI5,53.0,,15.0,22.0,89.0,9.0,89.0,O3,SEDANG,spku_2019.csv,,
2019-12-15,DKI5,52.0,,20.0,18.0,99.0,5.0,99.0,O3,SEDANG,spku_2019.csv,,
2019-12-16,DKI5,64.0,,23.0,22.0,88.0,9.0,88.0,O3,SEDANG,spku_2019.csv,,
2019-12-17,DKI5,55.0,,21.0,20.0,75.0,9.0,75.0,O3,SEDANG,spku_2019.csv,,
2019-12-18,DKI5,45.0,,15.0,25.0,140.0,9.0,140.0,O3,TIDAK SEHAT,spku_2019.csv,,
2019-12-19,DKI5,60.0,,19.0,24.0,69.0,11.0,69.0,O3,SEDANG,spku_2019.csv,,
2019-12-20,DKI5,62.0,,19.0,24.0,74.0,15.0,74.0,O3,SEDANG,spku_2019.csv,,
2019-12-21,DKI5,66.0,,16.0,27.0,95.0,12.0,95.0,O3,SEDANG,spku_2019.csv,,
2019-12-22,DKI5,50.0,,15.0,21.0,94.0,7.0,94.0,O3,SEDANG,spku_2019.csv,,
2019-12-23,DKI5,58.0,,15.0,30.0,99.0,7.0,99.0,O3,SEDANG,spku_2019.csv,,
2019-12-24,DKI5,57.0,,18.0,34.0,105.0,9.0,105.0,O3,TIDAK SEHAT,spku_2019.csv,,
2019-12-25,DKI5,53.0,,14.0,21.0,73.0,8.0,73.0,O3,SEDANG,spku_2019.csv,,
2019-12-26,DKI5,51.0,,19.0,22.0,91.0,6.0,91.0,O3,SEDANG,spku_2019.csv,,
2019-12-27,DKI5,51.0,,27.0,24.0,80.0,8.0,80.0,O3,SEDANG,spku_2019.csv,,
2019-12-28,DKI5,43.0,,16.0,31.0,57.0,11.0,57.0,O3,SEDANG,spku_2019.csv,,
2019-12-29,DKI5,56.0,,17.0,27.0,69.0,7.0,69.0,O3,SEDANG,spku_2019.csv,,
2019-12-30,DKI5,65.0,,16.0,39.0,73.0,5.0,73.0,O3,SEDANG,spku_2019.csv,,
2019-12-31,DKI5,51.0,,16.0,20.0,48.0,5.0,51.0,PM10,SEDANG,spku_2019.csv,,
2020-01-01,DKI5,35.0,,13.0,18.0,46.0,,46.0,O3,BAIK,ispu_2020.xls,,
2020-01-02,DKI5,22.0,,15.0,24.0,102.0,7.0,102.0,O3,TIDAK SEHAT,ispu_2020.xls,,
2020-01-03,DKI5,44.0,,17.0,21.0,63.0,7.0,63.0,O3,SEDANG,ispu_2020.xls,,
2020-01-04,DKI5,40.0,,18.0,19.0,85.0,9.0,85.0,O3,SEDANG,ispu_2020.xls,,
2020-01-05,DKI5,37.0,,21.0,18.0,62.0,5.0,62.0,O3,SEDANG,ispu_2020.xls,,
2020-01-06,DKI5,58.0,,18.0,28.0,64.0,9.0,64.0,O3,SEDANG,ispu_2020.xls,,
2020-01-07,DKI5,36.0,,18.0,39.0,66.0,9.0,66.0,O3,SEDANG,ispu_2020.xls,,
2020-01-08,DKI5,49.0,,21.0,22.0,70.0,10.0,70.0,O3,SEDANG,ispu_2020.xls,,
2020-01-09,DKI5,60.0,,14.0,41.0,71.0,11.0,71.0,O3,SEDANG,ispu_2020.xls,,
2020-01-10,DKI5,25.0,,17.0,17.0,47.0,7.0,47.0,O3,BAIK,ispu_2020.xls,,
2020-01-11,DKI5,36.0,,17.0,22.0,80.0,9.0,80.0,O3,SEDANG,ispu_2020.xls,,
2020-01-12,DKI5,24.0,,18.0,13.0,46.0,3.0,46.0,O3,BAIK,ispu_2020.xls,,
2020-01-13,DKI5,34.0,,24.0,15.0,50.0,4.0,50.0,O3,BAIK,ispu_2020.xls,,
2020-01-14,DKI5,40.0,,26.0,17.0,33.0,7.0,40.0,PM10,BAIK,ispu_2020.xls,,
2020-01-15,DKI5,25.0,,16.0,15.0,51.0,4.0,51.0,O3,SEDANG,ispu_2020.xls,,
2020-01-16,DKI5,65.0,,18.0,30.0,57.0,5.0,65.0,PM10,SEDANG,ispu_2020.xls,,
2020-01-17,DKI5,67.0,,20.0,35.0,98.0,10.0,98.0,O3,SEDANG,ispu_2020.xls,,
2020-01-18,DKI5,41.0,,18.0,17.0,52.0,7.0,52.0,O3,SEDANG,ispu_2020.xls,,
2020-01-19,DKI5,76.0,,18.0,50.0,66.0,7.0,76.0,PM10,SEDANG,ispu_2020.xls,,
2020-01-20,DKI5,43.0,,16.0,19.0,45.0,8.0,45.0,O3,BAIK,ispu_2020.xls,,
2020-01-21,DKI5,52.0,,18.0,21.0,41.0,8.0,52.0,PM10,SEDANG,ispu_2020.xls,,
2020-01-22,DKI5,57.0,,17.0,34.0,47.0,9.0,57.0,PM10,SEDANG,ispu_2020.xls,,
2020-01-23,DKI5,55.0,,15.0,29.0,50.0,10.0,55.0,PM10,SEDANG,ispu_2020.xls,,
2020-01-24,DKI5,46.0,,15.0,27.0,40.0,7.0,46.0,PM10,BAIK,ispu_2020.xls,,
2020-01-25,DKI5,36.0,,14.0,27.0,80.0,6.0,80.0,O3,SEDANG,ispu_2020.xls,,
2020-01-26,DKI5,57.0,,16.0,42.0,89.0,7.0,89.0,O3,SEDANG,ispu_2020.xls,,
2020-01-27,DKI5,31.0,,14.0,17.0,58.0,7.0,58.0,O3,SEDANG,ispu_2020.xls,,
2020-01-28,DKI5,65.0,,16.0,35.0,65.0,9.0,65.0,PM10,SEDANG,ispu_2020.xls,,
2020-01-29,DKI5,56.0,,17.0,25.0,73.0,5.0,73.0,O3,SEDANG,ispu_2020.xls,,
2020-01-30,DKI5,27.0,,19.0,16.0,61.0,8.0,61.0,O3,SEDANG,ispu_2020.xls,,
2020-01-31,DKI5,46.0,,16.0,24.0,44.0,7.0,46.0,PM10,BAIK,ispu_2020.xls,,
2020-02-01,DKI5,37.0,,14.0,28.0,73.0,6.0,73.0,O3,SEDANG,ispu_2020.xls,,
2020-02-02,DKI5,33.0,,16.0,27.0,64.0,7.0,64.0,O3,SEDANG,ispu_2020.xls,,
2020-02-03,DKI5,51.0,,15.0,38.0,46.0,9.0,51.0,PM10,SEDANG,ispu_2020.xls,,
2020-02-04,DKI5,34.0,,14.0,31.0,51.0,9.0,51.0,O3,SEDANG,ispu_2020.xls,,
2020-02-05,DKI5,63.0,,16.0,37.0,52.0,6.0,63.0,PM10,SEDANG,ispu_2020.xls,,
2020-02-06,DKI5,48.0,,19.0,23.0,50.0,9.0,50.0,O3,BAIK,ispu_2020.xls,,
2020-02-07,DKI5,55.0,,28.0,22.0,46.0,6.0,55.0,PM10,SEDANG,ispu_2020.xls,,
2020-02-08,DKI5,26.0,,15.0,22.0,67.0,6.0,67.0,O3,SEDANG,ispu_2020.xls,,
2020-02-09,DKI5,48.0,,15.0,24.0,50.0,6.0,50.0,O3,BAIK,ispu_2020.xls,,
2020-02-10,DKI5,34.0,,15.0,23.0,51.0,4.0,51.0,O3,SEDANG,ispu_2020.xls,,
2020-02-11,DKI5,52.0,,22.0,19.0,36.0,8.0,52.0,PM10,SEDANG,ispu_2020.xls,,
2020-02-12,DKI5,43.0,,20.0,18.0,106.0,8.0,106.0,O3,TIDAK SEHAT,ispu_2020.xls,,
2020-02-13,DKI5,44.0,,17.0,19.0,83.0,8.0,83.0,O3,SEDANG,ispu_2020.xls,,
2020-02-14,DKI5,53.0,,18.0,26.0,60.0,7.0,60.0,O3,SEDANG,ispu_2020.xls,,
2020-02-15,DKI5,72.0,,17.0,45.0,77.0,10.0,77.0,O3,SEDANG,ispu_2020.xls,,
2020-02-16,DKI5,56.0,,19.0,25.0,62.0,11.0,62.0,O3,SEDANG,ispu_2020.xls,,
2020-02-17,DKI5,24.0,,15.0,15.0,49.0,3.0,49.0,O3,BAIK,ispu_2020.xls,,
2020-02-18,DKI5,50.0,,30.0,55.0,182.0,7.0,182.0,O3,TIDAK SEHAT,ispu_2020.xls,,
2020-02-19,DKI5,48.0,,20.0,21.0,62.0,6.0,62.0,O3,SEDANG,ispu_2020.xls,,
2020-02-20,DKI5,21.0,,15.0,14.0,73.0,5.0,73.0,O3,SEDANG,ispu_2020.xls,,
2020-02-21,DKI5,34.0,,16.0,19.0,46.0,7.0,46.0,O3,BAIK,ispu_2020.xls,,
2020-02-22,DKI5,32.0,,15.0,22.0,55.0,7.0,55.0,O3,SEDANG,ispu_2020.xls,,
2020-02-23,DKI5,21.0,,15.0,12.0,88.0,3.0,88.0,O3,SEDANG,ispu_2020.xls,,
2020-02-24,DKI5,18.0,,15.0,11.0,89.0,2.0,89.0,O3,SEDANG,ispu_2020.xls,,
2020-02-25,DKI5,20.0,,14.0,15.0,83.0,5.0,83.0,O3,SEDANG,ispu_2020.xls,,
2020-02-26,DKI5,40.0,,18.0,17.0,52.0,7.0,52.0,O3,SEDANG,ispu_2020.xls,,
2020-02-27,DKI5,27.0,,,22.0,50.0,10.0,50.0,O3,BAIK,ispu_2020.xls,,
2020-02-28,DKI5,18.0,,,17.0,121.0,11.0,121.0,O3,TIDAK SEHAT,ispu_2020.xls,,
2020-02-29,DKI5,40.0,,,39.0,144.0,13.0,144.0,O3,TIDAK SEHAT,ispu_2020.xls,,
2020-04-01,DKI5,38.0,,7.0,17.0,129.0,5.0,129.0,O3,TIDAK SEHAT,ispu_2020.xls,,
2020-04-02,DKI5,34.0,,7.0,7.0,49.0,6.0,49.0,O3,BAIK,ispu_2020.xls,,
2020-04-03,DKI5,34.0,,8.0,6.0,46.0,3.0,46.0,O3,BAIK,ispu_2020.xls,,
2020-04-04,DKI5,52.0,,15.0,9.0,62.0,4.0,62.0,O3,SEDANG,ispu_2020.xls,,
2020-04-05,DKI5,49.0,,,8.0,103.0,6.0,103.0,O3,TIDAK SEHAT,ispu_2020.xls,,
2020-04-06,DKI5,50.0,,,10.0,73.0,5.0,73.0,O3,SEDANG,ispu_2020.xls,,
2020-04-07,DKI5,25.0,,,11.0,56.0,7.0,56.0,O3,SEDANG,ispu_2020.xls,,
2020-04-08,DKI5,20.0,,,5.0,69.0,3.0,69.0,O3,SEDANG,ispu_2020.xls,,
2020-04-09,DKI5,51.0,,,12.0,73.0,6.0,73.0,O3,SEDANG,ispu_2020.xls,,
2020-04-10,DKI5,60.0,,,15.0,132.0,8.0,132.0,O3,TIDAK SEHAT,ispu_2020.xls,,
2020-04-11,DKI5,41.0,,,8.0,135.0,4.0,135.0,O3,TIDAK SEHAT,ispu_2020.xls,,
2020-04-12,DKI5,68.0,,,19.0,136.0,9.0,136.0,O3,TIDAK SEHAT,ispu_2020.xls,,
2020-04-13,DKI5,36.0,,,7.0,86.0,5.0,86.0,O3,SEDANG,ispu_2020.xls,,
2020-04-14,DKI5,40.0,,,11.0,109.0,8.0,109.0,O3,TIDAK SEHAT,ispu_2020.xls,,
2020-04-15,DKI5,42.0,,,8.0,109.0,5.0,109.0,O3,TIDAK SEHAT,ispu_2020.xls,,
2020-04-16,DKI5,42.0,,,10.0,87.0,6.0,87.0,O3,SEDANG,ispu_2020.xls,,
2020-04-17,DKI5,45.0,,8.0,18.0,73.0,6.0,73.0,O3,SEDANG,ispu_2020.xls,,
2020-04-18,DKI5,53.0,,11.0,12.0,100.0,10.0,100.0,O3,SEDANG,ispu_2020.xls,,
2020-04-19,DKI5,62.0,,10.0,15.0,147.0,14.0,147.0,O3,TIDAK SEHAT,ispu_2020.xls,,
2020-04-20,DKI5,51.0,,5.0,7.0,116.0,,116.0,O3,TIDAK SEHAT,ispu_2020.xls,,
2020-04-21,DKI5,,,7.0,,59.0,8.0,59.0,O3,SEDANG,ispu_2020.xls,,
2020-04-22,DKI5,68.0,,19.0,18.0,67.0,10.0,68.0,PM10,SEDANG,ispu_2020.xls,,
2020-04-23,DKI5,43.0,,5.0,11.0,88.0,9.0,88.0,O3,SEDANG,ispu_2020.xls,,
2020-04-24,DKI5,34.0,,7.0,5.0,70.0,7.0,70.0,O3,SEDANG,ispu_2020.xls,,
2020-04-25,DKI5,49.0,,7.0,15.0,77.0,8.0,77.0,O3,SEDANG,ispu_2020.xls,,
2020-04-26,DKI5,61.0,,8.0,16.0,101.0,10.0,101.0,O3,TIDAK SEHAT,ispu_2020.xls,,
2020-04-27,DKI5,34.0,,6.0,6.0,131.0,8.0,131.0,O3,TIDAK SEHAT,ispu_2020.xls,,
2020-04-28,DKI5,46.0,,6.0,14.0,82.0,9.0,82.0,O3,SEDANG,ispu_2020.xls,,
2020-04-29,DKI5,51.0,,8.0,16.0,85.0,10.0,85.0,O3,SEDANG,ispu_2020.xls,,
2020-04-30,DKI5,69.0,,7.0,36.0,76.0,17.0,76.0,O3,SEDANG,ispu_2020.xls,,
2020-05-01,DKI5,52.0,,6.0,17.0,83.0,9.0,83.0,O3,SEDANG,ispu_2020.xls,,
2020-05-02,DKI5,33.0,,6.0,8.0,80.0,6.0,80.0,O3,SEDANG,ispu_2020.xls,,
2020-05-03,DKI5,65.0,,9.0,32.0,48.0,11.0,65.0,PM10,SEDANG,ispu_2020.xls,,
2020-05-04,DKI5,36.0,,8.0,7.0,75.0,7.0,75.0,O3,SEDANG,ispu_2020.xls,,
2020-05-05,DKI5,38.0,,9.0,7.0,73.0,9.0,73.0,O3,SEDANG,ispu_2020.xls,,
2020-05-06,DKI5,41.0,,7.0,8.0,63.0,7.0,63.0,O3,SEDANG,ispu_2020.xls,,
2020-05-07,DKI5,41.0,,7.0,14.0,69.0,8.0,69.0,O3,SEDANG,ispu_2020.xls,,
2020-05-08,DKI5,63.0,,8.0,14.0,120.0,9.0,120.0,O3,TIDAK SEHAT,ispu_2020.xls,,
2020-05-09,DKI5,53.0,,7.0,11.0,75.0,10.0,75.0,O3,SEDANG,ispu_2020.xls,,
2020-05-10,DKI5,58.0,,9.0,18.0,81.0,15.0,81.0,O3,SEDANG,ispu_2020.xls,,
2020-05-11,DKI5,41.0,,7.0,11.0,83.0,7.0,83.0,O3,SEDANG,ispu_2020.xls,,
2020-05-12,DKI5,44.0,,7.0,10.0,81.0,6.0,81.0,O3,SEDANG,ispu_2020.xls,,
2020-05-13,DKI5,37.0,,7.0,8.0,79.0,7.0,79.0,O3,SEDANG,ispu_2020.xls,,
2020-05-14,DKI5,46.0,,11.0,7.0,64.0,,64.0,O3,SEDANG,ispu_2020.xls,,
2020-05-15,DKI5,59.0,,10.0,12.0,62.0,,62.0,O3,SEDANG,ispu_2020.xls,,
2020-05-16,DKI5,55.0,,11.0,10.0,77.0,8.0,77.0,O3,SEDANG,ispu_2020.xls,,
2020-05-17,DKI5,57.0,,11.0,14.0,122.0,7.0,122.0,O3,TIDAK SEHAT,ispu_2020.xls,,
2020-05-18,DKI5,50.0,,8.0,8.0,79.0,6.0,79.0,O3,SEDANG,ispu_2020.xls,,
2020-05-19,DKI5,34.0,,9.0,13.0,119.0,9.0,119.0,O3,TIDAK SEHAT,ispu_2020.xls,,
2020-05-20,DKI5,36.0,,13.0,9.0,72.0,8.0,72.0,O3,SEDANG,ispu_2020.xls,,
2020-05-21,DKI5,20.0,,9.0,8.0,66.0,6.0,66.0,O3,SEDANG,ispu_2020.xls,,
2020-05-22,DKI5,51.0,,10.0,15.0,88.0,8.0,88.0,O3,SEDANG,ispu_2020.xls,,
2020-05-23,DKI5,36.0,,8.0,9.0,87.0,8.0,87.0,O3,SEDANG,ispu_2020.xls,,
2020-05-24,DKI5,60.0,,8.0,23.0,39.0,,60.0,PM10,SEDANG,ispu_2020.xls,,
2020-05-25,DKI5,33.0,,7.0,9.0,31.0,,33.0,PM10,BAIK,ispu_2020.xls,,
2020-05-26,DKI5,40.0,,9.0,11.0,30.0,,40.0,PM10,BAIK,ispu_2020.xls,,
2020-05-27,DKI5,24.0,,8.0,5.0,74.0,3.0,74.0,O3,SEDANG,ispu_2020.xls,,
2020-05-28,DKI5,32.0,,9.0,7.0,136.0,7.0,136.0,O3,TIDAK SEHAT,ispu_2020.xls,,
2020-05-29,DKI5,48.0,,12.0,9.0,134.0,8.0,134.0,O3,TIDAK SEHAT,ispu_2020.xls,,
2020-05-30,DKI5,48.0,,11.0,18.0,73.0,9.0,73.0,O3,SEDANG,ispu_2020.xls,,
2020-05-31,DKI5,52.0,,9.0,17.0,66.0,9.0,66.0,O3,SEDANG,ispu_2020.xls,,
2020-06-06,DKI5,59.0,,10.0,19.0,69.0,10.0,69.0,O3,SEDANG,ispu_2020.xls,duplicate_station_date_source,
2020-06-07,DKI5,51.0,,11.0,10.0,95.0,4.0,95.0,O3,SEDANG,ispu_2020.xls,,
2020-06-08,DKI5,56.0,,12.0,17.0,53.0,3.0,56.0,PM10,SEDANG,ispu_2020.xls,,
2020-06-09,DKI5,60.0,,12.0,27.0,61.0,3.0,61.0,O3,SEDANG,ispu_2020.xls,,
2020-06-10,DKI5,56.0,,12.0,24.0,61.0,6.0,61.0,O3,SEDANG,ispu_2020.xls,,
2020-06-11,DKI5,13.0,,13.0,8.0,79.0,9.0,79.0,O3,SEDANG,ispu_2020.xls,,
2020-06-12,DKI5,5.0,,11.0,8.0,97.0,8.0,97.0,O3,SEDANG,ispu_2020.xls,,
2020-06-13,DKI5,53.0,,11.0,10.0,99.0,7.0,99.0,O3,SEDANG,ispu_2020.xls,,
2020-06-14,DKI5,54.0,,12.0,12.0,97.0,8.0,97.0,O3,SEDANG,ispu_2020.xls,,
2020-06-15,DKI5,60.0,,13.0,10.0,95.0,8.0,95.0,O3,SEDANG,ispu_2020.xls,,
2020-06-16,DKI5,57.0,,17.0,10.0,59.0,9.0,59.0,O3,SEDANG,ispu_2020.xls,,
2020-06-17,DKI5,52.0,,13.0,13.0,73.0,8.0,73.0,O3,SEDANG,ispu_2020.xls,,
2020-06-18,DKI5,57.0,,15.0,14.0,79.0,9.0,79.0,O3,SEDANG,ispu_2020.xls,,
2020-06-19,DKI5,57.0,,11.0,12.0,75.0,7.0,75.0,O3,SEDANG,ispu_2020.xls,,
2020-06-20,DKI5,60.0,,12.0,19.0,92.0,13.0,92.0,O3,SEDANG,ispu_2020.xls,,
2020-06-21,DKI5,57.0,,12.0,14.0,90.0,8.0,90.0,O3,SEDANG,ispu_2020.xls,,
2020-06-22,DKI5,59.0,,15.0,12.0,65.0,9.0,65.0,O3,SEDANG,ispu_2020.xls,,
2020-06-23,DKI5,49.0,,13.0,15.0,69.0,12.0,69.0,O3,SEDANG,ispu_2020.xls,,
2020-06-24,DKI5,52.0,,11.0,11.0,85.0,13.0,85.0,O3,SEDANG,ispu_2020.xls,,
2020-06-25,DKI5,76.0,,16.0,38.0,85.0,17.0,85.0,O3,SEDANG,ispu_2020.xls,,
2020-06-26,DKI5,71.0,,14.0,23.0,97.0,13.0,97.0,O3,SEDANG,ispu_2020.xls,,
2020-06-27,DKI5,55.0,,14.0,11.0,64.0,7.0,64.0,O3,SEDANG,ispu_2020.xls,,
2020-06-28,DKI5,58.0,,16.0,10.0,71.0,7.0,71.0,O3,SEDANG,ispu_2020.xls,,
2020-06-29,DKI5,56.0,,15.0,10.0,90.0,11.0,90.0,O3,SEDANG,ispu_2020.xls,,
2020-06-30,DKI5,67.0,,15.0,16.0,86.0,10.0,86.0,O3,SEDANG,ispu_2020.xls,,
2020-07-01,DKI5,55.0,,15.0,9.0,94.0,9.0,94.0,O3,SEDANG,ispu_2020.xls,,
2020-07-02,DKI5,63.0,,15.0,15.0,71.0,11.0,71.0,O3,SEDANG,ispu_2020.xls,,
2020-07-03,DKI5,52.0,,15.0,17.0,54.0,14.0,54.0,O3,SEDANG,ispu_2020.xls,,
2020-07-04,DKI5,53.0,,14.0,13.0,71.0,10.0,71.0,O3,SEDANG,ispu_2020.xls,,
2020-07-05,DKI5,51.0,,17.0,10.0,55.0,8.0,55.0,O3,SEDANG,ispu_2020.xls,,
2020-07-06,DKI5,47.0,,18.0,11.0,66.0,7.0,66.0,O3,SEDANG,ispu_2020.xls,,
2020-07-07,DKI5,42.0,,20.0,11.0,63.0,12.0,63.0,O3,SEDANG,ispu_2020.xls,,
2020-07-08,DKI5,53.0,,17.0,12.0,90.0,5.0,90.0,O3,SEDANG,ispu_2020.xls,,
2020-07-09,DKI5,50.0,,14.0,14.0,81.0,7.0,81.0,O3,SEDANG,ispu_2020.xls,,
2020-07-10,DKI5,58.0,,17.0,11.0,100.0,7.0,100.0,O3,SEDANG,ispu_2020.xls,,
2020-07-11,DKI5,71.0,,15.0,19.0,88.0,10.0,88.0,O3,SEDANG,ispu_2020.xls,,
2020-07-12,DKI5,,,14.0,20.0,79.0,7.0,79.0,O3,SEDANG,ispu_2020.xls,,
2020-07-13,DKI5,,,18.0,10.0,53.0,5.0,53.0,O3,SEDANG,ispu_2020.xls,,
2020-07-14,DKI5,58.0,,21.0,11.0,71.0,6.0,71.0,O3,SEDANG,ispu_2020.xls,,
2020-07-15,DKI5,48.0,,14.0,9.0,49.0,5.0,49.0,O3,BAIK,ispu_2020.xls,,
2020-07-16,DKI5,36.0,,17.0,8.0,52.0,5.0,52.0,O3,SEDANG,ispu_2020.xls,,
2020-07-17,DKI5,48.0,,19.0,11.0,68.0,7.0,68.0,O3,SEDANG,ispu_2020.xls,,
2020-07-18,DKI5,52.0,,16.0,11.0,84.0,6.0,84.0,O3,SEDANG,ispu_2020.xls,,
2020-07-19,DKI5,63.0,,15.0,19.0,90.0,6.0,90.0,O3,SEDANG,ispu_2020.xls,,
2020-07-20,DKI5,60.0,,14.0,13.0,119.0,5.0,119.0,O3,TIDAK SEHAT,ispu_2020.xls,,
2020-07-21,DKI5,87.0,,15.0,48.0,95.0,11.0,95.0,O3,SEDANG,ispu_2020.xls,,
2020-07-22,DKI5,50.0,,15.0,12.0,75.0,6.0,75.0,O3,SEDANG,ispu_2020.xls,,
2020-07-23,DKI5,63.0,,15.0,15.0,130.0,6.0,130.0,O3,TIDAK SEHAT,ispu_2020.xls,,
2020-07-24,DKI5,67.0,,15.0,18.0,98.0,6.0,98.0,O3,SEDANG,ispu_2020.xls,,
2020-07-25,DKI5,59.0,,15.0,10.0,92.0,5.0,92.0,O3,SEDANG,ispu_2020.xls,,
2020-07-26,DKI5,56.0,,17.0,9.0,65.0,6.0,65.0,O3,SEDANG,ispu_2020.xls,,
2020-07-27,DKI5,53.0,,19.0,11.0,89.0,6.0,89.0,O3,SEDANG,ispu_2020.xls,,
2020-07-28,DKI5,70.0,,18.0,21.0,160.0,10.0,160.0,O3,TIDAK SEHAT,ispu_2020.xls,,
2020-07-29,DKI5,67.0,,18.0,17.0,164.0,12.0,164.0,O3,TIDAK SEHAT,ispu_2020.xls,,
2020-07-30,DKI5,66.0,,17.0,13.0,91.0,5.0,91.0,O3,SEDANG,ispu_2020.xls,,
2020-07-31,DKI5,47.0,,17.0,10.0,82.0,5.0,82.0,O3,SEDANG,ispu_2020.xls,,
2020-08-01,DKI5,63.0,,16.0,16.0,134.0,8.0,134.0,O3,TIDAK SEHAT,ispu_2020.xls,,
2020-08-02,DKI5,77.0,,18.0,24.0,92.0,11.0,92.0,O3,SEDANG,ispu_2020.xls,,
2020-08-03,DKI5,69.0,,17.0,19.0,90.0,8.0,90.0,O3,SEDANG,ispu_2020.xls,,
2020-08-04,DKI5,54.0,,18.0,12.0,91.0,8.0,91.0,O3,SEDANG,ispu_2020.xls,,
2020-08-05,DKI5,64.0,,19.0,14.0,84.0,6.0,84.0,O3,SEDANG,ispu_2020.xls,,
2020-08-06,DKI5,63.0,,21.0,15.0,108.0,6.0,108.0,O3,TIDAK SEHAT,ispu_2020.xls,,
2020-08-07,DKI5,58.0,,19.0,11.0,119.0,5.0,119.0,O3,TIDAK SEHAT,ispu_2020.xls,,
2020-08-08,DKI5,61.0,,17.0,14.0,79.0,5.0,79.0,O3,SEDANG,ispu_2020.xls,,
2020-08-09,DKI5,50.0,,15.0,11.0,82.0,5.0,82.0,O3,SEDANG,ispu_2020.xls,,
2020-08-10,DKI5,55.0,,18.0,18.0,76.0,7.0,76.0,O3,SEDANG,ispu_2020.xls,,
2020-08-11,DKI5,55.0,,20.0,11.0,78.0,7.0,78.0,O3,SEDANG,ispu_2020.xls,,
2020-08-12,DKI5,62.0,,17.0,32.0,68.0,11.0,68.0,O3,SEDANG,ispu_2020.xls,,
2020-08-13,DKI5,54.0,,16.0,16.0,58.0,7.0,58.0,O3,SEDANG,ispu_2020.xls,,
2020-08-14,DKI5,41.0,,16.0,17.0,68.0,11.0,68.0,O3,SEDANG,ispu_2020.xls,,
2020-08-15,DKI5,57.0,,16.0,23.0,59.0,11.0,59.0,O3,SEDANG,ispu_2020.xls,,
2020-08-16,DKI5,51.0,,17.0,17.0,65.0,5.0,65.0,O3,SEDANG,ispu_2020.xls,,
2020-08-17,DKI5,46.0,,16.0,11.0,67.0,4.0,67.0,O3,SEDANG,ispu_2020.xls,,
2020-08-18,DKI5,57.0,,17.0,18.0,99.0,7.0,99.0,O3,SEDANG,ispu_2020.xls,,
2020-08-19,DKI5,64.0,,17.0,29.0,66.0,10.0,66.0,O3,SEDANG,ispu_2020.xls,,
2020-08-20,DKI5,53.0,,18.0,12.0,55.0,6.0,55.0,O3,SEDANG,ispu_2020.xls,,
2020-08-21,DKI5,34.0,,18.0,5.0,58.0,4.0,58.0,O3,SEDANG,ispu_2020.xls,,
2020-08-22,DKI5,53.0,,20.0,12.0,63.0,5.0,63.0,O3,SEDANG,ispu_2020.xls,,
2020-08-23,DKI5,64.0,,19.0,27.0,88.0,8.0,88.0,O3,SEDANG,ispu_2020.xls,,
2020-08-24,DKI5,61.0,,18.0,17.0,68.0,6.0,68.0,O3,SEDANG,ispu_2020.xls,,
2020-08-25,DKI5,58.0,,20.0,13.0,75.0,6.0,75.0,O3,SEDANG,ispu_2020.xls,,
2020-08-26,DKI5,51.0,,20.0,9.0,100.0,4.0,100.0,O3,SEDANG,ispu_2020.xls,,
2020-08-27,DKI5,51.0,,19.0,8.0,80.0,4.0,80.0,O3,SEDANG,ispu_2020.xls,,
2020-08-28,DKI5,57.0,,18.0,15.0,67.0,9.0,67.0,O3,SEDANG,ispu_2020.xls,,
2020-08-29,DKI5,54.0,,19.0,12.0,71.0,6.0,71.0,O3,SEDANG,ispu_2020.xls,,
2020-08-30,DKI5,55.0,,21.0,14.0,79.0,6.0,79.0,O3,SEDANG,ispu_2020.xls,,
2020-08-31,DKI5,57.0,,20.0,12.0,134.0,7.0,134.0,O3,TIDAK SEHAT,ispu_2020.xls,,
2020-09-01,DKI5,60.0,,20.0,12.0,88.0,6.0,88.0,CO,SEDANG,ispu_2020.xls,,
2020-09-02,DKI5,56.0,,19.0,12.0,92.0,10.0,92.0,CO,SEDANG,ispu_2020.xls,,
2020-09-03,DKI5,57.0,,20.0,14.0,90.0,7.0,90.0,CO,SEDANG,ispu_2020.xls,,
2020-09-04,DKI5,58.0,,18.0,13.0,56.0,5.0,58.0,PM10,SEDANG,ispu_2020.xls,,
2020-09-05,DKI5,58.0,,18.0,11.0,123.0,5.0,123.0,CO,TIDAK SEHAT,ispu_2020.xls,,
2020-09-06,DKI5,58.0,,19.0,14.0,140.0,7.0,140.0,CO,TIDAK SEHAT,ispu_2020.xls,,
2020-09-07,DKI5,62.0,,25.0,9.0,113.0,5.0,113.0,CO,TIDAK SEHAT,ispu_2020.xls,,
2020-09-08,DKI5,53.0,,20.0,9.0,78.0,5.0,78.0,CO,SEDANG,ispu_2020.xls,,
2020-09-09,DKI5,53.0,,22.0,9.0,65.0,5.0,65.0,CO,SEDANG,ispu_2020.xls,,
2020-09-10,DKI5,57.0,,18.0,10.0,141.0,4.0,141.0,CO,TIDAK SEHAT,ispu_2020.xls,,
2020-09-11,DKI5,64.0,,18.0,20.0,109.0,8.0,109.0,CO,TIDAK SEHAT,ispu_2020.xls,,
2020-09-12,DKI5,62.0,,18.0,12.0,128.0,6.0,128.0,CO,TIDAK SEHAT,ispu_2020.xls,,
2020-09-13,DKI5,55.0,,19.0,9.0,109.0,4.0,109.0,CO,TIDAK SEHAT,ispu_2020.xls,,
2020-09-14,DKI5,53.0,,20.0,9.0,85.0,5.0,85.0,CO,SEDANG,ispu_2020.xls,,
2020-09-15,DKI5,46.0,,19.0,11.0,99.0,6.0,99.0,CO,SEDANG,ispu_2020.xls,,
2020-09-16,DKI5,50.0,,18.0,12.0,117.0,8.0,117.0,CO,TIDAK SEHAT,ispu_2020.xls,,
2020-09-17,DKI5,43.0,,20.0,7.0,86.0,4.0,86.0,CO,SEDANG,ispu_2020.xls,,
2020-09-18,DKI5,60.0,,19.0,16.0,60.0,8.0,60.0,PM10,SEDANG,ispu_2020.xls,,
2020-09-19,DKI5,54.0,,21.0,10.0,96.0,5.0,96.0,CO,SEDANG,ispu_2020.xls,,
2020-09-20,DKI5,39.0,,21.0,6.0,38.0,6.0,39.0,PM10,BAIK,ispu_2020.xls,,
2020-09-21,DKI5,42.0,,19.0,18.0,91.0,4.0,91.0,CO,SEDANG,ispu_2020.xls,,
2020-09-22,DKI5,36.0,,17.0,10.0,84.0,8.0,84.0,CO,SEDANG,ispu_2020.xls,,
2020-09-23,DKI5,54.0,,21.0,22.0,162.0,7.0,162.0,CO,TIDAK SEHAT,ispu_2020.xls,,
2020-09-24,DKI5,55.0,,20.0,12.0,111.0,7.0,111.0,CO,TIDAK SEHAT,ispu_2020.xls,,
2020-09-25,DKI5,65.0,,23.0,16.0,108.0,8.0,108.0,CO,TIDAK SEHAT,ispu_2020.xls,,
2020-09-26,DKI5,66.0,,20.0,18.0,118.0,8.0,118.0,CO,TIDAK SEHAT,ispu_2020.xls,,
2020-09-27,DKI5,61.0,,19.0,17.0,98.0,8.0,98.0,CO,SEDANG,ispu_2020.xls,,
2020-09-28,DKI5,41.0,,19.0,9.0,97.0,5.0,97.0,CO,SEDANG,ispu_2020.xls,,
2020-09-29,DKI5,53.0,,21.0,13.0,94.0,6.0,94.0,CO,SEDANG,ispu_2020.xls,,
2020-09-30,DKI5,54.0,,21.0,14.0,78.0,7.0,78.0,CO,SEDANG,ispu_2020.xls,,
2020-10-01,DKI5,53.0,,13.0,73.0,7.0,73.0,4.0,CO,SEDANG,ispu_2020.xls,anomaly_ispu_transition_2020,
2020-10-02,DKI5,56.0,,15.0,87.0,7.0,87.0,4.0,CO,SEDANG,ispu_2020.xls,anomaly_ispu_transition_2020,
2020-10-03,DKI5,50.0,,15.0,80.0,7.0,80.0,4.0,CO,SEDANG,ispu_2020.xls,anomaly_ispu_transition_2020,
2020-10-04,DKI5,54.0,,17.0,108.0,6.0,108.0,4.0,CO,TIDAK SEHAT,ispu_2020.xls,anomaly_ispu_transition_2020,
2020-10-05,DKI5,30.0,,6.0,109.0,4.0,109.0,4.0,CO,TIDAK SEHAT,ispu_2020.xls,anomaly_ispu_transition_2020,
2020-10-06,DKI5,40.0,,6.0,91.0,3.0,91.0,4.0,CO,SEDANG,ispu_2020.xls,anomaly_ispu_transition_2020,
2020-10-07,DKI5,41.0,,8.0,127.0,5.0,127.0,4.0,CO,TIDAK SEHAT,ispu_2020.xls,anomaly_ispu_transition_2020,
2020-10-08,DKI5,38.0,,8.0,117.0,5.0,117.0,4.0,CO,TIDAK SEHAT,ispu_2020.xls,anomaly_ispu_transition_2020,
2020-10-09,DKI5,46.0,,9.0,105.0,5.0,105.0,4.0,CO,TIDAK SEHAT,ispu_2020.xls,anomaly_ispu_transition_2020,
2020-10-10,DKI5,54.0,,14.0,80.0,8.0,80.0,4.0,CO,SEDANG,ispu_2020.xls,anomaly_ispu_transition_2020,
2020-10-11,DKI5,42.0,,12.0,91.0,7.0,91.0,4.0,CO,SEDANG,ispu_2020.xls,anomaly_ispu_transition_2020,
2020-10-12,DKI5,58.0,,15.0,135.0,5.0,135.0,4.0,CO,TIDAK SEHAT,ispu_2020.xls,anomaly_ispu_transition_2020,
2020-10-13,DKI5,59.0,,15.0,130.0,11.0,130.0,4.0,CO,TIDAK SEHAT,ispu_2020.xls,anomaly_ispu_transition_2020,
2020-10-14,DKI5,65.0,,22.0,115.0,10.0,115.0,4.0,CO,TIDAK SEHAT,ispu_2020.xls,anomaly_ispu_transition_2020,
2020-10-15,DKI5,59.0,,12.0,98.0,10.0,98.0,4.0,CO,SEDANG,ispu_2020.xls,anomaly_ispu_transition_2020,
2020-10-16,DKI5,54.0,,11.0,134.0,5.0,134.0,4.0,CO,TIDAK SEHAT,ispu_2020.xls,anomaly_ispu_transition_2020,
2020-10-17,DKI5,50.0,,20.0,99.0,9.0,99.0,4.0,CO,SEDANG,ispu_2020.xls,anomaly_ispu_transition_2020,
2020-10-18,DKI5,49.0,,13.0,67.0,6.0,67.0,4.0,CO,SEDANG,ispu_2020.xls,anomaly_ispu_transition_2020,
2020-10-19,DKI5,52.0,,13.0,76.0,6.0,76.0,4.0,CO,SEDANG,ispu_2020.xls,anomaly_ispu_transition_2020,
2020-10-20,DKI5,56.0,,22.0,77.0,9.0,77.0,4.0,CO,SEDANG,ispu_2020.xls,anomaly_ispu_transition_2020,
2020-10-21,DKI5,52.0,,14.0,86.0,8.0,86.0,4.0,CO,SEDANG,ispu_2020.xls,anomaly_ispu_transition_2020,
2020-10-22,DKI5,44.0,,19.0,57.0,8.0,57.0,4.0,CO,SEDANG,ispu_2020.xls,anomaly_ispu_transition_2020,
2020-10-23,DKI5,24.0,,6.0,26.0,3.0,26.0,4.0,CO,BAIK,ispu_2020.xls,anomaly_ispu_transition_2020,
2020-10-24,DKI5,44.0,,13.0,83.0,5.0,83.0,4.0,CO,SEDANG,ispu_2020.xls,anomaly_ispu_transition_2020,
2020-10-25,DKI5,40.0,,13.0,61.0,8.0,61.0,4.0,CO,SEDANG,ispu_2020.xls,anomaly_ispu_transition_2020,
2020-10-26,DKI5,43.0,,11.0,123.0,8.0,123.0,4.0,CO,TIDAK SEHAT,ispu_2020.xls,anomaly_ispu_transition_2020,
2020-10-27,DKI5,32.0,,17.0,79.0,8.0,79.0,4.0,CO,SEDANG,ispu_2020.xls,anomaly_ispu_transition_2020,
2020-10-28,DKI5,52.0,,38.0,117.0,12.0,117.0,4.0,CO,TIDAK SEHAT,ispu_2020.xls,anomaly_ispu_transition_2020,
2020-10-29,DKI5,45.0,,14.0,70.0,9.0,70.0,4.0,CO,SEDANG,ispu_2020.xls,anomaly_ispu_transition_2020,
2020-10-30,DKI5,53.0,,19.0,49.0,7.0,53.0,1.0,PM10,SEDANG,ispu_2020.xls,anomaly_ispu_transition_2020,
2020-10-31,DKI5,34.0,,8.0,79.0,5.0,79.0,4.0,CO,SEDANG,ispu_2020.xls,anomaly_ispu_transition_2020,
2020-11-11,DKI5,50.0,,22.0,26.0,45.0,8.0,50.0,PM10,BAIK,ispu_2020.xls,duplicate_station_date_source|anomaly_ispu_transition_2020,
2020-11-13,DKI5,43.0,,28.0,7.0,50.0,7.0,50.0,CO,BAIK,ispu_2020.xls,anomaly_ispu_transition_2020,
2020-11-14,DKI5,50.0,,24.0,14.0,135.0,6.0,135.0,CO,TIDAK SEHAT,ispu_2020.xls,anomaly_ispu_transition_2020,
2020-11-15,DKI5,47.0,,25.0,11.0,55.0,7.0,55.0,CO,SEDANG,ispu_2020.xls,anomaly_ispu_transition_2020,
2020-11-16,DKI5,43.0,,27.0,9.0,64.0,8.0,64.0,CO,SEDANG,ispu_2020.xls,anomaly_ispu_transition_2020,
2020-11-17,DKI5,58.0,,24.0,14.0,78.0,7.0,78.0,CO,SEDANG,ispu_2020.xls,anomaly_ispu_transition_2020,
2020-11-18,DKI5,55.0,,25.0,11.0,104.0,6.0,104.0,CO,TIDAK SEHAT,ispu_2020.xls,anomaly_ispu_transition_2020,
2020-11-19,DKI5,59.0,,24.0,22.0,115.0,11.0,115.0,CO,TIDAK SEHAT,ispu_2020.xls,anomaly_ispu_transition_2020,
2020-11-20,DKI5,49.0,,28.0,8.0,55.0,7.0,55.0,CO,SEDANG,ispu_2020.xls,anomaly_ispu_transition_2020,
2020-11-21,DKI5,55.0,,24.0,22.0,60.0,8.0,60.0,CO,SEDANG,ispu_2020.xls,anomaly_ispu_transition_2020,
2020-11-22,DKI5,51.0,,23.0,21.0,50.0,8.0,51.0,PM10,SEDANG,ispu_2020.xls,anomaly_ispu_transition_2020,
2020-11-23,DKI5,61.0,,32.0,19.0,69.0,9.0,69.0,CO,SEDANG,ispu_2020.xls,anomaly_ispu_transition_2020,
2020-11-24,DKI5,36.0,,25.0,9.0,71.0,4.0,71.0,CO,SEDANG,ispu_2020.xls,anomaly_ispu_transition_2020,
2020-11-25,DKI5,30.0,,24.0,12.0,49.0,10.0,49.0,CO,BAIK,ispu_2020.xls,anomaly_ispu_transition_2020,
2020-11-26,DKI5,37.0,,27.0,14.0,66.0,10.0,66.0,CO,SEDANG,ispu_2020.xls,anomaly_ispu_transition_2020,
2020-11-27,DKI5,33.0,,25.0,6.0,50.0,4.0,50.0,CO,BAIK,ispu_2020.xls,anomaly_ispu_transition_2020,
2020-11-28,DKI5,36.0,,27.0,11.0,84.0,9.0,84.0,CO,SEDANG,ispu_2020.xls,anomaly_ispu_transition_2020,
2020-11-29,DKI5,30.0,,23.0,8.0,29.0,3.0,30.0,PM10,BAIK,ispu_2020.xls,anomaly_ispu_transition_2020,
2020-11-30,DKI5,13.0,,23.0,4.0,30.0,2.0,30.0,CO,BAIK,ispu_2020.xls,anomaly_ispu_transition_2020,
2020-12-01,DKI5,13.0,,23.0,4.0,28.0,,28.0,CO,BAIK,ispu_2020.xls,anomaly_ispu_transition_2020,
2020-12-02,DKI5,23.0,,26.0,5.0,46.0,3.0,46.0,CO,BAIK,ispu_2020.xls,anomaly_ispu_transition_2020,
2020-12-03,DKI5,25.0,,28.0,7.0,67.0,4.0,67.0,CO,SEDANG,ispu_2020.xls,anomaly_ispu_transition_2020,
2020-12-04,DKI5,34.0,,37.0,8.0,56.0,9.0,56.0,CO,SEDANG,ispu_2020.xls,anomaly_ispu_transition_2020,
2020-12-05,DKI5,25.0,,30.0,5.0,48.0,2.0,48.0,CO,BAIK,ispu_2020.xls,anomaly_ispu_transition_2020,
2020-12-06,DKI5,25.0,,29.0,9.0,26.0,4.0,29.0,PM25,BAIK,ispu_2020.xls,anomaly_ispu_transition_2020,
2020-12-07,DKI5,17.0,,31.0,5.0,26.0,4.0,31.0,PM25,BAIK,ispu_2020.xls,anomaly_ispu_transition_2020,
2020-12-08,DKI5,35.0,,38.0,11.0,25.0,4.0,38.0,PM25,BAIK,ispu_2020.xls,anomaly_ispu_transition_2020,
2020-12-09,DKI5,27.0,,31.0,4.0,25.0,3.0,31.0,PM25,BAIK,ispu_2020.xls,anomaly_ispu_transition_2020,
2020-12-10,DKI5,30.0,,41.0,5.0,33.0,2.0,41.0,PM25,BAIK,ispu_2020.xls,anomaly_ispu_transition_2020,
2020-12-11,DKI5,34.0,,37.0,10.0,32.0,7.0,37.0,PM25,BAIK,ispu_2020.xls,anomaly_ispu_transition_2020,
2020-12-12,DKI5,22.0,,26.0,7.0,34.0,,34.0,CO,BAIK,ispu_2020.xls,anomaly_ispu_transition_2020,
2020-12-13,DKI5,25.0,,31.0,5.0,33.0,3.0,33.0,CO,BAIK,ispu_2020.xls,anomaly_ispu_transition_2020,
2020-12-14,DKI5,20.0,,26.0,7.0,40.0,,40.0,CO,BAIK,ispu_2020.xls,anomaly_ispu_transition_2020,
2020-12-15,DKI5,22.0,,26.0,5.0,31.0,3.0,31.0,CO,BAIK,ispu_2020.xls,anomaly_ispu_transition_2020,
2020-12-16,DKI5,15.0,,26.0,4.0,28.0,,28.0,CO,BAIK,ispu_2020.xls,,
2020-12-17,DKI5,20.0,,34.0,4.0,39.0,3.0,39.0,CO,BAIK,ispu_2020.xls,,
2020-12-18,DKI5,16.0,,30.0,4.0,38.0,3.0,38.0,CO,BAIK,ispu_2020.xls,,
2020-12-19,DKI5,21.0,,28.0,5.0,29.0,3.0,29.0,CO,BAIK,ispu_2020.xls,,
2020-12-20,DKI5,28.0,,33.0,6.0,20.0,3.0,33.0,PM25,BAIK,ispu_2020.xls,,
2020-12-21,DKI5,12.0,,26.0,4.0,18.0,,26.0,PM25,BAIK,ispu_2020.xls,,
2020-12-22,DKI5,19.0,,29.0,5.0,39.0,2.0,39.0,CO,BAIK,ispu_2020.xls,,
2020-12-23,DKI5,32.0,,30.0,9.0,34.0,3.0,34.0,CO,BAIK,ispu_2020.xls,,
2020-12-24,DKI5,29.0,,31.0,9.0,28.0,2.0,31.0,PM25,BAIK,ispu_2020.xls,,
2020-12-25,DKI5,24.0,,27.0,7.0,18.0,3.0,27.0,PM25,BAIK,ispu_2020.xls,,
2020-12-26,DKI5,17.0,,33.0,4.0,26.0,,33.0,PM25,BAIK,ispu_2020.xls,,
2020-12-27,DKI5,18.0,,32.0,4.0,41.0,,41.0,CO,BAIK,ispu_2020.xls,,
2020-12-28,DKI5,22.0,,33.0,5.0,35.0,3.0,35.0,CO,BAIK,ispu_2020.xls,,
2020-12-29,DKI5,15.0,,28.0,4.0,27.0,,28.0,PM25,BAIK,ispu_2020.xls,,
2020-12-30,DKI5,16.0,,7.0,3.0,21.0,2.0,21.0,CO,BAIK,ispu_2020.xls,,
2020-12-31,DKI5,18.0,,13.0,6.0,24.0,3.0,24.0,CO,BAIK,ispu_2020.xls,,
2021-01-01,DKI5,37.0,,20.0,12.0,25.0,4.0,37.0,PM10,BAIK,ispu_2021.csv,,
2021-01-02,DKI5,33.0,,18.0,20.0,64.0,6.0,64.0,CO,SEDANG,ispu_2021.csv,,
2021-01-03,DKI5,42.0,,15.0,10.0,62.0,3.0,62.0,CO,SEDANG,ispu_2021.csv,,
2021-01-04,DKI5,27.0,,14.0,7.0,31.0,4.0,31.0,CO,BAIK,ispu_2021.csv,,
2021-01-05,DKI5,41.0,,15.0,9.0,28.0,,41.0,PM10,BAIK,ispu_2021.csv,,
2021-01-06,DKI5,33.0,,12.0,19.0,46.0,,46.0,CO,BAIK,ispu_2021.csv,,
2021-01-07,DKI5,27.0,,13.0,11.0,36.0,,36.0,CO,BAIK,ispu_2021.csv,,
2021-01-08,DKI5,36.0,,18.0,19.0,28.0,,36.0,PM10,BAIK,ispu_2021.csv,,
2021-01-09,DKI5,46.0,,17.0,26.0,27.0,12.0,46.0,PM10,BAIK,ispu_2021.csv,,
2021-01-10,DKI5,19.0,,20.0,8.0,34.0,5.0,34.0,CO,BAIK,ispu_2021.csv,,
2021-01-11,DKI5,33.0,,21.0,10.0,34.0,9.0,34.0,CO,BAIK,ispu_2021.csv,,
2021-01-12,DKI5,25.0,,22.0,6.0,38.0,6.0,38.0,CO,BAIK,ispu_2021.csv,,
2021-01-13,DKI5,25.0,,20.0,5.0,27.0,9.0,27.0,CO,BAIK,ispu_2021.csv,,
2021-01-14,DKI5,32.0,,17.0,8.0,36.0,7.0,36.0,CO,BAIK,ispu_2021.csv,,
2021-01-15,DKI5,52.0,,15.0,15.0,41.0,7.0,52.0,PM10,SEDANG,ispu_2021.csv,,
2021-01-16,DKI5,,,18.0,12.0,37.0,8.0,37.0,CO,BAIK,ispu_2021.csv,,
2021-01-17,DKI5,,,20.0,15.0,32.0,9.0,32.0,CO,BAIK,ispu_2021.csv,,
2021-01-18,DKI5,,,22.0,8.0,31.0,4.0,31.0,CO,BAIK,ispu_2021.csv,,
2021-01-19,DKI5,29.0,,14.0,6.0,35.0,5.0,35.0,CO,BAIK,ispu_2021.csv,,
2021-01-20,DKI5,30.0,,15.0,7.0,33.0,,33.0,CO,BAIK,ispu_2021.csv,,
2021-01-21,DKI5,43.0,,16.0,15.0,37.0,8.0,43.0,PM10,BAIK,ispu_2021.csv,,
2021-01-22,DKI5,45.0,,21.0,13.0,40.0,15.0,45.0,PM10,BAIK,ispu_2021.csv,,
2021-01-23,DKI5,80.0,,22.0,44.0,44.0,22.0,80.0,PM10,SEDANG,ispu_2021.csv,,
2021-01-24,DKI5,27.0,,14.0,9.0,29.0,,29.0,CO,BAIK,ispu_2021.csv,,
2021-01-25,DKI5,55.0,,19.0,29.0,67.0,13.0,67.0,CO,SEDANG,ispu_2021.csv,,
2021-01-26,DKI5,57.0,,21.0,23.0,36.0,16.0,57.0,PM10,SEDANG,ispu_2021.csv,,
2021-01-27,DKI5,15.0,,16.0,5.0,20.0,,20.0,CO,BAIK,ispu_2021.csv,,
2021-01-28,DKI5,28.0,,19.0,11.0,28.0,,28.0,PM10,BAIK,ispu_2021.csv,,
2021-01-29,DKI5,30.0,,22.0,10.0,32.0,11.0,32.0,CO,BAIK,ispu_2021.csv,,
2021-01-30,DKI5,24.0,,17.0,8.0,27.0,10.0,27.0,CO,BAIK,ispu_2021.csv,,
2021-01-31,DKI5,41.0,,17.0,19.0,29.0,8.0,41.0,PM10,BAIK,ispu_2021.csv,,
2021-02-01,DKI5,70.0,126.0,29.0,26.0,15.0,34.0,126.0,PM25,TIDAK SEHAT,ispu_2021.csv,,
2021-02-02,DKI5,,55.0,28.0,9.0,14.0,25.0,55.0,PM25,SEDANG,ispu_2021.csv,,
2021-02-03,DKI5,23.0,40.0,27.0,5.0,16.0,10.0,40.0,PM25,BAIK,ispu_2021.csv,,
2021-02-04,DKI5,32.0,59.0,28.0,9.0,14.0,17.0,59.0,PM25,SEDANG,ispu_2021.csv,,
2021-02-05,DKI5,,48.0,28.0,8.0,14.0,35.0,48.0,PM25,BAIK,ispu_2021.csv,,
2021-02-06,DKI5,,34.0,21.0,4.0,24.0,6.0,34.0,PM25,BAIK,ispu_2021.csv,,
2021-02-07,DKI5,,29.0,22.0,5.0,20.0,7.0,29.0,PM25,BAIK,ispu_2021.csv,,
2021-02-08,DKI5,,41.0,23.0,6.0,17.0,11.0,41.0,PM25,BAIK,ispu_2021.csv,,
2021-02-09,DKI5,,57.0,31.0,9.0,15.0,21.0,57.0,PM25,SEDANG,ispu_2021.csv,,
2021-02-10,DKI5,31.0,52.0,27.0,7.0,13.0,11.0,52.0,PM25,SEDANG,ispu_2021.csv,,
2021-02-11,DKI5,23.0,50.0,36.0,6.0,10.0,13.0,50.0,PM25,BAIK,ispu_2021.csv,,
2021-02-12,DKI5,35.0,65.0,38.0,11.0,11.0,42.0,65.0,PM25,SEDANG,ispu_2021.csv,,
2021-02-13,DKI5,27.0,55.0,27.0,5.0,20.0,8.0,55.0,PM25,SEDANG,ispu_2021.csv,,
2021-02-14,DKI5,36.0,61.0,24.0,9.0,20.0,11.0,61.0,PM25,SEDANG,ispu_2021.csv,,
2021-02-15,DKI5,32.0,56.0,24.0,10.0,18.0,17.0,56.0,PM25,SEDANG,ispu_2021.csv,,
2021-02-16,DKI5,24.0,35.0,21.0,7.0,22.0,9.0,35.0,PM25,BAIK,ispu_2021.csv,,
2021-02-17,DKI5,44.0,71.0,33.0,25.0,14.0,37.0,71.0,PM25,SEDANG,ispu_2021.csv,,
2021-02-18,DKI5,38.0,60.0,41.0,8.0,17.0,17.0,60.0,PM25,SEDANG,ispu_2021.csv,,
2021-02-19,DKI5,27.0,52.0,24.0,16.0,14.0,33.0,52.0,PM25,SEDANG,ispu_2021.csv,,
2021-02-20,DKI5,32.0,52.0,22.0,10.0,21.0,15.0,52.0,PM25,SEDANG,ispu_2021.csv,,
2021-02-21,DKI5,29.0,52.0,22.0,8.0,18.0,12.0,52.0,PM25,SEDANG,ispu_2021.csv,,
2021-02-22,DKI5,56.0,92.0,25.0,20.0,16.0,40.0,92.0,PM25,SEDANG,ispu_2021.csv,,
2021-02-23,DKI5,49.0,77.0,28.0,8.0,21.0,12.0,77.0,PM25,SEDANG,ispu_2021.csv,,
2021-02-24,DKI5,24.0,40.0,28.0,4.0,11.0,7.0,40.0,PM25,BAIK,ispu_2021.csv,,
2021-02-25,DKI5,28.0,52.0,31.0,7.0,13.0,23.0,52.0,PM25,SEDANG,ispu_2021.csv,,
2021-02-26,DKI5,24.0,49.0,21.0,7.0,22.0,18.0,49.0,PM25,BAIK,ispu_2021.csv,,
2021-02-27,DKI5,39.0,64.0,27.0,10.0,25.0,24.0,64.0,PM25,SEDANG,ispu_2021.csv,,
2021-02-28,DKI5,50.0,77.0,22.0,9.0,22.0,13.0,77.0,PM25,SEDANG,ispu_2021.csv,,
2021-03-01,DKI5,29.0,60.0,23.0,7.0,16.0,12.0,60.0,PM25,SEDANG,ispu_2021.csv,,
2021-03-02,DKI5,35.0,65.0,23.0,11.0,22.0,17.0,65.0,PM25,SEDANG,ispu_2021.csv,,
2021-03-03,DKI5,49.0,79.0,24.0,13.0,20.0,21.0,79.0,PM25,SEDANG,ispu_2021.csv,,
2021-03-04,DKI5,,,,,,,0.0,,TIDAK ADA DATA,ispu_2021.csv,,
2021-03-05,DKI5,43.0,75.0,26.0,14.0,20.0,28.0,75.0,PM25,SEDANG,ispu_2021.csv,,
2021-03-06,DKI5,53.0,88.0,25.0,25.0,16.0,42.0,88.0,PM25,SEDANG,ispu_2021.csv,,
2021-03-07,DKI5,59.0,103.0,30.0,18.0,22.0,26.0,103.0,PM25,TIDAK SEHAT,ispu_2021.csv,,
2021-03-08,DKI5,45.0,67.0,27.0,12.0,11.0,22.0,67.0,PM25,SEDANG,ispu_2021.csv,,
2021-03-09,DKI5,35.0,62.0,31.0,7.0,12.0,16.0,62.0,PM25,SEDANG,ispu_2021.csv,,
2021-03-10,DKI5,53.0,91.0,27.0,21.0,17.0,39.0,91.0,PM25,SEDANG,ispu_2021.csv,,
2021-03-11,DKI5,,41.0,20.0,5.0,22.0,8.0,41.0,PM25,BAIK,ispu_2021.csv,,
2021-03-12,DKI5,,70.0,32.0,10.0,20.0,17.0,70.0,PM25,SEDANG,ispu_2021.csv,,
2021-03-13,DKI5,35.0,62.0,33.0,6.0,19.0,10.0,62.0,PM25,SEDANG,ispu_2021.csv,,
2021-03-14,DKI5,44.0,72.0,27.0,11.0,13.0,21.0,72.0,PM25,SEDANG,ispu_2021.csv,,
2021-03-15,DKI5,55.0,92.0,34.0,17.0,18.0,33.0,92.0,PM25,SEDANG,ispu_2021.csv,,
2021-03-16,DKI5,54.0,87.0,40.0,11.0,28.0,18.0,87.0,PM25,SEDANG,ispu_2021.csv,,
2021-03-17,DKI5,65.0,117.0,31.0,17.0,28.0,32.0,117.0,PM25,TIDAK SEHAT,ispu_2021.csv,,
2021-03-18,DKI5,62.0,107.0,40.0,11.0,34.0,17.0,107.0,PM25,TIDAK SEHAT,ispu_2021.csv,,
2021-03-19,DKI5,58.0,96.0,35.0,10.0,33.0,16.0,96.0,PM25,SEDANG,ispu_2021.csv,,
2021-03-20,DKI5,56.0,89.0,32.0,9.0,22.0,17.0,89.0,PM25,SEDANG,ispu_2021.csv,,
2021-03-21,DKI5,37.0,62.0,24.0,6.0,17.0,9.0,62.0,PM25,SEDANG,ispu_2021.csv,,
2021-03-22,DKI5,38.0,67.0,23.0,7.0,14.0,10.0,67.0,PM25,SEDANG,ispu_2021.csv,,
2021-03-23,DKI5,35.0,59.0,25.0,6.0,11.0,14.0,59.0,PM25,SEDANG,ispu_2021.csv,,
2021-03-24,DKI5,26.0,52.0,21.0,4.0,13.0,6.0,52.0,PM25,SEDANG,ispu_2021.csv,,
2021-03-25,DKI5,23.0,53.0,23.0,4.0,21.0,5.0,53.0,PM25,SEDANG,ispu_2021.csv,,
2021-03-26,DKI5,48.0,79.0,24.0,10.0,23.0,19.0,79.0,PM25,SEDANG,ispu_2021.csv,,
2021-03-27,DKI5,51.0,83.0,38.0,12.0,24.0,23.0,83.0,PM25,SEDANG,ispu_2021.csv,,
2021-03-28,DKI5,50.0,78.0,22.0,12.0,34.0,19.0,78.0,PM25,SEDANG,ispu_2021.csv,,
2021-03-29,DKI5,54.0,91.0,21.0,17.0,29.0,26.0,91.0,PM25,SEDANG,ispu_2021.csv,,
2021-03-30,DKI5,44.0,72.0,35.0,8.0,18.0,18.0,72.0,PM25,SEDANG,ispu_2021.csv,,
2021-03-31,DKI5,40.0,62.0,25.0,7.0,16.0,15.0,62.0,PM25,SEDANG,ispu_2021.csv,,
2021-04-01,DKI5,15.0,34.0,24.0,3.0,16.0,4.0,34.0,PM25,BAIK,ispu_2021.csv,,
2021-04-02,DKI5,35.0,58.0,38.0,7.0,19.0,16.0,58.0,PM25,SEDANG,ispu_2021.csv,,
2021-04-03,DKI5,21.0,47.0,20.0,6.0,22.0,12.0,47.0,PM25,BAIK,ispu_2021.csv,,
2021-04-04,DKI5,62.0,102.0,20.0,30.0,19.0,37.0,102.0,PM25,TIDAK SEHAT,ispu_2021.csv,,
2021-04-05,DKI5,47.0,76.0,24.0,12.0,22.0,28.0,76.0,PM25,SEDANG,ispu_2021.csv,,
2021-04-06,DKI5,30.0,54.0,31.0,4.0,18.0,6.0,54.0,PM25,SEDANG,ispu_2021.csv,,
2021-04-07,DKI5,25.0,42.0,30.0,4.0,17.0,6.0,42.0,PM25,BAIK,ispu_2021.csv,,
2021-04-08,DKI5,32.0,55.0,51.0,5.0,14.0,12.0,55.0,PM25,SEDANG,ispu_2021.csv,,
2021-04-09,DKI5,52.0,77.0,34.0,7.0,18.0,21.0,77.0,PM25,SEDANG,ispu_2021.csv,,
2021-04-10,DKI5,45.0,77.0,31.0,9.0,24.0,18.0,77.0,PM25,SEDANG,ispu_2021.csv,,
2021-04-11,DKI5,46.0,75.0,50.0,9.0,31.0,18.0,75.0,PM25,SEDANG,ispu_2021.csv,,
2021-04-12,DKI5,58.0,90.0,30.0,19.0,21.0,31.0,90.0,PM25,SEDANG,ispu_2021.csv,,
2021-04-13,DKI5,50.0,78.0,30.0,15.0,30.0,27.0,78.0,PM25,SEDANG,ispu_2021.csv,,
2021-04-14,DKI5,48.0,79.0,31.0,12.0,27.0,23.0,79.0,PM25,SEDANG,ispu_2021.csv,,
2021-04-15,DKI5,54.0,88.0,23.0,24.0,30.0,42.0,88.0,PM25,SEDANG,ispu_2021.csv,,
2021-04-16,DKI5,55.0,88.0,29.0,18.0,23.0,44.0,88.0,PM25,SEDANG,ispu_2021.csv,,
2021-04-17,DKI5,67.0,118.0,29.0,16.0,28.0,31.0,118.0,PM25,TIDAK SEHAT,ispu_2021.csv,,
2021-04-18,DKI5,55.0,93.0,29.0,11.0,32.0,16.0,93.0,PM25,SEDANG,ispu_2021.csv,,
2021-04-19,DKI5,62.0,108.0,32.0,13.0,32.0,19.0,108.0,PM25,TIDAK SEHAT,ispu_2021.csv,,
2021-04-20,DKI5,51.0,88.0,32.0,9.0,28.0,20.0,88.0,PM25,SEDANG,ispu_2021.csv,,
2021-04-21,DKI5,62.0,105.0,25.0,15.0,25.0,25.0,105.0,PM25,TIDAK SEHAT,ispu_2021.csv,,
2021-04-22,DKI5,56.0,96.0,26.0,9.0,39.0,17.0,96.0,PM25,SEDANG,ispu_2021.csv,,
2021-04-23,DKI5,66.0,111.0,26.0,12.0,33.0,22.0,111.0,PM25,TIDAK SEHAT,ispu_2021.csv,,
2021-04-24,DKI5,60.0,99.0,29.0,12.0,37.0,24.0,99.0,PM25,SEDANG,ispu_2021.csv,,
2021-04-25,DKI5,58.0,97.0,23.0,12.0,27.0,19.0,97.0,PM25,SEDANG,ispu_2021.csv,,
2021-04-26,DKI5,52.0,82.0,28.0,10.0,26.0,19.0,82.0,PM25,SEDANG,ispu_2021.csv,,
2021-04-27,DKI5,56.0,95.0,33.0,9.0,28.0,18.0,95.0,PM25,SEDANG,ispu_2021.csv,,
2021-04-28,DKI5,49.0,81.0,21.0,10.0,26.0,22.0,81.0,PM25,SEDANG,ispu_2021.csv,,
2021-04-29,DKI5,43.0,73.0,22.0,14.0,26.0,25.0,73.0,PM25,SEDANG,ispu_2021.csv,,
2021-04-30,DKI5,52.0,83.0,23.0,12.0,28.0,23.0,83.0,PM25,SEDANG,ispu_2021.csv,,
2021-05-01,DKI5,47.0,77.0,22.0,9.0,27.0,15.0,77.0,PM25,SEDANG,ispu_2021.csv,,
2021-05-02,DKI5,41.0,69.0,29.0,7.0,23.0,11.0,69.0,PM25,SEDANG,ispu_2021.csv,,
2021-05-03,DKI5,42.0,69.0,34.0,7.0,25.0,12.0,69.0,PM25,SEDANG,ispu_2021.csv,,
2021-05-04,DKI5,50.0,77.0,40.0,10.0,19.0,24.0,77.0,PM25,SEDANG,ispu_2021.csv,,
2021-05-05,DKI5,54.0,90.0,25.0,14.0,21.0,25.0,90.0,PM25,SEDANG,ispu_2021.csv,,
2021-05-06,DKI5,37.0,67.0,19.0,11.0,29.0,20.0,67.0,PM25,SEDANG,ispu_2021.csv,,
2021-05-07,DKI5,50.0,82.0,21.0,20.0,31.0,32.0,82.0,PM25,SEDANG,ispu_2021.csv,,
2021-05-08,DKI5,43.0,74.0,21.0,8.0,30.0,14.0,74.0,PM25,SEDANG,ispu_2021.csv,,
2021-05-09,DKI5,33.0,58.0,17.0,6.0,38.0,6.0,58.0,PM25,SEDANG,ispu_2021.csv,,
2021-05-10,DKI5,40.0,72.0,23.0,8.0,38.0,8.0,72.0,PM25,SEDANG,ispu_2021.csv,,
2021-05-11,DKI5,53.0,89.0,29.0,9.0,38.0,13.0,89.0,PM25,SEDANG,ispu_2021.csv,,
2021-05-12,DKI5,50.0,83.0,27.0,8.0,36.0,10.0,83.0,PM25,SEDANG,ispu_2021.csv,,
2021-05-13,DKI5,65.0,115.0,25.0,14.0,31.0,13.0,115.0,PM25,TIDAK SEHAT,ispu_2021.csv,,
2021-05-14,DKI5,51.0,81.0,25.0,7.0,32.0,6.0,81.0,PM25,SEDANG,ispu_2021.csv,,
2021-05-15,DKI5,51.0,81.0,24.0,10.0,25.0,13.0,81.0,PM25,SEDANG,ispu_2021.csv,,
2021-05-16,DKI5,39.0,69.0,23.0,8.0,28.0,8.0,69.0,PM25,SEDANG,ispu_2021.csv,,
2021-05-17,DKI5,45.0,75.0,22.0,10.0,29.0,13.0,75.0,PM25,SEDANG,ispu_2021.csv,,
2021-05-18,DKI5,30.0,56.0,24.0,7.0,39.0,12.0,56.0,PM25,SEDANG,ispu_2021.csv,,
2021-05-19,DKI5,51.0,82.0,22.0,15.0,26.0,24.0,82.0,PM25,SEDANG,ispu_2021.csv,,
2021-05-20,DKI5,51.0,87.0,26.0,8.0,28.0,16.0,87.0,PM25,SEDANG,ispu_2021.csv,,
2021-05-21,DKI5,50.0,84.0,25.0,13.0,26.0,24.0,84.0,PM25,SEDANG,ispu_2021.csv,,
2021-05-22,DKI5,52.0,90.0,21.0,14.0,30.0,21.0,90.0,PM25,SEDANG,ispu_2021.csv,,
2021-05-23,DKI5,63.0,109.0,24.0,23.0,27.0,40.0,109.0,PM25,TIDAK SEHAT,ispu_2021.csv,,
2021-05-24,DKI5,64.0,108.0,25.0,17.0,30.0,25.0,108.0,PM25,TIDAK SEHAT,ispu_2021.csv,,
2021-05-25,DKI5,44.0,70.0,24.0,9.0,30.0,22.0,70.0,PM25,SEDANG,ispu_2021.csv,,
2021-05-26,DKI5,48.0,79.0,34.0,7.0,24.0,17.0,79.0,PM25,SEDANG,ispu_2021.csv,,
2021-05-27,DKI5,34.0,61.0,32.0,5.0,20.0,11.0,61.0,PM25,SEDANG,ispu_2021.csv,,
2021-05-28,DKI5,49.0,77.0,37.0,8.0,20.0,19.0,77.0,PM25,SEDANG,ispu_2021.csv,,
2021-05-29,DKI5,54.0,88.0,37.0,11.0,19.0,29.0,88.0,PM25,SEDANG,ispu_2021.csv,,
2021-05-30,DKI5,46.0,66.0,24.0,15.0,18.0,29.0,66.0,PM25,SEDANG,ispu_2021.csv,,
2021-05-31,DKI5,52.0,82.0,21.0,11.0,27.0,18.0,82.0,PM25,SEDANG,ispu_2021.csv,,
2021-06-01,DKI5,57.0,98.0,27.0,12.0,26.0,22.0,98.0,PM25,SEDANG,ispu_2021.csv,,
2021-06-02,DKI5,57.0,92.0,25.0,15.0,27.0,27.0,92.0,PM25,SEDANG,ispu_2021.csv,,
2021-06-03,DKI5,53.0,90.0,23.0,18.0,19.0,36.0,90.0,PM25,SEDANG,ispu_2021.csv,,
2021-06-04,DKI5,53.0,89.0,29.0,9.0,25.0,19.0,89.0,PM25,SEDANG,ispu_2021.csv,,
2021-06-05,DKI5,57.0,,24.0,15.0,21.0,29.0,57.0,PM10,SEDANG,ispu_2021.csv,,
2021-06-06,DKI5,54.0,,23.0,13.0,25.0,22.0,54.0,PM10,SEDANG,ispu_2021.csv,,
2021-06-07,DKI5,53.0,,25.0,12.0,32.0,21.0,53.0,PM10,SEDANG,ispu_2021.csv,,
2021-06-08,DKI5,52.0,91.0,25.0,12.0,27.0,28.0,91.0,PM25,SEDANG,ispu_2021.csv,,
2021-06-09,DKI5,52.0,86.0,29.0,9.0,28.0,19.0,86.0,PM25,SEDANG,ispu_2021.csv,,
2021-06-10,DKI5,61.0,108.0,24.0,18.0,22.0,34.0,108.0,PM25,TIDAK SEHAT,ispu_2021.csv,,
2021-06-11,DKI5,53.0,87.0,22.0,10.0,29.0,25.0,87.0,PM25,SEDANG,ispu_2021.csv,,
2021-06-12,DKI5,49.0,81.0,28.0,10.0,29.0,26.0,81.0,PM25,SEDANG,ispu_2021.csv,,
2021-06-13,DKI5,47.0,77.0,25.0,10.0,23.0,20.0,77.0,PM25,SEDANG,ispu_2021.csv,,
2021-06-14,DKI5,57.0,98.0,27.0,13.0,18.0,25.0,98.0,PM25,SEDANG,ispu_2021.csv,,
2021-06-15,DKI5,56.0,89.0,42.0,10.0,16.0,27.0,89.0,PM25,SEDANG,ispu_2021.csv,,
2021-06-16,DKI5,58.0,97.0,28.0,25.0,9.0,55.0,97.0,PM25,SEDANG,ispu_2021.csv,,
2021-06-17,DKI5,54.0,90.0,30.0,17.0,16.0,41.0,90.0,PM25,SEDANG,ispu_2021.csv,,
2021-06-18,DKI5,62.0,101.0,28.0,23.0,16.0,45.0,101.0,PM25,TIDAK SEHAT,ispu_2021.csv,,
2021-06-19,DKI5,53.0,83.0,34.0,19.0,11.0,45.0,83.0,PM25,SEDANG,ispu_2021.csv,,
2021-06-20,DKI5,74.0,123.0,47.0,26.0,20.0,58.0,123.0,PM25,TIDAK SEHAT,ispu_2021.csv,,
2021-06-21,DKI5,50.0,68.0,23.0,16.0,12.0,35.0,68.0,PM25,SEDANG,ispu_2021.csv,,
2021-06-22,DKI5,35.0,67.0,28.0,13.0,13.0,35.0,67.0,PM25,SEDANG,ispu_2021.csv,,
2021-06-23,DKI5,58.0,103.0,26.0,14.0,23.0,28.0,103.0,PM25,TIDAK SEHAT,ispu_2021.csv,,
2021-06-24,DKI5,64.0,107.0,39.0,19.0,17.0,52.0,107.0,PM25,TIDAK SEHAT,ispu_2021.csv,,
2021-06-25,DKI5,76.0,129.0,35.0,30.0,14.0,63.0,129.0,PM25,TIDAK SEHAT,ispu_2021.csv,,
2021-06-26,DKI5,45.0,70.0,39.0,8.0,16.0,22.0,70.0,PM25,SEDANG,ispu_2021.csv,,
2021-06-27,DKI5,68.0,120.0,28.0,22.0,17.0,41.0,120.0,PM25,TIDAK SEHAT,ispu_2021.csv,,
2021-06-28,DKI5,59.0,99.0,25.0,17.0,21.0,30.0,99.0,PM25,SEDANG,ispu_2021.csv,,
2021-06-29,DKI5,72.0,128.0,35.0,24.0,21.0,50.0,128.0,PM25,TIDAK SEHAT,ispu_2021.csv,,
2021-06-30,DKI5,64.0,106.0,28.0,16.0,14.0,33.0,106.0,PM25,TIDAK SEHAT,ispu_2021.csv,,
2021-07-01,DKI5,54.0,88.0,31.0,12.0,17.0,28.0,88.0,PM25,SEDANG,ispu_2021.csv,,
2021-07-02,DKI5,56.0,90.0,29.0,23.0,11.0,51.0,90.0,PM25,SEDANG,ispu_2021.csv,,
2021-07-03,DKI5,60.0,103.0,31.0,13.0,20.0,27.0,103.0,PM25,TIDAK SEHAT,ispu_2021.csv,,
2021-07-04,DKI5,73.0,126.0,32.0,13.0,26.0,25.0,126.0,PM25,TIDAK SEHAT,ispu_2021.csv,,
2021-07-05,DKI5,66.0,115.0,35.0,11.0,36.0,20.0,115.0,PM25,TIDAK SEHAT,ispu_2021.csv,,
2021-07-06,DKI5,52.0,80.0,32.0,8.0,32.0,23.0,80.0,PM25,SEDANG,ispu_2021.csv,,
2021-07-07,DKI5,60.0,101.0,36.0,10.0,31.0,23.0,101.0,PM25,TIDAK SEHAT,ispu_2021.csv,,
2021-07-08,DKI5,62.0,108.0,37.0,10.0,30.0,23.0,108.0,PM25,TIDAK SEHAT,ispu_2021.csv,,
2021-07-09,DKI5,65.0,113.0,40.0,11.0,34.0,22.0,113.0,PM25,TIDAK SEHAT,ispu_2021.csv,,
2021-07-10,DKI5,55.0,85.0,42.0,6.0,26.0,17.0,85.0,PM25,SEDANG,ispu_2021.csv,,
2021-07-11,DKI5,46.0,70.0,40.0,6.0,18.0,13.0,70.0,PM25,SEDANG,ispu_2021.csv,,
2021-07-12,DKI5,39.0,58.0,28.0,6.0,14.0,14.0,58.0,PM25,SEDANG,ispu_2021.csv,,
2021-07-13,DKI5,59.0,102.0,42.0,11.0,19.0,26.0,102.0,PM25,TIDAK SEHAT,ispu_2021.csv,,
2021-07-14,DKI5,51.0,82.0,38.0,9.0,20.0,26.0,82.0,PM25,SEDANG,ispu_2021.csv,,
2021-07-15,DKI5,75.0,129.0,35.0,14.0,26.0,26.0,129.0,PM25,TIDAK SEHAT,ispu_2021.csv,,
2021-07-16,DKI5,70.0,114.0,33.0,11.0,30.0,22.0,114.0,PM25,TIDAK SEHAT,ispu_2021.csv,,
2021-07-17,DKI5,57.0,89.0,32.0,8.0,32.0,19.0,89.0,PM25,SEDANG,ispu_2021.csv,,
2021-07-18,DKI5,67.0,115.0,33.0,13.0,34.0,27.0,115.0,PM25,TIDAK SEHAT,ispu_2021.csv,,
2021-07-19,DKI5,61.0,108.0,28.0,9.0,38.0,20.0,108.0,PM25,TIDAK SEHAT,ispu_2021.csv,,
2021-07-20,DKI5,70.0,112.0,32.0,14.0,24.0,21.0,112.0,PM25,TIDAK SEHAT,ispu_2021.csv,,
2021-07-21,DKI5,49.0,80.0,31.0,8.0,18.0,19.0,80.0,PM25,SEDANG,ispu_2021.csv,,
2021-07-22,DKI5,51.0,85.0,37.0,9.0,22.0,27.0,85.0,PM25,SEDANG,ispu_2021.csv,,
2021-07-23,DKI5,53.0,85.0,30.0,8.0,27.0,25.0,85.0,PM25,SEDANG,ispu_2021.csv,,
2021-07-24,DKI5,49.0,83.0,27.0,11.0,23.0,32.0,83.0,PM25,SEDANG,ispu_2021.csv,,
2021-07-25,DKI5,77.0,131.0,28.0,24.0,27.0,42.0,131.0,PM25,TIDAK SEHAT,ispu_2021.csv,,
2021-07-26,DKI5,66.0,116.0,29.0,16.0,24.0,31.0,116.0,PM25,TIDAK SEHAT,ispu_2021.csv,,
2021-07-27,DKI5,64.0,110.0,32.0,13.0,29.0,35.0,110.0,PM25,TIDAK SEHAT,ispu_2021.csv,,
2021-07-28,DKI5,70.0,130.0,33.0,17.0,28.0,45.0,130.0,PM25,TIDAK SEHAT,ispu_2021.csv,,
2021-07-29,DKI5,78.0,140.0,32.0,18.0,29.0,39.0,140.0,PM25,TIDAK SEHAT,ispu_2021.csv,,
2021-07-30,DKI5,75.0,121.0,37.0,12.0,50.0,21.0,121.0,PM25,TIDAK SEHAT,ispu_2021.csv,,
2021-07-31,DKI5,53.0,80.0,29.0,6.0,34.0,13.0,80.0,PM25,SEDANG,ispu_2021.csv,,
2021-08-01,DKI5,44.0,70.0,30.0,8.0,29.0,11.0,70.0,PM25,SEDANG,ispu_2021.csv,,
2021-08-02,DKI5,46.0,75.0,27.0,8.0,27.0,12.0,75.0,PM25,SEDANG,ispu_2021.csv,,
2021-08-03,DKI5,53.0,80.0,30.0,9.0,27.0,21.0,80.0,PM25,SEDANG,ispu_2021.csv,,
2021-08-04,DKI5,46.0,74.0,33.0,7.0,26.0,18.0,74.0,PM25,SEDANG,ispu_2021.csv,,
2021-08-05,DKI5,50.0,78.0,30.0,9.0,17.0,21.0,78.0,PM25,SEDANG,ispu_2021.csv,,
2021-08-06,DKI5,57.0,94.0,31.0,20.0,12.0,52.0,94.0,PM25,SEDANG,ispu_2021.csv,,
2021-08-07,DKI5,50.0,71.0,37.0,7.0,19.0,18.0,71.0,PM25,SEDANG,ispu_2021.csv,,
2021-08-08,DKI5,49.0,73.0,39.0,7.0,23.0,13.0,73.0,PM25,SEDANG,ispu_2021.csv,,
2021-08-09,DKI5,45.0,61.0,39.0,4.0,21.0,14.0,61.0,PM25,SEDANG,ispu_2021.csv,,
2021-08-10,DKI5,26.0,52.0,27.0,6.0,24.0,14.0,52.0,PM25,SEDANG,ispu_2021.csv,,
2021-08-11,DKI5,54.0,92.0,29.0,11.0,25.0,25.0,92.0,PM25,SEDANG,ispu_2021.csv,,
2021-08-12,DKI5,54.0,78.0,32.0,7.0,27.0,18.0,78.0,PM25,SEDANG,ispu_2021.csv,,
2021-08-13,DKI5,61.0,100.0,33.0,11.0,21.0,32.0,100.0,PM25,SEDANG,ispu_2021.csv,,
2021-08-14,DKI5,73.0,116.0,38.0,14.0,26.0,40.0,116.0,PM25,TIDAK SEHAT,ispu_2021.csv,,
2021-08-15,DKI5,62.0,87.0,33.0,12.0,17.0,30.0,87.0,PM25,SEDANG,ispu_2021.csv,,
2021-08-16,DKI5,51.0,74.0,35.0,7.0,22.0,20.0,74.0,PM25,SEDANG,ispu_2021.csv,,
2021-08-17,DKI5,59.0,89.0,32.0,8.0,26.0,19.0,89.0,PM25,SEDANG,ispu_2021.csv,,
2021-08-18,DKI5,62.0,97.0,28.0,9.0,30.0,17.0,97.0,PM25,SEDANG,ispu_2021.csv,,
2021-08-19,DKI5,63.0,106.0,38.0,13.0,26.0,33.0,106.0,PM25,TIDAK SEHAT,ispu_2021.csv,,
2021-08-20,DKI5,55.0,81.0,39.0,8.0,34.0,27.0,81.0,PM25,SEDANG,ispu_2021.csv,,
2021-08-21,DKI5,58.0,89.0,32.0,10.0,31.0,24.0,89.0,PM25,SEDANG,ispu_2021.csv,,
2021-08-22,DKI5,62.0,94.0,35.0,12.0,24.0,29.0,94.0,PM25,SEDANG,ispu_2021.csv,,
2021-08-23,DKI5,59.0,88.0,31.0,9.0,22.0,22.0,88.0,PM25,SEDANG,ispu_2021.csv,,
2021-08-24,DKI5,60.0,97.0,31.0,7.0,32.0,12.0,97.0,PM25,SEDANG,ispu_2021.csv,,
2021-08-25,DKI5,63.0,95.0,31.0,10.0,29.0,20.0,95.0,PM25,SEDANG,ispu_2021.csv,,
2021-08-26,DKI5,64.0,96.0,32.0,9.0,31.0,14.0,96.0,PM25,SEDANG,ispu_2021.csv,,
2021-08-27,DKI5,61.0,96.0,34.0,8.0,29.0,15.0,96.0,PM25,SEDANG,ispu_2021.csv,,
2021-08-28,DKI5,63.0,100.0,31.0,8.0,44.0,12.0,100.0,PM25,SEDANG,ispu_2021.csv,,
2021-08-29,DKI5,67.0,111.0,32.0,10.0,36.0,13.0,111.0,PM25,TIDAK SEHAT,ispu_2021.csv,,
2021-08-30,DKI5,83.0,126.0,35.0,16.0,32.0,29.0,126.0,PM25,TIDAK SEHAT,ispu_2021.csv,,
2021-08-31,DKI5,60.0,92.0,30.0,7.0,32.0,14.0,92.0,PM25,SEDANG,ispu_2021.csv,,
2021-09-01,DKI5,64.0,95.0,30.0,12.0,28.0,26.0,95.0,PM25,SEDANG,ispu_2021.csv,,
2021-09-02,DKI5,62.0,101.0,28.0,9.0,25.0,18.0,101.0,PM25,TIDAK SEHAT,ispu_2021.csv,,
2021-09-03,DKI5,56.0,92.0,7.0,6.0,45.0,9.0,92.0,PM25,SEDANG,ispu_2021.csv,,
2021-09-04,DKI5,58.0,84.0,,6.0,37.0,11.0,84.0,PM25,SEDANG,ispu_2021.csv,,
2021-09-05,DKI5,57.0,89.0,,7.0,36.0,11.0,89.0,PM25,SEDANG,ispu_2021.csv,,
2021-09-06,DKI5,65.0,95.0,,8.0,27.0,13.0,95.0,PM25,SEDANG,ispu_2021.csv,,
2021-09-07,DKI5,56.0,77.0,,6.0,19.0,17.0,77.0,PM25,SEDANG,ispu_2021.csv,,
2021-09-08,DKI5,51.0,78.0,,8.0,28.0,15.0,78.0,PM25,SEDANG,ispu_2021.csv,,
2021-09-09,DKI5,47.0,69.0,,8.0,32.0,15.0,69.0,PM25,SEDANG,ispu_2021.csv,,
2021-09-10,DKI5,46.0,73.0,,6.0,39.0,13.0,73.0,PM25,SEDANG,ispu_2021.csv,,
2021-09-11,DKI5,60.0,98.0,,8.0,45.0,16.0,98.0,PM25,SEDANG,ispu_2021.csv,,
2021-09-12,DKI5,58.0,84.0,,7.0,29.0,12.0,84.0,PM25,SEDANG,ispu_2021.csv,,
2021-09-13,DKI5,51.0,70.0,,6.0,20.0,10.0,70.0,PM25,SEDANG,ispu_2021.csv,,
2021-09-14,DKI5,26.0,37.0,,3.0,17.0,8.0,37.0,PM25,BAIK,ispu_2021.csv,,
2021-09-15,DKI5,53.0,79.0,,14.0,22.0,26.0,79.0,PM25,SEDANG,ispu_2021.csv,,
2021-09-16,DKI5,38.0,59.0,,4.0,23.0,14.0,59.0,PM25,SEDANG,ispu_2021.csv,,
2021-09-17,DKI5,35.0,60.0,,3.0,25.0,12.0,60.0,PM25,SEDANG,ispu_2021.csv,,
2021-09-18,DKI5,46.0,69.0,,5.0,27.0,12.0,69.0,PM25,SEDANG,ispu_2021.csv,,
2021-09-19,DKI5,53.0,83.0,,7.0,28.0,10.0,83.0,PM25,SEDANG,ispu_2021.csv,,
2021-09-20,DKI5,45.0,65.0,,5.0,30.0,10.0,65.0,PM25,SEDANG,ispu_2021.csv,,
2021-09-21,DKI5,47.0,77.0,,6.0,34.0,13.0,77.0,PM25,SEDANG,ispu_2021.csv,,
2021-09-22,DKI5,53.0,78.0,,7.0,25.0,16.0,78.0,PM25,SEDANG,ispu_2021.csv,,
2021-09-23,DKI5,53.0,77.0,,6.0,27.0,14.0,77.0,PM25,SEDANG,ispu_2021.csv,,
2021-09-24,DKI5,51.0,73.0,,6.0,20.0,17.0,73.0,PM25,SEDANG,ispu_2021.csv,,
2021-09-25,DKI5,45.0,64.0,,4.0,24.0,12.0,64.0,PM25,SEDANG,ispu_2021.csv,,
2021-09-26,DKI5,48.0,67.0,,4.0,30.0,9.0,67.0,PM25,SEDANG,ispu_2021.csv,,
2021-09-27,DKI5,51.0,78.0,,9.0,22.0,18.0,78.0,PM25,SEDANG,ispu_2021.csv,,
2021-09-28,DKI5,42.0,64.0,,5.0,26.0,14.0,64.0,PM25,SEDANG,ispu_2021.csv,,
2021-09-29,DKI5,56.0,87.0,,11.0,34.0,19.0,87.0,PM25,SEDANG,ispu_2021.csv,,
2021-09-30,DKI5,68.0,108.0,,10.0,46.0,13.0,108.0,PM25,TIDAK SEHAT,ispu_2021.csv,,
2021-10-01,DKI5,55.0,84.0,,8.0,34.0,12.0,84.0,PM25,SEDANG,ispu_2021.csv,,
2021-10-02,DKI5,67.0,102.0,,10.0,31.0,16.0,102.0,PM25,TIDAK SEHAT,ispu_2021.csv,,
2021-10-03,DKI5,55.0,82.0,,8.0,28.0,12.0,82.0,PM25,SEDANG,ispu_2021.csv,,
2021-10-04,DKI5,53.0,80.0,,7.0,31.0,10.0,80.0,PM25,SEDANG,ispu_2021.csv,,
2021-10-05,DKI5,52.0,79.0,,10.0,35.0,16.0,79.0,PM25,SEDANG,ispu_2021.csv,,
2021-10-06,DKI5,52.0,74.0,,6.0,28.0,14.0,74.0,PM25,SEDANG,ispu_2021.csv,,
2021-10-07,DKI5,50.0,71.0,,8.0,25.0,17.0,71.0,PM25,SEDANG,ispu_2021.csv,,
2021-10-08,DKI5,53.0,81.0,,7.0,32.0,16.0,81.0,PM25,SEDANG,ispu_2021.csv,,
2021-10-09,DKI5,53.0,74.0,,7.0,43.0,12.0,74.0,PM25,SEDANG,ispu_2021.csv,,
2021-10-10,DKI5,55.0,80.0,,8.0,46.0,11.0,80.0,PM25,SEDANG,ispu_2021.csv,,
2021-10-11,DKI5,59.0,88.0,,9.0,39.0,11.0,88.0,PM25,SEDANG,ispu_2021.csv,,
2021-10-12,DKI5,57.0,81.0,,12.0,31.0,23.0,81.0,PM25,SEDANG,ispu_2021.csv,,
2021-10-13,DKI5,47.0,69.0,,7.0,30.0,13.0,69.0,PM25,SEDANG,ispu_2021.csv,,
2021-10-14,DKI5,58.0,91.0,,10.0,35.0,14.0,91.0,PM25,SEDANG,ispu_2021.csv,,
2021-10-15,DKI5,70.0,107.0,,11.0,39.0,16.0,107.0,PM25,TIDAK SEHAT,ispu_2021.csv,,
2021-10-16,DKI5,68.0,112.0,,14.0,32.0,17.0,112.0,PM25,TIDAK SEHAT,ispu_2021.csv,,
2021-10-17,DKI5,62.0,100.0,,11.0,48.0,10.0,100.0,PM25,SEDANG,ispu_2021.csv,,
2021-10-18,DKI5,52.0,73.0,,11.0,19.0,15.0,73.0,PM25,SEDANG,ispu_2021.csv,,
2021-10-19,DKI5,50.0,81.0,,16.0,13.0,35.0,81.0,PM25,SEDANG,ispu_2021.csv,,
2021-10-20,DKI5,42.0,68.0,,11.0,22.0,23.0,68.0,PM25,SEDANG,ispu_2021.csv,,
2021-10-21,DKI5,42.0,70.0,,7.0,34.0,14.0,70.0,PM25,SEDANG,ispu_2021.csv,,
2021-10-22,DKI5,60.0,95.0,,15.0,24.0,26.0,95.0,PM25,SEDANG,ispu_2021.csv,,
2021-10-23,DKI5,52.0,80.0,,10.0,29.0,16.0,80.0,PM25,SEDANG,ispu_2021.csv,,
2021-10-24,DKI5,60.0,93.0,,12.0,35.0,14.0,93.0,PM25,SEDANG,ispu_2021.csv,,
2021-10-25,DKI5,64.0,101.0,,13.0,36.0,14.0,101.0,PM25,TIDAK SEHAT,ispu_2021.csv,,
2021-10-26,DKI5,58.0,92.0,,16.0,29.0,24.0,92.0,PM25,SEDANG,ispu_2021.csv,,
2021-10-27,DKI5,53.0,76.0,,11.0,32.0,17.0,76.0,PM25,SEDANG,ispu_2021.csv,,
2021-10-28,DKI5,51.0,77.0,,16.0,29.0,27.0,77.0,PM25,SEDANG,ispu_2021.csv,,
2021-10-29,DKI5,50.0,70.0,,18.0,23.0,33.0,70.0,PM25,SEDANG,ispu_2021.csv,,
2021-10-30,DKI5,50.0,74.0,,12.0,30.0,24.0,74.0,PM25,SEDANG,ispu_2021.csv,,
2021-10-31,DKI5,49.0,74.0,,10.0,31.0,13.0,74.0,PM25,SEDANG,ispu_2021.csv,,
2021-11-01,DKI5,59.0,91.0,,17.0,22.0,27.0,91.0,PM25,SEDANG,ispu_2021.csv,,
2021-11-02,DKI5,51.0,72.0,,14.0,13.0,22.0,72.0,PM25,SEDANG,ispu_2021.csv,,
2021-11-03,DKI5,44.0,69.0,,12.0,21.0,24.0,69.0,PM25,SEDANG,ispu_2021.csv,,
2021-11-04,DKI5,57.0,87.0,,13.0,31.0,22.0,87.0,PM25,SEDANG,ispu_2021.csv,,
2021-11-05,DKI5,57.0,87.0,,23.0,16.0,38.0,87.0,PM25,SEDANG,ispu_2021.csv,,
2021-11-06,DKI5,57.0,81.0,,11.0,24.0,20.0,81.0,PM25,SEDANG,ispu_2021.csv,,
2021-11-07,DKI5,35.0,59.0,,6.0,22.0,8.0,59.0,PM25,SEDANG,ispu_2021.csv,,
2021-11-08,DKI5,35.0,61.0,,20.0,13.0,41.0,61.0,PM25,SEDANG,ispu_2021.csv,,
2021-11-09,DKI5,57.0,86.0,,16.0,19.0,30.0,86.0,PM25,SEDANG,ispu_2021.csv,,
2021-11-10,DKI5,40.0,65.0,,8.0,17.0,18.0,65.0,PM25,SEDANG,ispu_2021.csv,,
2021-11-11,DKI5,42.0,62.0,,8.0,10.0,32.0,62.0,PM25,SEDANG,ispu_2021.csv,,
2021-11-12,DKI5,37.0,57.0,,5.0,15.0,15.0,57.0,PM25,SEDANG,ispu_2021.csv,,
2021-11-13,DKI5,46.0,75.0,,14.0,29.0,40.0,75.0,PM25,SEDANG,ispu_2021.csv,,
2021-11-14,DKI5,50.0,63.0,,12.0,19.0,34.0,63.0,PM25,SEDANG,ispu_2021.csv,,
2021-11-15,DKI5,19.0,39.0,,3.0,14.0,10.0,39.0,PM25,BAIK,ispu_2021.csv,,
2021-11-16,DKI5,26.0,49.0,,3.0,13.0,10.0,49.0,PM25,BAIK,ispu_2021.csv,,
2021-11-17,DKI5,52.0,77.0,19.0,10.0,14.0,35.0,77.0,PM25,SEDANG,ispu_2021.csv,,
2021-11-18,DKI5,52.0,74.0,24.0,10.0,20.0,35.0,74.0,PM25,SEDANG,ispu_2021.csv,,
2021-11-19,DKI5,23.0,34.0,13.0,2.0,15.0,7.0,34.0,PM25,BAIK,ispu_2021.csv,,
2021-11-20,DKI5,28.0,50.0,17.0,4.0,16.0,17.0,50.0,PM25,BAIK,ispu_2021.csv,,
2021-11-21,DKI5,46.0,62.0,15.0,17.0,14.0,44.0,62.0,PM25,SEDANG,ispu_2021.csv,,
2021-11-22,DKI5,22.0,38.0,15.0,3.0,14.0,10.0,38.0,PM25,BAIK,ispu_2021.csv,,
2021-11-23,DKI5,15.0,34.0,15.0,2.0,13.0,6.0,34.0,PM25,BAIK,ispu_2021.csv,,
2021-11-24,DKI5,22.0,43.0,13.0,3.0,13.0,8.0,43.0,PM25,BAIK,ispu_2021.csv,,
2021-11-25,DKI5,43.0,67.0,19.0,6.0,14.0,16.0,67.0,PM25,SEDANG,ispu_2021.csv,,
2021-11-26,DKI5,32.0,59.0,16.0,7.0,15.0,20.0,59.0,PM25,SEDANG,ispu_2021.csv,,
2021-11-27,DKI5,22.0,36.0,13.0,7.0,18.0,22.0,36.0,PM25,BAIK,ispu_2021.csv,,
2021-11-28,DKI5,18.0,26.0,12.0,2.0,16.0,8.0,26.0,PM25,BAIK,ispu_2021.csv,,
2021-11-29,DKI5,15.0,34.0,13.0,3.0,13.0,9.0,34.0,PM25,BAIK,ispu_2021.csv,,
2021-11-30,DKI5,23.0,52.0,15.0,4.0,21.0,10.0,52.0,PM25,SEDANG,ispu_2021.csv,,
2021-12-01,DKI5,50.0,71.0,18.0,8.0,19.0,18.0,71.0,PM25,SEDANG,ispu_2021.csv,,
2021-12-02,DKI5,22.0,42.0,14.0,2.0,19.0,5.0,42.0,PM25,BAIK,ispu_2021.csv,,
2021-12-03,DKI5,30.0,54.0,16.0,3.0,18.0,9.0,54.0,PM25,SEDANG,ispu_2021.csv,,
2021-12-04,DKI5,34.0,54.0,27.0,5.0,14.0,15.0,54.0,PM25,SEDANG,ispu_2021.csv,,
2021-12-05,DKI5,51.0,71.0,30.0,12.0,12.0,29.0,71.0,PM25,SEDANG,ispu_2021.csv,,
2021-12-06,DKI5,61.0,85.0,36.0,23.0,18.0,57.0,85.0,PM25,SEDANG,ispu_2021.csv,,
2021-12-07,DKI5,25.0,44.0,22.0,5.0,15.0,21.0,44.0,PM25,BAIK,ispu_2021.csv,,
2021-12-08,DKI5,44.0,66.0,17.0,13.0,23.0,30.0,66.0,PM25,SEDANG,ispu_2021.csv,,
2021-12-09,DKI5,30.0,50.0,20.0,5.0,31.0,15.0,50.0,PM25,BAIK,ispu_2021.csv,,
2021-12-10,DKI5,48.0,63.0,32.0,8.0,28.0,30.0,63.0,PM25,SEDANG,ispu_2021.csv,,
2021-12-11,DKI5,32.0,54.0,21.0,5.0,31.0,15.0,54.0,PM25,SEDANG,ispu_2021.csv,,
2021-12-12,DKI5,39.0,60.0,16.0,13.0,20.0,34.0,60.0,PM25,SEDANG,ispu_2021.csv,,
2021-12-13,DKI5,22.0,45.0,20.0,3.0,16.0,14.0,45.0,PM25,BAIK,ispu_2021.csv,,
2021-12-14,DKI5,36.0,56.0,33.0,3.0,21.0,21.0,56.0,PM25,SEDANG,ispu_2021.csv,,
2021-12-15,DKI5,51.0,67.0,32.0,5.0,31.0,28.0,67.0,PM25,SEDANG,ispu_2021.csv,,
2021-12-16,DKI5,56.0,82.0,23.0,11.0,34.0,36.0,82.0,PM25,SEDANG,ispu_2021.csv,,
2021-12-17,DKI5,52.0,73.0,26.0,8.0,28.0,35.0,73.0,PM25,SEDANG,ispu_2021.csv,,
2021-12-18,DKI5,45.0,63.0,18.0,8.0,22.0,32.0,63.0,PM25,SEDANG,ispu_2021.csv,,
2021-12-19,DKI5,54.0,84.0,19.0,18.0,35.0,45.0,84.0,PM25,SEDANG,ispu_2021.csv,,
2021-12-20,DKI5,48.0,65.0,20.0,6.0,22.0,16.0,65.0,PM25,SEDANG,ispu_2021.csv,,
2021-12-21,DKI5,47.0,73.0,20.0,15.0,31.0,49.0,73.0,PM25,SEDANG,ispu_2021.csv,,
2021-12-22,DKI5,62.0,90.0,19.0,24.0,29.0,65.0,90.0,PM25,SEDANG,ispu_2021.csv,,
2021-12-23,DKI5,59.0,88.0,24.0,16.0,23.0,44.0,88.0,PM25,SEDANG,ispu_2021.csv,,
2021-12-24,DKI5,32.0,59.0,25.0,9.0,19.0,52.0,59.0,PM25,SEDANG,ispu_2021.csv,,
2021-12-25,DKI5,55.0,81.0,34.0,17.0,15.0,62.0,81.0,PM25,SEDANG,ispu_2021.csv,,
2021-12-26,DKI5,32.0,57.0,27.0,9.0,20.0,34.0,57.0,PM25,SEDANG,ispu_2021.csv,,
2021-12-27,DKI5,54.0,76.0,36.0,14.0,21.0,47.0,76.0,PM25,SEDANG,ispu_2021.csv,,
2021-12-28,DKI5,44.0,68.0,20.0,11.0,21.0,33.0,68.0,PM25,SEDANG,ispu_2021.csv,,
2021-12-29,DKI5,34.0,54.0,28.0,8.0,25.0,29.0,54.0,PM25,SEDANG,ispu_2021.csv,,
2021-12-30,DKI5,53.0,75.0,25.0,15.0,23.0,44.0,75.0,PM25,SEDANG,ispu_2021.csv,,
2021-12-31,DKI5,60.0,87.0,28.0,19.0,30.0,53.0,87.0,PM25,SEDANG,ispu_2021.csv,,
2022-01-13,DKI5,30.3,50.8,17.8,10.8,31.5,28.5,50.8,,,rendahemisi_2022.csv,from_hourly_scrape,12.0
2022-01-14,DKI5,36.4,52.9,19.5,9.4,35.2,21.2,52.9,,,rendahemisi_2022.csv,from_hourly_scrape,12.0
2022-01-15,DKI5,34.1,59.8,22.6,8.1,45.1,16.8,59.8,,,rendahemisi_2022.csv,from_hourly_scrape,12.0
2022-01-17,DKI5,46.1,74.1,16.9,12.4,49.0,15.4,74.1,,,rendahemisi_2022.csv,from_hourly_scrape,10.0
2022-01-18,DKI5,40.8,67.4,29.7,11.3,48.7,16.1,67.4,,,rendahemisi_2022.csv,from_hourly_scrape,15.0
2022-01-19,DKI5,31.7,52.6,18.3,11.3,46.9,14.5,52.6,,,rendahemisi_2022.csv,from_hourly_scrape,15.0
2022-01-20,DKI5,31.1,54.3,31.3,10.8,38.6,16.4,54.3,,,rendahemisi_2022.csv,from_hourly_scrape,19.0
2022-01-21,DKI5,27.3,54.1,28.3,10.9,24.5,14.8,54.1,,,rendahemisi_2022.csv,from_hourly_scrape,13.0
2022-01-22,DKI5,37.9,59.0,24.5,11.3,37.2,17.6,59.0,,,rendahemisi_2022.csv,from_hourly_scrape,13.0
2022-01-23,DKI5,32.1,58.3,22.7,10.8,35.5,11.7,58.3,,,rendahemisi_2022.csv,from_hourly_scrape,16.0
2022-01-24,DKI5,23.9,58.3,16.0,9.0,29.2,6.2,58.3,,,rendahemisi_2022.csv,from_hourly_scrape,9.0
2022-01-25,DKI5,19.0,55.3,19.1,8.7,49.6,6.1,55.3,,,rendahemisi_2022.csv,from_hourly_scrape,7.0
2022-01-26,DKI5,24.8,56.1,19.9,9.0,49.2,9.2,56.1,,,rendahemisi_2022.csv,from_hourly_scrape,12.0
2022-01-27,DKI5,40.0,64.9,19.2,10.8,36.1,10.6,64.9,,,rendahemisi_2022.csv,from_hourly_scrape,12.0
2022-01-28,DKI5,36.2,66.2,25.1,11.2,40.1,13.6,66.2,,,rendahemisi_2022.csv,from_hourly_scrape,17.0
2022-01-29,DKI5,54.3,98.2,19.9,28.1,39.1,32.2,98.2,,,rendahemisi_2022.csv,from_hourly_scrape,19.0
2022-01-30,DKI5,70.6,128.6,26.2,26.0,38.6,31.2,128.6,,,rendahemisi_2022.csv,from_hourly_scrape,19.0
2022-01-31,DKI5,67.9,120.2,32.1,21.9,35.1,24.7,120.2,,,rendahemisi_2022.csv,from_hourly_scrape,14.0
2022-02-01,DKI5,41.2,74.9,22.3,12.2,43.5,13.2,74.9,,,rendahemisi_2022.csv,from_hourly_scrape,12.0
2022-02-02,DKI5,52.2,87.3,17.7,15.0,35.1,15.4,87.3,,,rendahemisi_2022.csv,from_hourly_scrape,9.0
2022-02-03,DKI5,38.0,73.8,14.0,16.7,37.2,17.6,73.8,,,rendahemisi_2022.csv,from_hourly_scrape,20.0
2022-02-04,DKI5,31.2,56.8,13.9,10.5,48.2,11.5,56.8,,,rendahemisi_2022.csv,from_hourly_scrape,20.0
2022-02-05,DKI5,33.1,63.2,26.6,14.0,44.3,16.6,63.2,,,rendahemisi_2022.csv,from_hourly_scrape,21.0
2022-02-06,DKI5,25.4,50.8,36.3,11.4,33.8,8.3,50.8,,,rendahemisi_2022.csv,from_hourly_scrape,9.0
2022-02-07,DKI5,22.7,53.5,19.4,12.6,42.1,11.3,53.5,,,rendahemisi_2022.csv,from_hourly_scrape,19.0
2022-02-08,DKI5,42.1,76.8,16.9,17.0,38.2,23.8,76.8,,,rendahemisi_2022.csv,from_hourly_scrape,20.0
2022-02-09,DKI5,51.8,88.8,16.9,25.1,42.0,31.6,88.8,,,rendahemisi_2022.csv,from_hourly_scrape,21.0
2022-02-10,DKI5,33.0,44.5,17.9,8.6,17.3,6.9,44.5,,,rendahemisi_2022.csv,from_hourly_scrape,18.0
2022-02-11,DKI5,57.4,91.7,28.1,18.4,11.6,27.5,91.7,,,rendahemisi_2022.csv,from_hourly_scrape,18.0
2022-02-12,DKI5,47.2,70.8,21.6,11.3,19.0,13.2,70.8,,,rendahemisi_2022.csv,from_hourly_scrape,19.0
2022-02-13,DKI5,55.9,89.6,24.1,16.5,18.5,20.9,89.6,,,rendahemisi_2022.csv,from_hourly_scrape,21.0
2022-02-14,DKI5,60.6,92.3,16.3,27.8,13.8,33.5,92.3,,,rendahemisi_2022.csv,from_hourly_scrape,18.0
2022-02-15,DKI5,73.6,112.3,17.9,28.2,20.6,35.8,112.3,,,rendahemisi_2022.csv,from_hourly_scrape,17.0
2022-02-16,DKI5,68.0,113.4,17.1,25.5,23.8,34.1,113.4,,,rendahemisi_2022.csv,from_hourly_scrape,15.0
2022-02-23,DKI5,50.2,76.0,30.1,12.3,24.4,20.7,76.0,,,rendahemisi_2022.csv,from_hourly_scrape,10.0
2022-02-24,DKI5,37.5,57.2,24.0,9.2,19.1,8.6,57.2,,,rendahemisi_2022.csv,from_hourly_scrape,15.0
2022-02-25,DKI5,34.8,51.5,19.5,9.5,14.4,8.0,51.5,,,rendahemisi_2022.csv,from_hourly_scrape,21.0
2022-02-26,DKI5,30.4,50.2,18.2,10.2,12.3,8.2,50.2,,,rendahemisi_2022.csv,from_hourly_scrape,20.0
2022-02-27,DKI5,33.1,54.3,18.0,10.7,11.0,8.5,54.3,,,rendahemisi_2022.csv,from_hourly_scrape,14.0
2022-02-28,DKI5,20.7,47.8,20.0,9.0,11.5,6.2,47.8,,,rendahemisi_2022.csv,from_hourly_scrape,21.0
2022-03-01,DKI5,25.4,48.8,29.2,9.6,10.4,10.2,48.8,,,rendahemisi_2022.csv,from_hourly_scrape,20.0
2022-03-02,DKI5,28.3,50.5,32.6,9.2,10.5,9.8,50.5,,,rendahemisi_2022.csv,from_hourly_scrape,19.0
2022-03-03,DKI5,29.4,47.2,26.7,8.4,14.8,7.8,47.2,,,rendahemisi_2022.csv,from_hourly_scrape,20.0
2022-03-04,DKI5,25.3,52.0,24.5,8.7,20.5,6.0,52.0,,,rendahemisi_2022.csv,from_hourly_scrape,21.0
2022-03-05,DKI5,39.0,65.3,20.4,11.7,16.7,10.9,65.3,,,rendahemisi_2022.csv,from_hourly_scrape,19.0
2022-03-06,DKI5,38.2,61.2,14.4,16.3,9.0,15.3,61.2,,,rendahemisi_2022.csv,from_hourly_scrape,16.0
2022-03-07,DKI5,25.8,38.8,14.3,8.7,12.4,5.2,38.8,,,rendahemisi_2022.csv,from_hourly_scrape,18.0
2022-03-08,DKI5,27.2,47.5,16.6,9.4,13.4,5.8,47.5,,,rendahemisi_2022.csv,from_hourly_scrape,20.0
2022-03-09,DKI5,42.8,66.7,19.7,11.3,22.9,12.5,66.7,,,rendahemisi_2022.csv,from_hourly_scrape,19.0
2022-03-10,DKI5,54.1,83.9,20.8,15.5,30.6,19.0,83.9,,,rendahemisi_2022.csv,from_hourly_scrape,19.0
2022-03-11,DKI5,59.0,104.0,27.0,21.4,24.3,29.0,104.0,,,rendahemisi_2022.csv,from_hourly_scrape,20.0
2022-03-12,DKI5,41.2,52.9,21.1,9.8,16.3,10.4,52.9,,,rendahemisi_2022.csv,from_hourly_scrape,19.0
2022-03-13,DKI5,35.0,64.0,26.5,15.3,14.2,19.4,64.0,,,rendahemisi_2022.csv,from_hourly_scrape,21.0
2022-03-14,DKI5,55.2,88.0,21.2,23.8,22.2,28.7,88.0,,,rendahemisi_2022.csv,from_hourly_scrape,20.0
2022-03-15,DKI5,50.2,80.7,22.8,19.8,24.8,26.6,80.7,,,rendahemisi_2022.csv,from_hourly_scrape,19.0
2022-03-16,DKI5,45.8,71.4,22.4,19.0,22.4,25.4,71.4,,,rendahemisi_2022.csv,from_hourly_scrape,20.0
2022-03-17,DKI5,60.6,102.5,22.4,21.0,33.2,28.3,102.5,,,rendahemisi_2022.csv,from_hourly_scrape,21.0
2022-03-18,DKI5,67.4,105.4,20.2,23.6,23.6,30.9,105.4,,,rendahemisi_2022.csv,from_hourly_scrape,21.0
2022-03-19,DKI5,56.5,77.4,19.0,15.6,22.4,16.7,77.4,,,rendahemisi_2022.csv,from_hourly_scrape,7.0
2022-03-20,DKI5,30.9,55.3,17.1,11.0,12.7,6.9,55.3,,,rendahemisi_2022.csv,from_hourly_scrape,19.0
2022-03-21,DKI5,24.5,33.9,14.1,9.1,13.3,2.0,33.9,,,rendahemisi_2022.csv,from_hourly_scrape,5.0
2022-03-22,DKI5,24.8,41.8,15.4,9.7,11.2,4.1,41.8,,,rendahemisi_2022.csv,from_hourly_scrape,12.0
2022-03-23,DKI5,42.6,59.4,22.2,10.9,13.0,9.4,59.4,,,rendahemisi_2022.csv,from_hourly_scrape,16.0
2022-03-25,DKI5,72.0,115.0,32.0,17.0,30.0,25.0,115.0,,,rendahemisi_2022.csv,from_hourly_scrape,1.0
2022-03-26,DKI5,61.9,97.2,25.2,17.2,24.0,26.1,97.2,,,rendahemisi_2022.csv,from_hourly_scrape,17.0
2022-03-28,DKI5,37.2,62.6,24.2,10.7,23.1,12.1,62.6,,,rendahemisi_2022.csv,from_hourly_scrape,16.0
2022-03-29,DKI5,53.1,87.0,27.0,16.4,23.3,20.0,87.0,,,rendahemisi_2022.csv,from_hourly_scrape,21.0
2022-03-30,DKI5,63.3,102.5,28.7,15.9,23.1,19.4,102.5,,,rendahemisi_2022.csv,from_hourly_scrape,18.0
2022-03-31,DKI5,75.7,122.6,40.9,16.8,45.5,20.9,122.6,,,rendahemisi_2022.csv,from_hourly_scrape,11.0
2022-04-01,DKI5,62.8,93.4,27.4,18.4,27.1,27.1,93.4,,,rendahemisi_2022.csv,from_hourly_scrape,22.0
2022-04-02,DKI5,50.9,72.3,27.9,14.2,18.0,20.8,72.3,,,rendahemisi_2022.csv,from_hourly_scrape,20.0
2022-04-03,DKI5,39.8,58.5,20.5,11.4,10.5,12.1,58.5,,,rendahemisi_2022.csv,from_hourly_scrape,16.0
2022-04-04,DKI5,38.7,65.0,18.4,16.7,14.3,17.1,65.0,,,rendahemisi_2022.csv,from_hourly_scrape,22.0
2022-04-05,DKI5,51.7,73.1,30.0,14.4,25.1,23.1,73.1,,,rendahemisi_2022.csv,from_hourly_scrape,21.0
2022-04-06,DKI5,46.7,69.4,20.8,15.7,21.8,21.6,69.4,,,rendahemisi_2022.csv,from_hourly_scrape,23.0
2022-04-07,DKI5,47.1,72.7,23.2,15.2,18.4,20.6,72.7,,,rendahemisi_2022.csv,from_hourly_scrape,22.0
2022-04-08,DKI5,42.4,66.7,18.5,15.9,18.5,19.0,66.7,,,rendahemisi_2022.csv,from_hourly_scrape,19.0
2022-04-09,DKI5,44.8,71.4,23.8,18.2,21.0,27.4,71.4,,,rendahemisi_2022.csv,from_hourly_scrape,20.0
2022-04-10,DKI5,61.6,104.2,21.0,18.7,30.9,19.9,104.2,,,rendahemisi_2022.csv,from_hourly_scrape,20.0
2022-04-11,DKI5,54.8,83.8,22.0,16.5,34.4,19.9,83.8,,,rendahemisi_2022.csv,from_hourly_scrape,21.0
2022-04-12,DKI5,61.9,100.7,21.6,21.3,40.1,28.0,100.7,,,rendahemisi_2022.csv,from_hourly_scrape,21.0
2022-04-13,DKI5,67.1,109.1,21.9,19.2,45.2,25.9,109.1,,,rendahemisi_2022.csv,from_hourly_scrape,17.0
2022-04-14,DKI5,56.1,86.6,23.0,13.5,45.4,16.8,86.6,,,rendahemisi_2022.csv,from_hourly_scrape,21.0
2022-04-15,DKI5,50.8,89.2,21.2,15.2,38.4,20.0,89.2,,,rendahemisi_2022.csv,from_hourly_scrape,20.0
2022-04-16,DKI5,57.7,98.9,21.0,15.8,41.6,17.3,98.9,,,rendahemisi_2022.csv,from_hourly_scrape,20.0
2022-04-17,DKI5,65.3,109.9,20.0,19.8,36.5,23.4,109.9,,,rendahemisi_2022.csv,from_hourly_scrape,19.0
2022-04-18,DKI5,53.8,82.5,19.1,12.9,36.6,13.3,82.5,,,rendahemisi_2022.csv,from_hourly_scrape,19.0
2022-04-19,DKI5,48.1,76.8,19.2,12.8,32.5,14.9,76.8,,,rendahemisi_2022.csv,from_hourly_scrape,17.0
2022-04-20,DKI5,54.3,82.9,27.8,16.7,27.1,21.8,82.9,,,rendahemisi_2022.csv,from_hourly_scrape,19.0
2022-04-21,DKI5,33.2,58.8,24.4,11.0,15.9,10.7,58.8,,,rendahemisi_2022.csv,from_hourly_scrape,20.0
2022-04-22,DKI5,60.0,99.4,35.6,24.2,16.2,33.6,99.4,,,rendahemisi_2022.csv,from_hourly_scrape,20.0
2022-04-23,DKI5,55.7,84.2,24.0,27.3,19.8,41.9,84.2,,,rendahemisi_2022.csv,from_hourly_scrape,20.0
2022-04-24,DKI5,60.5,101.4,22.8,24.0,27.8,27.7,101.4,,,rendahemisi_2022.csv,from_hourly_scrape,20.0
2022-04-25,DKI5,54.2,79.2,26.1,14.4,29.8,14.4,79.2,,,rendahemisi_2022.csv,from_hourly_scrape,18.0
2022-04-26,DKI5,48.4,68.2,25.6,13.6,27.4,16.8,68.2,,,rendahemisi_2022.csv,from_hourly_scrape,20.0
2022-04-27,DKI5,44.9,67.2,34.9,12.8,19.3,18.3,67.2,,,rendahemisi_2022.csv,from_hourly_scrape,21.0
2022-04-28,DKI5,36.6,51.0,22.6,11.4,18.1,13.7,51.0,,,rendahemisi_2022.csv,from_hourly_scrape,7.0
2022-04-29,DKI5,23.5,43.6,20.0,8.7,15.0,5.2,43.6,,,rendahemisi_2022.csv,from_hourly_scrape,21.0
2022-04-30,DKI5,32.2,56.0,18.4,10.8,20.6,8.6,56.0,,,rendahemisi_2022.csv,from_hourly_scrape,20.0
2022-05-01,DKI5,58.2,98.5,18.9,22.8,25.8,22.8,98.5,,,rendahemisi_2022.csv,from_hourly_scrape,20.0
2022-05-02,DKI5,56.2,88.9,18.8,17.1,27.6,14.8,88.9,,,rendahemisi_2022.csv,from_hourly_scrape,20.0
2022-05-03,DKI5,38.3,61.6,18.1,13.4,25.8,11.6,61.6,,,rendahemisi_2022.csv,from_hourly_scrape,18.0
2022-05-04,DKI5,42.3,66.1,19.5,10.5,27.6,6.4,66.1,,,rendahemisi_2022.csv,from_hourly_scrape,19.0
2022-05-05,DKI5,41.0,69.4,19.8,12.0,30.4,9.2,69.4,,,rendahemisi_2022.csv,from_hourly_scrape,20.0
2022-05-06,DKI5,34.8,59.0,22.3,10.6,23.6,9.5,59.0,,,rendahemisi_2022.csv,from_hourly_scrape,20.0
2022-05-07,DKI5,43.8,79.5,19.2,12.0,28.6,9.9,79.5,,,rendahemisi_2022.csv,from_hourly_scrape,21.0
2022-05-08,DKI5,43.7,67.0,23.0,10.4,28.9,7.3,67.0,,,rendahemisi_2022.csv,from_hourly_scrape,18.0
2022-05-09,DKI5,40.6,64.6,28.4,10.6,22.2,11.2,64.6,,,rendahemisi_2022.csv,from_hourly_scrape,20.0
2022-05-10,DKI5,48.0,73.8,21.4,16.4,27.4,21.0,73.8,,,rendahemisi_2022.csv,from_hourly_scrape,20.0
2022-05-11,DKI5,42.2,66.2,23.8,12.7,34.0,17.1,66.2,,,rendahemisi_2022.csv,from_hourly_scrape,17.0
2022-05-12,DKI5,54.0,84.9,51.2,13.0,22.4,18.3,84.9,,,rendahemisi_2022.csv,from_hourly_scrape,20.0
2022-05-13,DKI5,32.5,52.4,27.1,8.3,22.0,9.0,52.4,,,rendahemisi_2022.csv,from_hourly_scrape,22.0
2022-05-14,DKI5,43.3,71.5,31.6,11.1,31.3,13.2,71.5,,,rendahemisi_2022.csv,from_hourly_scrape,22.0
2022-05-15,DKI5,63.6,105.0,25.1,19.2,36.1,23.5,105.0,,,rendahemisi_2022.csv,from_hourly_scrape,23.0
2022-05-16,DKI5,58.5,92.0,19.6,19.5,27.1,22.0,92.0,,,rendahemisi_2022.csv,from_hourly_scrape,22.0
2022-05-17,DKI5,53.7,85.2,22.8,17.9,32.4,22.3,85.2,,,rendahemisi_2022.csv,from_hourly_scrape,15.0
2022-05-18,DKI5,52.2,83.1,23.3,15.7,37.7,23.2,83.1,,,rendahemisi_2022.csv,from_hourly_scrape,20.0
2022-05-19,DKI5,57.9,99.7,23.4,24.6,25.3,36.7,99.7,,,rendahemisi_2022.csv,from_hourly_scrape,16.0
2022-05-20,DKI5,57.5,86.8,22.6,21.4,26.4,30.4,86.8,,,rendahemisi_2022.csv,from_hourly_scrape,16.0
2022-05-21,DKI5,57.3,79.0,22.4,19.3,21.3,30.8,79.0,,,rendahemisi_2022.csv,from_hourly_scrape,16.0
2022-05-22,DKI5,48.6,74.4,24.6,14.8,22.9,19.3,74.4,,,rendahemisi_2022.csv,from_hourly_scrape,19.0
2022-05-23,DKI5,55.4,84.1,30.8,16.7,21.6,21.8,84.1,,,rendahemisi_2022.csv,from_hourly_scrape,16.0
2022-05-24,DKI5,46.3,66.1,32.9,12.4,18.5,20.1,66.1,,,rendahemisi_2022.csv,from_hourly_scrape,16.0
2022-05-25,DKI5,55.3,85.1,33.1,16.6,20.5,27.8,85.1,,,rendahemisi_2022.csv,from_hourly_scrape,12.0
2022-05-26,DKI5,53.0,74.5,26.6,14.6,21.0,18.8,74.5,,,rendahemisi_2022.csv,from_hourly_scrape,20.0
2022-05-27,DKI5,72.1,125.1,41.7,24.8,31.9,30.9,125.1,,,rendahemisi_2022.csv,from_hourly_scrape,11.0
2022-05-28,DKI5,58.9,89.1,29.8,18.4,34.6,28.2,89.1,,,rendahemisi_2022.csv,from_hourly_scrape,20.0
2022-05-29,DKI5,57.8,88.0,26.6,23.0,27.9,26.2,88.0,,,rendahemisi_2022.csv,from_hourly_scrape,20.0
2022-05-30,DKI5,43.5,67.5,28.5,14.3,18.1,15.0,67.5,,,rendahemisi_2022.csv,from_hourly_scrape,21.0
2022-05-31,DKI5,59.5,96.6,29.6,22.5,21.0,25.3,96.6,,,rendahemisi_2022.csv,from_hourly_scrape,19.0
2022-06-01,DKI5,52.8,78.8,28.6,17.6,17.8,19.0,78.8,,,rendahemisi_2022.csv,from_hourly_scrape,20.0
2022-06-02,DKI5,44.7,69.4,22.0,13.7,21.3,13.2,69.4,,,rendahemisi_2022.csv,from_hourly_scrape,21.0
2022-06-03,DKI5,47.8,71.5,22.7,20.1,23.9,28.4,71.5,,,rendahemisi_2022.csv,from_hourly_scrape,19.0
2022-06-04,DKI5,60.1,100.7,24.9,22.9,28.1,28.2,100.7,,,rendahemisi_2022.csv,from_hourly_scrape,19.0
2022-06-05,DKI5,52.4,78.6,25.8,15.0,34.7,17.4,78.6,,,rendahemisi_2022.csv,from_hourly_scrape,20.0
2022-06-06,DKI5,56.3,90.4,24.2,19.4,33.6,22.2,90.4,,,rendahemisi_2022.csv,from_hourly_scrape,20.0
2022-06-07,DKI5,52.5,77.3,24.2,18.9,25.4,25.5,77.3,,,rendahemisi_2022.csv,from_hourly_scrape,19.0
2022-06-08,DKI5,46.3,72.1,22.4,19.0,17.3,25.6,72.1,,,rendahemisi_2022.csv,from_hourly_scrape,20.0
2022-06-09,DKI5,57.4,82.2,23.8,25.6,12.7,44.4,82.2,,,rendahemisi_2022.csv,from_hourly_scrape,20.0
2022-06-10,DKI5,54.3,76.1,21.6,22.5,19.3,34.3,76.1,,,rendahemisi_2022.csv,from_hourly_scrape,19.0
2022-06-11,DKI5,47.6,74.3,21.9,15.6,25.9,22.2,74.3,,,rendahemisi_2022.csv,from_hourly_scrape,20.0
2022-06-12,DKI5,57.8,95.4,22.8,22.4,21.8,24.7,95.4,,,rendahemisi_2022.csv,from_hourly_scrape,20.0
2022-06-13,DKI5,57.1,88.5,23.7,22.9,27.4,27.2,88.5,,,rendahemisi_2022.csv,from_hourly_scrape,21.0
2022-06-14,DKI5,59.9,96.1,25.3,25.2,27.9,34.9,96.1,,,rendahemisi_2022.csv,from_hourly_scrape,19.0
2022-06-17,DKI5,69.7,110.9,27.0,21.8,19.0,32.5,110.9,,,rendahemisi_2022.csv,from_hourly_scrape,10.0
2022-06-20,DKI5,66.5,108.3,26.4,17.4,41.3,17.9,108.3,,,rendahemisi_2022.csv,from_hourly_scrape,15.0
2022-06-21,DKI5,62.3,97.0,24.7,18.1,35.7,20.1,97.0,,,rendahemisi_2022.csv,from_hourly_scrape,22.0
2022-06-22,DKI5,58.8,94.5,25.1,16.7,35.0,18.3,94.5,,,rendahemisi_2022.csv,from_hourly_scrape,15.0
2022-06-23,DKI5,65.0,106.5,26.5,19.4,30.3,23.2,106.5,,,rendahemisi_2022.csv,from_hourly_scrape,19.0
2022-06-24,DKI5,70.1,119.4,26.7,21.6,30.5,23.8,119.4,,,rendahemisi_2022.csv,from_hourly_scrape,19.0
2022-06-25,DKI5,74.6,114.7,27.0,23.1,28.3,30.9,114.7,,,rendahemisi_2022.csv,from_hourly_scrape,19.0
2022-06-26,DKI5,68.1,106.4,27.3,22.4,27.1,26.7,106.4,,,rendahemisi_2022.csv,from_hourly_scrape,18.0
2022-06-27,DKI5,59.5,91.8,24.0,20.0,30.3,22.2,91.8,,,rendahemisi_2022.csv,from_hourly_scrape,6.0
2022-06-28,DKI5,53.0,79.5,23.7,16.9,33.0,21.0,79.5,,,rendahemisi_2022.csv,from_hourly_scrape,21.0
2022-06-30,DKI5,53.0,81.0,34.2,14.0,35.6,18.0,81.0,,,rendahemisi_2022.csv,from_hourly_scrape,5.0
2022-07-01,DKI5,57.0,89.3,33.1,15.0,38.7,20.0,89.3,,,rendahemisi_2022.csv,from_hourly_scrape,15.0
2022-07-02,DKI5,68.3,117.5,31.1,18.1,44.4,20.2,117.5,,,rendahemisi_2022.csv,from_hourly_scrape,15.0
2022-07-03,DKI5,69.0,109.7,42.2,17.1,41.4,19.3,109.7,,,rendahemisi_2022.csv,from_hourly_scrape,21.0
2022-07-04,DKI5,54.1,75.0,29.3,13.0,23.1,14.3,75.0,,,rendahemisi_2022.csv,from_hourly_scrape,23.0
2022-07-05,DKI5,43.9,72.9,28.4,14.3,21.5,17.9,72.9,,,rendahemisi_2022.csv,from_hourly_scrape,19.0
2022-07-06,DKI5,55.0,87.0,27.2,18.8,20.7,28.7,87.0,,,rendahemisi_2022.csv,from_hourly_scrape,18.0
2022-07-07,DKI5,57.9,91.7,26.3,23.1,23.4,39.7,91.7,,,rendahemisi_2022.csv,from_hourly_scrape,19.0
2022-07-09,DKI5,42.8,66.2,27.3,12.1,34.5,11.6,66.2,,,rendahemisi_2022.csv,from_hourly_scrape,10.0
2022-07-10,DKI5,40.1,67.9,27.0,13.2,36.0,10.2,67.9,,,rendahemisi_2022.csv,from_hourly_scrape,20.0
2022-07-11,DKI5,48.8,80.6,28.4,14.4,36.7,13.8,80.6,,,rendahemisi_2022.csv,from_hourly_scrape,20.0
2022-07-12,DKI5,60.6,100.1,30.8,16.8,39.8,20.0,100.1,,,rendahemisi_2022.csv,from_hourly_scrape,20.0
2022-07-13,DKI5,63.8,95.2,26.1,16.9,25.4,21.5,95.2,,,rendahemisi_2022.csv,from_hourly_scrape,18.0
2022-07-14,DKI5,57.5,82.0,25.2,23.6,15.3,31.2,82.0,,,rendahemisi_2022.csv,from_hourly_scrape,21.0
2022-07-15,DKI5,38.4,63.6,31.3,13.0,18.7,19.6,63.6,,,rendahemisi_2022.csv,from_hourly_scrape,21.0
2022-07-16,DKI5,27.0,55.4,23.4,14.5,16.1,17.9,55.4,,,rendahemisi_2022.csv,from_hourly_scrape,14.0
2022-07-17,DKI5,49.5,81.9,29.8,26.6,12.8,33.0,81.9,,,rendahemisi_2022.csv,from_hourly_scrape,20.0
2022-07-18,DKI5,59.2,103.0,30.0,26.4,26.8,29.9,103.0,,,rendahemisi_2022.csv,from_hourly_scrape,20.0
2022-07-19,DKI5,61.4,93.4,34.8,16.0,41.0,23.2,93.4,,,rendahemisi_2022.csv,from_hourly_scrape,21.0
2022-07-20,DKI5,61.0,98.4,32.9,17.7,34.2,24.0,98.4,,,rendahemisi_2022.csv,from_hourly_scrape,19.0
2022-07-21,DKI5,59.7,95.2,29.7,15.1,39.5,18.9,95.2,,,rendahemisi_2022.csv,from_hourly_scrape,21.0
2022-07-22,DKI5,58.2,105.9,30.2,17.1,37.6,19.8,105.9,,,rendahemisi_2022.csv,from_hourly_scrape,20.0
2022-07-23,DKI5,51.8,74.0,36.3,14.4,26.8,19.6,74.0,,,rendahemisi_2022.csv,from_hourly_scrape,20.0
2022-07-24,DKI5,40.5,65.8,28.1,13.9,28.6,14.3,65.8,,,rendahemisi_2022.csv,from_hourly_scrape,19.0
2022-07-25,DKI5,43.5,74.0,26.1,15.8,31.2,16.7,74.0,,,rendahemisi_2022.csv,from_hourly_scrape,21.0
2022-07-26,DKI5,52.0,80.8,29.8,16.1,32.5,20.7,80.8,,,rendahemisi_2022.csv,from_hourly_scrape,20.0
2022-07-27,DKI5,52.8,85.8,33.8,14.5,44.1,19.1,85.8,,,rendahemisi_2022.csv,from_hourly_scrape,21.0
2022-07-28,DKI5,58.0,96.2,41.8,17.0,35.3,28.3,96.2,,,rendahemisi_2022.csv,from_hourly_scrape,18.0
2022-07-29,DKI5,41.5,67.5,34.0,12.2,30.0,12.2,67.5,,,rendahemisi_2022.csv,from_hourly_scrape,4.0
2022-07-30,DKI5,49.1,82.9,32.2,15.0,27.6,20.8,82.9,,,rendahemisi_2022.csv,from_hourly_scrape,20.0
2022-07-31,DKI5,56.4,86.8,32.8,13.0,38.3,12.8,86.8,,,rendahemisi_2022.csv,from_hourly_scrape,18.0
2022-08-01,DKI5,48.9,78.5,32.7,12.3,35.2,11.8,78.5,,,rendahemisi_2022.csv,from_hourly_scrape,19.0
2022-08-02,DKI5,47.3,77.5,34.9,14.9,29.8,19.6,77.5,,,rendahemisi_2022.csv,from_hourly_scrape,18.0
2022-08-03,DKI5,65.5,108.2,32.1,18.6,39.6,24.0,108.2,,,rendahemisi_2022.csv,from_hourly_scrape,20.0
2022-08-04,DKI5,57.7,86.6,28.3,15.9,31.4,19.3,86.6,,,rendahemisi_2022.csv,from_hourly_scrape,15.0
2022-08-05,DKI5,45.0,66.4,28.4,17.0,22.0,22.8,66.4,,,rendahemisi_2022.csv,from_hourly_scrape,21.0
2022-08-06,DKI5,44.9,83.2,33.2,18.9,25.9,23.6,83.2,,,rendahemisi_2022.csv,from_hourly_scrape,19.0
2022-08-07,DKI5,55.4,92.6,40.4,17.7,37.0,22.4,92.6,,,rendahemisi_2022.csv,from_hourly_scrape,20.0
2022-08-08,DKI5,43.4,74.9,27.0,17.9,41.5,19.4,74.9,,,rendahemisi_2022.csv,from_hourly_scrape,8.0
2022-08-09,DKI5,41.6,73.0,28.0,14.4,42.1,14.7,73.0,,,rendahemisi_2022.csv,from_hourly_scrape,24.0
2022-08-10,DKI5,53.9,96.5,29.1,18.8,31.3,26.0,96.5,,,rendahemisi_2022.csv,from_hourly_scrape,22.0
2022-08-11,DKI5,53.5,91.3,29.5,18.6,30.1,25.5,91.3,,,rendahemisi_2022.csv,from_hourly_scrape,21.0
2022-08-12,DKI5,51.2,83.9,28.8,17.3,29.1,25.3,83.9,,,rendahemisi_2022.csv,from_hourly_scrape,23.0
2022-08-13,DKI5,50.7,77.2,28.3,16.2,29.9,21.5,77.2,,,rendahemisi_2022.csv,from_hourly_scrape,13.0
2022-08-14,DKI5,48.6,77.2,32.6,14.2,31.6,18.4,77.2,,,rendahemisi_2022.csv,from_hourly_scrape,19.0
2022-08-15,DKI5,43.8,72.0,28.0,16.1,24.2,21.8,72.0,,,rendahemisi_2022.csv,from_hourly_scrape,9.0
2022-08-16,DKI5,45.4,73.8,29.7,15.6,26.3,21.6,73.8,,,rendahemisi_2022.csv,from_hourly_scrape,21.0
2022-08-17,DKI5,48.5,70.8,27.3,17.8,28.5,20.8,70.8,,,rendahemisi_2022.csv,from_hourly_scrape,12.0
2022-08-18,DKI5,43.6,80.2,27.9,23.6,21.8,26.8,80.2,,,rendahemisi_2022.csv,from_hourly_scrape,20.0
2022-08-19,DKI5,37.8,72.5,32.8,14.4,26.2,19.2,72.5,,,rendahemisi_2022.csv,from_hourly_scrape,19.0
2022-08-20,DKI5,45.0,71.7,33.0,14.0,29.0,14.0,71.7,,,rendahemisi_2022.csv,from_hourly_scrape,3.0
2022-08-21,DKI5,35.2,67.5,29.8,13.0,29.4,13.1,67.5,,,rendahemisi_2022.csv,from_hourly_scrape,11.0
2022-08-22,DKI5,31.4,65.5,31.8,12.5,32.9,13.1,65.5,,,rendahemisi_2022.csv,from_hourly_scrape,19.0
2022-08-23,DKI5,54.2,95.0,35.7,17.2,31.2,23.5,95.0,,,rendahemisi_2022.csv,from_hourly_scrape,19.0
2022-08-24,DKI5,50.2,87.9,31.0,15.2,38.9,17.8,87.9,,,rendahemisi_2022.csv,from_hourly_scrape,20.0
2022-08-25,DKI5,52.3,76.4,31.1,12.8,38.6,13.2,76.4,,,rendahemisi_2022.csv,from_hourly_scrape,20.0
2022-08-26,DKI5,64.3,103.8,35.3,18.3,36.8,24.4,103.8,,,rendahemisi_2022.csv,from_hourly_scrape,18.0
2022-08-27,DKI5,70.8,111.3,32.8,18.7,39.7,22.9,111.3,,,rendahemisi_2022.csv,from_hourly_scrape,13.0
2022-08-28,DKI5,58.2,88.5,30.8,17.3,32.2,19.4,88.5,,,rendahemisi_2022.csv,from_hourly_scrape,21.0
2022-08-29,DKI5,53.2,76.4,32.6,15.8,32.2,19.3,76.4,,,rendahemisi_2022.csv,from_hourly_scrape,20.0
2022-08-30,DKI5,49.4,72.9,30.1,13.9,39.1,15.8,72.9,,,rendahemisi_2022.csv,from_hourly_scrape,17.0
2022-09-02,DKI5,61.0,93.1,36.8,21.2,18.4,32.8,93.1,,,rendahemisi_2022.csv,from_hourly_scrape,17.0
2022-09-03,DKI5,58.6,78.7,30.4,15.6,19.6,19.8,78.7,,,rendahemisi_2022.csv,from_hourly_scrape,18.0
2022-09-04,DKI5,23.4,48.4,29.2,9.3,25.6,4.1,48.4,,,rendahemisi_2022.csv,from_hourly_scrape,17.0
2022-09-05,DKI5,44.2,78.3,32.1,14.5,34.8,16.2,78.3,,,rendahemisi_2022.csv,from_hourly_scrape,18.0
2022-09-06,DKI5,57.6,74.8,33.1,12.5,28.4,16.7,74.8,,,rendahemisi_2022.csv,from_hourly_scrape,17.0
2022-09-07,DKI5,38.2,72.8,29.6,15.0,20.2,21.4,72.8,,,rendahemisi_2022.csv,from_hourly_scrape,19.0
2022-09-08,DKI5,40.6,67.7,30.5,15.9,18.5,25.0,67.7,,,rendahemisi_2022.csv,from_hourly_scrape,18.0
2022-09-09,DKI5,56.9,87.9,35.2,24.8,18.7,35.9,87.9,,,rendahemisi_2022.csv,from_hourly_scrape,19.0
2022-09-13,DKI5,55.4,81.3,37.6,17.6,32.4,26.9,81.3,,,rendahemisi_2022.csv,from_hourly_scrape,10.0
2022-09-14,DKI5,56.7,80.8,34.5,17.6,36.6,26.7,80.8,,,rendahemisi_2022.csv,from_hourly_scrape,21.0
2022-09-15,DKI5,72.5,109.5,35.1,26.5,35.2,38.9,109.5,,,rendahemisi_2022.csv,from_hourly_scrape,17.0
2022-09-17,DKI5,52.3,82.3,34.0,15.2,39.5,20.5,82.3,,,rendahemisi_2022.csv,from_hourly_scrape,11.0
2022-09-18,DKI5,57.9,89.7,32.7,15.4,39.4,17.0,89.7,,,rendahemisi_2022.csv,from_hourly_scrape,23.0
2022-09-19,DKI5,63.0,96.8,35.1,15.8,44.1,20.7,96.8,,,rendahemisi_2022.csv,from_hourly_scrape,20.0
2022-09-20,DKI5,62.3,84.3,34.4,16.6,38.1,23.4,84.3,,,rendahemisi_2022.csv,from_hourly_scrape,20.0
2022-09-21,DKI5,59.4,85.8,35.0,15.2,42.7,19.4,85.8,,,rendahemisi_2022.csv,from_hourly_scrape,21.0
2022-09-22,DKI5,58.3,87.7,31.1,16.2,35.4,21.5,87.7,,,rendahemisi_2022.csv,from_hourly_scrape,19.0
2022-09-23,DKI5,57.7,84.7,31.9,21.8,32.1,30.8,84.7,,,rendahemisi_2022.csv,from_hourly_scrape,19.0
2022-10-01,DKI5,49.6,76.9,40.1,14.8,26.1,21.5,76.9,,,rendahemisi_2022.csv,from_hourly_scrape,16.0
2022-10-02,DKI5,44.2,58.8,32.3,11.9,25.4,14.5,58.8,,,rendahemisi_2022.csv,from_hourly_scrape,19.0
2022-10-03,DKI5,47.7,71.9,42.0,17.9,23.4,23.1,71.9,,,rendahemisi_2022.csv,from_hourly_scrape,23.0
2022-10-04,DKI5,45.3,64.2,44.0,14.8,29.5,22.6,64.2,,,rendahemisi_2022.csv,from_hourly_scrape,22.0
2022-10-05,DKI5,42.2,62.3,34.8,18.1,24.8,30.6,62.3,,,rendahemisi_2022.csv,from_hourly_scrape,24.0
2022-10-06,DKI5,56.8,,36.7,20.0,22.5,32.4,56.8,,,rendahemisi_2022.csv,from_hourly_scrape,17.0
2022-10-10,DKI5,36.3,60.6,35.8,11.6,27.9,13.2,60.6,,,rendahemisi_2022.csv,from_hourly_scrape,12.0
2022-10-11,DKI5,50.2,79.0,40.1,15.1,30.0,24.7,79.0,,,rendahemisi_2022.csv,from_hourly_scrape,18.0
2022-10-12,DKI5,54.2,83.8,35.9,18.6,30.7,26.6,83.8,,,rendahemisi_2022.csv,from_hourly_scrape,19.0
2022-10-13,DKI5,47.8,76.1,36.1,15.1,33.4,21.9,76.1,,,rendahemisi_2022.csv,from_hourly_scrape,19.0
2022-10-14,DKI5,45.5,70.5,33.8,17.2,26.0,23.7,70.5,,,rendahemisi_2022.csv,from_hourly_scrape,21.0
2022-10-15,DKI5,49.3,67.6,35.5,11.4,28.8,14.5,67.6,,,rendahemisi_2022.csv,from_hourly_scrape,21.0
2022-10-16,DKI5,47.9,68.1,35.8,15.5,31.9,23.8,68.1,,,rendahemisi_2022.csv,from_hourly_scrape,19.0
2022-10-17,DKI5,50.4,,36.3,11.5,35.3,14.0,50.4,,,rendahemisi_2022.csv,from_hourly_scrape,21.0
2022-10-18,DKI5,54.1,,36.7,15.2,32.3,23.4,54.1,,,rendahemisi_2022.csv,from_hourly_scrape,19.0
2022-10-19,DKI5,54.2,,38.2,18.4,19.6,28.4,54.2,,,rendahemisi_2022.csv,from_hourly_scrape,20.0
2022-10-20,DKI5,55.2,,37.6,18.0,20.2,26.4,55.2,,,rendahemisi_2022.csv,from_hourly_scrape,19.0
2022-10-22,DKI5,48.1,86.0,45.3,15.9,22.5,20.4,86.0,,,rendahemisi_2022.csv,from_hourly_scrape,14.0
2022-10-23,DKI5,47.2,81.0,47.3,10.9,22.5,13.9,81.0,,,rendahemisi_2022.csv,from_hourly_scrape,22.0
2022-10-24,DKI5,22.7,,35.6,8.0,13.1,4.9,35.6,,,rendahemisi_2022.csv,from_hourly_scrape,15.0
2022-10-25,DKI5,18.9,,39.9,8.2,14.6,4.8,39.9,,,rendahemisi_2022.csv,from_hourly_scrape,19.0
2022-10-29,DKI5,43.8,60.4,39.1,11.6,22.8,13.8,60.4,,,rendahemisi_2022.csv,from_hourly_scrape,16.0
2022-10-30,DKI5,44.4,55.4,40.8,11.0,28.2,11.1,55.4,,,rendahemisi_2022.csv,from_hourly_scrape,22.0
2022-10-31,DKI5,39.8,53.0,43.1,10.7,26.1,12.5,53.0,,,rendahemisi_2022.csv,from_hourly_scrape,23.0
2022-11-01,DKI5,34.5,53.2,44.5,10.6,30.9,16.5,53.2,,,rendahemisi_2022.csv,from_hourly_scrape,15.0
2022-11-02,DKI5,50.5,67.8,43.6,12.8,31.9,21.8,67.8,,,rendahemisi_2022.csv,from_hourly_scrape,17.0
2022-11-03,DKI5,43.8,57.1,38.6,12.8,30.7,21.8,57.1,,,rendahemisi_2022.csv,from_hourly_scrape,20.0
2022-11-04,DKI5,56.2,69.8,42.8,17.2,25.9,28.2,69.8,,,rendahemisi_2022.csv,from_hourly_scrape,12.0
2022-11-05,DKI5,50.5,62.4,36.8,15.4,28.2,26.8,62.4,,,rendahemisi_2022.csv,from_hourly_scrape,20.0
2022-11-09,DKI5,50.6,67.5,41.3,19.1,17.5,29.6,67.5,,,rendahemisi_2022.csv,from_hourly_scrape,13.0
2022-11-10,DKI5,34.8,52.9,45.4,11.0,10.8,13.2,52.9,,,rendahemisi_2022.csv,from_hourly_scrape,12.0
2022-11-11,DKI5,34.4,,41.8,10.5,10.8,11.5,41.8,,,rendahemisi_2022.csv,from_hourly_scrape,17.0
2022-11-12,DKI5,20.2,46.1,36.6,9.1,15.4,6.8,46.1,,,rendahemisi_2022.csv,from_hourly_scrape,16.0
2022-11-13,DKI5,29.7,49.0,37.4,10.2,15.3,11.0,49.0,,,rendahemisi_2022.csv,from_hourly_scrape,21.0
2022-11-14,DKI5,33.8,54.8,36.9,10.9,26.7,9.8,54.8,,,rendahemisi_2022.csv,from_hourly_scrape,19.0
2022-11-15,DKI5,42.6,55.5,40.7,11.1,22.6,13.0,55.5,,,rendahemisi_2022.csv,from_hourly_scrape,16.0
2022-11-16,DKI5,36.8,47.0,50.7,9.9,15.8,15.1,50.7,,,rendahemisi_2022.csv,from_hourly_scrape,18.0
2022-11-18,DKI5,26.2,,48.4,9.1,15.4,9.3,48.4,,,rendahemisi_2022.csv,from_hourly_scrape,12.0
2022-11-19,DKI5,27.5,,26.5,4.2,14.7,2.4,27.5,,,rendahemisi_2022.csv,from_hourly_scrape,20.0
2022-11-20,DKI5,28.5,,19.8,2.0,15.2,1.0,28.5,,,rendahemisi_2022.csv,from_hourly_scrape,7.0
2022-11-21,DKI5,21.8,,6.0,2.0,13.6,1.1,21.8,,,rendahemisi_2022.csv,from_hourly_scrape,14.0
2022-11-22,DKI5,22.3,,4.9,2.0,14.0,1.0,22.3,,,rendahemisi_2022.csv,from_hourly_scrape,23.0
2022-11-23,DKI5,22.9,,5.5,2.0,14.4,1.0,22.9,,,rendahemisi_2022.csv,from_hourly_scrape,22.0
2022-11-24,DKI5,24.8,,8.6,2.9,16.7,1.0,24.8,,,rendahemisi_2022.csv,from_hourly_scrape,17.0
2022-11-25,DKI5,29.0,,9.9,11.7,17.1,1.8,29.0,,,rendahemisi_2022.csv,from_hourly_scrape,15.0
2022-11-26,DKI5,51.6,,16.2,8.2,18.2,1.4,51.6,,,rendahemisi_2022.csv,from_hourly_scrape,20.0
2022-11-27,DKI5,53.1,,20.0,16.6,22.6,2.9,53.1,,,rendahemisi_2022.csv,from_hourly_scrape,18.0
2022-11-29,DKI5,,,18.1,14.2,26.3,1.2,26.3,,,rendahemisi_2022.csv,from_hourly_scrape,9.0
2022-11-30,DKI5,46.6,,19.8,12.6,27.4,2.9,46.6,,,rendahemisi_2022.csv,from_hourly_scrape,22.0
2022-12-01,DKI5,52.0,,18.0,17.0,27.0,5.0,52.0,PM10,SEDANG,ispu_2023.csv,,
2022-12-02,DKI5,48.0,,20.0,18.0,21.0,5.0,48.0,PM10,BAIK,ispu_2023.csv,,
2022-12-03,DKI5,49.0,,20.0,16.0,32.0,5.0,49.0,PM10,BAIK,ispu_2023.csv,,
2022-12-04,DKI5,54.0,,18.0,19.0,28.0,5.0,54.0,PM10,SEDANG,ispu_2023.csv,,
2022-12-05,DKI5,53.0,,17.0,17.0,32.0,5.0,53.0,PM10,SEDANG,ispu_2023.csv,,
2022-12-06,DKI5,55.0,,16.0,18.0,24.0,5.0,55.0,PM10,SEDANG,ispu_2023.csv,,
2022-12-07,DKI5,48.0,,17.0,18.0,21.0,5.0,48.0,PM10,BAIK,ispu_2023.csv,,
2022-12-08,DKI5,41.0,58.0,17.0,9.0,34.0,2.0,58.0,PM25,SEDANG,ispu_2023.csv,,
2022-12-09,DKI5,52.0,69.0,21.0,21.0,18.0,8.0,69.0,PM25,SEDANG,ispu_2023.csv,,
2022-12-10,DKI5,36.0,53.0,16.0,18.0,10.0,,53.0,PM25,SEDANG,ispu_2023.csv,,
2022-12-11,DKI5,28.0,45.0,17.0,9.0,18.0,,45.0,PM25,BAIK,ispu_2023.csv,,
2022-12-12,DKI5,18.0,27.0,16.0,7.0,22.0,,27.0,PM25,BAIK,ispu_2023.csv,,
2022-12-13,DKI5,20.0,26.0,15.0,8.0,16.0,,26.0,PM25,BAIK,ispu_2023.csv,,
2022-12-14,DKI5,18.0,25.0,16.0,6.0,17.0,,25.0,PM25,BAIK,ispu_2023.csv,,
2022-12-15,DKI5,22.0,33.0,18.0,6.0,19.0,,33.0,PM25,BAIK,ispu_2023.csv,,
2022-12-16,DKI5,31.0,51.0,23.0,11.0,18.0,1.0,51.0,PM25,SEDANG,ispu_2023.csv,,
2022-12-17,DKI5,52.0,67.0,19.0,30.0,20.0,,67.0,PM25,SEDANG,ispu_2023.csv,,
2022-12-18,DKI5,58.0,74.0,18.0,26.0,19.0,,74.0,PM25,SEDANG,ispu_2023.csv,,
2022-12-19,DKI5,54.0,73.0,22.0,28.0,26.0,,73.0,PM25,SEDANG,ispu_2023.csv,,
2022-12-20,DKI5,60.0,72.0,20.0,23.0,21.0,5.0,72.0,PM25,SEDANG,ispu_2023.csv,,
2022-12-21,DKI5,53.0,59.0,31.0,13.0,25.0,3.0,59.0,PM25,SEDANG,ispu_2023.csv,,
2022-12-22,DKI5,37.0,,24.0,7.0,17.0,,37.0,PM10,BAIK,ispu_2023.csv,,
2022-12-23,DKI5,24.0,,19.0,9.0,16.0,,24.0,PM10,BAIK,ispu_2023.csv,,
2022-12-24,DKI5,54.0,,19.0,23.0,17.0,,54.0,PM10,SEDANG,ispu_2023.csv,,
2022-12-25,DKI5,32.0,,20.0,13.0,16.0,,32.0,PM10,BAIK,ispu_2023.csv,,
2022-12-26,DKI5,33.0,,25.0,14.0,13.0,2.0,33.0,PM10,BAIK,ispu_2023.csv,,
2022-12-27,DKI5,23.0,,23.0,10.0,12.0,,23.0,PM10,BAIK,ispu_2023.csv,,
2022-12-28,DKI5,28.0,,23.0,14.0,9.0,,28.0,PM10,BAIK,ispu_2023.csv,,
2022-12-29,DKI5,,,28.0,11.0,,,28.0,SO2,BAIK,ispu_2023.csv,,
2022-12-30,DKI5,32.0,,27.0,15.0,13.0,,32.0,PM10,BAIK,ispu_2023.csv,,
2022-12-31,DKI5,50.0,,23.0,21.0,13.0,,50.0,PM10,BAIK,ispu_2023.csv,,
2023-01-01,DKI5,30.0,,21.0,13.0,14.0,1.0,52.0,PM10,SEDANG,ispu_2023.csv,,
2023-01-02,DKI5,25.0,,30.0,13.0,16.0,2.0,48.0,PM10,BAIK,ispu_2023.csv,,
2023-01-03,DKI5,22.0,,28.0,11.0,15.0,,49.0,PM10,BAIK,ispu_2023.csv,,
2023-01-04,DKI5,26.0,,31.0,12.0,17.0,2.0,54.0,PM10,SEDANG,ispu_2023.csv,,
2023-01-05,DKI5,35.0,,26.0,23.0,18.0,,53.0,PM10,SEDANG,ispu_2023.csv,,
2023-01-06,DKI5,21.0,,19.0,11.0,16.0,,55.0,PM10,SEDANG,ispu_2023.csv,,
2023-01-07,DKI5,20.0,,19.0,11.0,12.0,,48.0,PM10,BAIK,ispu_2023.csv,,
2023-01-08,DKI5,20.0,,23.0,10.0,12.0,,58.0,PM25,SEDANG,ispu_2023.csv,,
2023-01-09,DKI5,17.0,,24.0,10.0,17.0,,69.0,PM25,SEDANG,ispu_2023.csv,,
2023-01-10,DKI5,27.0,,23.0,11.0,17.0,,53.0,PM25,SEDANG,ispu_2023.csv,,
2023-01-11,DKI5,35.0,,24.0,16.0,10.0,,45.0,PM25,BAIK,ispu_2023.csv,,
2023-01-12,DKI5,40.0,,24.0,19.0,39.0,8.0,27.0,PM25,BAIK,ispu_2023.csv,,
2023-01-13,DKI5,51.0,,25.0,18.0,47.0,12.0,26.0,PM25,BAIK,ispu_2023.csv,,
2023-01-14,DKI5,51.0,,24.0,19.0,35.0,8.0,25.0,PM25,BAIK,ispu_2023.csv,,
2023-01-15,DKI5,36.0,,25.0,13.0,24.0,5.0,33.0,PM25,BAIK,ispu_2023.csv,,
2023-01-16,DKI5,21.0,,22.0,10.0,23.0,2.0,51.0,PM25,SEDANG,ispu_2023.csv,,
2023-01-17,DKI5,33.0,,26.0,14.0,21.0,3.0,67.0,PM25,SEDANG,ispu_2023.csv,,
2023-01-18,DKI5,49.0,,45.0,17.0,24.0,7.0,74.0,PM25,SEDANG,ispu_2023.csv,,
2023-01-19,DKI5,53.0,,41.0,19.0,23.0,6.0,73.0,PM25,SEDANG,ispu_2023.csv,,
2023-01-20,DKI5,34.0,,34.0,12.0,26.0,5.0,72.0,PM25,SEDANG,ispu_2023.csv,,
2023-01-21,DKI5,35.0,,26.0,14.0,22.0,3.0,59.0,PM25,SEDANG,ispu_2023.csv,,
2023-01-22,DKI5,22.0,,25.0,11.0,23.0,4.0,37.0,PM10,BAIK,ispu_2023.csv,,
2023-01-23,DKI5,17.0,,28.0,9.0,25.0,,24.0,PM10,BAIK,ispu_2023.csv,,
2023-01-24,DKI5,19.0,,29.0,9.0,26.0,1.0,54.0,PM10,SEDANG,ispu_2023.csv,,
2023-01-25,DKI5,24.0,,52.0,10.0,21.0,2.0,32.0,PM10,BAIK,ispu_2023.csv,,
2023-01-26,DKI5,35.0,,27.0,13.0,25.0,3.0,33.0,PM10,BAIK,ispu_2023.csv,,
2023-01-27,DKI5,38.0,,27.0,16.0,27.0,6.0,23.0,PM10,BAIK,ispu_2023.csv,,
2023-01-28,DKI5,27.0,,26.0,16.0,25.0,6.0,28.0,PM10,BAIK,ispu_2023.csv,,
2023-01-29,DKI5,54.0,,27.0,26.0,25.0,4.0,28.0,SO2,BAIK,ispu_2023.csv,,
2023-01-30,DKI5,42.0,,25.0,17.0,26.0,5.0,32.0,PM10,BAIK,ispu_2023.csv,,
2023-01-31,DKI5,38.0,,42.0,16.0,28.0,8.0,50.0,PM10,BAIK,ispu_2023.csv,,
2023-02-01,DKI5,35.0,,41.0,16.0,29.0,8.0,41.0,SO2,BAIK,ispu_2023.csv,,
2023-02-02,DKI5,38.0,,28.0,18.0,31.0,7.0,38.0,PM10,BAIK,ispu_2023.csv,,
2023-02-03,DKI5,19.0,,36.0,14.0,25.0,4.0,36.0,SO2,BAIK,ispu_2023.csv,,
2023-02-04,DKI5,50.0,,47.0,22.0,25.0,,50.0,PM10,BAIK,ispu_2023.csv,,
2023-02-05,DKI5,35.0,,31.0,15.0,25.0,5.0,35.0,PM10,BAIK,ispu_2023.csv,,
2023-02-06,DKI5,29.0,,36.0,11.0,24.0,2.0,36.0,SO2,BAIK,ispu_2023.csv,,
2023-02-07,DKI5,26.0,,32.0,12.0,25.0,4.0,32.0,SO2,BAIK,ispu_2023.csv,,
2023-02-08,DKI5,,,24.0,16.0,26.0,6.0,26.0,O3,BAIK,ispu_2023.csv,,
2023-02-09,DKI5,22.0,,22.0,12.0,19.0,3.0,22.0,PM10,BAIK,ispu_2023.csv,,
2023-02-10,DKI5,16.0,,24.0,11.0,24.0,2.0,24.0,SO2,BAIK,ispu_2023.csv,,
2023-02-11,DKI5,26.0,,22.0,15.0,28.0,4.0,28.0,O3,BAIK,ispu_2023.csv,,
2023-02-12,DKI5,23.0,,22.0,11.0,25.0,5.0,25.0,O3,BAIK,ispu_2023.csv,,
2023-02-13,DKI5,27.0,,21.0,14.0,20.0,3.0,27.0,PM10,BAIK,ispu_2023.csv,,
2023-02-14,DKI5,20.0,,21.0,11.0,21.0,3.0,21.0,SO2,BAIK,ispu_2023.csv,,
2023-02-15,DKI5,13.0,,22.0,11.0,22.0,2.0,22.0,SO2,BAIK,ispu_2023.csv,,
2023-02-16,DKI5,21.0,,24.0,11.0,21.0,2.0,24.0,SO2,BAIK,ispu_2023.csv,,
2023-02-17,DKI5,21.0,,20.0,9.0,19.0,9.0,21.0,PM10,BAIK,ispu_2023.csv,,
2023-02-18,DKI5,50.0,,17.0,16.0,24.0,17.0,50.0,PM10,BAIK,ispu_2023.csv,,
2023-02-19,DKI5,47.0,,16.0,15.0,27.0,18.0,47.0,PM10,BAIK,ispu_2023.csv,,
2023-02-20,DKI5,30.0,,15.0,11.0,20.0,8.0,30.0,PM10,BAIK,ispu_2023.csv,,
2023-02-21,DKI5,25.0,,17.0,8.0,20.0,7.0,25.0,PM10,BAIK,ispu_2023.csv,,
2023-02-22,DKI5,18.0,,17.0,8.0,22.0,9.0,22.0,O3,BAIK,ispu_2023.csv,,
2023-02-23,DKI5,28.0,,15.0,12.0,25.0,15.0,28.0,PM10,BAIK,ispu_2023.csv,,
2023-02-24,DKI5,18.0,,13.0,11.0,28.0,18.0,28.0,O3,BAIK,ispu_2023.csv,,
2023-02-25,DKI5,35.0,,13.0,12.0,31.0,18.0,35.0,PM10,BAIK,ispu_2023.csv,,
2023-02-26,DKI5,23.0,,14.0,9.0,32.0,11.0,32.0,O3,BAIK,ispu_2023.csv,,
2023-02-27,DKI5,20.0,,13.0,8.0,33.0,13.0,33.0,O3,BAIK,ispu_2023.csv,,
2023-02-28,DKI5,30.0,,21.0,11.0,28.0,18.0,30.0,PM10,BAIK,ispu_2023.csv,,
2023-03-01,DKI5,28.0,,17.0,10.0,25.0,14.0,28.0,1,BAIK,ispu_2023.csv,,
2023-03-02,DKI5,30.0,,16.0,12.0,19.0,15.0,30.0,1,BAIK,ispu_2023.csv,,
2023-03-03,DKI5,39.0,,18.0,12.0,22.0,16.0,39.0,1,BAIK,ispu_2023.csv,,
2023-03-04,DKI5,25.0,,15.0,14.0,22.0,13.0,25.0,1,BAIK,ispu_2023.csv,,
2023-03-05,DKI5,28.0,,16.0,12.0,21.0,12.0,28.0,1,BAIK,ispu_2023.csv,,
2023-03-06,DKI5,17.0,,14.0,9.0,20.0,7.0,20.0,5,BAIK,ispu_2023.csv,,
2023-03-07,DKI5,35.0,,18.0,10.0,23.0,9.0,35.0,1,BAIK,ispu_2023.csv,,
2023-03-08,DKI5,32.0,,22.0,10.0,23.0,14.0,32.0,1,BAIK,ispu_2023.csv,,
2023-03-09,DKI5,41.0,,15.0,19.0,28.0,21.0,41.0,1,BAIK,ispu_2023.csv,,
2023-03-10,DKI5,53.0,,15.0,16.0,29.0,14.0,53.0,1,SEDANG,ispu_2023.csv,,
2023-03-11,DKI5,50.0,,14.0,16.0,35.0,20.0,50.0,1,BAIK,ispu_2023.csv,,
2023-03-12,DKI5,60.0,,15.0,21.0,37.0,22.0,60.0,1,SEDANG,ispu_2023.csv,,
2023-03-13,DKI5,57.0,,17.0,16.0,34.0,20.0,57.0,1,SEDANG,ispu_2023.csv,,
2023-03-14,DKI5,56.0,,18.0,13.0,28.0,18.0,56.0,1,SEDANG,ispu_2023.csv,,
2023-03-15,DKI5,26.0,,15.0,10.0,33.0,13.0,33.0,5,BAIK,ispu_2023.csv,,
2023-03-16,DKI5,59.0,,14.0,27.0,24.0,35.0,59.0,1,SEDANG,ispu_2023.csv,,
2023-03-17,DKI5,52.0,,14.0,15.0,33.0,17.0,52.0,1,SEDANG,ispu_2023.csv,,
2023-03-18,DKI5,52.0,,14.0,14.0,37.0,20.0,52.0,1,SEDANG,ispu_2023.csv,,
2023-03-19,DKI5,50.0,,14.0,14.0,37.0,18.0,50.0,1,BAIK,ispu_2023.csv,,
2023-03-20,DKI5,57.0,,16.0,16.0,41.0,18.0,57.0,1,SEDANG,ispu_2023.csv,,
2023-03-21,DKI5,53.0,,16.0,18.0,38.0,28.0,53.0,1,SEDANG,ispu_2023.csv,,
2023-03-22,DKI5,46.0,,14.0,11.0,46.0,14.0,46.0,1,BAIK,ispu_2023.csv,,
2023-03-23,DKI5,38.0,,14.0,9.0,39.0,13.0,39.0,5,BAIK,ispu_2023.csv,,
2023-03-24,DKI5,53.0,,14.0,13.0,43.0,17.0,53.0,1,SEDANG,ispu_2023.csv,,
2023-03-25,DKI5,49.0,,16.0,10.0,35.0,14.0,49.0,1,BAIK,ispu_2023.csv,,
2023-03-26,DKI5,37.0,,17.0,12.0,36.0,18.0,37.0,1,BAIK,ispu_2023.csv,,
2023-03-27,DKI5,38.0,,15.0,12.0,30.0,15.0,38.0,1,BAIK,ispu_2023.csv,,
2023-03-28,DKI5,60.0,,18.0,25.0,29.0,21.0,60.0,1,SEDANG,ispu_2023.csv,,
2023-03-29,DKI5,60.0,,15.0,30.0,28.0,19.0,60.0,1,SEDANG,ispu_2023.csv,,
2023-03-30,DKI5,52.0,,21.0,25.0,26.0,19.0,52.0,1,SEDANG,ispu_2023.csv,,
2023-03-31,DKI5,51.0,,20.0,11.0,35.0,16.0,51.0,1,SEDANG,ispu_2023.csv,,
2023-04-01,DKI5,,,,,,,0.0,-,TIDAK ADA DATA,ispu_2023.csv,,
2023-04-02,DKI5,,,,,,,0.0,-,TIDAK ADA DATA,ispu_2023.csv,,
2023-04-03,DKI5,,,,,,,0.0,-,TIDAK ADA DATA,ispu_2023.csv,,
2023-04-04,DKI5,39.0,,18.0,11.0,31.0,11.0,39.0,PM10,BAIK,ispu_2023.csv,,
2023-04-05,DKI5,36.0,,19.0,9.0,24.0,12.0,36.0,PM10,BAIK,ispu_2023.csv,,
2023-04-06,DKI5,,,,,,,0.0,-,TIDAK ADA DATA,ispu_2023.csv,,
2023-04-07,DKI5,37.0,,18.0,9.0,24.0,11.0,37.0,PM10,BAIK,ispu_2023.csv,,
2023-04-08,DKI5,58.0,,20.0,10.0,44.0,14.0,58.0,PM10,SEDANG,ispu_2023.csv,,
2023-04-09,DKI5,57.0,,24.0,12.0,33.0,15.0,57.0,PM10,SEDANG,ispu_2023.csv,,
2023-04-10,DKI5,27.0,,16.0,6.0,28.0,9.0,28.0,O3,BAIK,ispu_2023.csv,,
2023-04-11,DKI5,23.0,,15.0,5.0,26.0,5.0,26.0,O3,BAIK,ispu_2023.csv,,
2023-04-12,DKI5,15.0,,15.0,5.0,24.0,4.0,24.0,O3,BAIK,ispu_2023.csv,,
2023-04-13,DKI5,17.0,,14.0,5.0,28.0,4.0,28.0,O3,BAIK,ispu_2023.csv,,
2023-04-14,DKI5,28.0,,16.0,7.0,29.0,9.0,29.0,O3,BAIK,ispu_2023.csv,,
2023-04-15,DKI5,40.0,,18.0,12.0,34.0,16.0,40.0,PM10,BAIK,ispu_2023.csv,,
2023-04-16,DKI5,31.0,,15.0,7.0,35.0,8.0,35.0,O3,BAIK,ispu_2023.csv,,
2023-04-17,DKI5,19.0,,15.0,6.0,35.0,7.0,35.0,O3,BAIK,ispu_2023.csv,,
2023-04-18,DKI5,49.0,,16.0,9.0,50.0,14.0,50.0,O3,BAIK,ispu_2023.csv,,
2023-04-19,DKI5,48.0,,15.0,12.0,51.0,16.0,51.0,O3,SEDANG,ispu_2023.csv,,
2023-04-20,DKI5,51.0,,15.0,12.0,50.0,15.0,51.0,PM10,SEDANG,ispu_2023.csv,,
2023-04-21,DKI5,35.0,,15.0,9.0,55.0,12.0,55.0,O3,SEDANG,ispu_2023.csv,,
2023-04-22,DKI5,40.0,,15.0,7.0,49.0,12.0,49.0,O3,BAIK,ispu_2023.csv,,
2023-04-23,DKI5,35.0,,15.0,2.0,53.0,8.0,53.0,O3,SEDANG,ispu_2023.csv,,
2023-04-24,DKI5,39.0,,15.0,8.0,47.0,14.0,47.0,O3,BAIK,ispu_2023.csv,,
2023-04-25,DKI5,34.0,,15.0,,47.0,10.0,47.0,O3,BAIK,ispu_2023.csv,,
2023-04-26,DKI5,44.0,,15.0,11.0,44.0,15.0,44.0,PM10,BAIK,ispu_2023.csv,,
2023-04-27,DKI5,48.0,,15.0,10.0,48.0,19.0,48.0,PM10,BAIK,ispu_2023.csv,,
2023-04-28,DKI5,31.0,,14.0,,49.0,11.0,49.0,O3,BAIK,ispu_2023.csv,,
2023-04-29,DKI5,45.0,,14.0,10.0,48.0,18.0,48.0,O3,BAIK,ispu_2023.csv,,
2023-04-30,DKI5,59.0,,14.0,12.0,53.0,21.0,59.0,PM10,SEDANG,ispu_2023.csv,,
2023-05-01,DKI5,43.0,,15.0,,51.0,13.0,51.0,O3,SEDANG,ispu_2023.csv,,
2023-05-02,DKI5,65.0,,,14.0,44.0,21.0,65.0,PM10,SEDANG,ispu_2023.csv,,
2023-05-03,DKI5,50.0,,17.0,16.0,44.0,19.0,50.0,PM10,BAIK,ispu_2023.csv,,
2023-05-04,DKI5,37.0,,17.0,14.0,48.0,20.0,48.0,O3,BAIK,ispu_2023.csv,,
2023-05-05,DKI5,42.0,,16.0,22.0,57.0,23.0,57.0,O3,SEDANG,ispu_2023.csv,,
2023-05-06,DKI5,39.0,,18.0,16.0,52.0,21.0,52.0,O3,SEDANG,ispu_2023.csv,,
2023-05-07,DKI5,57.0,,18.0,23.0,45.0,25.0,57.0,PM10,SEDANG,ispu_2023.csv,,
2023-05-08,DKI5,42.0,,16.0,16.0,51.0,14.0,51.0,O3,SEDANG,ispu_2023.csv,,
2023-05-09,DKI5,52.0,,19.0,22.0,47.0,24.0,52.0,PM10,SEDANG,ispu_2023.csv,,
2023-05-10,DKI5,60.0,,19.0,18.0,50.0,22.0,60.0,PM10,SEDANG,ispu_2023.csv,,
2023-05-11,DKI5,53.0,,20.0,14.0,50.0,16.0,53.0,PM10,SEDANG,ispu_2023.csv,,
2023-05-12,DKI5,18.0,,22.0,11.0,31.0,14.0,31.0,O3,BAIK,ispu_2023.csv,,
2023-05-13,DKI5,39.0,,20.0,15.0,45.0,17.0,45.0,O3,BAIK,ispu_2023.csv,,
2023-05-14,DKI5,46.0,,18.0,18.0,44.0,19.0,46.0,PM10,BAIK,ispu_2023.csv,,
2023-05-15,DKI5,48.0,,21.0,18.0,41.0,18.0,48.0,PM10,BAIK,ispu_2023.csv,,
2023-05-16,DKI5,53.0,,20.0,16.0,45.0,17.0,53.0,PM10,SEDANG,ispu_2023.csv,,
2023-05-17,DKI5,52.0,,20.0,17.0,41.0,20.0,52.0,PM10,SEDANG,ispu_2023.csv,,
2023-05-18,DKI5,49.0,,23.0,16.0,42.0,20.0,49.0,PM10,BAIK,ispu_2023.csv,,
2023-05-19,DKI5,58.0,,21.0,17.0,48.0,21.0,58.0,PM10,SEDANG,ispu_2023.csv,,
2023-05-20,DKI5,57.0,,24.0,18.0,45.0,25.0,57.0,PM10,SEDANG,ispu_2023.csv,,
2023-05-21,DKI5,61.0,,21.0,18.0,48.0,19.0,61.0,PM10,SEDANG,ispu_2023.csv,,
2023-05-22,DKI5,52.0,,17.0,20.0,55.0,21.0,55.0,O3,SEDANG,ispu_2023.csv,,
2023-05-23,DKI5,61.0,,20.0,19.0,46.0,22.0,61.0,PM10,SEDANG,ispu_2023.csv,,
2023-05-24,DKI5,66.0,,22.0,24.0,38.0,27.0,66.0,PM10,SEDANG,ispu_2023.csv,,
2023-05-25,DKI5,68.0,,22.0,23.0,46.0,25.0,68.0,PM10,SEDANG,ispu_2023.csv,,
2023-05-26,DKI5,63.0,,20.0,20.0,53.0,23.0,63.0,PM10,SEDANG,ispu_2023.csv,,
2023-05-27,DKI5,57.0,,22.0,15.0,54.0,19.0,57.0,PM10,SEDANG,ispu_2023.csv,,
2023-05-28,DKI5,53.0,,19.0,17.0,60.0,20.0,60.0,O3,SEDANG,ispu_2023.csv,,
2023-05-29,DKI5,63.0,,21.0,20.0,51.0,22.0,63.0,PM10,SEDANG,ispu_2023.csv,,
2023-05-30,DKI5,59.0,,21.0,17.0,55.0,18.0,59.0,PM10,SEDANG,ispu_2023.csv,,
2023-05-31,DKI5,60.0,,20.0,19.0,58.0,20.0,60.0,PM10,SEDANG,ispu_2023.csv,,
2023-06-01,DKI5,54.0,,21.0,16.0,51.0,16.0,54.0,PM10,SEDANG,ispu_2023.csv,,
2023-06-02,DKI5,56.0,,23.0,16.0,53.0,16.0,56.0,PM10,SEDANG,ispu_2023.csv,,
2023-06-03,DKI5,56.0,,22.0,16.0,49.0,17.0,56.0,PM10,SEDANG,ispu_2023.csv,,
2023-06-04,DKI5,53.0,,19.0,15.0,53.0,14.0,53.0,PM10,SEDANG,ispu_2023.csv,,
2023-06-05,DKI5,55.0,,19.0,18.0,46.0,18.0,55.0,PM10,SEDANG,ispu_2023.csv,,
2023-06-06,DKI5,46.0,,19.0,16.0,49.0,15.0,49.0,O3,BAIK,ispu_2023.csv,,
2023-06-07,DKI5,57.0,,18.0,25.0,47.0,27.0,57.0,PM10,SEDANG,ispu_2023.csv,,
2023-06-08,DKI5,51.0,,21.0,20.0,38.0,22.0,51.0,PM10,SEDANG,ispu_2023.csv,,
2023-06-09,DKI5,50.0,,23.0,18.0,34.0,19.0,50.0,PM10,BAIK,ispu_2023.csv,,
2023-06-10,DKI5,37.0,,20.0,16.0,45.0,17.0,45.0,O3,BAIK,ispu_2023.csv,,
2023-06-11,DKI5,61.0,,23.0,21.0,44.0,24.0,61.0,PM10,SEDANG,ispu_2023.csv,,
2023-06-12,DKI5,59.0,,20.0,18.0,47.0,20.0,59.0,PM10,SEDANG,ispu_2023.csv,,
2023-06-13,DKI5,52.0,,18.0,15.0,63.0,17.0,63.0,O3,SEDANG,ispu_2023.csv,,
2023-06-14,DKI5,50.0,,18.0,17.0,67.0,19.0,67.0,O3,SEDANG,ispu_2023.csv,,
2023-06-15,DKI5,54.0,,18.0,24.0,54.0,23.0,54.0,PM10,SEDANG,ispu_2023.csv,,
2023-06-16,DKI5,41.0,,18.0,15.0,61.0,19.0,61.0,O3,SEDANG,ispu_2023.csv,,
2023-06-17,DKI5,49.0,,20.0,21.0,53.0,22.0,53.0,O3,SEDANG,ispu_2023.csv,,
2023-06-18,DKI5,51.0,,19.0,23.0,57.0,24.0,57.0,O3,SEDANG,ispu_2023.csv,,
2023-06-19,DKI5,28.0,,18.0,13.0,67.0,13.0,67.0,O3,SEDANG,ispu_2023.csv,,
2023-06-20,DKI5,48.0,,19.0,22.0,52.0,21.0,52.0,O3,SEDANG,ispu_2023.csv,,
2023-06-21,DKI5,47.0,,19.0,13.0,65.0,17.0,65.0,O3,SEDANG,ispu_2023.csv,,
2023-06-22,DKI5,62.0,,18.0,22.0,70.0,29.0,70.0,O3,SEDANG,ispu_2023.csv,,
2023-06-23,DKI5,47.0,,19.0,15.0,64.0,18.0,64.0,O3,SEDANG,ispu_2023.csv,,
2023-06-24,DKI5,44.0,,19.0,14.0,71.0,20.0,71.0,O3,SEDANG,ispu_2023.csv,,
2023-06-25,DKI5,49.0,,19.0,14.0,77.0,14.0,77.0,O3,SEDANG,ispu_2023.csv,,
2023-06-26,DKI5,52.0,,19.0,19.0,64.0,20.0,64.0,O3,SEDANG,ispu_2023.csv,,
2023-06-27,DKI5,55.0,,20.0,15.0,58.0,19.0,58.0,O3,SEDANG,ispu_2023.csv,,
2023-06-28,DKI5,39.0,,20.0,14.0,52.0,19.0,52.0,O3,SEDANG,ispu_2023.csv,,
2023-06-29,DKI5,19.0,,20.0,12.0,54.0,10.0,54.0,O3,SEDANG,ispu_2023.csv,,
2023-06-30,DKI5,39.0,,20.0,13.0,68.0,10.0,68.0,O3,SEDANG,ispu_2023.csv,,
2023-07-01,DKI5,54.0,,19.0,18.0,61.0,18.0,61.0,O3,SEDANG,ispu_2023.csv,,
2023-07-02,DKI5,44.0,,20.0,18.0,56.0,20.0,56.0,O3,SEDANG,ispu_2023.csv,,
2023-07-03,DKI5,47.0,,20.0,16.0,68.0,17.0,68.0,O3,SEDANG,ispu_2023.csv,,
2023-07-04,DKI5,51.0,,20.0,15.0,60.0,17.0,60.0,O3,SEDANG,ispu_2023.csv,,
2023-07-05,DKI5,52.0,,23.0,17.0,56.0,20.0,56.0,O3,SEDANG,ispu_2023.csv,,
2023-07-06,DKI5,50.0,,21.0,18.0,67.0,22.0,67.0,O3,SEDANG,ispu_2023.csv,,
2023-07-07,DKI5,57.0,,21.0,19.0,63.0,23.0,63.0,O3,SEDANG,ispu_2023.csv,,
2023-07-08,DKI5,47.0,,21.0,22.0,58.0,25.0,58.0,O3,SEDANG,ispu_2023.csv,,
2023-07-09,DKI5,45.0,,21.0,20.0,56.0,21.0,56.0,O3,SEDANG,ispu_2023.csv,,
2023-07-10,DKI5,30.0,,23.0,13.0,48.0,13.0,48.0,O3,BAIK,ispu_2023.csv,,
2023-07-11,DKI5,42.0,,23.0,18.0,48.0,19.0,48.0,O3,BAIK,ispu_2023.csv,,
2023-07-12,DKI5,29.0,,20.0,17.0,74.0,17.0,74.0,O3,SEDANG,ispu_2023.csv,,
2023-07-13,DKI5,40.0,,21.0,15.0,73.0,14.0,73.0,O3,SEDANG,ispu_2023.csv,,
2023-07-14,DKI5,44.0,,22.0,16.0,65.0,14.0,65.0,O3,SEDANG,ispu_2023.csv,,
2023-07-15,DKI5,42.0,,22.0,15.0,54.0,16.0,54.0,O3,SEDANG,ispu_2023.csv,,
2023-07-16,DKI5,30.0,,22.0,15.0,53.0,15.0,53.0,O3,SEDANG,ispu_2023.csv,,
2023-07-17,DKI5,47.0,,22.0,15.0,56.0,15.0,56.0,O3,SEDANG,ispu_2023.csv,,
2023-07-18,DKI5,55.0,,25.0,16.0,45.0,18.0,55.0,PM10,SEDANG,ispu_2023.csv,,
2023-07-19,DKI5,62.0,,24.0,17.0,38.0,18.0,62.0,PM10,SEDANG,ispu_2023.csv,,
2023-07-20,DKI5,51.0,,25.0,18.0,44.0,18.0,51.0,PM10,SEDANG,ispu_2023.csv,,
2023-07-21,DKI5,56.0,,26.0,19.0,42.0,25.0,56.0,PM10,SEDANG,ispu_2023.csv,,
2023-07-22,DKI5,67.0,,25.0,20.0,63.0,22.0,67.0,PM10,SEDANG,ispu_2023.csv,,
2023-07-23,DKI5,47.0,,26.0,18.0,43.0,19.0,47.0,PM10,BAIK,ispu_2023.csv,,
2023-07-24,DKI5,47.0,,21.0,15.0,74.0,14.0,74.0,O3,SEDANG,ispu_2023.csv,,
2023-07-25,DKI5,57.0,,26.0,18.0,59.0,21.0,59.0,O3,SEDANG,ispu_2023.csv,,
2023-07-26,DKI5,58.0,,23.0,17.0,63.0,19.0,63.0,O3,SEDANG,ispu_2023.csv,,
2023-07-27,DKI5,59.0,,24.0,20.0,61.0,28.0,61.0,O3,SEDANG,ispu_2023.csv,,
2023-07-28,DKI5,54.0,,26.0,22.0,48.0,24.0,54.0,PM10,SEDANG,ispu_2023.csv,,
2023-07-29,DKI5,41.0,,26.0,17.0,50.0,18.0,50.0,O3,BAIK,ispu_2023.csv,,
2023-07-30,DKI5,44.0,,26.0,16.0,53.0,15.0,53.0,O3,SEDANG,ispu_2023.csv,,
2023-07-31,DKI5,43.0,,25.0,16.0,43.0,15.0,43.0,PM10,BAIK,ispu_2023.csv,,
2023-08-01,DKI5,28.0,,27.0,16.0,40.0,18.0,40.0,O3,BAIK,ispu_2023.csv,,
2023-08-02,DKI5,51.0,,27.0,15.0,57.0,17.0,57.0,O3,SEDANG,ispu_2023.csv,,
2023-08-03,DKI5,47.0,,25.0,16.0,62.0,22.0,62.0,O3,SEDANG,ispu_2023.csv,,
2023-08-04,DKI5,51.0,,24.0,18.0,54.0,22.0,54.0,O3,SEDANG,ispu_2023.csv,,
2023-08-05,DKI5,44.0,,24.0,14.0,58.0,14.0,58.0,O3,SEDANG,ispu_2023.csv,,
2023-08-06,DKI5,52.0,,25.0,17.0,47.0,18.0,52.0,PM10,SEDANG,ispu_2023.csv,,
2023-08-07,DKI5,66.0,,24.0,21.0,70.0,24.0,70.0,O3,SEDANG,ispu_2023.csv,,
2023-08-08,DKI5,55.0,,25.0,17.0,54.0,23.0,55.0,PM10,SEDANG,ispu_2023.csv,,
2023-08-09,DKI5,36.0,,23.0,13.0,63.0,16.0,63.0,O3,SEDANG,ispu_2023.csv,,
2023-08-10,DKI5,27.0,,25.0,13.0,64.0,14.0,64.0,O3,SEDANG,ispu_2023.csv,,
2023-08-11,DKI5,58.0,,24.0,17.0,60.0,20.0,60.0,O3,SEDANG,ispu_2023.csv,,
2023-08-12,DKI5,57.0,,26.0,16.0,56.0,19.0,57.0,PM10,SEDANG,ispu_2023.csv,,
2023-08-13,DKI5,52.0,,26.0,17.0,46.0,18.0,52.0,PM10,SEDANG,ispu_2023.csv,,
2023-08-14,DKI5,46.0,,24.0,16.0,54.0,16.0,54.0,O3,SEDANG,ispu_2023.csv,,
2023-08-15,DKI5,51.0,,27.0,18.0,54.0,23.0,54.0,O3,SEDANG,ispu_2023.csv,,
2023-08-16,DKI5,45.0,,25.0,17.0,60.0,18.0,60.0,O3,SEDANG,ispu_2023.csv,,
2023-08-17,DKI5,40.0,,26.0,17.0,40.0,20.0,40.0,PM10,BAIK,ispu_2023.csv,,
2023-08-18,DKI5,33.0,,25.0,13.0,47.0,9.0,47.0,O3,BAIK,ispu_2023.csv,,
2023-08-19,DKI5,40.0,,26.0,15.0,56.0,16.0,56.0,O3,SEDANG,ispu_2023.csv,,
2023-08-20,DKI5,44.0,,26.0,13.0,59.0,12.0,59.0,O3,SEDANG,ispu_2023.csv,,
2023-08-21,DKI5,34.0,,24.0,14.0,60.0,14.0,60.0,O3,SEDANG,ispu_2023.csv,,
2023-08-22,DKI5,52.0,,26.0,17.0,49.0,20.0,52.0,PM10,SEDANG,ispu_2023.csv,,
2023-08-23,DKI5,62.0,,26.0,16.0,56.0,16.0,62.0,PM10,SEDANG,ispu_2023.csv,,
2023-08-24,DKI5,54.0,,28.0,16.0,45.0,16.0,54.0,PM10,SEDANG,ispu_2023.csv,,
2023-08-25,DKI5,59.0,,29.0,17.0,51.0,19.0,59.0,PM10,SEDANG,ispu_2023.csv,,
2023-08-26,DKI5,52.0,,26.0,15.0,42.0,19.0,52.0,PM10,SEDANG,ispu_2023.csv,,
2023-08-27,DKI5,54.0,,27.0,16.0,46.0,13.0,54.0,PM10,SEDANG,ispu_2023.csv,,
2023-08-28,DKI5,41.0,,26.0,18.0,35.0,19.0,41.0,PM10,BAIK,ispu_2023.csv,,
2023-08-29,DKI5,49.0,,28.0,21.0,32.0,25.0,49.0,PM10,BAIK,ispu_2023.csv,,
2023-08-30,DKI5,56.0,,27.0,19.0,41.0,22.0,56.0,PM10,SEDANG,ispu_2023.csv,,
2023-08-31,DKI5,53.0,,28.0,19.0,48.0,18.0,53.0,PM10,SEDANG,ispu_2023.csv,,
2023-09-01,DKI5,53.0,,28.0,20.0,56.0,22.0,56.0,O3,SEDANG,ispu_2023.csv,,
2023-09-02,DKI5,58.0,,27.0,19.0,49.0,18.0,58.0,PM10,SEDANG,ispu_2023.csv,,
2023-09-03,DKI5,43.0,,27.0,16.0,53.0,11.0,53.0,O3,SEDANG,ispu_2023.csv,,
2023-09-04,DKI5,52.0,,27.0,17.0,44.0,17.0,52.0,PM10,SEDANG,ispu_2023.csv,,
2023-09-05,DKI5,49.0,89.0,28.0,18.0,40.0,20.0,89.0,PM25,SEDANG,ispu_2023.csv,,
2023-09-06,DKI5,,,,,,,0.0,,TIDAK ADA DATA,ispu_2023.csv,,
2023-09-07,DKI5,59.0,90.0,27.0,20.0,49.0,24.0,90.0,PM25,SEDANG,ispu_2023.csv,,
2023-09-08,DKI5,63.0,83.0,30.0,18.0,56.0,23.0,83.0,PM25,SEDANG,ispu_2023.csv,,
2023-09-09,DKI5,41.0,78.0,26.0,17.0,53.0,20.0,78.0,PM25,SEDANG,ispu_2023.csv,,
2023-09-10,DKI5,48.0,73.0,27.0,16.0,50.0,15.0,73.0,PM25,SEDANG,ispu_2023.csv,,
2023-09-11,DKI5,45.0,74.0,27.0,16.0,60.0,16.0,74.0,PM25,SEDANG,ispu_2023.csv,,
2023-09-12,DKI5,29.0,74.0,26.0,16.0,37.0,14.0,74.0,PM25,SEDANG,ispu_2023.csv,,
2023-09-13,DKI5,52.0,75.0,27.0,16.0,58.0,15.0,75.0,PM25,SEDANG,ispu_2023.csv,,
2023-09-14,DKI5,24.0,66.0,27.0,16.0,48.0,14.0,66.0,PM25,SEDANG,ispu_2023.csv,,
2023-09-15,DKI5,42.0,74.0,27.0,17.0,57.0,15.0,74.0,PM25,SEDANG,ispu_2023.csv,,
2023-09-16,DKI5,41.0,78.0,28.0,17.0,56.0,17.0,78.0,PM25,SEDANG,ispu_2023.csv,,
2023-09-17,DKI5,,,,,,,0.0,,TIDAK ADA DATA,ispu_2023.csv,,
2023-09-18,DKI5,39.0,69.0,26.0,15.0,59.0,12.0,69.0,PM25,SEDANG,ispu_2023.csv,,
2023-09-19,DKI5,54.0,83.0,25.0,15.0,73.0,17.0,83.0,PM25,SEDANG,ispu_2023.csv,,
2023-09-20,DKI5,48.0,77.0,26.0,17.0,55.0,24.0,77.0,PM25,SEDANG,ispu_2023.csv,,
2023-09-21,DKI5,50.0,76.0,26.0,17.0,58.0,20.0,76.0,PM25,SEDANG,ispu_2023.csv,,
2023-09-22,DKI5,46.0,70.0,27.0,15.0,56.0,16.0,70.0,PM25,SEDANG,ispu_2023.csv,,
2023-09-23,DKI5,39.0,70.0,27.0,15.0,49.0,18.0,70.0,PM25,SEDANG,ispu_2023.csv,,
2023-09-24,DKI5,35.0,66.0,26.0,16.0,53.0,16.0,66.0,PM25,SEDANG,ispu_2023.csv,,
2023-09-25,DKI5,51.0,74.0,27.0,16.0,64.0,16.0,74.0,PM25,SEDANG,ispu_2023.csv,,
2023-09-26,DKI5,,76.0,42.0,17.0,39.0,49.0,76.0,PM25,SEDANG,ispu_2023.csv,,
2023-09-27,DKI5,11.0,78.0,29.0,19.0,42.0,21.0,78.0,PM25,SEDANG,ispu_2023.csv,,
2023-09-28,DKI5,53.0,85.0,28.0,17.0,43.0,15.0,85.0,PM25,SEDANG,ispu_2023.csv,,
2023-09-29,DKI5,53.0,83.0,30.0,18.0,49.0,17.0,83.0,PM25,SEDANG,ispu_2023.csv,,
2023-09-30,DKI5,,,,,,,0.0,,TIDAK ADA DATA,ispu_2023.csv,,
2023-10-01,DKI5,61.0,86.0,27.0,18.0,71.0,15.0,86.0,PM25,SEDANG,ispu_2023.csv,,
2023-10-02,DKI5,,75.0,30.0,17.0,58.0,16.0,75.0,PM25,SEDANG,ispu_2023.csv,,
2023-10-03,DKI5,23.0,65.0,28.0,15.0,55.0,11.0,65.0,PM25,SEDANG,ispu_2023.csv,,
2023-10-04,DKI5,15.0,69.0,29.0,17.0,52.0,18.0,69.0,PM25,SEDANG,ispu_2023.csv,,
2023-10-05,DKI5,14.0,65.0,29.0,16.0,57.0,15.0,65.0,PM25,SEDANG,ispu_2023.csv,,
2023-10-06,DKI5,15.0,74.0,28.0,17.0,56.0,19.0,74.0,PM25,SEDANG,ispu_2023.csv,,
2023-10-07,DKI5,,85.0,28.0,19.0,55.0,24.0,85.0,PM25,SEDANG,ispu_2023.csv,,
2023-10-08,DKI5,,79.0,30.0,18.0,55.0,18.0,79.0,PM25,SEDANG,ispu_2023.csv,,
2023-10-09,DKI5,,81.0,29.0,18.0,47.0,16.0,81.0,PM25,SEDANG,ispu_2023.csv,,
2023-10-10,DKI5,,61.0,31.0,14.0,49.0,17.0,61.0,PM25,SEDANG,ispu_2023.csv,,
2023-10-11,DKI5,,63.0,29.0,15.0,52.0,15.0,63.0,PM25,SEDANG,ispu_2023.csv,,
2023-10-12,DKI5,59.0,75.0,28.0,17.0,58.0,16.0,75.0,PM25,SEDANG,ispu_2023.csv,,
2023-10-13,DKI5,59.0,75.0,29.0,15.0,69.0,14.0,75.0,PM25,SEDANG,ispu_2023.csv,,
2023-10-14,DKI5,59.0,77.0,29.0,17.0,55.0,16.0,77.0,PM25,SEDANG,ispu_2023.csv,,
2023-10-15,DKI5,56.0,67.0,29.0,16.0,48.0,15.0,67.0,PM25,SEDANG,ispu_2023.csv,,
2023-10-16,DKI5,54.0,70.0,30.0,16.0,56.0,16.0,70.0,PM25,SEDANG,ispu_2023.csv,,
2023-10-17,DKI5,69.0,87.0,30.0,18.0,59.0,18.0,87.0,PM25,SEDANG,ispu_2023.csv,,
2023-10-18,DKI5,65.0,85.0,30.0,19.0,57.0,20.0,85.0,PM25,SEDANG,ispu_2023.csv,,
2023-10-19,DKI5,59.0,69.0,32.0,16.0,56.0,16.0,69.0,PM25,SEDANG,ispu_2023.csv,,
2023-10-20,DKI5,45.0,58.0,31.0,14.0,56.0,14.0,58.0,PM25,SEDANG,ispu_2023.csv,,
2023-10-21,DKI5,62.0,74.0,30.0,22.0,48.0,22.0,74.0,PM25,SEDANG,ispu_2023.csv,,
2023-10-22,DKI5,62.0,76.0,30.0,19.0,62.0,16.0,76.0,PM25,SEDANG,ispu_2023.csv,,
2023-10-23,DKI5,62.0,73.0,30.0,17.0,66.0,15.0,73.0,PM25,SEDANG,ispu_2023.csv,,
2023-10-24,DKI5,64.0,80.0,31.0,20.0,49.0,22.0,80.0,PM25,SEDANG,ispu_2023.csv,,
2023-10-25,DKI5,56.0,67.0,30.0,19.0,61.0,22.0,67.0,PM25,SEDANG,ispu_2023.csv,,
2023-10-26,DKI5,67.0,83.0,31.0,25.0,57.0,28.0,83.0,PM25,SEDANG,ispu_2023.csv,,
2023-10-27,DKI5,65.0,82.0,29.0,20.0,55.0,21.0,82.0,PM25,SEDANG,ispu_2023.csv,,
2023-10-28,DKI5,62.0,74.0,30.0,17.0,53.0,19.0,74.0,PM25,SEDANG,ispu_2023.csv,,
2023-10-29,DKI5,57.0,70.0,31.0,17.0,54.0,16.0,70.0,PM25,SEDANG,ispu_2023.csv,,
2023-10-30,DKI5,56.0,69.0,30.0,17.0,58.0,15.0,69.0,PM25,SEDANG,ispu_2023.csv,,
2023-10-31,DKI5,64.0,,31.0,17.0,61.0,17.0,64.0,PM10,SEDANG,ispu_2023.csv,,
2023-11-01,DKI5,59.0,101.0,31.0,20.0,52.0,21.0,101.0,PM25,TIDAK SEHAT,ispu_2023.csv,,
2023-11-02,DKI5,59.0,100.0,31.0,22.0,54.0,23.0,100.0,PM25,SEDANG,ispu_2023.csv,,
2023-11-03,DKI5,59.0,101.0,32.0,22.0,49.0,22.0,101.0,PM25,TIDAK SEHAT,ispu_2023.csv,,
2023-11-04,DKI5,64.0,102.0,33.0,25.0,43.0,28.0,102.0,PM25,TIDAK SEHAT,ispu_2023.csv,,
2023-11-05,DKI5,46.0,68.0,31.0,19.0,40.0,20.0,68.0,PM25,SEDANG,ispu_2023.csv,,
2023-11-06,DKI5,53.0,86.0,31.0,24.0,33.0,22.0,86.0,PM25,SEDANG,ispu_2023.csv,,
2023-11-07,DKI5,54.0,88.0,33.0,18.0,40.0,18.0,88.0,PM25,SEDANG,ispu_2023.csv,,
2023-11-08,DKI5,51.0,80.0,31.0,15.0,42.0,11.0,80.0,PM25,SEDANG,ispu_2023.csv,,
2023-11-09,DKI5,55.0,89.0,33.0,16.0,51.0,14.0,89.0,PM25,SEDANG,ispu_2023.csv,,
2023-11-10,DKI5,58.0,93.0,33.0,17.0,60.0,15.0,93.0,PM25,SEDANG,ispu_2023.csv,,
2023-11-11,DKI5,58.0,91.0,32.0,18.0,57.0,17.0,91.0,PM25,SEDANG,ispu_2023.csv,,
2023-11-12,DKI5,52.0,79.0,31.0,17.0,45.0,14.0,79.0,PM25,SEDANG,ispu_2023.csv,,
2023-11-13,DKI5,53.0,85.0,32.0,21.0,38.0,17.0,85.0,PM25,SEDANG,ispu_2023.csv,,
2023-11-14,DKI5,51.0,78.0,31.0,17.0,41.0,16.0,78.0,PM25,SEDANG,ispu_2023.csv,,
2023-11-15,DKI5,39.0,64.0,31.0,18.0,49.0,16.0,64.0,PM25,SEDANG,ispu_2023.csv,,
2023-11-16,DKI5,51.0,78.0,33.0,19.0,52.0,19.0,78.0,PM25,SEDANG,ispu_2023.csv,,
2023-11-17,DKI5,52.0,78.0,31.0,19.0,50.0,17.0,78.0,PM25,SEDANG,ispu_2023.csv,,
2023-11-18,DKI5,54.0,82.0,31.0,18.0,49.0,16.0,82.0,PM25,SEDANG,ispu_2023.csv,,
2023-11-19,DKI5,47.0,72.0,31.0,19.0,51.0,17.0,72.0,PM25,SEDANG,ispu_2023.csv,,
2023-11-20,DKI5,46.0,71.0,30.0,13.0,81.0,12.0,81.0,O3,SEDANG,ispu_2023.csv,,
2023-11-21,DKI5,53.0,83.0,32.0,15.0,65.0,15.0,83.0,PM25,SEDANG,ispu_2023.csv,,
2023-11-22,DKI5,40.0,67.0,31.0,14.0,71.0,10.0,71.0,O3,SEDANG,ispu_2023.csv,,
2023-11-23,DKI5,52.0,85.0,34.0,16.0,62.0,16.0,85.0,PM25,SEDANG,ispu_2023.csv,,
2023-11-24,DKI5,71.0,112.0,36.0,23.0,54.0,26.0,112.0,PM25,TIDAK SEHAT,ispu_2023.csv,,
2023-11-25,DKI5,63.0,101.0,33.0,20.0,49.0,22.0,101.0,PM25,TIDAK SEHAT,ispu_2023.csv,,
2023-11-26,DKI5,48.0,71.0,33.0,21.0,44.0,20.0,71.0,PM25,SEDANG,ispu_2023.csv,,
2023-11-27,DKI5,51.0,76.0,32.0,18.0,53.0,19.0,76.0,PM25,SEDANG,ispu_2023.csv,,
2023-11-28,DKI5,56.0,88.0,33.0,20.0,48.0,21.0,88.0,PM25,SEDANG,ispu_2023.csv,,
2023-11-29,DKI5,56.0,88.0,32.0,18.0,56.0,18.0,88.0,PM25,SEDANG,ispu_2023.csv,,
2023-11-30,DKI5,30.0,57.0,32.0,15.0,61.0,17.0,61.0,O3,SEDANG,ispu_2023.csv,,
2024-01-01,DKI5,58.0,99.0,40.0,18.0,55.0,12.0,99.0,PM25,SEDANG,ispu_2024-2025.xls,,
2024-01-02,DKI5,40.0,68.0,40.0,9.0,65.0,11.0,68.0,PM25,SEDANG,ispu_2024-2025.xls,,
2024-01-03,DKI5,32.0,54.0,39.0,7.0,63.0,10.0,63.0,O3,SEDANG,ispu_2024-2025.xls,,
2024-01-04,DKI5,38.0,59.0,46.0,10.0,55.0,12.0,59.0,PM25,SEDANG,ispu_2024-2025.xls,,
2024-01-05,DKI5,30.0,52.0,37.0,15.0,48.0,15.0,52.0,PM25,SEDANG,ispu_2024-2025.xls,,
2024-01-06,DKI5,32.0,64.0,39.0,12.0,61.0,14.0,64.0,PM25,SEDANG,ispu_2024-2025.xls,,
2024-01-07,DKI5,53.0,86.0,40.0,23.0,62.0,,86.0,PM25,SEDANG,ispu_2024-2025.xls,,
2024-01-08,DKI5,37.0,55.0,38.0,12.0,43.0,,55.0,PM25,SEDANG,ispu_2024-2025.xls,,
2024-01-09,DKI5,54.0,81.0,21.0,18.0,35.0,3.0,81.0,PM25,SEDANG,ispu_2024-2025.xls,,
2024-01-10,DKI5,43.0,73.0,18.0,11.0,70.0,7.0,73.0,PM25,SEDANG,ispu_2024-2025.xls,,
2024-01-11,DKI5,37.0,60.0,12.0,57.0,51.0,6.0,60.0,PM25,SEDANG,ispu_2024-2025.xls,,
2024-01-12,DKI5,28.0,20.0,11.0,6.0,43.0,4.0,43.0,O3,BAIK,ispu_2024-2025.xls,,
2024-01-13,DKI5,25.0,52.0,21.0,8.0,38.0,6.0,52.0,PM25,SEDANG,ispu_2024-2025.xls,,
2024-01-14,DKI5,30.0,50.0,19.0,8.0,58.0,6.0,58.0,O3,SEDANG,ispu_2024-2025.xls,,
2024-01-15,DKI5,51.0,81.0,24.0,11.0,55.0,11.0,81.0,PM25,SEDANG,ispu_2024-2025.xls,,
2024-01-16,DKI5,23.0,49.0,24.0,5.0,43.0,6.0,49.0,PM25,BAIK,ispu_2024-2025.xls,,
2024-01-17,DKI5,34.0,57.0,39.0,7.0,47.0,8.0,57.0,PM25,SEDANG,ispu_2024-2025.xls,,
2024-01-18,DKI5,37.0,56.0,25.0,8.0,39.0,8.0,56.0,PM25,SEDANG,ispu_2024-2025.xls,,
2024-01-19,DKI5,16.0,29.0,19.0,6.0,46.0,6.0,46.0,O3,BAIK,ispu_2024-2025.xls,,
2024-01-20,DKI5,17.0,28.0,33.0,7.0,23.0,6.0,33.0,SO2,BAIK,ispu_2024-2025.xls,,
2024-01-21,DKI5,26.0,51.0,37.0,10.0,18.0,5.0,51.0,PM25,SEDANG,ispu_2024-2025.xls,,
2024-01-22,DKI5,14.0,23.0,31.0,9.0,19.0,2.0,31.0,SO2,BAIK,ispu_2024-2025.xls,,
2024-01-23,DKI5,17.0,40.0,31.0,9.0,17.0,3.0,40.0,PM25,BAIK,ispu_2024-2025.xls,,
2024-01-24,DKI5,23.0,44.0,32.0,10.0,17.0,3.0,44.0,PM25,BAIK,ispu_2024-2025.xls,,
2024-01-25,DKI5,36.0,60.0,38.0,12.0,19.0,4.0,60.0,PM25,SEDANG,ispu_2024-2025.xls,,
2024-01-26,DKI5,27.0,54.0,37.0,10.0,26.0,9.0,54.0,PM25,SEDANG,ispu_2024-2025.xls,,
2024-01-27,DKI5,25.0,28.0,30.0,8.0,35.0,12.0,35.0,O3,BAIK,ispu_2024-2025.xls,,
2024-01-28,DKI5,46.0,66.0,31.0,18.0,34.0,16.0,66.0,PM25,SEDANG,ispu_2024-2025.xls,,
2024-01-29,DKI5,30.0,53.0,29.0,14.0,35.0,14.0,53.0,PM25,SEDANG,ispu_2024-2025.xls,,
2024-01-30,DKI5,40.0,63.0,29.0,15.0,37.0,16.0,63.0,PM25,SEDANG,ispu_2024-2025.xls,,
2024-01-31,DKI5,22.0,49.0,33.0,9.0,40.0,17.0,49.0,PM25,BAIK,ispu_2024-2025.xls,,
2024-02-01,DKI5,51.0,82.0,34.0,17.0,33.0,22.0,82.0,PM25,SEDANG,ispu_2024-2025.xls,,
2024-02-02,DKI5,47.0,68.0,26.0,18.0,28.0,9.0,68.0,PM25,SEDANG,ispu_2024-2025.xls,,
2024-02-03,DKI5,24.0,48.0,25.0,12.0,29.0,10.0,48.0,PM25,BAIK,ispu_2024-2025.xls,,
2024-02-04,DKI5,17.0,24.0,23.0,7.0,27.0,4.0,27.0,O3,BAIK,ispu_2024-2025.xls,,
2024-02-05,DKI5,35.0,68.0,24.0,15.0,32.0,12.0,68.0,PM25,SEDANG,ispu_2024-2025.xls,,
2024-02-06,DKI5,59.0,74.0,25.0,16.0,38.0,14.0,74.0,PM25,SEDANG,ispu_2024-2025.xls,,
2024-02-07,DKI5,31.0,52.0,27.0,11.0,25.0,8.0,52.0,PM25,SEDANG,ispu_2024-2025.xls,,
2024-02-08,DKI5,40.0,66.0,25.0,11.0,28.0,8.0,66.0,PM25,SEDANG,ispu_2024-2025.xls,,
2024-02-09,DKI5,45.0,77.0,37.0,12.0,41.0,18.0,77.0,PM25,SEDANG,ispu_2024-2025.xls,,
2024-02-10,DKI5,33.0,60.0,28.0,6.0,46.0,11.0,60.0,PM25,SEDANG,ispu_2024-2025.xls,,
2024-02-11,DKI5,46.0,69.0,26.0,14.0,31.0,13.0,69.0,PM25,SEDANG,ispu_2024-2025.xls,,
2024-02-12,DKI5,30.0,54.0,24.0,11.0,37.0,12.0,54.0,PM25,SEDANG,ispu_2024-2025.xls,,
2024-02-13,DKI5,31.0,54.0,22.0,9.0,39.0,12.0,54.0,PM25,SEDANG,ispu_2024-2025.xls,,
2024-02-14,DKI5,,37.0,21.0,9.0,45.0,11.0,45.0,O3,BAIK,ispu_2024-2025.xls,,
2024-02-15,DKI5,32.0,58.0,24.0,11.0,38.0,15.0,58.0,PM25,SEDANG,ispu_2024-2025.xls,,
2024-02-16,DKI5,53.0,78.0,23.0,18.0,39.0,26.0,78.0,PM25,SEDANG,ispu_2024-2025.xls,,
2024-02-17,DKI5,43.0,67.0,22.0,12.0,32.0,18.0,67.0,PM25,SEDANG,ispu_2024-2025.xls,,
2024-02-18,DKI5,31.0,57.0,23.0,11.0,35.0,16.0,57.0,PM25,SEDANG,ispu_2024-2025.xls,,
2024-02-19,DKI5,49.0,81.0,22.0,19.0,31.0,23.0,81.0,PM25,SEDANG,ispu_2024-2025.xls,,
2024-02-20,DKI5,40.0,69.0,22.0,10.0,36.0,13.0,69.0,PM25,SEDANG,ispu_2024-2025.xls,,
2024-02-21,DKI5,55.0,94.0,20.0,12.0,115.0,18.0,115.0,O3,TIDAK SEHAT,ispu_2024-2025.xls,,
2024-02-22,DKI5,53.0,76.0,21.0,8.0,72.0,14.0,76.0,PM25,SEDANG,ispu_2024-2025.xls,,
2024-02-23,DKI5,29.0,58.0,19.0,7.0,59.0,10.0,59.0,O3,SEDANG,ispu_2024-2025.xls,,
2024-02-24,DKI5,28.0,53.0,24.0,9.0,59.0,8.0,59.0,O3,SEDANG,ispu_2024-2025.xls,,
2024-02-25,DKI5,25.0,50.0,30.0,14.0,35.0,9.0,50.0,PM25,BAIK,ispu_2024-2025.xls,,
2024-02-26,DKI5,24.0,41.0,23.0,17.0,45.0,14.0,45.0,O3,BAIK,ispu_2024-2025.xls,,
2024-02-27,DKI5,54.0,78.0,21.0,27.0,46.0,13.0,78.0,PM25,SEDANG,ispu_2024-2025.xls,,
2024-02-28,DKI5,33.0,60.0,22.0,20.0,48.0,18.0,60.0,PM25,SEDANG,ispu_2024-2025.xls,,
2024-02-29,DKI5,36.0,57.0,21.0,21.0,54.0,16.0,57.0,PM25,SEDANG,ispu_2024-2025.xls,,
2024-03-01,DKI5,52.0,82.0,21.0,29.0,50.0,13.0,82.0,PM25,SEDANG,ispu_2024-2025.xls,,
2024-03-02,DKI5,41.0,69.0,23.0,21.0,54.0,21.0,69.0,PM25,SEDANG,ispu_2024-2025.xls,,
2024-03-03,DKI5,35.0,54.0,22.0,19.0,51.0,14.0,54.0,PM25,SEDANG,ispu_2024-2025.xls,,
2024-03-04,DKI5,33.0,60.0,22.0,18.0,42.0,10.0,60.0,PM25,SEDANG,ispu_2024-2025.xls,,
2024-03-05,DKI5,18.0,38.0,21.0,14.0,46.0,6.0,46.0,O3,BAIK,ispu_2024-2025.xls,,
2024-03-06,DKI5,18.0,34.0,23.0,13.0,49.0,6.0,49.0,O3,BAIK,ispu_2024-2025.xls,,
2024-03-07,DKI5,22.0,28.0,22.0,13.0,48.0,6.0,48.0,O3,BAIK,ispu_2024-2025.xls,,
2024-03-08,DKI5,17.0,28.0,22.0,12.0,46.0,4.0,46.0,O3,BAIK,ispu_2024-2025.xls,,
2024-03-09,DKI5,27.0,41.0,25.0,14.0,45.0,10.0,45.0,O3,BAIK,ispu_2024-2025.xls,,
2024-03-10,DKI5,56.0,92.0,25.0,36.0,48.0,18.0,92.0,PM25,SEDANG,ispu_2024-2025.xls,,
2024-03-11,DKI5,42.0,60.0,20.0,24.0,57.0,9.0,60.0,PM25,SEDANG,ispu_2024-2025.xls,,
2024-03-12,DKI5,30.0,56.0,21.0,15.0,51.0,10.0,56.0,PM25,SEDANG,ispu_2024-2025.xls,,
2024-03-13,DKI5,40.0,64.0,22.0,17.0,53.0,13.0,64.0,PM25,SEDANG,ispu_2024-2025.xls,,
2024-03-14,DKI5,35.0,61.0,21.0,18.0,57.0,16.0,61.0,PM25,SEDANG,ispu_2024-2025.xls,,
2024-03-15,DKI5,32.0,45.0,23.0,16.0,43.0,9.0,45.0,PM25,BAIK,ispu_2024-2025.xls,,
2024-03-16,DKI5,21.0,33.0,23.0,14.0,46.0,9.0,46.0,O3,BAIK,ispu_2024-2025.xls,,
2024-03-17,DKI5,26.0,39.0,23.0,12.0,45.0,7.0,45.0,O3,BAIK,ispu_2024-2025.xls,,
2024-03-18,DKI5,18.0,39.0,27.0,12.0,41.0,7.0,41.0,O3,BAIK,ispu_2024-2025.xls,,
2024-03-19,DKI5,21.0,50.0,23.0,14.0,34.0,6.0,50.0,PM25,BAIK,ispu_2024-2025.xls,,
2024-03-20,DKI5,23.0,54.0,22.0,15.0,22.0,5.0,54.0,PM25,SEDANG,ispu_2024-2025.xls,,
2024-03-21,DKI5,40.0,65.0,27.0,16.0,31.0,7.0,65.0,PM25,SEDANG,ispu_2024-2025.xls,,
2024-03-22,DKI5,31.0,43.0,21.0,17.0,55.0,14.0,55.0,O3,SEDANG,ispu_2024-2025.xls,,
2024-03-23,DKI5,59.0,108.0,23.0,39.0,59.0,19.0,108.0,PM25,TIDAK SEHAT,ispu_2024-2025.xls,,
2024-03-24,DKI5,54.0,83.0,25.0,19.0,74.0,16.0,83.0,PM25,SEDANG,ispu_2024-2025.xls,,
2024-03-25,DKI5,42.0,64.0,30.0,18.0,65.0,15.0,65.0,O3,SEDANG,ispu_2024-2025.xls,,
2024-03-26,DKI5,51.0,81.0,25.0,23.0,58.0,22.0,81.0,PM25,SEDANG,ispu_2024-2025.xls,,
2024-03-27,DKI5,56.0,86.0,24.0,23.0,59.0,25.0,86.0,PM25,SEDANG,ispu_2024-2025.xls,,
2024-03-28,DKI5,63.0,109.0,27.0,26.0,61.0,22.0,109.0,PM25,TIDAK SEHAT,ispu_2024-2025.xls,,
2024-03-29,DKI5,65.0,104.0,27.0,24.0,70.0,26.0,104.0,PM25,TIDAK SEHAT,ispu_2024-2025.xls,,
2024-03-30,DKI5,60.0,87.0,24.0,25.0,68.0,21.0,87.0,PM25,SEDANG,ispu_2024-2025.xls,,
2024-03-31,DKI5,57.0,94.0,22.0,28.0,79.0,22.0,94.0,PM25,SEDANG,ispu_2024-2025.xls,,
2024-04-01,DKI5,64.0,104.0,22.0,30.0,76.0,28.0,104.0,PM25,TIDAK SEHAT,ispu_2024-2025.xls,,
2024-04-02,DKI5,72.0,120.0,23.0,35.0,69.0,32.0,120.0,PM25,TIDAK SEHAT,ispu_2024-2025.xls,,
2024-04-03,DKI5,58.0,95.0,24.0,24.0,74.0,27.0,95.0,PM25,SEDANG,ispu_2024-2025.xls,,
2024-04-04,DKI5,51.0,77.0,24.0,28.0,62.0,24.0,77.0,PM25,SEDANG,ispu_2024-2025.xls,,
2024-04-05,DKI5,74.0,125.0,22.0,31.0,69.0,27.0,125.0,PM25,TIDAK SEHAT,ispu_2024-2025.xls,,
2024-04-06,DKI5,55.0,83.0,24.0,22.0,55.0,15.0,83.0,PM25,SEDANG,ispu_2024-2025.xls,,
2024-04-07,DKI5,52.0,77.0,24.0,20.0,71.0,12.0,77.0,PM25,SEDANG,ispu_2024-2025.xls,,
2024-04-08,DKI5,45.0,73.0,25.0,18.0,77.0,13.0,77.0,O3,SEDANG,ispu_2024-2025.xls,,
2024-04-09,DKI5,41.0,68.0,27.0,15.0,60.0,10.0,68.0,PM25,SEDANG,ispu_2024-2025.xls,,
2024-04-10,DKI5,57.0,85.0,24.0,25.0,62.0,17.0,85.0,PM25,SEDANG,ispu_2024-2025.xls,,
2024-04-11,DKI5,35.0,58.0,24.0,17.0,62.0,15.0,62.0,O3,SEDANG,ispu_2024-2025.xls,,
2024-04-12,DKI5,25.0,51.0,22.0,14.0,74.0,8.0,74.0,O3,SEDANG,ispu_2024-2025.xls,,
2024-04-13,DKI5,35.0,61.0,24.0,23.0,62.0,16.0,62.0,O3,SEDANG,ispu_2024-2025.xls,,
2024-04-14,DKI5,28.0,55.0,22.0,15.0,79.0,8.0,79.0,O3,SEDANG,ispu_2024-2025.xls,,
2024-04-15,DKI5,30.0,54.0,23.0,20.0,62.0,14.0,62.0,O3,SEDANG,ispu_2024-2025.xls,,
2024-04-16,DKI5,23.0,53.0,25.0,17.0,60.0,11.0,60.0,O3,SEDANG,ispu_2024-2025.xls,,
2024-04-17,DKI5,41.0,71.0,23.0,18.0,77.0,14.0,77.0,O3,SEDANG,ispu_2024-2025.xls,,
2024-04-18,DKI5,44.0,69.0,23.0,21.0,67.0,18.0,69.0,PM25,SEDANG,ispu_2024-2025.xls,,
2024-04-19,DKI5,34.0,61.0,25.0,18.0,57.0,19.0,61.0,PM25,SEDANG,ispu_2024-2025.xls,,
2024-04-20,DKI5,57.0,90.0,27.0,25.0,59.0,19.0,90.0,PM25,SEDANG,ispu_2024-2025.xls,,
2024-04-21,DKI5,68.0,60.0,23.0,20.0,67.0,15.0,68.0,PM10,SEDANG,ispu_2024-2025.xls,,
2024-04-22,DKI5,56.0,85.0,24.0,26.0,56.0,22.0,85.0,PM25,SEDANG,ispu_2024-2025.xls,,
2024-04-23,DKI5,52.0,78.0,23.0,22.0,61.0,20.0,78.0,PM25,SEDANG,ispu_2024-2025.xls,,
2024-04-24,DKI5,52.0,78.0,25.0,21.0,70.0,20.0,78.0,PM25,SEDANG,ispu_2024-2025.xls,,
2024-04-25,DKI5,49.0,75.0,23.0,22.0,83.0,22.0,83.0,O3,SEDANG,ispu_2024-2025.xls,,
2024-04-26,DKI5,47.0,70.0,30.0,14.0,45.0,13.0,70.0,PM25,SEDANG,ispu_2024-2025.xls,,
2024-04-27,DKI5,51.0,75.0,23.0,26.0,59.0,17.0,75.0,PM25,SEDANG,ispu_2024-2025.xls,,
2024-04-28,DKI5,49.0,72.0,23.0,20.0,68.0,15.0,72.0,PM25,SEDANG,ispu_2024-2025.xls,,
2024-04-29,DKI5,44.0,66.0,24.0,17.0,72.0,12.0,72.0,O3,SEDANG,ispu_2024-2025.xls,,
2024-04-30,DKI5,47.0,75.0,24.0,18.0,73.0,17.0,75.0,PM25,SEDANG,ispu_2024-2025.xls,,
2024-05-01,DKI5,41.0,64.0,23.0,17.0,64.0,13.0,64.0,PM25,SEDANG,ispu_2024-2025.xls,,
2024-05-02,DKI5,53.0,81.0,23.0,17.0,62.0,13.0,81.0,PM25,SEDANG,ispu_2024-2025.xls,,
2024-05-03,DKI5,58.0,95.0,24.0,18.0,75.0,17.0,95.0,PM25,SEDANG,ispu_2024-2025.xls,,
2024-05-04,DKI5,62.0,97.0,26.0,22.0,57.0,27.0,97.0,PM25,SEDANG,ispu_2024-2025.xls,,
2024-05-05,DKI5,60.0,97.0,26.0,23.0,58.0,21.0,97.0,PM25,SEDANG,ispu_2024-2025.xls,,
2024-05-06,DKI5,56.0,86.0,26.0,18.0,60.0,17.0,86.0,PM25,SEDANG,ispu_2024-2025.xls,,
2024-05-07,DKI5,68.0,111.0,28.0,21.0,54.0,26.0,111.0,PM25,TIDAK SEHAT,ispu_2024-2025.xls,,
2024-05-08,DKI5,65.0,107.0,28.0,20.0,58.0,23.0,107.0,PM25,TIDAK SEHAT,ispu_2024-2025.xls,,
2024-05-09,DKI5,66.0,109.0,28.0,22.0,60.0,20.0,109.0,PM25,TIDAK SEHAT,ispu_2024-2025.xls,,
2024-05-10,DKI5,54.0,80.0,26.0,16.0,61.0,12.0,80.0,PM25,SEDANG,ispu_2024-2025.xls,,
2024-05-11,DKI5,52.0,82.0,25.0,17.0,65.0,14.0,82.0,PM25,SEDANG,ispu_2024-2025.xls,,
2024-05-12,DKI5,56.0,87.0,25.0,23.0,53.0,16.0,87.0,PM25,SEDANG,ispu_2024-2025.xls,,
2024-05-13,DKI5,45.0,72.0,24.0,16.0,59.0,11.0,72.0,PM25,SEDANG,ispu_2024-2025.xls,,
2024-05-14,DKI5,60.0,101.0,25.0,23.0,61.0,22.0,101.0,PM25,TIDAK SEHAT,ispu_2024-2025.xls,,
2024-05-15,DKI5,59.0,91.0,26.0,23.0,57.0,21.0,91.0,PM25,SEDANG,ispu_2024-2025.xls,,
2024-05-16,DKI5,61.0,101.0,28.0,19.0,62.0,20.0,101.0,PM25,TIDAK SEHAT,ispu_2024-2025.xls,,
2024-05-17,DKI5,57.0,90.0,28.0,17.0,58.0,17.0,90.0,PM25,SEDANG,ispu_2024-2025.xls,,
2024-05-18,DKI5,60.0,101.0,27.0,21.0,59.0,22.0,101.0,PM25,TIDAK SEHAT,ispu_2024-2025.xls,,
2024-05-19,DKI5,58.0,95.0,26.0,20.0,58.0,15.0,95.0,PM25,SEDANG,ispu_2024-2025.xls,,
2024-05-20,DKI5,57.0,96.0,27.0,20.0,63.0,17.0,96.0,PM25,SEDANG,ispu_2024-2025.xls,,
2024-05-21,DKI5,62.0,101.0,29.0,21.0,65.0,21.0,101.0,PM25,TIDAK SEHAT,ispu_2024-2025.xls,,
2024-05-22,DKI5,68.0,108.0,28.0,21.0,66.0,21.0,108.0,PM25,TIDAK SEHAT,ispu_2024-2025.xls,,
2024-05-23,DKI5,66.0,80.0,24.0,20.0,60.0,17.0,80.0,PM25,SEDANG,ispu_2024-2025.xls,,
2024-05-24,DKI5,57.0,83.0,24.0,22.0,57.0,20.0,83.0,PM25,SEDANG,ispu_2024-2025.xls,,
2024-05-25,DKI5,29.0,53.0,25.0,18.0,57.0,17.0,57.0,O3,SEDANG,ispu_2024-2025.xls,,
2024-05-26,DKI5,62.0,94.0,31.0,26.0,57.0,22.0,94.0,PM25,SEDANG,ispu_2024-2025.xls,,
2024-05-27,DKI5,60.0,95.0,30.0,22.0,65.0,20.0,95.0,PM25,SEDANG,ispu_2024-2025.xls,,
2024-05-28,DKI5,66.0,110.0,27.0,26.0,64.0,26.0,110.0,PM25,TIDAK SEHAT,ispu_2024-2025.xls,,
2024-05-29,DKI5,56.0,87.0,26.0,17.0,62.0,14.0,87.0,PM25,SEDANG,ispu_2024-2025.xls,,
2024-05-30,DKI5,54.0,95.0,28.0,18.0,66.0,19.0,95.0,PM25,SEDANG,ispu_2024-2025.xls,,
2024-05-31,DKI5,62.0,111.0,28.0,21.0,69.0,22.0,111.0,PM25,TIDAK SEHAT,ispu_2024-2025.xls,,
2024-06-01,DKI5,70.0,124.0,28.0,25.0,67.0,26.0,124.0,PM25,TIDAK SEHAT,ispu_2024-2025.xls,,
2024-06-02,DKI5,66.0,112.0,27.0,24.0,70.0,21.0,112.0,PM25,TIDAK SEHAT,ispu_2024-2025.xls,,
2024-06-03,DKI5,43.0,66.0,24.0,18.0,76.0,16.0,76.0,O3,SEDANG,ispu_2024-2025.xls,,
2024-06-04,DKI5,58.0,100.0,24.0,28.0,71.0,25.0,100.0,PM25,SEDANG,ispu_2024-2025.xls,,
2024-06-05,DKI5,74.0,128.0,25.0,31.0,71.0,31.0,128.0,PM25,TIDAK SEHAT,ispu_2024-2025.xls,,
2024-06-06,DKI5,52.0,84.0,29.0,18.0,50.0,18.0,84.0,PM25,SEDANG,ispu_2024-2025.xls,,
2024-06-07,DKI5,60.0,103.0,27.0,21.0,68.0,22.0,103.0,PM25,TIDAK SEHAT,ispu_2024-2025.xls,,
2024-06-08,DKI5,63.0,109.0,30.0,24.0,58.0,22.0,109.0,PM25,TIDAK SEHAT,ispu_2024-2025.xls,,
2024-06-09,DKI5,60.0,99.0,28.0,20.0,72.0,19.0,99.0,PM25,SEDANG,ispu_2024-2025.xls,,
2024-06-10,DKI5,60.0,104.0,28.0,27.0,61.0,25.0,104.0,PM25,TIDAK SEHAT,ispu_2024-2025.xls,,
2024-06-11,DKI5,53.0,88.0,27.0,20.0,73.0,18.0,88.0,PM25,SEDANG,ispu_2024-2025.xls,,
2024-06-12,DKI5,56.0,92.0,26.0,27.0,66.0,27.0,92.0,PM25,SEDANG,ispu_2024-2025.xls,,
2024-06-13,DKI5,44.0,70.0,29.0,21.0,45.0,19.0,70.0,PM25,SEDANG,ispu_2024-2025.xls,,
2024-06-14,DKI5,39.0,69.0,33.0,19.0,53.0,18.0,69.0,PM25,SEDANG,ispu_2024-2025.xls,,
2024-06-15,DKI5,46.0,77.0,29.0,23.0,46.0,22.0,77.0,PM25,SEDANG,ispu_2024-2025.xls,,
2024-06-16,DKI5,44.0,74.0,28.0,23.0,63.0,23.0,74.0,PM25,SEDANG,ispu_2024-2025.xls,,
2024-06-17,DKI5,47.0,77.0,28.0,20.0,53.0,14.0,77.0,PM25,SEDANG,ispu_2024-2025.xls,,
2024-06-18,DKI5,67.0,124.0,29.0,25.0,52.0,14.0,124.0,PM25,TIDAK SEHAT,ispu_2024-2025.xls,,
2024-06-19,DKI5,67.0,112.0,30.0,29.0,48.0,22.0,112.0,PM25,TIDAK SEHAT,ispu_2024-2025.xls,,
2024-06-20,DKI5,54.0,88.0,32.0,19.0,48.0,18.0,88.0,PM25,SEDANG,ispu_2024-2025.xls,,
2024-06-21,DKI5,64.0,110.0,34.0,23.0,38.0,24.0,110.0,PM25,TIDAK SEHAT,ispu_2024-2025.xls,,
2024-06-22,DKI5,63.0,105.0,32.0,22.0,51.0,19.0,105.0,PM25,TIDAK SEHAT,ispu_2024-2025.xls,,
2024-06-23,DKI5,61.0,97.0,34.0,21.0,35.0,16.0,97.0,PM25,SEDANG,ispu_2024-2025.xls,,
2024-06-24,DKI5,60.0,103.0,33.0,22.0,39.0,20.0,103.0,PM25,TIDAK SEHAT,ispu_2024-2025.xls,,
2024-06-25,DKI5,58.0,91.0,35.0,21.0,39.0,18.0,91.0,PM25,SEDANG,ispu_2024-2025.xls,,
2024-06-26,DKI5,55.0,84.0,31.0,29.0,29.0,13.0,84.0,PM25,SEDANG,ispu_2024-2025.xls,,
2024-06-27,DKI5,47.0,74.0,34.0,18.0,41.0,16.0,74.0,PM25,SEDANG,ispu_2024-2025.xls,,
2024-06-28,DKI5,46.0,70.0,35.0,24.0,45.0,19.0,70.0,PM25,SEDANG,ispu_2024-2025.xls,,
2024-06-29,DKI5,55.0,87.0,30.0,30.0,46.0,14.0,87.0,PM25,SEDANG,ispu_2024-2025.xls,,
2024-06-30,DKI5,38.0,66.0,31.0,22.0,35.0,16.0,66.0,PM25,SEDANG,ispu_2024-2025.xls,,
2024-07-01,DKI5,,94.0,34.0,21.0,44.0,17.0,94.0,PM25,SEDANG,ispu_2024-2025.xls,,
2024-07-02,DKI5,48.0,74.0,28.0,19.0,45.0,16.0,74.0,PM25,SEDANG,ispu_2024-2025.xls,,
2024-07-03,DKI5,,121.0,31.0,33.0,43.0,25.0,121.0,PM25,TIDAK SEHAT,ispu_2024-2025.xls,,
2024-07-04,DKI5,,84.0,30.0,29.0,,25.0,84.0,PM25,SEDANG,ispu_2024-2025.xls,,
2024-07-05,DKI5,,78.0,38.0,24.0,23.0,27.0,78.0,PM25,SEDANG,ispu_2024-2025.xls,,
2024-07-06,DKI5,,43.0,33.0,20.0,17.0,16.0,43.0,PM25,BAIK,ispu_2024-2025.xls,,
2024-07-07,DKI5,,45.0,32.0,24.0,19.0,13.0,45.0,PM25,BAIK,ispu_2024-2025.xls,,
2024-07-08,DKI5,,60.0,34.0,22.0,31.0,14.0,60.0,PM25,SEDANG,ispu_2024-2025.xls,,
2024-07-09,DKI5,,66.0,30.0,22.0,36.0,23.0,66.0,PM25,SEDANG,ispu_2024-2025.xls,,
2024-07-10,DKI5,,77.0,35.0,18.0,44.0,15.0,77.0,PM25,SEDANG,ispu_2024-2025.xls,,
2024-07-11,DKI5,66.0,117.0,33.0,27.0,25.0,23.0,117.0,PM25,TIDAK SEHAT,ispu_2024-2025.xls,,
2024-07-12,DKI5,53.0,96.0,34.0,22.0,36.0,20.0,96.0,PM25,SEDANG,ispu_2024-2025.xls,,
2024-07-13,DKI5,65.0,112.0,34.0,29.0,25.0,32.0,112.0,PM25,TIDAK SEHAT,ispu_2024-2025.xls,,
2024-07-14,DKI5,59.0,104.0,33.0,25.0,27.0,23.0,104.0,PM25,TIDAK SEHAT,ispu_2024-2025.xls,,
2024-07-15,DKI5,52.0,89.0,35.0,22.0,31.0,20.0,89.0,PM25,SEDANG,ispu_2024-2025.xls,,
2024-07-16,DKI5,53.0,99.0,34.0,24.0,37.0,24.0,99.0,PM25,SEDANG,ispu_2024-2025.xls,,
2024-07-17,DKI5,57.0,99.0,35.0,25.0,27.0,25.0,99.0,PM25,SEDANG,ispu_2024-2025.xls,,
2024-07-18,DKI5,52.0,89.0,37.0,20.0,36.0,17.0,89.0,PM25,SEDANG,ispu_2024-2025.xls,,
2024-07-19,DKI5,47.0,93.0,34.0,20.0,53.0,15.0,93.0,PM25,SEDANG,ispu_2024-2025.xls,,
2024-07-20,DKI5,51.0,91.0,35.0,19.0,54.0,17.0,91.0,PM25,SEDANG,ispu_2024-2025.xls,,
2024-07-21,DKI5,45.0,88.0,33.0,18.0,58.0,13.0,88.0,PM25,SEDANG,ispu_2024-2025.xls,,
2024-07-22,DKI5,39.0,82.0,32.0,18.0,61.0,13.0,82.0,PM25,SEDANG,ispu_2024-2025.xls,,
2024-07-23,DKI5,47.0,85.0,35.0,18.0,52.0,14.0,85.0,PM25,SEDANG,ispu_2024-2025.xls,,
2024-07-24,DKI5,53.0,95.0,38.0,19.0,41.0,16.0,95.0,PM25,SEDANG,ispu_2024-2025.xls,,
2024-07-25,DKI5,44.0,84.0,34.0,19.0,47.0,15.0,84.0,PM25,SEDANG,ispu_2024-2025.xls,,
2024-07-26,DKI5,53.0,90.0,34.0,20.0,37.0,16.0,90.0,PM25,SEDANG,ispu_2024-2025.xls,,
2024-07-27,DKI5,52.0,91.0,36.0,19.0,44.0,16.0,91.0,PM25,SEDANG,ispu_2024-2025.xls,,
2024-07-28,DKI5,55.0,104.0,34.0,20.0,54.0,14.0,104.0,PM25,TIDAK SEHAT,ispu_2024-2025.xls,,
2024-07-29,DKI5,44.0,94.0,34.0,20.0,46.0,15.0,94.0,PM25,SEDANG,ispu_2024-2025.xls,,
2024-07-30,DKI5,53.0,102.0,33.0,21.0,39.0,19.0,102.0,PM25,TIDAK SEHAT,ispu_2024-2025.xls,,
2024-07-31,DKI5,59.0,112.0,34.0,22.0,42.0,22.0,112.0,PM25,TIDAK SEHAT,ispu_2024-2025.xls,,
2024-08-01,DKI5,57.0,107.0,32.0,20.0,55.0,15.0,107.0,PM25,TIDAK SEHAT,ispu_2024-2025.xls,,
2024-08-02,DKI5,54.0,90.0,32.0,21.0,53.0,16.0,90.0,PM25,SEDANG,ispu_2024-2025.xls,,
2024-08-03,DKI5,36.0,70.0,32.0,21.0,48.0,18.0,70.0,PM25,SEDANG,ispu_2024-2025.xls,,
2024-08-04,DKI5,51.0,82.0,31.0,26.0,48.0,20.0,82.0,PM25,SEDANG,ispu_2024-2025.xls,,
2024-08-05,DKI5,51.0,84.0,33.0,19.0,47.0,15.0,84.0,PM25,SEDANG,ispu_2024-2025.xls,,
2024-08-06,DKI5,45.0,81.0,36.0,19.0,43.0,17.0,81.0,PM25,SEDANG,ispu_2024-2025.xls,,
2024-08-07,DKI5,53.0,101.0,33.0,20.0,44.0,18.0,101.0,PM25,TIDAK SEHAT,ispu_2024-2025.xls,,
2024-08-08,DKI5,64.0,118.0,35.0,24.0,32.0,24.0,118.0,PM25,TIDAK SEHAT,ispu_2024-2025.xls,,
2024-08-09,DKI5,52.0,97.0,35.0,20.0,39.0,15.0,97.0,PM25,SEDANG,ispu_2024-2025.xls,,
2024-08-10,DKI5,43.0,89.0,35.0,18.0,43.0,15.0,89.0,PM25,SEDANG,ispu_2024-2025.xls,,
2024-08-11,DKI5,43.0,85.0,32.0,17.0,51.0,10.0,85.0,PM25,SEDANG,ispu_2024-2025.xls,,
2024-08-12,DKI5,36.0,86.0,33.0,18.0,42.0,11.0,86.0,PM25,SEDANG,ispu_2024-2025.xls,,
2024-08-13,DKI5,59.0,110.0,36.0,23.0,32.0,23.0,110.0,PM25,TIDAK SEHAT,ispu_2024-2025.xls,,
2024-08-14,DKI5,58.0,109.0,36.0,22.0,40.0,21.0,109.0,PM25,TIDAK SEHAT,ispu_2024-2025.xls,,
2024-08-15,DKI5,48.0,100.0,35.0,21.0,50.0,18.0,100.0,PM25,SEDANG,ispu_2024-2025.xls,,
2024-08-16,DKI5,55.0,103.0,35.0,22.0,45.0,19.0,103.0,PM25,TIDAK SEHAT,ispu_2024-2025.xls,,
2024-08-17,DKI5,51.0,107.0,37.0,22.0,51.0,21.0,107.0,PM25,TIDAK SEHAT,ispu_2024-2025.xls,,
2024-08-18,DKI5,55.0,107.0,34.0,21.0,50.0,16.0,107.0,PM25,TIDAK SEHAT,ispu_2024-2025.xls,,
2024-08-19,DKI5,46.0,94.0,33.0,19.0,57.0,15.0,94.0,PM25,SEDANG,ispu_2024-2025.xls,,
2024-08-20,DKI5,62.0,115.0,33.0,22.0,52.0,18.0,115.0,PM25,TIDAK SEHAT,ispu_2024-2025.xls,,
2024-08-21,DKI5,64.0,118.0,35.0,21.0,54.0,18.0,118.0,PM25,TIDAK SEHAT,ispu_2024-2025.xls,,
2024-08-22,DKI5,47.0,87.0,39.0,18.0,48.0,15.0,87.0,PM25,SEDANG,ispu_2024-2025.xls,,
2024-08-23,DKI5,46.0,79.0,33.0,17.0,67.0,12.0,79.0,PM25,SEDANG,ispu_2024-2025.xls,,
2024-08-24,DKI5,54.0,101.0,35.0,19.0,47.0,16.0,101.0,PM25,TIDAK SEHAT,ispu_2024-2025.xls,,
2024-08-25,DKI5,52.0,93.0,34.0,18.0,50.0,11.0,93.0,PM25,SEDANG,ispu_2024-2025.xls,,
2024-08-26,DKI5,54.0,102.0,35.0,21.0,40.0,17.0,102.0,PM25,TIDAK SEHAT,ispu_2024-2025.xls,,
2024-08-27,DKI5,65.0,116.0,36.0,22.0,58.0,18.0,116.0,PM25,TIDAK SEHAT,ispu_2024-2025.xls,,
2024-08-28,DKI5,50.0,87.0,36.0,20.0,46.0,17.0,87.0,PM25,SEDANG,ispu_2024-2025.xls,,
2024-08-29,DKI5,59.0,107.0,37.0,20.0,62.0,16.0,107.0,PM25,TIDAK SEHAT,ispu_2024-2025.xls,,
2024-08-30,DKI5,65.0,127.0,36.0,23.0,47.0,21.0,127.0,PM25,TIDAK SEHAT,ispu_2024-2025.xls,,
2024-08-31,DKI5,42.0,80.0,35.0,18.0,41.0,13.0,80.0,PM25,SEDANG,ispu_2024-2025.xls,,
2024-09-01,DKI5,49.0,93.0,34.0,20.0,46.0,12.0,93.0,PM25,SEDANG,ispu_2024-2025.xls,,
2024-09-02,DKI5,37.0,85.0,34.0,17.0,67.0,12.0,85.0,PM25,SEDANG,ispu_2024-2025.xls,,
2024-09-03,DKI5,45.0,89.0,32.0,20.0,43.0,17.0,89.0,PM25,SEDANG,ispu_2024-2025.xls,,
2024-09-04,DKI5,40.0,84.0,34.0,18.0,41.0,13.0,84.0,PM25,SEDANG,ispu_2024-2025.xls,,
2024-09-05,DKI5,37.0,81.0,35.0,18.0,43.0,12.0,81.0,PM25,SEDANG,ispu_2024-2025.xls,,
2024-09-06,DKI5,26.0,86.0,36.0,20.0,40.0,17.0,86.0,PM25,SEDANG,ispu_2024-2025.xls,,
2024-09-07,DKI5,30.0,80.0,35.0,17.0,47.0,10.0,80.0,PM25,SEDANG,ispu_2024-2025.xls,,
2024-09-08,DKI5,28.0,79.0,35.0,18.0,40.0,11.0,79.0,PM25,SEDANG,ispu_2024-2025.xls,,
2024-09-09,DKI5,17.0,65.0,34.0,17.0,48.0,9.0,65.0,PM25,SEDANG,ispu_2024-2025.xls,,
2024-09-10,DKI5,38.0,76.0,33.0,24.0,36.0,17.0,76.0,PM25,SEDANG,ispu_2024-2025.xls,,
2024-09-11,DKI5,26.0,68.0,34.0,19.0,28.0,18.0,68.0,PM25,SEDANG,ispu_2024-2025.xls,,
2024-09-12,DKI5,23.0,103.0,39.0,20.0,54.0,15.0,103.0,PM25,TIDAK SEHAT,ispu_2024-2025.xls,,
2024-09-13,DKI5,38.0,81.0,34.0,21.0,49.0,18.0,81.0,PM25,SEDANG,ispu_2024-2025.xls,,
2024-09-14,DKI5,34.0,88.0,34.0,19.0,49.0,16.0,88.0,PM25,SEDANG,ispu_2024-2025.xls,,
2024-09-15,DKI5,28.0,87.0,35.0,20.0,45.0,13.0,87.0,PM25,SEDANG,ispu_2024-2025.xls,,
2024-09-16,DKI5,26.0,93.0,36.0,20.0,44.0,14.0,93.0,PM25,SEDANG,ispu_2024-2025.xls,,
2024-09-17,DKI5,33.0,86.0,39.0,19.0,47.0,14.0,86.0,PM25,SEDANG,ispu_2024-2025.xls,,
2024-09-18,DKI5,39.0,79.0,38.0,18.0,42.0,13.0,79.0,PM25,SEDANG,ispu_2024-2025.xls,,
2024-09-19,DKI5,30.0,88.0,40.0,19.0,40.0,14.0,88.0,PM25,SEDANG,ispu_2024-2025.xls,,
2024-09-20,DKI5,22.0,88.0,38.0,20.0,47.0,16.0,88.0,PM25,SEDANG,ispu_2024-2025.xls,,
2024-09-21,DKI5,37.0,98.0,38.0,19.0,57.0,14.0,98.0,PM25,SEDANG,ispu_2024-2025.xls,,
2024-09-22,DKI5,30.0,109.0,39.0,20.0,62.0,14.0,109.0,PM25,TIDAK SEHAT,ispu_2024-2025.xls,,
2024-09-23,DKI5,21.0,92.0,37.0,19.0,55.0,14.0,92.0,PM25,SEDANG,ispu_2024-2025.xls,,
2024-09-24,DKI5,37.0,85.0,37.0,21.0,42.0,18.0,85.0,PM25,SEDANG,ispu_2024-2025.xls,,
2024-09-25,DKI5,47.0,109.0,35.0,28.0,44.0,24.0,109.0,PM25,TIDAK SEHAT,ispu_2024-2025.xls,,
2024-09-26,DKI5,35.0,79.0,35.0,26.0,42.0,21.0,79.0,PM25,SEDANG,ispu_2024-2025.xls,,
2024-09-27,DKI5,27.0,80.0,35.0,23.0,42.0,21.0,80.0,PM25,SEDANG,ispu_2024-2025.xls,,
2024-09-28,DKI5,30.0,99.0,36.0,22.0,47.0,20.0,99.0,PM25,SEDANG,ispu_2024-2025.xls,,
2024-09-29,DKI5,29.0,95.0,36.0,22.0,40.0,,95.0,PM25,SEDANG,ispu_2024-2025.xls,,
2024-09-30,DKI5,18.0,79.0,38.0,20.0,35.0,14.0,79.0,PM25,SEDANG,ispu_2024-2025.xls,,
2024-10-01,DKI5,33.0,103.0,37.0,22.0,51.0,17.0,103.0,PM25,TIDAK SEHAT,ispu_2024-2025.xls,,
2024-10-02,DKI5,25.0,90.0,37.0,20.0,54.0,16.0,90.0,PM25,SEDANG,ispu_2024-2025.xls,,
2024-10-03,DKI5,25.0,95.0,38.0,22.0,49.0,17.0,95.0,PM25,SEDANG,ispu_2024-2025.xls,,
2024-10-04,DKI5,30.0,94.0,38.0,22.0,46.0,16.0,94.0,PM25,SEDANG,ispu_2024-2025.xls,,
2024-10-05,DKI5,22.0,80.0,37.0,21.0,44.0,18.0,80.0,PM25,SEDANG,ispu_2024-2025.xls,,
2024-10-06,DKI5,19.0,76.0,36.0,21.0,49.0,15.0,76.0,PM25,SEDANG,ispu_2024-2025.xls,,
2024-10-07,DKI5,35.0,121.0,38.0,27.0,46.0,19.0,121.0,PM25,TIDAK SEHAT,ispu_2024-2025.xls,,
2024-10-08,DKI5,25.0,84.0,39.0,21.0,39.0,17.0,84.0,PM25,SEDANG,ispu_2024-2025.xls,,
2024-10-09,DKI5,24.0,82.0,37.0,20.0,52.0,13.0,82.0,PM25,SEDANG,ispu_2024-2025.xls,,
2024-10-10,DKI5,32.0,92.0,38.0,20.0,52.0,14.0,92.0,PM25,SEDANG,ispu_2024-2025.xls,,
2024-10-11,DKI5,20.0,102.0,39.0,23.0,44.0,20.0,102.0,PM25,TIDAK SEHAT,ispu_2024-2025.xls,,
2024-10-12,DKI5,21.0,92.0,39.0,20.0,48.0,16.0,92.0,PM25,SEDANG,ispu_2024-2025.xls,,
2024-10-13,DKI5,,111.0,41.0,21.0,51.0,14.0,111.0,PM25,TIDAK SEHAT,ispu_2024-2025.xls,,
2024-10-14,DKI5,68.0,113.0,38.0,22.0,48.0,17.0,113.0,PM25,TIDAK SEHAT,ispu_2024-2025.xls,,
2024-10-15,DKI5,34.0,84.0,39.0,19.0,61.0,12.0,84.0,PM25,SEDANG,ispu_2024-2025.xls,,
2024-10-16,DKI5,32.0,111.0,40.0,22.0,59.0,18.0,111.0,PM25,TIDAK SEHAT,ispu_2024-2025.xls,,
2024-10-17,DKI5,53.0,75.0,39.0,20.0,43.0,16.0,75.0,PM25,SEDANG,ispu_2024-2025.xls,,
2024-10-18,DKI5,47.0,73.0,38.0,19.0,49.0,12.0,73.0,PM25,SEDANG,ispu_2024-2025.xls,,
2024-10-19,DKI5,61.0,93.0,42.0,21.0,51.0,15.0,93.0,PM25,SEDANG,ispu_2024-2025.xls,,
2024-10-20,DKI5,55.0,84.0,40.0,18.0,33.0,11.0,84.0,PM25,SEDANG,ispu_2024-2025.xls,,
2024-10-21,DKI5,38.0,81.0,39.0,19.0,36.0,11.0,81.0,PM25,SEDANG,ispu_2024-2025.xls,,
2024-10-22,DKI5,54.0,92.0,40.0,21.0,43.0,17.0,92.0,PM25,SEDANG,ispu_2024-2025.xls,,
2024-10-23,DKI5,52.0,87.0,42.0,19.0,59.0,13.0,87.0,PM25,SEDANG,ispu_2024-2025.xls,,
2024-10-24,DKI5,43.0,79.0,40.0,17.0,55.0,11.0,79.0,PM25,SEDANG,ispu_2024-2025.xls,,
2024-10-25,DKI5,50.0,82.0,39.0,20.0,59.0,17.0,82.0,PM25,SEDANG,ispu_2024-2025.xls,,
2024-10-26,DKI5,50.0,78.0,39.0,21.0,44.0,16.0,78.0,PM25,SEDANG,ispu_2024-2025.xls,,
2024-10-27,DKI5,48.0,75.0,45.0,17.0,42.0,10.0,75.0,PM25,SEDANG,ispu_2024-2025.xls,,
2024-10-28,DKI5,42.0,79.0,40.0,18.0,52.0,10.0,79.0,PM25,SEDANG,ispu_2024-2025.xls,,
2024-10-29,DKI5,51.0,83.0,40.0,19.0,48.0,16.0,83.0,PM25,SEDANG,ispu_2024-2025.xls,,
2024-10-30,DKI5,56.0,99.0,40.0,20.0,58.0,14.0,99.0,PM25,SEDANG,ispu_2024-2025.xls,,
2024-10-31,DKI5,55.0,89.0,41.0,20.0,52.0,15.0,89.0,PM25,SEDANG,ispu_2024-2025.xls,,
2024-11-01,DKI5,66.0,105.0,40.0,22.0,49.0,19.0,105.0,PM25,TIDAK SEHAT,ispu_2024-2025.xls,,
2024-11-02,DKI5,60.0,97.0,41.0,22.0,44.0,18.0,97.0,PM25,SEDANG,ispu_2024-2025.xls,,
2024-11-03,DKI5,53.0,81.0,39.0,26.0,36.0,18.0,81.0,PM25,SEDANG,ispu_2024-2025.xls,,
2024-11-04,DKI5,52.0,67.0,38.0,24.0,38.0,19.0,67.0,PM25,SEDANG,ispu_2024-2025.xls,,
2024-11-05,DKI5,,85.0,39.0,21.0,51.0,19.0,85.0,PM25,SEDANG,ispu_2024-2025.xls,,
2024-11-06,DKI5,,78.0,38.0,22.0,44.0,19.0,78.0,PM25,SEDANG,ispu_2024-2025.xls,,
2024-11-07,DKI5,,108.0,41.0,23.0,58.0,15.0,108.0,PM25,TIDAK SEHAT,ispu_2024-2025.xls,,
2024-11-08,DKI5,,109.0,39.0,22.0,53.0,16.0,109.0,PM25,TIDAK SEHAT,ispu_2024-2025.xls,,
2024-11-09,DKI5,,,44.0,21.0,62.0,15.0,62.0,O3,SEDANG,ispu_2024-2025.xls,,
2024-11-10,DKI5,,,38.0,23.0,49.0,17.0,49.0,O3,BAIK,ispu_2024-2025.xls,,
2024-11-11,DKI5,,,38.0,25.0,56.0,17.0,56.0,O3,SEDANG,ispu_2024-2025.xls,,
2024-11-12,DKI5,,68.0,39.0,24.0,33.0,17.0,68.0,PM25,SEDANG,ispu_2024-2025.xls,,
2024-11-13,DKI5,,113.0,41.0,32.0,39.0,14.0,113.0,PM25,TIDAK SEHAT,ispu_2024-2025.xls,,
2024-11-14,DKI5,,124.0,45.0,24.0,57.0,13.0,124.0,PM25,TIDAK SEHAT,ispu_2024-2025.xls,,
2024-11-15,DKI5,,133.0,50.0,21.0,44.0,17.0,133.0,PM25,TIDAK SEHAT,ispu_2024-2025.xls,,
2024-11-16,DKI5,,141.0,45.0,19.0,61.0,14.0,141.0,PM25,TIDAK SEHAT,ispu_2024-2025.xls,,
2024-11-17,DKI5,,157.0,41.0,33.0,55.0,19.0,157.0,PM25,TIDAK SEHAT,ispu_2024-2025.xls,,
2024-11-18,DKI5,,87.0,40.0,17.0,51.0,13.0,87.0,PM25,SEDANG,ispu_2024-2025.xls,,
2024-11-19,DKI5,,86.0,41.0,21.0,38.0,13.0,86.0,PM25,SEDANG,ispu_2024-2025.xls,,
2024-11-20,DKI5,,73.0,41.0,22.0,49.0,17.0,73.0,PM25,SEDANG,ispu_2024-2025.xls,,
2024-11-21,DKI5,,,45.0,20.0,38.0,16.0,45.0,SO2,BAIK,ispu_2024-2025.xls,,
2024-11-22,DKI5,,71.0,44.0,17.0,33.0,10.0,71.0,PM25,SEDANG,ispu_2024-2025.xls,,
2024-11-23,DKI5,,,41.0,18.0,36.0,11.0,41.0,SO2,BAIK,ispu_2024-2025.xls,,
2024-11-24,DKI5,,,40.0,16.0,30.0,7.0,40.0,SO2,BAIK,ispu_2024-2025.xls,,
2024-11-25,DKI5,,,42.0,19.0,31.0,7.0,42.0,SO2,BAIK,ispu_2024-2025.xls,,
2024-11-26,DKI5,,53.0,42.0,20.0,35.0,8.0,53.0,PM25,SEDANG,ispu_2024-2025.xls,,
2024-11-27,DKI5,,56.0,44.0,19.0,28.0,12.0,56.0,PM25,SEDANG,ispu_2024-2025.xls,,
2024-11-28,DKI5,,38.0,39.0,18.0,27.0,9.0,39.0,SO2,BAIK,ispu_2024-2025.xls,,
2024-11-29,DKI5,,41.0,40.0,17.0,16.0,9.0,41.0,PM25,BAIK,ispu_2024-2025.xls,,
2024-11-30,DKI5,,24.0,40.0,15.0,15.0,5.0,40.0,SO2,BAIK,ispu_2024-2025.xls,,
2024-12-01,DKI5,,26.0,39.0,15.0,16.0,4.0,39.0,SO2,BAIK,ispu_2024-2025.xls,,
2024-12-02,DKI5,,22.0,39.0,15.0,19.0,3.0,39.0,SO2,BAIK,ispu_2024-2025.xls,,
2024-12-03,DKI5,,18.0,39.0,14.0,21.0,3.0,39.0,SO2,BAIK,ispu_2024-2025.xls,,
2024-12-04,DKI5,,23.0,42.0,15.0,22.0,6.0,42.0,SO2,BAIK,ispu_2024-2025.xls,,
2024-12-05,DKI5,,22.0,41.0,15.0,28.0,5.0,41.0,SO2,BAIK,ispu_2024-2025.xls,,
2024-12-06,DKI5,,31.0,45.0,16.0,27.0,8.0,45.0,SO2,BAIK,ispu_2024-2025.xls,,
2024-12-07,DKI5,,67.0,44.0,41.0,33.0,15.0,67.0,PM25,SEDANG,ispu_2024-2025.xls,,
2024-12-08,DKI5,,48.0,40.0,24.0,41.0,12.0,48.0,PM25,BAIK,ispu_2024-2025.xls,,
2024-12-09,DKI5,,50.0,43.0,19.0,39.0,12.0,50.0,PM25,BAIK,ispu_2024-2025.xls,,
2024-12-10,DKI5,,43.0,40.0,21.0,24.0,8.0,43.0,PM25,BAIK,ispu_2024-2025.xls,,
2024-12-11,DKI5,,33.0,42.0,15.0,26.0,4.0,42.0,SO2,BAIK,ispu_2024-2025.xls,,
2024-12-12,DKI5,,25.0,42.0,15.0,21.0,4.0,42.0,SO2,BAIK,ispu_2024-2025.xls,,
2024-12-13,DKI5,,36.0,45.0,15.0,17.0,6.0,45.0,SO2,BAIK,ispu_2024-2025.xls,,
2024-12-14,DKI5,,31.0,42.0,15.0,20.0,4.0,42.0,SO2,BAIK,ispu_2024-2025.xls,,
2024-12-15,DKI5,,34.0,44.0,16.0,22.0,5.0,44.0,SO2,BAIK,ispu_2024-2025.xls,,
2024-12-16,DKI5,,35.0,42.0,16.0,30.0,6.0,42.0,SO2,BAIK,ispu_2024-2025.xls,,
2024-12-17,DKI5,,37.0,42.0,16.0,34.0,7.0,42.0,SO2,BAIK,ispu_2024-2025.xls,,
2024-12-18,DKI5,,29.0,18.0,15.0,29.0,5.0,29.0,PM25,BAIK,ispu_2024-2025.xls,,
2024-12-19,DKI5,,20.0,51.0,4.0,29.0,5.0,51.0,SO2,SEDANG,ispu_2024-2025.xls,,
2024-12-20,DKI5,,36.0,15.0,7.0,31.0,6.0,36.0,PM25,BAIK,ispu_2024-2025.xls,,
2024-12-21,DKI5,,38.0,17.0,6.0,35.0,8.0,38.0,PM25,BAIK,ispu_2024-2025.xls,,
2024-12-22,DKI5,,38.0,14.0,7.0,41.0,12.0,41.0,O3,BAIK,ispu_2024-2025.xls,,
2024-12-23,DKI5,,35.0,3.0,8.0,43.0,12.0,43.0,O3,BAIK,ispu_2024-2025.xls,,
2024-12-24,DKI5,,51.0,10.0,11.0,39.0,12.0,51.0,PM25,SEDANG,ispu_2024-2025.xls,,
2024-12-25,DKI5,,43.0,9.0,7.0,33.0,9.0,43.0,PM25,BAIK,ispu_2024-2025.xls,,
2024-12-26,DKI5,,51.0,7.0,10.0,24.0,11.0,51.0,PM25,SEDANG,ispu_2024-2025.xls,,
2024-12-27,DKI5,,55.0,27.0,9.0,30.0,12.0,55.0,PM25,SEDANG,ispu_2024-2025.xls,,
2024-12-28,DKI5,,40.0,26.0,6.0,30.0,12.0,40.0,PM25,BAIK,ispu_2024-2025.xls,,
2024-12-29,DKI5,,51.0,32.0,8.0,28.0,11.0,51.0,PM25,SEDANG,ispu_2024-2025.xls,,
2024-12-30,DKI5,,34.0,9.0,5.0,38.0,8.0,38.0,O3,BAIK,ispu_2024-2025.xls,,
2024-12-31,DKI5,,26.0,9.0,3.0,26.0,3.0,26.0,PM25,BAIK,ispu_2024-2025.xls,,
2025-01-01,DKI5,,48.0,12.0,6.0,26.0,7.0,48.0,PM25,BAIK,ispu_2024-2025.xls,,
2025-01-02,DKI5,,26.0,13.0,4.0,28.0,4.0,28.0,O3,BAIK,ispu_2024-2025.xls,,
2025-01-03,DKI5,,46.0,22.0,8.0,26.0,8.0,46.0,PM25,BAIK,ispu_2024-2025.xls,,
2025-01-04,DKI5,,33.0,25.0,4.0,28.0,8.0,33.0,PM25,BAIK,ispu_2024-2025.xls,,
2025-01-05,DKI5,,26.0,4.0,4.0,16.0,,26.0,PM25,BAIK,ispu_2024-2025.xls,,
2025-01-06,DKI5,,46.0,15.0,8.0,17.0,,46.0,PM25,BAIK,ispu_2024-2025.xls,,
2025-01-07,DKI5,9.0,43.0,21.0,4.0,20.0,4.0,43.0,PM25,BAIK,ispu_2024-2025.xls,,
2025-01-08,DKI5,10.0,35.0,12.0,4.0,22.0,5.0,35.0,PM25,BAIK,ispu_2024-2025.xls,,
2025-01-09,DKI5,14.0,29.0,3.0,6.0,31.0,7.0,31.0,O3,BAIK,ispu_2024-2025.xls,,
2025-01-10,DKI5,20.0,74.0,12.0,13.0,29.0,15.0,74.0,PM25,SEDANG,ispu_2024-2025.xls,,
2025-01-11,DKI5,19.0,60.0,10.0,6.0,36.0,10.0,60.0,PM25,SEDANG,ispu_2024-2025.xls,,
2025-01-12,DKI5,14.0,56.0,14.0,5.0,25.0,9.0,56.0,PM25,SEDANG,ispu_2024-2025.xls,,
2025-01-13,DKI5,10.0,35.0,8.0,5.0,21.0,5.0,35.0,PM25,BAIK,ispu_2024-2025.xls,,
2025-01-14,DKI5,12.0,33.0,17.0,5.0,24.0,6.0,33.0,PM25,BAIK,ispu_2024-2025.xls,,
2025-01-15,DKI5,15.0,49.0,13.0,6.0,20.0,4.0,49.0,PM25,BAIK,ispu_2024-2025.xls,,
2025-01-16,DKI5,11.0,54.0,21.0,5.0,42.0,4.0,54.0,PM25,SEDANG,ispu_2024-2025.xls,,
2025-01-17,DKI5,11.0,54.0,26.0,4.0,50.0,5.0,54.0,PM25,SEDANG,ispu_2024-2025.xls,,
2025-01-18,DKI5,7.0,25.0,11.0,3.0,55.0,,55.0,O3,SEDANG,ispu_2024-2025.xls,,
2025-01-19,DKI5,11.0,37.0,24.0,3.0,49.0,3.0,49.0,O3,BAIK,ispu_2024-2025.xls,,
2025-01-20,DKI5,10.0,43.0,18.0,3.0,52.0,5.0,52.0,O3,SEDANG,ispu_2024-2025.xls,,
2025-01-21,DKI5,15.0,54.0,3.0,12.0,38.0,13.0,54.0,PM25,SEDANG,ispu_2024-2025.xls,,
2025-01-22,DKI5,15.0,53.0,16.0,10.0,26.0,14.0,53.0,PM25,SEDANG,ispu_2024-2025.xls,,
2025-01-23,DKI5,16.0,66.0,28.0,7.0,28.0,15.0,66.0,PM25,SEDANG,ispu_2024-2025.xls,,
2025-01-24,DKI5,17.0,74.0,25.0,13.0,25.0,13.0,74.0,PM25,SEDANG,ispu_2024-2025.xls,,
2025-01-25,DKI5,16.0,64.0,22.0,10.0,24.0,9.0,64.0,PM25,SEDANG,ispu_2024-2025.xls,,
2025-01-26,DKI5,17.0,62.0,34.0,8.0,21.0,9.0,62.0,PM25,SEDANG,ispu_2024-2025.xls,,
2025-01-27,DKI5,10.0,54.0,24.0,3.0,13.0,8.0,54.0,PM25,SEDANG,ispu_2024-2025.xls,,
2025-01-28,DKI5,8.0,32.0,22.0,3.0,20.0,7.0,32.0,PM25,BAIK,ispu_2024-2025.xls,,
2025-01-29,DKI5,11.0,32.0,15.0,6.0,25.0,14.0,32.0,PM25,BAIK,ispu_2024-2025.xls,,
2025-01-30,DKI5,8.0,24.0,13.0,4.0,28.0,8.0,28.0,O3,BAIK,ispu_2024-2025.xls,,
2025-01-31,DKI5,10.0,51.0,14.0,7.0,26.0,13.0,51.0,PM25,SEDANG,ispu_2024-2025.xls,,
2025-02-01,DKI5,12.0,50.0,15.0,5.0,31.0,12.0,50.0,PM25,BAIK,ispu_2024-2025.xls,,
2025-02-02,DKI5,13.0,41.0,13.0,5.0,44.0,8.0,44.0,O3,BAIK,ispu_2024-2025.xls,,
2025-02-03,DKI5,11.0,50.0,13.0,5.0,46.0,10.0,50.0,PM25,BAIK,ispu_2024-2025.xls,,
2025-02-04,DKI5,19.0,83.0,22.0,10.0,33.0,13.0,83.0,PM25,SEDANG,ispu_2024-2025.xls,,
2025-02-05,DKI5,19.0,40.0,24.0,5.0,27.0,10.0,40.0,PM25,BAIK,ispu_2024-2025.xls,,
2025-02-06,DKI5,15.0,51.0,22.0,6.0,28.0,10.0,51.0,PM25,SEDANG,ispu_2024-2025.xls,,
2025-02-07,DKI5,11.0,36.0,14.0,7.0,34.0,9.0,36.0,PM25,BAIK,ispu_2024-2025.xls,,
2025-02-08,DKI5,24.0,41.0,17.0,7.0,29.0,13.0,41.0,PM25,BAIK,ispu_2024-2025.xls,,
2025-02-09,DKI5,12.0,41.0,19.0,6.0,30.0,10.0,41.0,PM25,BAIK,ispu_2024-2025.xls,,
2025-02-10,DKI5,51.0,50.0,15.0,7.0,33.0,10.0,51.0,PM10,SEDANG,ispu_2024-2025.xls,,
2025-02-11,DKI5,52.0,47.0,15.0,7.0,38.0,9.0,52.0,PM10,SEDANG,ispu_2024-2025.xls,,
2025-02-12,DKI5,18.0,78.0,26.0,9.0,34.0,13.0,78.0,PM25,SEDANG,ispu_2024-2025.xls,,
2025-02-13,DKI5,19.0,77.0,25.0,10.0,28.0,10.0,77.0,PM25,SEDANG,ispu_2024-2025.xls,,
2025-02-14,DKI5,11.0,59.0,23.0,5.0,14.0,5.0,59.0,PM25,SEDANG,ispu_2024-2025.xls,,
2025-02-15,DKI5,10.0,53.0,21.0,4.0,17.0,5.0,53.0,PM25,SEDANG,ispu_2024-2025.xls,,
2025-02-16,DKI5,17.0,64.0,27.0,7.0,21.0,7.0,64.0,PM25,SEDANG,ispu_2024-2025.xls,,
2025-02-17,DKI5,14.0,59.0,24.0,11.0,24.0,5.0,59.0,PM25,SEDANG,ispu_2024-2025.xls,,
2025-02-18,DKI5,14.0,69.0,30.0,15.0,21.0,7.0,69.0,PM25,SEDANG,ispu_2024-2025.xls,,
2025-02-19,DKI5,24.0,92.0,24.0,18.0,23.0,6.0,92.0,PM25,SEDANG,ispu_2024-2025.xls,,
2025-02-20,DKI5,16.0,51.0,31.0,8.0,20.0,6.0,51.0,PM25,SEDANG,ispu_2024-2025.xls,,
2025-02-21,DKI5,14.0,,,,,,14.0,PM10,BAIK,ispu_2024-2025.xls,,
2025-02-22,DKI5,17.0,59.0,48.0,7.0,15.0,5.0,59.0,PM25,SEDANG,ispu_2024-2025.xls,,
2025-02-23,DKI5,35.0,78.0,42.0,13.0,16.0,5.0,78.0,PM25,SEDANG,ispu_2024-2025.xls,,
2025-02-24,DKI5,14.0,66.0,18.0,11.0,35.0,5.0,66.0,PM25,SEDANG,ispu_2024-2025.xls,,
2025-02-25,DKI5,18.0,75.0,28.0,13.0,25.0,4.0,75.0,PM25,SEDANG,ispu_2024-2025.xls,,
2025-02-26,DKI5,16.0,60.0,29.0,10.0,24.0,6.0,60.0,PM25,SEDANG,ispu_2024-2025.xls,,
2025-02-27,DKI5,29.0,111.0,24.0,21.0,34.0,8.0,111.0,PM25,TIDAK SEHAT,ispu_2024-2025.xls,,
2025-02-28,DKI5,20.0,71.0,24.0,9.0,31.0,6.0,71.0,PM25,SEDANG,ispu_2024-2025.xls,,
2025-03-01,DKI5,10.0,59.0,17.0,9.0,28.0,6.0,59.0,PM25,SEDANG,ispu_2024-2025.xls,,
2025-03-02,DKI5,25.0,92.0,21.0,11.0,39.0,5.0,92.0,PM25,SEDANG,ispu_2024-2025.xls,,
2025-03-03,DKI5,12.0,54.0,16.0,7.0,42.0,4.0,54.0,PM25,SEDANG,ispu_2024-2025.xls,,
2025-03-04,DKI5,,52.0,21.0,6.0,38.0,6.0,52.0,PM25,SEDANG,ispu_2024-2025.xls,,
2025-03-05,DKI5,18.0,63.0,25.0,10.0,36.0,6.0,63.0,PM25,SEDANG,ispu_2024-2025.xls,,
2025-03-06,DKI5,30.0,90.0,25.0,11.0,39.0,4.0,90.0,PM25,SEDANG,ispu_2024-2025.xls,,
2025-03-07,DKI5,15.0,28.0,17.0,2.0,24.0,2.0,28.0,PM25,BAIK,ispu_2024-2025.xls,,
2025-03-08,DKI5,12.0,61.0,19.0,4.0,29.0,2.0,61.0,PM25,SEDANG,ispu_2024-2025.xls,,
2025-03-09,DKI5,27.0,75.0,20.0,12.0,30.0,4.0,75.0,PM25,SEDANG,ispu_2024-2025.xls,,
2025-03-10,DKI5,10.0,77.0,16.0,15.0,29.0,4.0,77.0,PM25,SEDANG,ispu_2024-2025.xls,,
2025-03-11,DKI5,9.0,100.0,23.0,19.0,27.0,5.0,100.0,PM25,SEDANG,ispu_2024-2025.xls,,
2025-03-12,DKI5,5.0,54.0,47.0,3.0,28.0,4.0,54.0,PM25,SEDANG,ispu_2024-2025.xls,,
2025-03-13,DKI5,8.0,73.0,53.0,4.0,35.0,4.0,73.0,PM25,SEDANG,ispu_2024-2025.xls,,
2025-03-14,DKI5,,58.0,22.0,4.0,23.0,2.0,58.0,PM25,SEDANG,ispu_2024-2025.xls,,
2025-03-15,DKI5,21.0,25.0,17.0,2.0,19.0,1.0,25.0,PM25,BAIK,ispu_2024-2025.xls,,
2025-03-16,DKI5,27.0,47.0,16.0,4.0,13.0,1.0,47.0,PM25,BAIK,ispu_2024-2025.xls,,
2025-03-17,DKI5,20.0,63.0,30.0,8.0,16.0,2.0,63.0,PM25,SEDANG,ispu_2024-2025.xls,,
2025-03-18,DKI5,16.0,21.0,16.0,4.0,28.0,11.0,28.0,O3,BAIK,ispu_2024-2025.xls,,
2025-03-19,DKI5,27.0,38.0,19.0,6.0,24.0,11.0,38.0,PM25,BAIK,ispu_2024-2025.xls,,
2025-03-20,DKI5,27.0,55.0,37.0,5.0,34.0,11.0,55.0,PM25,SEDANG,ispu_2024-2025.xls,,
2025-03-21,DKI5,23.0,58.0,19.0,6.0,27.0,12.0,58.0,PM25,SEDANG,ispu_2024-2025.xls,,
2025-03-22,DKI5,22.0,72.0,28.0,8.0,38.0,12.0,72.0,PM25,SEDANG,ispu_2024-2025.xls,,
2025-03-23,DKI5,39.0,64.0,27.0,12.0,38.0,10.0,64.0,PM25,SEDANG,ispu_2024-2025.xls,,
2025-03-24,DKI5,24.0,60.0,25.0,7.0,34.0,11.0,60.0,PM25,SEDANG,ispu_2024-2025.xls,,
2025-03-25,DKI5,33.0,59.0,24.0,7.0,29.0,11.0,59.0,PM25,SEDANG,ispu_2024-2025.xls,,
2025-03-26,DKI5,25.0,77.0,19.0,10.0,44.0,11.0,77.0,PM25,SEDANG,ispu_2024-2025.xls,,
2025-03-27,DKI5,23.0,73.0,21.0,12.0,39.0,10.0,73.0,PM25,SEDANG,ispu_2024-2025.xls,,
2025-03-28,DKI5,16.0,52.0,17.0,7.0,32.0,11.0,52.0,PM25,SEDANG,ispu_2024-2025.xls,,
2025-03-29,DKI5,10.0,20.0,19.0,3.0,24.0,10.0,24.0,O3,BAIK,ispu_2024-2025.xls,,
2025-03-30,DKI5,12.0,52.0,26.0,5.0,21.0,12.0,52.0,PM25,SEDANG,ispu_2024-2025.xls,,
2025-03-31,DKI5,13.0,37.0,35.0,3.0,23.0,13.0,37.0,PM25,BAIK,ispu_2024-2025.xls,,
2025-04-01,DKI5,15.0,39.0,22.0,5.0,25.0,13.0,39.0,PM25,BAIK,ispu_2024-2025.xls,,
2025-04-02,DKI5,11.0,40.0,,6.0,20.0,13.0,40.0,PM25,BAIK,ispu_2024-2025.xls,,
2025-04-03,DKI5,22.0,45.0,,9.0,30.0,11.0,45.0,PM25,BAIK,ispu_2024-2025.xls,,
2025-04-04,DKI5,33.0,54.0,,8.0,41.0,11.0,54.0,PM25,SEDANG,ispu_2024-2025.xls,,
2025-04-05,DKI5,50.0,70.0,,12.0,30.0,11.0,70.0,PM25,SEDANG,ispu_2024-2025.xls,,
2025-04-06,DKI5,55.0,74.0,,20.0,32.0,10.0,74.0,PM25,SEDANG,ispu_2024-2025.xls,,
2025-04-07,DKI5,36.0,57.0,,13.0,34.0,12.0,57.0,PM25,SEDANG,ispu_2024-2025.xls,,
2025-04-08,DKI5,55.0,84.0,,13.0,32.0,12.0,84.0,PM25,SEDANG,ispu_2024-2025.xls,,
2025-04-09,DKI5,44.0,71.0,,8.0,37.0,12.0,71.0,PM25,SEDANG,ispu_2024-2025.xls,,
2025-04-10,DKI5,57.0,94.0,25.0,17.0,46.0,11.0,94.0,PM25,SEDANG,ispu_2024-2025.xls,,
2025-04-11,DKI5,54.0,94.0,25.0,15.0,50.0,13.0,94.0,PM25,SEDANG,ispu_2024-2025.xls,,
2025-04-12,DKI5,54.0,92.0,26.0,19.0,41.0,13.0,92.0,PM25,SEDANG,ispu_2024-2025.xls,,
2025-04-13,DKI5,52.0,85.0,26.0,13.0,48.0,12.0,85.0,PM25,SEDANG,ispu_2024-2025.xls,,
2025-04-14,DKI5,24.0,34.0,25.0,5.0,29.0,11.0,34.0,PM25,BAIK,ispu_2024-2025.xls,,
2025-04-15,DKI5,40.0,67.0,33.0,8.0,35.0,10.0,67.0,PM25,SEDANG,ispu_2024-2025.xls,,
2025-04-16,DKI5,57.0,91.0,32.0,15.0,45.0,11.0,91.0,PM25,SEDANG,ispu_2024-2025.xls,,
2025-04-17,DKI5,51.0,84.0,27.0,11.0,52.0,12.0,84.0,PM25,SEDANG,ispu_2024-2025.xls,,
2025-04-18,DKI5,56.0,99.0,31.0,10.0,43.0,12.0,99.0,PM25,SEDANG,ispu_2024-2025.xls,,
2025-04-19,DKI5,53.0,77.0,28.0,11.0,51.0,10.0,77.0,PM25,SEDANG,ispu_2024-2025.xls,,
2025-04-20,DKI5,41.0,63.0,32.0,6.0,35.0,11.0,63.0,PM25,SEDANG,ispu_2024-2025.xls,,
2025-04-21,DKI5,40.0,61.0,32.0,6.0,25.0,11.0,61.0,PM25,SEDANG,ispu_2024-2025.xls,,
2025-04-22,DKI5,55.0,81.0,32.0,9.0,28.0,11.0,81.0,PM25,SEDANG,ispu_2024-2025.xls,,
2025-04-23,DKI5,55.0,75.0,16.0,12.0,23.0,7.0,75.0,PM25,SEDANG,ispu_2024-2025.xls,,
2025-04-24,DKI5,16.0,50.0,18.0,3.0,16.0,4.0,50.0,PM25,BAIK,ispu_2024-2025.xls,,
2025-04-25,DKI5,23.0,81.0,19.0,9.0,24.0,3.0,81.0,PM25,SEDANG,ispu_2024-2025.xls,,
2025-04-26,DKI5,30.0,77.0,20.0,11.0,29.0,3.0,77.0,PM25,SEDANG,ispu_2024-2025.xls,,
2025-04-27,DKI5,31.0,85.0,21.0,12.0,47.0,4.0,85.0,PM25,SEDANG,ispu_2024-2025.xls,,
2025-04-28,DKI5,24.0,78.0,20.0,9.0,37.0,4.0,78.0,PM25,SEDANG,ispu_2024-2025.xls,,
2025-04-29,DKI5,21.0,81.0,21.0,9.0,33.0,5.0,81.0,PM25,SEDANG,ispu_2024-2025.xls,,
2025-04-30,DKI5,24.0,88.0,21.0,8.0,37.0,5.0,88.0,PM25,SEDANG,ispu_2024-2025.xls,,
2025-05-01,DKI5,27.0,101.0,21.0,9.0,40.0,5.0,101.0,PM25,TIDAK SEHAT,ispu_2024-2025.xls,,
2025-05-02,DKI5,22.0,95.0,20.0,9.0,43.0,5.0,95.0,PM25,SEDANG,ispu_2024-2025.xls,,
2025-05-03,DKI5,27.0,95.0,24.0,11.0,40.0,5.0,95.0,PM25,SEDANG,ispu_2024-2025.xls,,
2025-05-04,DKI5,26.0,80.0,20.0,14.0,31.0,5.0,80.0,PM25,SEDANG,ispu_2024-2025.xls,,
2025-05-05,DKI5,42.0,116.0,23.0,19.0,29.0,5.0,116.0,PM25,TIDAK SEHAT,ispu_2024-2025.xls,,
2025-05-06,DKI5,41.0,95.0,21.0,13.0,33.0,5.0,95.0,PM25,SEDANG,ispu_2024-2025.xls,,
2025-05-07,DKI5,39.0,99.0,21.0,15.0,32.0,5.0,99.0,PM25,SEDANG,ispu_2024-2025.xls,,
2025-05-08,DKI5,51.0,142.0,20.0,26.0,35.0,4.0,142.0,PM25,TIDAK SEHAT,ispu_2024-2025.xls,,
2025-05-09,DKI5,26.0,97.0,19.0,10.0,32.0,30.0,97.0,PM25,SEDANG,ispu_2024-2025.xls,,
2025-05-10,DKI5,,,,,,,0.0,,TIDAK ADA DATA,ispu_2024-2025.xls,,
2025-05-11,DKI5,37.0,,19.0,21.0,38.0,45.0,45.0,NO2,BAIK,ispu_2024-2025.xls,,
2025-05-12,DKI5,19.0,,19.0,11.0,28.0,27.0,28.0,O3,BAIK,ispu_2024-2025.xls,,
2025-05-13,DKI5,19.0,,21.0,5.0,22.0,23.0,23.0,NO2,BAIK,ispu_2024-2025.xls,,
2025-05-14,DKI5,,85.0,21.0,12.0,47.0,52.0,85.0,PM25,SEDANG,ispu_2024-2025.xls,,
2025-05-15,DKI5,26.0,96.0,21.0,12.0,39.0,52.0,96.0,PM25,SEDANG,ispu_2024-2025.xls,,
2025-05-16,DKI5,25.0,100.0,21.0,13.0,49.0,56.0,100.0,PM25,SEDANG,ispu_2024-2025.xls,,
2025-05-17,DKI5,21.0,85.0,27.0,11.0,28.0,50.0,85.0,PM25,SEDANG,ispu_2024-2025.xls,,
2025-05-18,DKI5,28.0,92.0,21.0,22.0,34.0,54.0,92.0,PM25,SEDANG,ispu_2024-2025.xls,,
2025-05-19,DKI5,17.0,79.0,26.0,9.0,39.0,48.0,79.0,PM25,SEDANG,ispu_2024-2025.xls,,
2025-05-20,DKI5,28.0,105.0,29.0,18.0,29.0,62.0,105.0,PM25,TIDAK SEHAT,ispu_2024-2025.xls,,
2025-05-21,DKI5,24.0,103.0,26.0,11.0,30.0,57.0,103.0,PM25,TIDAK SEHAT,ispu_2024-2025.xls,,
2025-05-22,DKI5,36.0,89.0,21.0,13.0,35.0,55.0,89.0,PM25,SEDANG,ispu_2024-2025.xls,,
2025-05-23,DKI5,17.0,65.0,21.0,9.0,33.0,52.0,65.0,PM25,SEDANG,ispu_2024-2025.xls,,
2025-05-24,DKI5,15.0,69.0,21.0,9.0,28.0,32.0,69.0,PM25,SEDANG,ispu_2024-2025.xls,,
2025-05-25,DKI5,24.0,90.0,21.0,15.0,28.0,56.0,90.0,PM25,SEDANG,ispu_2024-2025.xls,,
2025-05-26,DKI5,38.0,119.0,20.0,18.0,28.0,44.0,119.0,PM25,TIDAK SEHAT,ispu_2024-2025.xls,,
2025-05-27,DKI5,16.0,59.0,20.0,5.0,22.0,25.0,59.0,PM25,SEDANG,ispu_2024-2025.xls,,
2025-05-28,DKI5,24.0,100.0,26.0,12.0,29.0,34.0,100.0,PM25,SEDANG,ispu_2024-2025.xls,,
2025-05-29,DKI5,26.0,105.0,26.0,10.0,57.0,53.0,105.0,PM25,TIDAK SEHAT,ispu_2024-2025.xls,,
2025-05-30,DKI5,54.0,76.0,21.0,9.0,37.0,54.0,76.0,PM25,SEDANG,ispu_2024-2025.xls,,
2025-05-31,DKI5,35.0,113.0,22.0,13.0,42.0,47.0,113.0,PM25,TIDAK SEHAT,ispu_2024-2025.xls,,
2025-06-01,DKI5,23.0,103.0,24.0,11.0,31.0,50.0,103.0,PM25,TIDAK SEHAT,ispu_2024-2025.xls,,
2025-06-02,DKI5,35.0,120.0,27.0,13.0,38.0,56.0,120.0,PM25,TIDAK SEHAT,ispu_2024-2025.xls,,
2025-06-03,DKI5,30.0,128.0,25.0,11.0,40.0,55.0,128.0,PM25,TIDAK SEHAT,ispu_2024-2025.xls,,
2025-06-04,DKI5,38.0,141.0,22.0,16.0,39.0,65.0,141.0,PM25,TIDAK SEHAT,ispu_2024-2025.xls,,
2025-06-05,DKI5,38.0,116.0,25.0,14.0,38.0,65.0,116.0,PM25,TIDAK SEHAT,ispu_2024-2025.xls,,
2025-06-06,DKI5,30.0,97.0,23.0,12.0,39.0,46.0,97.0,PM25,SEDANG,ispu_2024-2025.xls,,
2025-06-07,DKI5,36.0,125.0,22.0,17.0,45.0,40.0,125.0,PM25,TIDAK SEHAT,ispu_2024-2025.xls,,
2025-06-08,DKI5,31.0,108.0,26.0,14.0,41.0,60.0,108.0,PM25,TIDAK SEHAT,ispu_2024-2025.xls,,
2025-06-09,DKI5,30.0,99.0,25.0,11.0,38.0,49.0,99.0,PM25,SEDANG,ispu_2024-2025.xls,,
2025-06-10,DKI5,23.0,90.0,26.0,9.0,44.0,54.0,90.0,PM25,SEDANG,ispu_2024-2025.xls,,
2025-06-11,DKI5,27.0,84.0,23.0,13.0,39.0,62.0,84.0,PM25,SEDANG,ispu_2024-2025.xls,,
2025-06-12,DKI5,26.0,87.0,25.0,11.0,30.0,55.0,87.0,PM25,SEDANG,ispu_2024-2025.xls,,
2025-06-13,DKI5,33.0,104.0,28.0,9.0,32.0,28.0,104.0,PM25,TIDAK SEHAT,ispu_2024-2025.xls,,
2025-06-14,DKI5,32.0,109.0,26.0,10.0,27.0,35.0,109.0,PM25,TIDAK SEHAT,ispu_2024-2025.xls,,
2025-06-15,DKI5,29.0,88.0,26.0,14.0,18.0,34.0,88.0,PM25,SEDANG,ispu_2024-2025.xls,,
2025-06-16,DKI5,19.0,80.0,30.0,8.0,33.0,28.0,80.0,PM25,SEDANG,ispu_2024-2025.xls,,
2025-06-17,DKI5,15.0,64.0,23.0,7.0,30.0,30.0,64.0,PM25,SEDANG,ispu_2024-2025.xls,,
2025-06-18,DKI5,15.0,55.0,20.0,9.0,27.0,32.0,55.0,PM25,SEDANG,ispu_2024-2025.xls,,
2025-06-19,DKI5,20.0,90.0,23.0,24.0,16.0,49.0,90.0,PM25,SEDANG,ispu_2024-2025.xls,,
2025-06-20,DKI5,44.0,127.0,27.0,24.0,18.0,51.0,127.0,PM25,TIDAK SEHAT,ispu_2024-2025.xls,,
2025-06-21,DKI5,24.0,65.0,22.0,7.0,34.0,31.0,65.0,PM25,SEDANG,ispu_2024-2025.xls,,
2025-06-22,DKI5,38.0,,24.0,22.0,25.0,45.0,45.0,NO2,BAIK,ispu_2024-2025.xls,,
2025-06-23,DKI5,20.0,81.0,24.0,7.0,30.0,22.0,81.0,PM25,SEDANG,ispu_2024-2025.xls,,
2025-06-24,DKI5,36.0,114.0,29.0,11.0,27.0,35.0,114.0,PM25,TIDAK SEHAT,ispu_2024-2025.xls,,
2025-06-25,DKI5,39.0,133.0,26.0,16.0,28.0,43.0,133.0,PM25,TIDAK SEHAT,ispu_2024-2025.xls,,
2025-06-26,DKI5,32.0,123.0,26.0,17.0,27.0,51.0,123.0,PM25,TIDAK SEHAT,ispu_2024-2025.xls,,
2025-06-27,DKI5,31.0,108.0,27.0,10.0,38.0,30.0,108.0,PM25,TIDAK SEHAT,ispu_2024-2025.xls,,
2025-06-28,DKI5,47.0,137.0,26.0,12.0,40.0,35.0,137.0,PM25,TIDAK SEHAT,ispu_2024-2025.xls,,
2025-06-29,DKI5,48.0,95.0,24.0,17.0,15.0,51.0,95.0,PM25,SEDANG,ispu_2024-2025.xls,,
2025-06-30,DKI5,29.0,125.0,25.0,19.0,28.0,48.0,125.0,PM25,TIDAK SEHAT,ispu_2024-2025.xls,,
2025-07-01,DKI5,12.0,49.0,21.0,6.0,29.0,23.0,49.0,PM25,BAIK,ispu_2024-2025.xls,,
2025-07-02,DKI5,24.0,79.0,23.0,14.0,26.0,43.0,79.0,PM25,SEDANG,ispu_2024-2025.xls,,
2025-07-03,DKI5,29.0,87.0,23.0,16.0,30.0,55.0,87.0,PM25,SEDANG,ispu_2024-2025.xls,,
2025-07-04,DKI5,21.0,78.0,23.0,11.0,26.0,42.0,78.0,PM25,SEDANG,ispu_2024-2025.xls,,
2025-07-05,DKI5,27.0,105.0,24.0,15.0,30.0,46.0,105.0,PM25,TIDAK SEHAT,ispu_2024-2025.xls,,
2025-07-06,DKI5,18.0,61.0,22.0,7.0,38.0,23.0,61.0,PM25,SEDANG,ispu_2024-2025.xls,,
2025-07-07,DKI5,35.0,69.0,23.0,12.0,21.0,37.0,69.0,PM25,SEDANG,ispu_2024-2025.xls,,
2025-07-08,DKI5,23.0,61.0,22.0,9.0,31.0,41.0,61.0,PM25,SEDANG,ispu_2024-2025.xls,,
2025-07-09,DKI5,21.0,86.0,23.0,9.0,30.0,33.0,86.0,PM25,SEDANG,ispu_2024-2025.xls,,
2025-07-10,DKI5,28.0,84.0,23.0,12.0,25.0,38.0,84.0,PM25,SEDANG,ispu_2024-2025.xls,,
2025-07-11,DKI5,52.0,87.0,30.0,9.0,33.0,36.0,87.0,PM25,SEDANG,ispu_2024-2025.xls,,
2025-07-12,DKI5,70.0,132.0,27.0,16.0,33.0,51.0,132.0,PM25,TIDAK SEHAT,ispu_2024-2025.xls,,
2025-07-13,DKI5,62.0,104.0,28.0,9.0,32.0,31.0,104.0,PM25,TIDAK SEHAT,ispu_2024-2025.xls,,
2025-07-14,DKI5,50.0,77.0,26.0,9.0,37.0,36.0,77.0,PM25,SEDANG,ispu_2024-2025.xls,,
2025-07-15,DKI5,64.0,115.0,25.0,12.0,30.0,42.0,115.0,PM25,TIDAK SEHAT,ispu_2024-2025.xls,,
2025-07-16,DKI5,59.0,108.0,26.0,18.0,42.0,49.0,108.0,PM25,TIDAK SEHAT,ispu_2024-2025.xls,,
2025-07-17,DKI5,,,,,,,0.0,,TIDAK ADA DATA,ispu_2024-2025.xls,,
2025-07-18,DKI5,58.0,94.0,25.0,10.0,31.0,37.0,94.0,PM25,SEDANG,ispu_2024-2025.xls,,
2025-07-19,DKI5,53.0,82.0,25.0,9.0,32.0,31.0,82.0,PM25,SEDANG,ispu_2024-2025.xls,,
2025-07-20,DKI5,53.0,86.0,26.0,8.0,37.0,26.0,86.0,PM25,SEDANG,ispu_2024-2025.xls,,
2025-07-21,DKI5,48.0,78.0,28.0,7.0,37.0,28.0,78.0,PM25,SEDANG,ispu_2024-2025.xls,,
2025-07-22,DKI5,54.0,88.0,29.0,9.0,30.0,37.0,88.0,PM25,SEDANG,ispu_2024-2025.xls,,
2025-07-23,DKI5,60.0,102.0,29.0,10.0,31.0,42.0,102.0,PM25,TIDAK SEHAT,ispu_2024-2025.xls,,
2025-07-24,DKI5,65.0,112.0,29.0,12.0,30.0,44.0,112.0,PM25,TIDAK SEHAT,ispu_2024-2025.xls,,
2025-07-25,DKI5,55.0,97.0,29.0,9.0,32.0,33.0,97.0,PM25,SEDANG,ispu_2024-2025.xls,,
2025-07-26,DKI5,59.0,100.0,29.0,8.0,32.0,32.0,100.0,PM25,SEDANG,ispu_2024-2025.xls,,
2025-07-27,DKI5,60.0,109.0,31.0,9.0,38.0,30.0,109.0,PM25,TIDAK SEHAT,ispu_2024-2025.xls,,
2025-07-28,DKI5,54.0,83.0,24.0,10.0,35.0,30.0,83.0,PM25,SEDANG,ispu_2024-2025.xls,,
2025-07-29,DKI5,59.0,87.0,25.0,15.0,26.0,48.0,87.0,PM25,SEDANG,ispu_2024-2025.xls,,
2025-07-30,DKI5,46.0,73.0,25.0,9.0,27.0,33.0,73.0,PM25,SEDANG,ispu_2024-2025.xls,,
2025-07-31,DKI5,47.0,71.0,25.0,8.0,22.0,31.0,71.0,PM25,SEDANG,ispu_2024-2025.xls,,
2025-08-01,DKI5,50.0,78.0,29.0,6.0,23.0,27.0,78.0,PM25,SEDANG,ispu_2024-2025.xls,,
2025-08-02,DKI5,56.0,100.0,31.0,9.0,21.0,36.0,100.0,PM25,SEDANG,ispu_2024-2025.xls,,
2025-08-03,DKI5,53.0,89.0,28.0,8.0,31.0,32.0,89.0,PM25,SEDANG,ispu_2024-2025.xls,,
2025-08-04,DKI5,42.0,71.0,24.0,9.0,31.0,33.0,71.0,PM25,SEDANG,ispu_2024-2025.xls,,
2025-08-05,DKI5,55.0,94.0,24.0,17.0,23.0,52.0,94.0,PM25,SEDANG,ispu_2024-2025.xls,,
2025-08-06,DKI5,53.0,85.0,28.0,11.0,26.0,49.0,85.0,PM25,SEDANG,ispu_2024-2025.xls,,
2025-08-07,DKI5,52.0,82.0,29.0,9.0,30.0,42.0,82.0,PM25,SEDANG,ispu_2024-2025.xls,,
2025-08-08,DKI5,50.0,,24.0,9.0,37.0,34.0,50.0,PM10,BAIK,ispu_2024-2025.xls,,
2025-08-09,DKI5,54.0,92.0,28.0,11.0,31.0,42.0,92.0,PM25,SEDANG,ispu_2024-2025.xls,,
2025-08-10,DKI5,43.0,78.0,25.0,10.0,29.0,36.0,78.0,PM25,SEDANG,ispu_2024-2025.xls,,
2025-08-11,DKI5,54.0,89.0,23.0,11.0,36.0,35.0,89.0,PM25,SEDANG,ispu_2024-2025.xls,,
2025-08-12,DKI5,55.0,95.0,24.0,17.0,34.0,53.0,95.0,PM25,SEDANG,ispu_2024-2025.xls,,
2025-08-13,DKI5,,87.0,26.0,22.0,21.0,59.0,87.0,PM25,SEDANG,ispu_2024-2025.xls,,
2025-08-14,DKI5,49.0,79.0,25.0,10.0,23.0,42.0,79.0,PM25,SEDANG,ispu_2024-2025.xls,,
2025-08-15,DKI5,56.0,98.0,26.0,15.0,28.0,50.0,98.0,PM25,SEDANG,ispu_2024-2025.xls,,
2025-08-16,DKI5,59.0,102.0,27.0,12.0,22.0,48.0,102.0,PM25,TIDAK SEHAT,ispu_2024-2025.xls,,
2025-08-17,DKI5,52.0,86.0,30.0,7.0,35.0,29.0,86.0,PM25,SEDANG,ispu_2024-2025.xls,,
2025-08-18,DKI5,44.0,70.0,31.0,6.0,29.0,24.0,70.0,PM25,SEDANG,ispu_2024-2025.xls,,
2025-08-19,DKI5,46.0,70.0,24.0,11.0,19.0,46.0,70.0,PM25,SEDANG,ispu_2024-2025.xls,,
2025-08-20,DKI5,56.0,,32.0,11.0,26.0,56.0,56.0,PM10,SEDANG,ispu_2024-2025.xls,,
2025-08-21,DKI5,45.0,73.0,25.0,19.0,15.0,51.0,73.0,PM25,SEDANG,ispu_2024-2025.xls,,
2025-08-22,DKI5,47.0,78.0,30.0,7.0,33.0,32.0,78.0,PM25,SEDANG,ispu_2024-2025.xls,,
2025-08-23,DKI5,56.0,106.0,29.0,12.0,33.0,43.0,106.0,PM25,TIDAK SEHAT,ispu_2024-2025.xls,,
2025-08-24,DKI5,43.0,79.0,27.0,10.0,28.0,33.0,79.0,PM25,SEDANG,ispu_2024-2025.xls,,
2025-08-25,DKI5,67.0,,25.0,17.0,73.0,55.0,73.0,O3,SEDANG,ispu_2024-2025.xls,,
2025-08-26,DKI5,60.0,103.0,23.0,17.0,92.0,51.0,103.0,PM25,TIDAK SEHAT,ispu_2024-2025.xls,,
2025-08-27,DKI5,57.0,110.0,25.0,11.0,84.0,46.0,110.0,PM25,TIDAK SEHAT,ispu_2024-2025.xls,,
2025-08-28,DKI5,32.0,68.0,25.0,7.0,31.0,28.0,68.0,PM25,SEDANG,ispu_2024-2025.xls,,
2025-08-29,DKI5,27.0,60.0,24.0,6.0,37.0,27.0,60.0,PM25,SEDANG,ispu_2024-2025.xls,,
2025-08-30,DKI5,38.0,72.0,26.0,9.0,30.0,40.0,72.0,PM25,SEDANG,ispu_2024-2025.xls,,
2025-08-31,DKI5,37.0,65.0,25.0,9.0,21.0,34.0,65.0,PM25,SEDANG,ispu_2024-2025.xls,,
2025-09-01,DKI5,51.0,84.0,30.0,9.0,24.0,35.0,84.0,PM25,SEDANG,ispu_2024-2025.xls,,
2025-09-02,DKI5,46.0,85.0,31.0,7.0,25.0,30.0,85.0,PM25,SEDANG,ispu_2024-2025.xls,,
2025-09-03,DKI5,50.0,79.0,32.0,8.0,19.0,35.0,79.0,PM25,SEDANG,ispu_2024-2025.xls,,
2025-09-04,DKI5,42.0,69.0,30.0,6.0,23.0,26.0,69.0,PM25,SEDANG,ispu_2024-2025.xls,,
2025-09-05,DKI5,56.0,84.0,28.0,9.0,24.0,36.0,84.0,PM25,SEDANG,ispu_2024-2025.xls,,
2025-09-06,DKI5,51.0,82.0,27.0,8.0,33.0,26.0,82.0,PM25,SEDANG,ispu_2024-2025.xls,,
2025-09-07,DKI5,46.0,79.0,24.0,8.0,30.0,26.0,79.0,PM25,SEDANG,ispu_2024-2025.xls,,
2025-09-08,DKI5,55.0,102.0,27.0,16.0,25.0,50.0,102.0,PM25,TIDAK SEHAT,ispu_2024-2025.xls,,
2025-09-09,DKI5,60.0,87.0,25.0,10.0,23.0,38.0,87.0,PM25,SEDANG,ispu_2024-2025.xls,,
2025-09-10,DKI5,60.0,,26.0,18.0,25.0,55.0,60.0,PM10,SEDANG,ispu_2024-2025.xls,,
2025-09-11,DKI5,50.0,75.0,25.0,10.0,23.0,37.0,75.0,PM25,SEDANG,ispu_2024-2025.xls,,
2025-09-12,DKI5,25.0,67.0,25.0,7.0,21.0,28.0,67.0,PM25,SEDANG,ispu_2024-2025.xls,,
2025-09-13,DKI5,45.0,74.0,25.0,13.0,20.0,38.0,74.0,PM25,SEDANG,ispu_2024-2025.xls,,
2025-09-14,DKI5,52.0,93.0,30.0,9.0,29.0,32.0,93.0,PM25,SEDANG,ispu_2024-2025.xls,,
2025-09-15,DKI5,49.0,74.0,26.0,7.0,44.0,23.0,74.0,PM25,SEDANG,ispu_2024-2025.xls,,
2025-09-16,DKI5,67.0,105.0,27.0,13.0,33.0,42.0,105.0,PM25,TIDAK SEHAT,ispu_2024-2025.xls,,
2025-09-17,DKI5,65.0,114.0,27.0,19.0,29.0,60.0,114.0,PM25,TIDAK SEHAT,ispu_2024-2025.xls,,
2025-09-18,DKI5,53.0,85.0,27.0,15.0,19.0,56.0,85.0,PM25,SEDANG,ispu_2024-2025.xls,,
2025-09-19,DKI5,79.0,132.0,32.0,19.0,27.0,59.0,132.0,PM25,TIDAK SEHAT,ispu_2024-2025.xls,,
2025-09-20,DKI5,68.0,97.0,31.0,15.0,22.0,53.0,97.0,PM25,SEDANG,ispu_2024-2025.xls,,
2025-09-21,DKI5,54.0,72.0,35.0,9.0,19.0,37.0,72.0,PM25,SEDANG,ispu_2024-2025.xls,,
2025-09-22,DKI5,58.0,91.0,28.0,12.0,27.0,44.0,91.0,PM25,SEDANG,ispu_2024-2025.xls,,
2025-09-23,DKI5,49.0,,26.0,11.0,41.0,45.0,49.0,PM10,BAIK,ispu_2024-2025.xls,,
2025-09-24,DKI5,62.0,115.0,28.0,12.0,40.0,42.0,115.0,PM25,TIDAK SEHAT,ispu_2024-2025.xls,,
2025-09-25,DKI5,69.0,119.0,32.0,13.0,34.0,49.0,119.0,PM25,TIDAK SEHAT,ispu_2024-2025.xls,,
2025-09-26,DKI5,52.0,89.0,28.0,9.0,45.0,35.0,89.0,PM25,SEDANG,ispu_2024-2025.xls,,
2025-09-27,DKI5,52.0,85.0,27.0,9.0,36.0,37.0,85.0,PM25,SEDANG,ispu_2024-2025.xls,,
2025-09-28,DKI5,38.0,72.0,31.0,5.0,29.0,25.0,72.0,PM25,SEDANG,ispu_2024-2025.xls,,
2025-09-29,DKI5,60.0,96.0,29.0,10.0,28.0,30.0,96.0,PM25,SEDANG,ispu_2024-2025.xls,,
2025-09-30,DKI5,47.0,74.0,25.0,19.0,15.0,53.0,74.0,PM25,SEDANG,ispu_2024-2025.xls,,
2025-10-01,DKI5,41.0,78.0,26.0,13.0,27.0,43.0,78.0,PM25,SEDANG,ispu_2024-2025.xls,,
2025-10-02,DKI5,40.0,71.0,34.0,9.0,20.0,42.0,71.0,PM25,SEDANG,ispu_2024-2025.xls,,
2025-10-03,DKI5,35.0,78.0,29.0,12.0,35.0,42.0,78.0,PM25,SEDANG,ispu_2024-2025.xls,,
2025-10-04,DKI5,57.0,91.0,30.0,9.0,47.0,36.0,91.0,PM25,SEDANG,ispu_2024-2025.xls,,
2025-10-05,DKI5,64.0,99.0,28.0,12.0,32.0,40.0,99.0,PM25,SEDANG,ispu_2024-2025.xls,,
2025-10-06,DKI5,58.0,110.0,27.0,13.0,36.0,42.0,110.0,PM25,TIDAK SEHAT,ispu_2024-2025.xls,,
2025-10-07,DKI5,53.0,84.0,34.0,7.0,31.0,33.0,84.0,PM25,SEDANG,ispu_2024-2025.xls,,
2025-10-08,DKI5,51.0,81.0,31.0,10.0,37.0,39.0,81.0,PM25,SEDANG,ispu_2024-2025.xls,,
2025-10-09,DKI5,57.0,96.0,29.0,11.0,40.0,45.0,96.0,PM25,SEDANG,ispu_2024-2025.xls,,
2025-10-10,DKI5,52.0,82.0,28.0,8.0,40.0,37.0,82.0,PM25,SEDANG,ispu_2024-2025.xls,,
2025-10-11,DKI5,55.0,93.0,28.0,10.0,36.0,46.0,93.0,PM25,SEDANG,ispu_2024-2025.xls,,
2025-10-12,DKI5,51.0,88.0,27.0,9.0,34.0,34.0,88.0,PM25,SEDANG,ispu_2024-2025.xls,,
2025-10-13,DKI5,53.0,89.0,31.0,8.0,34.0,34.0,89.0,PM25,SEDANG,ispu_2024-2025.xls,,
2025-10-14,DKI5,53.0,89.0,30.0,12.0,27.0,46.0,89.0,PM25,SEDANG,ispu_2024-2025.xls,,
2025-10-15,DKI5,47.0,70.0,32.0,5.0,37.0,29.0,70.0,PM25,SEDANG,ispu_2024-2025.xls,,
2025-10-16,DKI5,51.0,82.0,29.0,8.0,42.0,39.0,82.0,PM25,SEDANG,ispu_2024-2025.xls,,
2025-10-17,DKI5,58.0,102.0,28.0,12.0,41.0,42.0,102.0,PM25,TIDAK SEHAT,ispu_2024-2025.xls,,
2025-10-18,DKI5,47.0,74.0,27.0,11.0,41.0,48.0,74.0,PM25,SEDANG,ispu_2024-2025.xls,,
2025-10-19,DKI5,57.0,92.0,26.0,13.0,37.0,47.0,92.0,PM25,SEDANG,ispu_2024-2025.xls,,
2025-10-20,DKI5,66.0,114.0,31.0,12.0,54.0,40.0,114.0,PM25,TIDAK SEHAT,ispu_2024-2025.xls,,
2025-10-21,DKI5,61.0,112.0,28.0,12.0,42.0,41.0,112.0,PM25,TIDAK SEHAT,ispu_2024-2025.xls,,
2025-10-22,DKI5,37.0,63.0,30.0,6.0,31.0,29.0,63.0,PM25,SEDANG,ispu_2024-2025.xls,,
2025-10-23,DKI5,30.0,52.0,25.0,8.0,25.0,38.0,52.0,PM25,SEDANG,ispu_2024-2025.xls,,
2025-10-24,DKI5,30.0,56.0,25.0,7.0,19.0,28.0,56.0,PM25,SEDANG,ispu_2024-2025.xls,,
2025-10-25,DKI5,15.0,37.0,26.0,4.0,16.0,20.0,37.0,PM25,BAIK,ispu_2024-2025.xls,,
2025-10-26,DKI5,28.0,58.0,26.0,6.0,24.0,21.0,58.0,PM25,SEDANG,ispu_2024-2025.xls,,
2025-10-27,DKI5,35.0,56.0,26.0,7.0,36.0,26.0,56.0,PM25,SEDANG,ispu_2024-2025.xls,,
2025-10-28,DKI5,53.0,89.0,28.0,14.0,28.0,49.0,89.0,PM25,SEDANG,ispu_2024-2025.xls,,
2025-10-29,DKI5,57.0,79.0,30.0,9.0,32.0,41.0,79.0,PM25,SEDANG,ispu_2024-2025.xls,,
2025-10-30,DKI5,47.0,64.0,30.0,9.0,31.0,36.0,64.0,PM25,SEDANG,ispu_2024-2025.xls,,
2025-10-31,DKI5,53.0,82.0,28.0,18.0,33.0,46.0,82.0,PM25,SEDANG,ispu_2024-2025.xls,,
2025-11-01,DKI5,43.0,74.0,26.0,13.0,37.0,42.0,74.0,PM25,SEDANG,ispu_2024-2025.xls,,
2025-11-02,DKI5,43.0,73.0,28.0,11.0,36.0,39.0,73.0,PM25,SEDANG,ispu_2024-2025.xls,,
2025-11-03,DKI5,51.0,77.0,27.0,10.0,28.0,36.0,77.0,PM25,SEDANG,ispu_2024-2025.xls,,
2025-11-04,DKI5,54.0,98.0,28.0,22.0,19.0,60.0,98.0,PM25,SEDANG,ispu_2024-2025.xls,,
2025-11-05,DKI5,30.0,56.0,25.0,4.0,19.0,17.0,56.0,PM25,SEDANG,ispu_2024-2025.xls,,
2025-11-06,DKI5,26.0,42.0,25.0,2.0,21.0,13.0,42.0,PM25,BAIK,ispu_2024-2025.xls,,
2025-11-07,DKI5,22.0,55.0,27.0,3.0,22.0,19.0,55.0,PM25,SEDANG,ispu_2024-2025.xls,,
2025-11-08,DKI5,21.0,47.0,27.0,3.0,25.0,18.0,47.0,PM25,BAIK,ispu_2024-2025.xls,,
2025-11-09,DKI5,19.0,36.0,27.0,3.0,21.0,16.0,36.0,PM25,BAIK,ispu_2024-2025.xls,,
2025-11-10,DKI5,11.0,42.0,27.0,2.0,26.0,12.0,42.0,PM25,BAIK,ispu_2024-2025.xls,,
2025-11-11,DKI5,23.0,45.0,27.0,2.0,28.0,11.0,45.0,PM25,BAIK,ispu_2024-2025.xls,,
2025-11-12,DKI5,20.0,50.0,28.0,4.0,19.0,19.0,50.0,PM25,BAIK,ispu_2024-2025.xls,,
2025-11-13,DKI5,19.0,45.0,26.0,4.0,18.0,12.0,45.0,PM25,BAIK,ispu_2024-2025.xls,,
2025-11-14,DKI5,17.0,29.0,27.0,4.0,19.0,15.0,29.0,PM25,BAIK,ispu_2024-2025.xls,,
2025-11-15,DKI5,30.0,58.0,29.0,6.0,20.0,23.0,58.0,PM25,SEDANG,ispu_2024-2025.xls,,
2025-11-16,DKI5,32.0,52.0,28.0,6.0,25.0,21.0,52.0,PM25,SEDANG,ispu_2024-2025.xls,,
2025-11-17,DKI5,20.0,51.0,29.0,4.0,20.0,13.0,51.0,PM25,SEDANG,ispu_2024-2025.xls,,
2025-11-18,DKI5,31.0,55.0,26.0,6.0,17.0,23.0,55.0,PM25,SEDANG,ispu_2024-2025.xls,,
2025-11-19,DKI5,63.0,74.0,27.0,30.0,23.0,57.0,74.0,PM25,SEDANG,ispu_2024-2025.xls,,
2025-11-20,DKI5,31.0,59.0,29.0,6.0,23.0,26.0,59.0,PM25,SEDANG,ispu_2024-2025.xls,,
2025-11-21,DKI5,19.0,36.0,28.0,5.0,21.0,20.0,36.0,PM25,BAIK,ispu_2024-2025.xls,,
2025-11-22,DKI5,37.0,66.0,35.0,7.0,23.0,25.0,66.0,PM25,SEDANG,ispu_2024-2025.xls,,
2025-11-23,DKI5,44.0,68.0,28.0,7.0,23.0,20.0,68.0,PM25,SEDANG,ispu_2024-2025.xls,,
2025-11-24,DKI5,27.0,60.0,26.0,6.0,17.0,19.0,60.0,PM25,SEDANG,ispu_2024-2025.xls,,
2025-11-25,DKI5,31.0,60.0,27.0,5.0,18.0,18.0,60.0,PM25,SEDANG,ispu_2024-2025.xls,,
2025-11-26,DKI5,23.0,58.0,28.0,5.0,19.0,18.0,58.0,PM25,SEDANG,ispu_2024-2025.xls,,
2025-11-27,DKI5,31.0,64.0,31.0,6.0,29.0,21.0,64.0,PM25,SEDANG,ispu_2024-2025.xls,,
2025-11-28,DKI5,48.0,72.0,37.0,9.0,37.0,37.0,72.0,PM25,SEDANG,ispu_2024-2025.xls,,
2025-11-29,DKI5,38.0,66.0,33.0,6.0,30.0,24.0,66.0,PM25,SEDANG,ispu_2024-2025.xls,,
2025-11-30,DKI5,51.0,84.0,31.0,9.0,34.0,31.0,84.0,PM25,SEDANG,ispu_2024-2025.xls,,
2020-03-01,,22.0,,,35.0,213.0,11.0,213.0,O3,SANGAT TIDAK SEHAT,ispu_2020.xls,station_unrecoverable_mar2020,
2020-03-01,,42.0,,8.0,16.0,33.0,5.0,42.0,PM10,BAIK,ispu_2020.xls,station_unrecoverable_mar2020,
2020-03-01,,45.0,,5.0,13.0,28.0,8.0,45.0,PM10,BAIK,ispu_2020.xls,station_unrecoverable_mar2020,
2020-03-01,,43.0,,16.0,23.0,54.0,8.0,54.0,O3,SEDANG,ispu_2020.xls,station_unrecoverable_mar2020,
2020-03-01,,55.0,,21.0,11.0,81.0,6.0,81.0,O3,SEDANG,ispu_2020.xls,station_unrecoverable_mar2020,
2020-03-02,,22.0,,,,201.0,15.0,201.0,O3,SANGAT TIDAK SEHAT,ispu_2020.xls,station_unrecoverable_mar2020,
2020-03-02,,34.0,,5.0,15.0,32.0,10.0,34.0,PM10,BAIK,ispu_2020.xls,station_unrecoverable_mar2020,
2020-03-02,,34.0,,7.0,15.0,40.0,8.0,40.0,O3,BAIK,ispu_2020.xls,station_unrecoverable_mar2020,
2020-03-02,,34.0,,16.0,30.0,55.0,14.0,55.0,O3,SEDANG,ispu_2020.xls,station_unrecoverable_mar2020,
2020-03-02,,40.0,,22.0,21.0,105.0,6.0,105.0,O3,TIDAK SEHAT,ispu_2020.xls,station_unrecoverable_mar2020,
2020-03-03,,54.0,,,39.0,152.0,13.0,152.0,O3,TIDAK SEHAT,ispu_2020.xls,station_unrecoverable_mar2020,
2020-03-03,,59.0,,5.0,23.0,29.0,14.0,59.0,PM10,SEDANG,ispu_2020.xls,station_unrecoverable_mar2020,
2020-03-03,,55.0,,8.0,25.0,33.0,8.0,55.0,PM10,SEDANG,ispu_2020.xls,station_unrecoverable_mar2020,
2020-03-03,,66.0,,16.0,51.0,70.0,13.0,70.0,O3,SEDANG,ispu_2020.xls,station_unrecoverable_mar2020,
2020-03-03,,76.0,,22.0,25.0,108.0,8.0,108.0,O3,TIDAK SEHAT,ispu_2020.xls,station_unrecoverable_mar2020,
2020-03-04,,59.0,,,32.0,206.0,5.0,206.0,O3,SANGAT TIDAK SEHAT,ispu_2020.xls,station_unrecoverable_mar2020,
2020-03-04,,56.0,,7.0,19.0,55.0,16.0,56.0,PM10,SEDANG,ispu_2020.xls,station_unrecoverable_mar2020,
2020-03-04,,58.0,,8.0,18.0,60.0,4.0,60.0,O3,SEDANG,ispu_2020.xls,station_unrecoverable_mar2020,
2020-03-04,,71.0,,16.0,47.0,54.0,12.0,71.0,PM10,SEDANG,ispu_2020.xls,station_unrecoverable_mar2020,
2020-03-04,,70.0,,21.0,18.0,172.0,5.0,172.0,O3,TIDAK SEHAT,ispu_2020.xls,station_unrecoverable_mar2020,
2020-03-05,,24.0,,17.0,52.0,95.0,3.0,95.0,O3,SEDANG,ispu_2020.xls,station_unrecoverable_mar2020,
2020-03-05,,35.0,,6.0,16.0,30.0,13.0,35.0,PM10,BAIK,ispu_2020.xls,station_unrecoverable_mar2020,
2020-03-05,,33.0,,8.0,12.0,46.0,3.0,46.0,O3,BAIK,ispu_2020.xls,station_unrecoverable_mar2020,
2020-03-05,,35.0,,16.0,19.0,38.0,4.0,38.0,O3,BAIK,ispu_2020.xls,station_unrecoverable_mar2020,
2020-03-05,,35.0,,22.0,8.0,66.0,3.0,66.0,O3,SEDANG,ispu_2020.xls,station_unrecoverable_mar2020,
2020-03-06,,34.0,,27.0,40.0,54.0,7.0,54.0,O3,SEDANG,ispu_2020.xls,station_unrecoverable_mar2020,
2020-03-06,,36.0,,10.0,19.0,33.0,16.0,36.0,PM10,BAIK,ispu_2020.xls,station_unrecoverable_mar2020,
2020-03-06,,54.0,,8.0,13.0,39.0,7.0,54.0,PM10,SEDANG,ispu_2020.xls,station_unrecoverable_mar2020,
2020-03-06,,38.0,,17.0,23.0,67.0,8.0,67.0,O3,SEDANG,ispu_2020.xls,station_unrecoverable_mar2020,
2020-03-06,,44.0,,24.0,10.0,100.0,14.0,100.0,O3,SEDANG,ispu_2020.xls,station_unrecoverable_mar2020,
2020-03-07,,30.0,,24.0,40.0,58.0,5.0,58.0,O3,SEDANG,ispu_2020.xls,station_unrecoverable_mar2020,
2020-03-07,,37.0,,7.0,17.0,28.0,17.0,37.0,PM10,BAIK,ispu_2020.xls,station_unrecoverable_mar2020,
2020-03-07,,37.0,,8.0,9.0,43.0,5.0,43.0,O3,BAIK,ispu_2020.xls,station_unrecoverable_mar2020,
2020-03-07,,43.0,,17.0,16.0,64.0,,64.0,O3,SEDANG,ispu_2020.xls,station_unrecoverable_mar2020,
2020-03-07,,50.0,,23.0,,74.0,12.0,74.0,O3,SEDANG,ispu_2020.xls,station_unrecoverable_mar2020,
2020-03-08,,52.0,,22.0,38.0,59.0,7.0,59.0,O3,SEDANG,ispu_2020.xls,station_unrecoverable_mar2020,
2020-03-08,,45.0,,7.0,16.0,39.0,11.0,45.0,PM10,BAIK,ispu_2020.xls,station_unrecoverable_mar2020,
2020-03-08,,49.0,,9.0,15.0,50.0,5.0,50.0,O3,BAIK,ispu_2020.xls,station_unrecoverable_mar2020,
2020-03-08,,47.0,,16.0,24.0,63.0,4.0,63.0,O3,SEDANG,ispu_2020.xls,station_unrecoverable_mar2020,
2020-03-08,,53.0,,23.0,18.0,86.0,16.0,86.0,O3,SEDANG,ispu_2020.xls,station_unrecoverable_mar2020,
2020-03-09,,32.0,,21.0,39.0,43.0,4.0,43.0,O3,BAIK,ispu_2020.xls,station_unrecoverable_mar2020,
2020-03-09,,39.0,,6.0,12.0,19.0,11.0,39.0,PM10,BAIK,ispu_2020.xls,station_unrecoverable_mar2020,
2020-03-09,,40.0,,8.0,9.0,42.0,3.0,42.0,O3,BAIK,ispu_2020.xls,station_unrecoverable_mar2020,
2020-03-09,,45.0,,16.0,20.0,35.0,,45.0,PM10,BAIK,ispu_2020.xls,station_unrecoverable_mar2020,
2020-03-09,,50.0,,23.0,,72.0,11.0,72.0,O3,SEDANG,ispu_2020.xls,station_unrecoverable_mar2020,
2020-03-10,,25.0,,20.0,36.0,41.0,4.0,41.0,O3,BAIK,ispu_2020.xls,station_unrecoverable_mar2020,
2020-03-10,,30.0,,5.0,12.0,33.0,11.0,33.0,O3,BAIK,ispu_2020.xls,station_unrecoverable_mar2020,
2020-03-10,,36.0,,8.0,9.0,40.0,8.0,40.0,O3,BAIK,ispu_2020.xls,station_unrecoverable_mar2020,
2020-03-10,,50.0,,16.0,15.0,35.0,4.0,50.0,PM10,BAIK,ispu_2020.xls,station_unrecoverable_mar2020,
2020-03-10,,43.0,,22.0,6.0,55.0,7.0,55.0,O3,SEDANG,ispu_2020.xls,station_unrecoverable_mar2020,
2020-03-11,,34.0,,20.0,46.0,63.0,4.0,63.0,O3,SEDANG,ispu_2020.xls,station_unrecoverable_mar2020,
2020-03-11,,40.0,,5.0,15.0,38.0,13.0,40.0,PM10,BAIK,ispu_2020.xls,station_unrecoverable_mar2020,
2020-03-11,,39.0,,8.0,7.0,40.0,5.0,40.0,O3,BAIK,ispu_2020.xls,station_unrecoverable_mar2020,
2020-03-11,,,,,,,,0.0,,TIDAK ADA DATA,ispu_2020.xls,station_unrecoverable_mar2020,
2020-03-11,,43.0,,23.0,,108.0,15.0,108.0,O3,TIDAK SEHAT,ispu_2020.xls,station_unrecoverable_mar2020,
2020-03-12,,44.0,,19.0,58.0,72.0,10.0,72.0,O3,SEDANG,ispu_2020.xls,station_unrecoverable_mar2020,
2020-03-12,,48.0,,5.0,19.0,39.0,20.0,48.0,PM10,BAIK,ispu_2020.xls,station_unrecoverable_mar2020,
2020-03-12,,43.0,,9.0,11.0,46.0,8.0,46.0,O3,BAIK,ispu_2020.xls,station_unrecoverable_mar2020,
2020-03-12,,51.0,,17.0,24.0,68.0,5.0,68.0,O3,SEDANG,ispu_2020.xls,station_unrecoverable_mar2020,
2020-03-12,,,,,,,,0.0,,TIDAK ADA DATA,ispu_2020.xls,station_unrecoverable_mar2020,
2020-03-13,,32.0,,19.0,51.0,69.0,6.0,69.0,O3,SEDANG,ispu_2020.xls,station_unrecoverable_mar2020,
2020-03-13,,34.0,,4.0,17.0,36.0,12.0,36.0,O3,BAIK,ispu_2020.xls,station_unrecoverable_mar2020,
2020-03-13,,40.0,,8.0,11.0,49.0,12.0,49.0,O3,BAIK,ispu_2020.xls,station_unrecoverable_mar2020,
2020-03-13,,43.0,,16.0,19.0,75.0,4.0,75.0,O3,SEDANG,ispu_2020.xls,station_unrecoverable_mar2020,
2020-03-13,,53.0,,22.0,,110.0,73.0,110.0,O3,TIDAK SEHAT,ispu_2020.xls,station_unrecoverable_mar2020,
2020-03-14,,66.0,,22.0,59.0,179.0,8.0,179.0,O3,TIDAK SEHAT,ispu_2020.xls,station_unrecoverable_mar2020,
2020-03-14,,64.0,,6.0,19.0,87.0,17.0,87.0,O3,SEDANG,ispu_2020.xls,station_unrecoverable_mar2020,
2020-03-14,,65.0,,10.0,14.0,92.0,11.0,92.0,O3,SEDANG,ispu_2020.xls,station_unrecoverable_mar2020,
2020-03-14,,65.0,,17.0,45.0,137.0,5.0,137.0,O3,TIDAK SEHAT,ispu_2020.xls,station_unrecoverable_mar2020,
2020-03-14,,89.0,,25.0,28.0,197.0,13.0,197.0,O3,TIDAK SEHAT,ispu_2020.xls,station_unrecoverable_mar2020,
2020-03-15,,53.0,,18.0,63.0,92.0,8.0,92.0,O3,SEDANG,ispu_2020.xls,station_unrecoverable_mar2020,
2020-03-15,,50.0,,3.0,17.0,42.0,13.0,50.0,PM10,BAIK,ispu_2020.xls,station_unrecoverable_mar2020,
2020-03-15,,56.0,,17.0,16.0,62.0,6.0,62.0,O3,SEDANG,ispu_2020.xls,station_unrecoverable_mar2020,
2020-03-15,,51.0,,16.0,35.0,93.0,5.0,93.0,O3,SEDANG,ispu_2020.xls,station_unrecoverable_mar2020,
2020-03-15,,69.0,,22.0,21.0,131.0,10.0,131.0,O3,TIDAK SEHAT,ispu_2020.xls,station_unrecoverable_mar2020,
2020-03-16,,48.0,,19.0,62.0,70.0,9.0,70.0,O3,SEDANG,ispu_2020.xls,station_unrecoverable_mar2020,
2020-03-16,,50.0,,4.0,20.0,36.0,19.0,50.0,PM10,BAIK,ispu_2020.xls,station_unrecoverable_mar2020,
2020-03-16,,51.0,,11.0,17.0,61.0,6.0,61.0,O3,SEDANG,ispu_2020.xls,station_unrecoverable_mar2020,
2020-03-16,,50.0,,16.0,31.0,109.0,5.0,109.0,O3,TIDAK SEHAT,ispu_2020.xls,station_unrecoverable_mar2020,
2020-03-16,,59.0,,23.0,18.0,133.0,10.0,133.0,O3,TIDAK SEHAT,ispu_2020.xls,station_unrecoverable_mar2020,
2020-03-17,,40.0,,18.0,38.0,101.0,9.0,101.0,O3,TIDAK SEHAT,ispu_2020.xls,station_unrecoverable_mar2020,
2020-03-17,,41.0,,4.0,21.0,57.0,15.0,57.0,O3,SEDANG,ispu_2020.xls,station_unrecoverable_mar2020,
2020-03-17,,54.0,,13.0,19.0,63.0,7.0,63.0,O3,SEDANG,ispu_2020.xls,station_unrecoverable_mar2020,
2020-03-17,,43.0,,16.0,27.0,105.0,5.0,105.0,O3,TIDAK SEHAT,ispu_2020.xls,station_unrecoverable_mar2020,
2020-03-17,,101.0,,23.0,16.0,129.0,10.0,129.0,O3,TIDAK SEHAT,ispu_2020.xls,station_unrecoverable_mar2020,
2020-03-18,,45.0,,18.0,35.0,90.0,6.0,90.0,O3,SEDANG,ispu_2020.xls,station_unrecoverable_mar2020,
2020-03-18,,44.0,,3.0,15.0,54.0,12.0,54.0,O3,SEDANG,ispu_2020.xls,station_unrecoverable_mar2020,
2020-03-18,,53.0,,9.0,11.0,53.0,4.0,53.0,PM10,SEDANG,ispu_2020.xls,station_unrecoverable_mar2020,
2020-03-18,,51.0,,16.0,24.0,74.0,7.0,74.0,O3,SEDANG,ispu_2020.xls,station_unrecoverable_mar2020,
2020-03-18,,57.0,,23.0,13.0,108.0,10.0,108.0,O3,TIDAK SEHAT,ispu_2020.xls,station_unrecoverable_mar2020,
2020-03-19,,73.0,,22.0,27.0,37.0,9.0,73.0,PM10,SEDANG,ispu_2020.xls,station_unrecoverable_mar2020,
2020-03-19,,69.0,,,33.0,99.0,7.0,99.0,O3,SEDANG,ispu_2020.xls,station_unrecoverable_mar2020,
2020-03-19,,62.0,,7.0,26.0,37.0,14.0,62.0,PM10,SEDANG,ispu_2020.xls,station_unrecoverable_mar2020,
2020-03-19,,62.0,,9.0,26.0,63.0,8.0,63.0,O3,SEDANG,ispu_2020.xls,station_unrecoverable_mar2020,
2020-03-19,,62.0,,,36.0,43.0,7.0,62.0,PM10,SEDANG,ispu_2020.xls,station_unrecoverable_mar2020,
2020-03-20,,54.0,,20.0,,66.0,7.0,66.0,O3,SEDANG,ispu_2020.xls,station_unrecoverable_mar2020,
2020-03-20,,51.0,,,11.0,83.0,8.0,83.0,O3,SEDANG,ispu_2020.xls,station_unrecoverable_mar2020,
2020-03-20,,48.0,,4.0,12.0,51.0,14.0,51.0,O3,SEDANG,ispu_2020.xls,station_unrecoverable_mar2020,
2020-03-20,,45.0,,10.0,15.0,109.0,7.0,109.0,O3,TIDAK SEHAT,ispu_2020.xls,station_unrecoverable_mar2020,
2020-03-20,,38.0,,15.0,19.0,47.0,12.0,47.0,O3,BAIK,ispu_2020.xls,station_unrecoverable_mar2020,
2020-03-21,,56.0,,6.0,23.0,40.0,7.0,56.0,PM10,SEDANG,ispu_2020.xls,station_unrecoverable_mar2020,
2020-03-21,,42.0,,,15.0,84.0,6.0,84.0,O3,SEDANG,ispu_2020.xls,station_unrecoverable_mar2020,
2020-03-21,,43.0,,6.0,15.0,37.0,17.0,43.0,PM10,BAIK,ispu_2020.xls,station_unrecoverable_mar2020,
2020-03-21,,54.0,,9.0,20.0,60.0,9.0,60.0,O3,SEDANG,ispu_2020.xls,station_unrecoverable_mar2020,
2020-03-21,,32.0,,17.0,18.0,55.0,5.0,55.0,O3,SEDANG,ispu_2020.xls,station_unrecoverable_mar2020,
2020-03-22,,45.0,,5.0,,50.0,1.0,50.0,O3,BAIK,ispu_2020.xls,station_unrecoverable_mar2020,
2020-03-22,,27.0,,,5.0,71.0,7.0,71.0,O3,SEDANG,ispu_2020.xls,station_unrecoverable_mar2020,
2020-03-22,,34.0,,4.0,7.0,42.0,9.0,42.0,O3,BAIK,ispu_2020.xls,station_unrecoverable_mar2020,
2020-03-22,,27.0,,9.0,6.0,46.0,2.0,46.0,O3,BAIK,ispu_2020.xls,station_unrecoverable_mar2020,
2020-03-22,,39.0,,17.0,23.0,50.0,6.0,50.0,O3,BAIK,ispu_2020.xls,station_unrecoverable_mar2020,
2020-03-23,,54.0,,7.0,,100.0,1.0,100.0,O3,SEDANG,ispu_2020.xls,station_unrecoverable_mar2020,
2020-03-23,,52.0,,,14.0,105.0,7.0,105.0,O3,TIDAK SEHAT,ispu_2020.xls,station_unrecoverable_mar2020,
2020-03-23,,40.0,,4.0,12.0,66.0,13.0,66.0,O3,SEDANG,ispu_2020.xls,station_unrecoverable_mar2020,
2020-03-23,,44.0,,11.0,14.0,84.0,4.0,84.0,O3,SEDANG,ispu_2020.xls,station_unrecoverable_mar2020,
2020-03-23,,43.0,,17.0,21.0,95.0,7.0,95.0,O3,SEDANG,ispu_2020.xls,station_unrecoverable_mar2020,
2020-03-24,,78.0,,6.0,15.0,63.0,2.0,78.0,PM10,SEDANG,ispu_2020.xls,station_unrecoverable_mar2020,
2020-03-24,,70.0,,,25.0,93.0,11.0,93.0,O3,SEDANG,ispu_2020.xls,station_unrecoverable_mar2020,
2020-03-24,,58.0,,4.0,20.0,54.0,17.0,58.0,PM10,SEDANG,ispu_2020.xls,station_unrecoverable_mar2020,
2020-03-24,,71.0,,17.0,22.0,70.0,6.0,71.0,PM10,SEDANG,ispu_2020.xls,station_unrecoverable_mar2020,
2020-03-24,,54.0,,17.0,31.0,72.0,10.0,72.0,O3,SEDANG,ispu_2020.xls,station_unrecoverable_mar2020,
2020-03-25,,56.0,,23.0,,82.0,,82.0,O3,SEDANG,ispu_2020.xls,station_unrecoverable_mar2020,
2020-03-25,,34.0,,,6.0,99.0,5.0,99.0,O3,SEDANG,ispu_2020.xls,station_unrecoverable_mar2020,
2020-03-25,,33.0,,3.0,7.0,63.0,8.0,63.0,O3,SEDANG,ispu_2020.xls,station_unrecoverable_mar2020,
2020-03-25,,44.0,,11.0,10.0,65.0,4.0,65.0,O3,SEDANG,ispu_2020.xls,station_unrecoverable_mar2020,
2020-03-25,,40.0,,18.0,18.0,97.0,7.0,97.0,O3,SEDANG,ispu_2020.xls,station_unrecoverable_mar2020,
2020-03-26,,54.0,,25.0,,58.0,5.0,58.0,O3,SEDANG,ispu_2020.xls,station_unrecoverable_mar2020,
2020-03-26,,44.0,,,9.0,67.0,5.0,67.0,O3,SEDANG,ispu_2020.xls,station_unrecoverable_mar2020,
2020-03-26,,49.0,,4.0,10.0,42.0,10.0,49.0,PM10,BAIK,ispu_2020.xls,station_unrecoverable_mar2020,
2020-03-26,,48.0,,12.0,9.0,51.0,3.0,51.0,O3,SEDANG,ispu_2020.xls,station_unrecoverable_mar2020,
2020-03-26,,44.0,,17.0,22.0,68.0,8.0,68.0,O3,SEDANG,ispu_2020.xls,station_unrecoverable_mar2020,
2020-03-27,,65.0,,25.0,,70.0,5.0,70.0,O3,SEDANG,ispu_2020.xls,station_unrecoverable_mar2020,
2020-03-27,,40.0,,,6.0,117.0,5.0,117.0,O3,TIDAK SEHAT,ispu_2020.xls,station_unrecoverable_mar2020,
2020-03-27,,43.0,,4.0,9.0,62.0,10.0,62.0,O3,SEDANG,ispu_2020.xls,station_unrecoverable_mar2020,
2020-03-27,,52.0,,12.0,11.0,60.0,6.0,60.0,O3,SEDANG,ispu_2020.xls,station_unrecoverable_mar2020,
2020-03-27,,48.0,,16.0,19.0,73.0,4.0,73.0,O3,SEDANG,ispu_2020.xls,station_unrecoverable_mar2020,
2020-03-28,,74.0,,26.0,19.0,104.0,11.0,104.0,O3,TIDAK SEHAT,ispu_2020.xls,station_unrecoverable_mar2020,
2020-03-28,,58.0,,11.0,12.0,124.0,6.0,124.0,O3,TIDAK SEHAT,ispu_2020.xls,station_unrecoverable_mar2020,
2020-03-28,,58.0,,6.0,12.0,67.0,14.0,67.0,O3,SEDANG,ispu_2020.xls,station_unrecoverable_mar2020,
2020-03-28,,63.0,,17.0,16.0,124.0,5.0,124.0,O3,TIDAK SEHAT,ispu_2020.xls,station_unrecoverable_mar2020,
2020-03-28,,49.0,,17.0,21.0,112.0,5.0,112.0,O3,TIDAK SEHAT,ispu_2020.xls,station_unrecoverable_mar2020,
2020-03-29,,78.0,,25.0,22.0,86.0,10.0,86.0,O3,SEDANG,ispu_2020.xls,station_unrecoverable_mar2020,
2020-03-29,,65.0,,14.0,11.0,91.0,7.0,91.0,O3,SEDANG,ispu_2020.xls,station_unrecoverable_mar2020,
2020-03-29,,61.0,,7.0,7.0,56.0,8.0,61.0,PM10,SEDANG,ispu_2020.xls,station_unrecoverable_mar2020,
2020-03-29,,56.0,,10.0,8.0,80.0,4.0,80.0,O3,SEDANG,ispu_2020.xls,station_unrecoverable_mar2020,
2020-03-29,,74.0,,18.0,36.0,73.0,8.0,74.0,PM10,SEDANG,ispu_2020.xls,station_unrecoverable_mar2020,
2020-03-30,,62.0,,25.0,12.0,66.0,12.0,66.0,O3,SEDANG,ispu_2020.xls,station_unrecoverable_mar2020,
2020-03-30,,53.0,,9.0,10.0,76.0,5.0,76.0,O3,SEDANG,ispu_2020.xls,station_unrecoverable_mar2020,
2020-03-30,,47.0,,6.0,9.0,68.0,12.0,68.0,O3,SEDANG,ispu_2020.xls,station_unrecoverable_mar2020,
2020-03-30,,59.0,,12.0,13.0,106.0,4.0,106.0,O3,TIDAK SEHAT,ispu_2020.xls,station_unrecoverable_mar2020,
2020-03-30,,42.0,,19.0,21.0,68.0,5.0,68.0,O3,SEDANG,ispu_2020.xls,station_unrecoverable_mar2020,
2020-03-31,,,,,,,,0.0,,TIDAK ADA DATA,ispu_2020.xls,station_unrecoverable_mar2020,
2020-03-31,,47.0,,11.0,14.0,96.0,6.0,96.0,O3,SEDANG,ispu_2020.xls,station_unrecoverable_mar2020,
2020-03-31,,51.0,,11.0,9.0,84.0,10.0,84.0,O3,SEDANG,ispu_2020.xls,station_unrecoverable_mar2020,
2020-03-31,,60.0,,14.0,14.0,90.0,6.0,90.0,O3,SEDANG,ispu_2020.xls,station_unrecoverable_mar2020,
2020-03-31,,38.0,,18.0,23.0,35.0,7.0,38.0,PM10,BAIK,ispu_2020.xls,station_unrecoverable_mar2020,
